
===== daemon launch 2026-08-21 19:29:42 =====
[2026-08-21 19:29:48] START sweeps smoke=False algos=['causal', 'ucb', 'dts', 'gdo', 'rss', 'dqn', 'ppo', 'mappo', 'cto'] skip=[] cwd=/Users/qlt315/Documents/GitHub/OMNIS
[2026-08-21 19:29:48] === begin snr ===
[snr 1/162] causal seed=0 snr_db=0 users=10 slots=500
    reward=2.2355 delay=19.118 energy=2.495 acc=0.1562 vio=0.462 backlog=26842 wall=32s
[snr 2/162] causal seed=1 snr_db=0 users=10 slots=500
    reward=3.1065 delay=16.876 energy=2.128 acc=0.1663 vio=0.406 backlog=25824 wall=28s
[snr 3/162] causal seed=2 snr_db=0 users=10 slots=500
    reward=2.6965 delay=17.730 energy=2.286 acc=0.1606 vio=0.501 backlog=24636 wall=26s
[snr 4/162] ucb seed=0 snr_db=0 users=10 slots=500
    reward=0.0627 delay=33.084 energy=3.928 acc=0.1676 vio=0.570 backlog=41704 wall=29s
[snr 5/162] ucb seed=1 snr_db=0 users=10 slots=500
    reward=-1.9813 delay=54.137 energy=5.886 acc=0.1707 vio=0.532 backlog=58976 wall=28s
[snr 6/162] ucb seed=2 snr_db=0 users=10 slots=500
    reward=-3.9809 delay=63.410 energy=6.908 acc=0.1759 vio=0.692 backlog=66189 wall=27s
[snr 7/162] dts seed=0 snr_db=0 users=10 slots=500
    reward=-2.6205 delay=49.519 energy=5.551 acc=0.1776 vio=0.680 backlog=75804 wall=28s
[snr 8/162] dts seed=1 snr_db=0 users=10 slots=500
    reward=-3.4220 delay=61.284 energy=6.597 acc=0.1824 vio=0.650 backlog=69002 wall=29s
[snr 9/162] dts seed=2 snr_db=0 users=10 slots=500
    reward=-2.5781 delay=50.336 energy=5.598 acc=0.1764 vio=0.722 backlog=54919 wall=25s
[snr 10/162] gdo seed=0 snr_db=0 users=10 slots=500
    reward=-42.0843 delay=351.824 energy=35.788 acc=0.2388 vio=0.916 backlog=1817192 wall=12s
[snr 11/162] gdo seed=1 snr_db=0 users=10 slots=500
    reward=-33.4722 delay=287.249 energy=29.184 acc=0.2300 vio=0.888 backlog=1444178 wall=12s
[snr 12/162] gdo seed=2 snr_db=0 users=10 slots=500
    reward=-40.8973 delay=342.867 energy=34.861 acc=0.2431 vio=0.927 backlog=1448623 wall=12s
[snr 13/162] rss seed=0 snr_db=0 users=10 slots=500
    reward=-8.1155 delay=84.669 energy=9.030 acc=0.1984 vio=0.825 backlog=435055 wall=13s
[snr 14/162] rss seed=1 snr_db=0 users=10 slots=500
    reward=-11.4484 delay=112.713 energy=11.659 acc=0.1999 vio=0.863 backlog=666323 wall=13s
[snr 15/162] rss seed=2 snr_db=0 users=10 slots=500
    reward=-6.6354 delay=73.399 energy=7.855 acc=0.1993 vio=0.848 backlog=263054 wall=14s
[snr 16/162] dqn seed=0 snr_db=0 users=10 slots=500
  [dqn] slot=0 team_r=1.2618 eps=1.000 K=2000
  [dqn] slot=50 team_r=0.1805 eps=0.905 K=2000
  [dqn] slot=100 team_r=1.2037 eps=0.810 K=2000
  [dqn] slot=150 team_r=-36.5808 eps=0.715 K=2000
  [dqn] slot=200 team_r=1.8393 eps=0.620 K=2000
  [dqn] slot=250 team_r=-0.5813 eps=0.525 K=2000
  [dqn] slot=300 team_r=1.5528 eps=0.430 K=2000
  [dqn] slot=350 team_r=-35.6353 eps=0.335 K=2000
  [dqn] slot=400 team_r=2.8485 eps=0.240 K=2000
  [dqn] slot=450 team_r=1.5787 eps=0.145 K=2000
    reward=-10.4742 delay=101.940 energy=10.756 acc=0.2073 vio=0.878 backlog=336973 wall=29s
[snr 17/162] dqn seed=1 snr_db=0 users=10 slots=500
  [dqn] slot=0 team_r=2.3065 eps=1.000 K=2000
  [dqn] slot=50 team_r=0.3850 eps=0.905 K=2000
  [dqn] slot=100 team_r=0.0447 eps=0.810 K=2000
  [dqn] slot=150 team_r=-118.6694 eps=0.715 K=2000
  [dqn] slot=200 team_r=3.3821 eps=0.620 K=2000
  [dqn] slot=250 team_r=2.3693 eps=0.525 K=2000
  [dqn] slot=300 team_r=3.5293 eps=0.430 K=2000
  [dqn] slot=350 team_r=0.4262 eps=0.335 K=2000
  [dqn] slot=400 team_r=0.3447 eps=0.240 K=2000
  [dqn] slot=450 team_r=0.7104 eps=0.145 K=2000
    reward=-8.1801 delay=88.463 energy=9.269 acc=0.2079 vio=0.843 backlog=264342 wall=30s
[snr 18/162] dqn seed=2 snr_db=0 users=10 slots=500
  [dqn] slot=0 team_r=1.5164 eps=1.000 K=2000
  [dqn] slot=50 team_r=0.7267 eps=0.905 K=2000
  [dqn] slot=100 team_r=0.2703 eps=0.810 K=2000
  [dqn] slot=150 team_r=-0.0869 eps=0.715 K=2000
  [dqn] slot=200 team_r=-1.0440 eps=0.620 K=2000
  [dqn] slot=250 team_r=1.1305 eps=0.525 K=2000
  [dqn] slot=300 team_r=-52.2164 eps=0.430 K=2000
  [dqn] slot=350 team_r=-18.5954 eps=0.335 K=2000
  [dqn] slot=400 team_r=0.5646 eps=0.240 K=2000
  [dqn] slot=450 team_r=-0.2811 eps=0.145 K=2000
    reward=-9.3436 delay=94.590 energy=9.951 acc=0.2088 vio=0.895 backlog=284017 wall=30s
[snr 19/162] ppo seed=0 snr_db=0 users=10 slots=500
  [ppo train] slot=0 team_r=2.3492
  [ppo train] slot=50 team_r=-0.8612
  [ppo train] slot=100 team_r=1.7939
  [ppo train] slot=150 team_r=-4.6359
  [ppo train] slot=200 team_r=0.1242
  [ppo train] slot=250 team_r=-183.1081
  [ppo train] slot=300 team_r=1.2031
  [ppo train] slot=350 team_r=-0.5117
  [ppo train] slot=400 team_r=1.1756
  [ppo train] slot=450 team_r=-97.5743
    reward=-8.6166 delay=86.749 energy=9.238 acc=0.2089 vio=0.879 backlog=316105 wall=14s
[snr 20/162] ppo seed=1 snr_db=0 users=10 slots=500
  [ppo train] slot=0 team_r=1.0346
  [ppo train] slot=50 team_r=1.7566
  [ppo train] slot=100 team_r=-0.4201
  [ppo train] slot=150 team_r=1.2803
  [ppo train] slot=200 team_r=0.0729
  [ppo train] slot=250 team_r=-0.5571
  [ppo train] slot=300 team_r=1.8828
  [ppo train] slot=350 team_r=-1.2608
  [ppo train] slot=400 team_r=1.4499
  [ppo train] slot=450 team_r=0.3189
    reward=-15.5588 delay=146.434 energy=15.074 acc=0.2102 vio=0.851 backlog=515656 wall=14s
[snr 21/162] ppo seed=2 snr_db=0 users=10 slots=500
  [ppo train] slot=0 team_r=1.5863
  [ppo train] slot=50 team_r=2.0985
  [ppo train] slot=100 team_r=-35.4953
  [ppo train] slot=150 team_r=1.5138
  [ppo train] slot=200 team_r=1.6060
  [ppo train] slot=250 team_r=2.8265
  [ppo train] slot=300 team_r=1.8506
  [ppo train] slot=350 team_r=-0.8796
  [ppo train] slot=400 team_r=0.9006
  [ppo train] slot=450 team_r=0.9614
    reward=-8.9555 delay=90.536 energy=9.549 acc=0.2118 vio=0.892 backlog=524613 wall=14s
[snr 22/162] mappo seed=0 snr_db=0 users=10 slots=500
  [mappo train] slot=0 team_r=2.3193
  [mappo train] slot=50 team_r=1.0896
  [mappo train] slot=100 team_r=2.0573
  [mappo train] slot=150 team_r=0.3820
  [mappo train] slot=200 team_r=1.5283
  [mappo train] slot=250 team_r=1.3348
  [mappo train] slot=300 team_r=-1.9982
  [mappo train] slot=350 team_r=-1.0464
  [mappo train] slot=400 team_r=-4.9370
  [mappo train] slot=450 team_r=-52.4746
    reward=-12.6221 delay=118.771 energy=12.438 acc=0.2097 vio=0.875 backlog=476997 wall=13s
[snr 23/162] mappo seed=1 snr_db=0 users=10 slots=500
  [mappo train] slot=0 team_r=2.8538
  [mappo train] slot=50 team_r=-124.7523
  [mappo train] slot=100 team_r=3.0835
  [mappo train] slot=150 team_r=1.3437
  [mappo train] slot=200 team_r=1.2739
  [mappo train] slot=250 team_r=-0.1465
  [mappo train] slot=300 team_r=-29.7409
  [mappo train] slot=350 team_r=0.3798
  [mappo train] slot=400 team_r=0.6429
  [mappo train] slot=450 team_r=-1.4534
    reward=-8.9521 delay=93.373 energy=9.755 acc=0.2087 vio=0.856 backlog=439095 wall=13s
[snr 24/162] mappo seed=2 snr_db=0 users=10 slots=500
  [mappo train] slot=0 team_r=1.6185
  [mappo train] slot=50 team_r=-1.3910
  [mappo train] slot=100 team_r=1.3123
  [mappo train] slot=150 team_r=0.6489
  [mappo train] slot=200 team_r=-0.2613
  [mappo train] slot=250 team_r=1.3747
  [mappo train] slot=300 team_r=4.3563
  [mappo train] slot=350 team_r=1.3226
  [mappo train] slot=400 team_r=2.7115
  [mappo train] slot=450 team_r=-8.3801
    reward=-10.5905 delay=104.062 energy=10.899 acc=0.2102 vio=0.901 backlog=223139 wall=13s
[snr 25/162] cto seed=0 snr_db=0 users=10 slots=500
    reward=-2.2310 delay=45.418 energy=5.143 acc=0.1777 vio=0.702 backlog=80689 wall=44s
[snr 26/162] cto seed=1 snr_db=0 users=10 slots=500
    reward=-2.0118 delay=49.712 energy=5.437 acc=0.1798 vio=0.628 backlog=55630 wall=56s
[snr 27/162] cto seed=2 snr_db=0 users=10 slots=500
    reward=-3.3948 delay=56.786 energy=6.235 acc=0.1802 vio=0.717 backlog=42186 wall=43s
[snr 28/162] causal seed=0 snr_db=2 users=10 slots=500
    reward=3.3404 delay=14.992 energy=2.089 acc=0.1587 vio=0.331 backlog=25217 wall=22s
[snr 29/162] causal seed=1 snr_db=2 users=10 slots=500
    reward=3.8823 delay=14.558 energy=1.902 acc=0.1687 vio=0.295 backlog=25135 wall=21s
[snr 30/162] causal seed=2 snr_db=2 users=10 slots=500
    reward=3.7073 delay=13.631 energy=1.891 acc=0.1658 vio=0.393 backlog=23871 wall=21s
[snr 31/162] ucb seed=0 snr_db=2 users=10 slots=500
    reward=0.1942 delay=34.807 energy=4.094 acc=0.1701 vio=0.503 backlog=44705 wall=25s
[snr 32/162] ucb seed=1 snr_db=2 users=10 slots=500
    reward=2.1904 delay=23.792 energy=2.849 acc=0.1716 vio=0.446 backlog=33227 wall=25s
[snr 33/162] ucb seed=2 snr_db=2 users=10 slots=500
    reward=2.6115 delay=18.716 energy=2.448 acc=0.1716 vio=0.509 backlog=37768 wall=26s
[snr 34/162] dts seed=0 snr_db=2 users=10 slots=500
    reward=1.3105 delay=21.840 energy=2.772 acc=0.1706 vio=0.575 backlog=32811 wall=27s
[snr 35/162] dts seed=1 snr_db=2 users=10 slots=500
    reward=0.6408 delay=30.530 energy=3.519 acc=0.1843 vio=0.602 backlog=46905 wall=28s
[snr 36/162] dts seed=2 snr_db=2 users=10 slots=500
    reward=-0.5416 delay=38.824 energy=4.447 acc=0.1726 vio=0.619 backlog=62717 wall=27s
[snr 37/162] gdo seed=0 snr_db=2 users=10 slots=500
    reward=-28.3001 delay=245.958 energy=25.196 acc=0.2316 vio=0.863 backlog=1162588 wall=14s
[snr 38/162] gdo seed=1 snr_db=2 users=10 slots=500
    reward=-25.0638 delay=224.274 energy=22.881 acc=0.2254 vio=0.822 backlog=790449 wall=13s
[snr 39/162] gdo seed=2 snr_db=2 users=10 slots=500
    reward=-21.6812 delay=193.826 energy=19.934 acc=0.2328 vio=0.878 backlog=972775 wall=13s
[snr 40/162] rss seed=0 snr_db=2 users=10 slots=500
    reward=-6.2796 delay=71.608 energy=7.724 acc=0.1971 vio=0.790 backlog=378369 wall=12s
[snr 41/162] rss seed=1 snr_db=2 users=10 slots=500
    reward=-8.4313 delay=91.241 energy=9.511 acc=0.1992 vio=0.824 backlog=514963 wall=11s
[snr 42/162] rss seed=2 snr_db=2 users=10 slots=500
    reward=-6.3640 delay=73.836 energy=7.899 acc=0.1980 vio=0.809 backlog=179061 wall=12s
[snr 43/162] dqn seed=0 snr_db=2 users=10 slots=500
  [dqn] slot=0 team_r=2.0424 eps=1.000 K=2000
  [dqn] slot=50 team_r=1.0933 eps=0.905 K=2000
  [dqn] slot=100 team_r=3.3813 eps=0.810 K=2000
  [dqn] slot=150 team_r=2.1919 eps=0.715 K=2000
  [dqn] slot=200 team_r=-0.5768 eps=0.620 K=2000
  [dqn] slot=250 team_r=1.3765 eps=0.525 K=2000
  [dqn] slot=300 team_r=-0.0544 eps=0.430 K=2000
  [dqn] slot=350 team_r=0.9786 eps=0.335 K=2000
  [dqn] slot=400 team_r=1.9932 eps=0.240 K=2000
  [dqn] slot=450 team_r=1.8576 eps=0.145 K=2000
    reward=-6.3686 delay=71.069 energy=7.673 acc=0.2096 vio=0.841 backlog=255322 wall=27s
[snr 44/162] dqn seed=1 snr_db=2 users=10 slots=500
  [dqn] slot=0 team_r=2.1883 eps=1.000 K=2000
  [dqn] slot=50 team_r=2.2201 eps=0.905 K=2000
  [dqn] slot=100 team_r=1.6545 eps=0.810 K=2000
  [dqn] slot=150 team_r=1.2081 eps=0.715 K=2000
  [dqn] slot=200 team_r=-20.1780 eps=0.620 K=2000
  [dqn] slot=250 team_r=0.6319 eps=0.525 K=2000
  [dqn] slot=300 team_r=0.7969 eps=0.430 K=2000
  [dqn] slot=350 team_r=0.4462 eps=0.335 K=2000
  [dqn] slot=400 team_r=0.0910 eps=0.240 K=2000
  [dqn] slot=450 team_r=-0.3632 eps=0.145 K=2000
    reward=-9.2750 delay=98.567 energy=10.274 acc=0.2095 vio=0.823 backlog=250225 wall=28s
[snr 45/162] dqn seed=2 snr_db=2 users=10 slots=500
  [dqn] slot=0 team_r=1.2306 eps=1.000 K=2000
  [dqn] slot=50 team_r=0.7495 eps=0.905 K=2000
  [dqn] slot=100 team_r=0.6747 eps=0.810 K=2000
  [dqn] slot=150 team_r=2.5334 eps=0.715 K=2000
  [dqn] slot=200 team_r=-2.6458 eps=0.620 K=2000
  [dqn] slot=250 team_r=-0.1342 eps=0.525 K=2000
  [dqn] slot=300 team_r=-0.5530 eps=0.430 K=2000
  [dqn] slot=350 team_r=1.4097 eps=0.335 K=2000
  [dqn] slot=400 team_r=0.2600 eps=0.240 K=2000
  [dqn] slot=450 team_r=1.2142 eps=0.145 K=2000
    reward=-6.7357 delay=76.185 energy=8.113 acc=0.2089 vio=0.855 backlog=193268 wall=28s
[snr 46/162] ppo seed=0 snr_db=2 users=10 slots=500
  [ppo train] slot=0 team_r=3.2764
  [ppo train] slot=50 team_r=-0.6435
  [ppo train] slot=100 team_r=-1.3293
  [ppo train] slot=150 team_r=2.2432
  [ppo train] slot=200 team_r=-52.8870
  [ppo train] slot=250 team_r=-40.1641
  [ppo train] slot=300 team_r=-0.5871
  [ppo train] slot=350 team_r=-0.7944
  [ppo train] slot=400 team_r=1.5508
  [ppo train] slot=450 team_r=-1.6047
    reward=-7.7895 delay=82.092 energy=8.773 acc=0.2079 vio=0.852 backlog=230368 wall=14s
[snr 47/162] ppo seed=1 snr_db=2 users=10 slots=500
  [ppo train] slot=0 team_r=1.9600
  [ppo train] slot=50 team_r=-6.7261
  [ppo train] slot=100 team_r=-1.7951
  [ppo train] slot=150 team_r=0.2973
  [ppo train] slot=200 team_r=0.4898
  [ppo train] slot=250 team_r=-1.3360
  [ppo train] slot=300 team_r=2.8415
  [ppo train] slot=350 team_r=1.9422
  [ppo train] slot=400 team_r=2.6365
  [ppo train] slot=450 team_r=1.2231
    reward=-14.4813 delay=139.823 energy=14.402 acc=0.2092 vio=0.822 backlog=348994 wall=13s
[snr 48/162] ppo seed=2 snr_db=2 users=10 slots=500
  [ppo train] slot=0 team_r=1.0132
  [ppo train] slot=50 team_r=0.5577
  [ppo train] slot=100 team_r=1.3764
  [ppo train] slot=150 team_r=1.6961
  [ppo train] slot=200 team_r=1.8440
  [ppo train] slot=250 team_r=0.1015
  [ppo train] slot=300 team_r=-6.2892
  [ppo train] slot=350 team_r=-0.3284
  [ppo train] slot=400 team_r=-32.8157
  [ppo train] slot=450 team_r=-1.4768
    reward=-7.5351 delay=82.643 energy=8.765 acc=0.2100 vio=0.856 backlog=233493 wall=13s
[snr 49/162] mappo seed=0 snr_db=2 users=10 slots=500
  [mappo train] slot=0 team_r=2.6437
  [mappo train] slot=50 team_r=1.6806
  [mappo train] slot=100 team_r=0.4281
  [mappo train] slot=150 team_r=1.3912
  [mappo train] slot=200 team_r=-52.7578
  [mappo train] slot=250 team_r=-25.1143
  [mappo train] slot=300 team_r=-0.0106
  [mappo train] slot=350 team_r=2.9809
  [mappo train] slot=400 team_r=-64.0860
  [mappo train] slot=450 team_r=-2.8718
    reward=-10.2464 delay=102.107 energy=10.777 acc=0.2108 vio=0.841 backlog=358267 wall=12s
[snr 50/162] mappo seed=1 snr_db=2 users=10 slots=500
  [mappo train] slot=0 team_r=2.6864
  [mappo train] slot=50 team_r=1.9205
  [mappo train] slot=100 team_r=4.2868
  [mappo train] slot=150 team_r=-0.6185
  [mappo train] slot=200 team_r=2.1938
  [mappo train] slot=250 team_r=1.9960
  [mappo train] slot=300 team_r=-1.2468
  [mappo train] slot=350 team_r=2.2985
  [mappo train] slot=400 team_r=0.5565
  [mappo train] slot=450 team_r=-2.9846
    reward=-11.6525 delay=117.289 energy=12.146 acc=0.2086 vio=0.831 backlog=247235 wall=18s
[snr 51/162] mappo seed=2 snr_db=2 users=10 slots=500
  [mappo train] slot=0 team_r=2.3621
  [mappo train] slot=50 team_r=4.3044
  [mappo train] slot=100 team_r=1.9432
  [mappo train] slot=150 team_r=-0.2995
  [mappo train] slot=200 team_r=2.2270
  [mappo train] slot=250 team_r=1.7024
  [mappo train] slot=300 team_r=0.4920
  [mappo train] slot=350 team_r=-1.6337
  [mappo train] slot=400 team_r=2.1083
  [mappo train] slot=450 team_r=1.9369
    reward=-7.4480 delay=82.713 energy=8.760 acc=0.2070 vio=0.850 backlog=161143 wall=12s
[snr 52/162] cto seed=0 snr_db=2 users=10 slots=500
    reward=-1.6964 delay=45.915 energy=5.190 acc=0.1807 vio=0.627 backlog=58824 wall=37s
[snr 53/162] cto seed=1 snr_db=2 users=10 slots=500
    reward=0.1699 delay=36.863 energy=4.145 acc=0.1804 vio=0.534 backlog=56959 wall=39s
[snr 54/162] cto seed=2 snr_db=2 users=10 slots=500
    reward=-2.0181 delay=49.452 energy=5.500 acc=0.1833 vio=0.654 backlog=49307 wall=41s
[snr 55/162] causal seed=0 snr_db=4 users=10 slots=500
    reward=4.1097 delay=12.373 energy=1.834 acc=0.1673 vio=0.270 backlog=23116 wall=23s
[snr 56/162] causal seed=1 snr_db=4 users=10 slots=500
    reward=4.9978 delay=8.659 energy=1.322 acc=0.1737 vio=0.221 backlog=21459 wall=23s
[snr 57/162] causal seed=2 snr_db=4 users=10 slots=500
    reward=4.4640 delay=12.243 energy=1.756 acc=0.1692 vio=0.315 backlog=21697 wall=22s
[snr 58/162] ucb seed=0 snr_db=4 users=10 slots=500
    reward=0.8754 delay=30.921 energy=3.688 acc=0.1727 vio=0.470 backlog=32817 wall=33s
[snr 59/162] ucb seed=1 snr_db=4 users=10 slots=500
    reward=2.0897 delay=24.232 energy=2.885 acc=0.1719 vio=0.428 backlog=49283 wall=32s
[snr 60/162] ucb seed=2 snr_db=4 users=10 slots=500
    reward=-1.1900 delay=46.431 energy=5.212 acc=0.1819 vio=0.566 backlog=68565 wall=29s
[snr 61/162] dts seed=0 snr_db=4 users=10 slots=500
    reward=-1.5347 delay=46.991 energy=5.293 acc=0.1812 vio=0.572 backlog=52505 wall=29s
[snr 62/162] dts seed=1 snr_db=4 users=10 slots=500
    reward=-0.9201 delay=46.685 energy=5.150 acc=0.1825 vio=0.521 backlog=56351 wall=27s
[snr 63/162] dts seed=2 snr_db=4 users=10 slots=500
    reward=-0.5605 delay=39.429 energy=4.497 acc=0.1879 vio=0.624 backlog=68403 wall=26s
[snr 64/162] gdo seed=0 snr_db=4 users=10 slots=500
    reward=-17.4609 delay=163.679 energy=16.975 acc=0.2371 vio=0.814 backlog=622892 wall=13s
[snr 65/162] gdo seed=1 snr_db=4 users=10 slots=500
    reward=-12.0027 delay=123.820 energy=12.832 acc=0.2244 vio=0.769 backlog=320887 wall=13s
[snr 66/162] gdo seed=2 snr_db=4 users=10 slots=500
    reward=-17.8456 delay=167.516 energy=17.328 acc=0.2463 vio=0.841 backlog=694164 wall=13s
[snr 67/162] rss seed=0 snr_db=4 users=10 slots=500
    reward=-4.0725 delay=57.256 energy=6.289 acc=0.1956 vio=0.745 backlog=290353 wall=13s
[snr 68/162] rss seed=1 snr_db=4 users=10 slots=500
    reward=-6.7916 delay=81.839 energy=8.571 acc=0.1979 vio=0.779 backlog=319302 wall=12s
[snr 69/162] rss seed=2 snr_db=4 users=10 slots=500
    reward=-4.7903 delay=64.372 energy=6.952 acc=0.1966 vio=0.768 backlog=120672 wall=12s
[snr 70/162] dqn seed=0 snr_db=4 users=10 slots=500
  [dqn] slot=0 team_r=2.9023 eps=1.000 K=2000
  [dqn] slot=50 team_r=0.3593 eps=0.905 K=2000
  [dqn] slot=100 team_r=1.8617 eps=0.810 K=2000
  [dqn] slot=150 team_r=2.7195 eps=0.715 K=2000
  [dqn] slot=200 team_r=0.6160 eps=0.620 K=2000
  [dqn] slot=250 team_r=1.1035 eps=0.525 K=2000
  [dqn] slot=300 team_r=-10.2207 eps=0.430 K=2000
  [dqn] slot=350 team_r=3.0827 eps=0.335 K=2000
  [dqn] slot=400 team_r=1.5594 eps=0.240 K=2000
  [dqn] slot=450 team_r=1.9655 eps=0.145 K=2000
    reward=-7.9731 delay=87.084 energy=9.279 acc=0.2059 vio=0.795 backlog=157710 wall=27s
[snr 71/162] dqn seed=1 snr_db=4 users=10 slots=500
  [dqn] slot=0 team_r=2.8888 eps=1.000 K=2000
  [dqn] slot=50 team_r=0.9468 eps=0.905 K=2000
  [dqn] slot=100 team_r=1.3009 eps=0.810 K=2000
  [dqn] slot=150 team_r=2.5173 eps=0.715 K=2000
  [dqn] slot=200 team_r=1.6698 eps=0.620 K=2000
  [dqn] slot=250 team_r=4.3570 eps=0.525 K=2000
  [dqn] slot=300 team_r=2.6604 eps=0.430 K=2000
  [dqn] slot=350 team_r=-35.5795 eps=0.335 K=2000
  [dqn] slot=400 team_r=2.0410 eps=0.240 K=2000
  [dqn] slot=450 team_r=-36.6668 eps=0.145 K=2000
    reward=-9.9207 delay=106.759 energy=11.100 acc=0.2065 vio=0.775 backlog=156839 wall=28s
[snr 72/162] dqn seed=2 snr_db=4 users=10 slots=500
  [dqn] slot=0 team_r=1.2059 eps=1.000 K=2000
  [dqn] slot=50 team_r=1.8616 eps=0.905 K=2000
  [dqn] slot=100 team_r=-6.6246 eps=0.810 K=2000
  [dqn] slot=150 team_r=2.5245 eps=0.715 K=2000
  [dqn] slot=200 team_r=0.1459 eps=0.620 K=2000
  [dqn] slot=250 team_r=3.2961 eps=0.525 K=2000
  [dqn] slot=300 team_r=2.7601 eps=0.430 K=2000
  [dqn] slot=350 team_r=1.9621 eps=0.335 K=2000
  [dqn] slot=400 team_r=0.1801 eps=0.240 K=2000
  [dqn] slot=450 team_r=1.2036 eps=0.145 K=2000
    reward=-3.5203 delay=53.878 energy=5.884 acc=0.2043 vio=0.805 backlog=117983 wall=34s
[snr 73/162] ppo seed=0 snr_db=4 users=10 slots=500
  [ppo train] slot=0 team_r=3.6312
  [ppo train] slot=50 team_r=-0.1412
  [ppo train] slot=100 team_r=-0.1484
  [ppo train] slot=150 team_r=3.6326
  [ppo train] slot=200 team_r=0.4912
  [ppo train] slot=250 team_r=0.5052
  [ppo train] slot=300 team_r=1.3308
  [ppo train] slot=350 team_r=0.6363
  [ppo train] slot=400 team_r=1.7321
  [ppo train] slot=450 team_r=1.6396
    reward=-9.6748 delay=99.699 energy=10.534 acc=0.2055 vio=0.811 backlog=167422 wall=15s
[snr 74/162] ppo seed=1 snr_db=4 users=10 slots=500
  [ppo train] slot=0 team_r=2.3322
  [ppo train] slot=50 team_r=1.3298
  [ppo train] slot=100 team_r=0.1187
  [ppo train] slot=150 team_r=2.6342
  [ppo train] slot=200 team_r=-37.4625
  [ppo train] slot=250 team_r=0.5161
  [ppo train] slot=300 team_r=2.6999
  [ppo train] slot=350 team_r=3.2660
  [ppo train] slot=400 team_r=6.0879
  [ppo train] slot=450 team_r=-0.0381
    reward=-10.1241 delay=107.744 energy=11.196 acc=0.2086 vio=0.783 backlog=227055 wall=16s
[snr 75/162] ppo seed=2 snr_db=4 users=10 slots=500
  [ppo train] slot=0 team_r=2.3991
  [ppo train] slot=50 team_r=1.6261
  [ppo train] slot=100 team_r=-108.7941
  [ppo train] slot=150 team_r=-79.7758
  [ppo train] slot=200 team_r=5.3440
  [ppo train] slot=250 team_r=-0.5327
  [ppo train] slot=300 team_r=1.2701
  [ppo train] slot=350 team_r=-55.8084
  [ppo train] slot=400 team_r=1.1298
  [ppo train] slot=450 team_r=1.9941
    reward=-9.2534 delay=98.735 energy=10.370 acc=0.2082 vio=0.821 backlog=186643 wall=13s
[snr 76/162] mappo seed=0 snr_db=4 users=10 slots=500
  [mappo train] slot=0 team_r=3.0048
  [mappo train] slot=50 team_r=2.6788
  [mappo train] slot=100 team_r=0.7857
  [mappo train] slot=150 team_r=2.5787
  [mappo train] slot=200 team_r=2.6587
  [mappo train] slot=250 team_r=-76.9839
  [mappo train] slot=300 team_r=2.1175
  [mappo train] slot=350 team_r=2.1883
  [mappo train] slot=400 team_r=-36.2324
  [mappo train] slot=450 team_r=1.3154
    reward=-8.0126 delay=86.188 energy=9.180 acc=0.2064 vio=0.817 backlog=221926 wall=12s
[snr 77/162] mappo seed=1 snr_db=4 users=10 slots=500
  [mappo train] slot=0 team_r=3.2344
  [mappo train] slot=50 team_r=4.3338
  [mappo train] slot=100 team_r=3.9298
  [mappo train] slot=150 team_r=2.2173
  [mappo train] slot=200 team_r=-81.3236
  [mappo train] slot=250 team_r=0.1021
  [mappo train] slot=300 team_r=3.3637
  [mappo train] slot=350 team_r=1.8821
  [mappo train] slot=400 team_r=2.3499
  [mappo train] slot=450 team_r=-14.8999
    reward=-7.3466 delay=85.853 energy=9.005 acc=0.2065 vio=0.780 backlog=170452 wall=12s
[snr 78/162] mappo seed=2 snr_db=4 users=10 slots=500
  [mappo train] slot=0 team_r=2.9439
  [mappo train] slot=50 team_r=4.5928
  [mappo train] slot=100 team_r=2.2384
  [mappo train] slot=150 team_r=3.7067
  [mappo train] slot=200 team_r=1.3878
  [mappo train] slot=250 team_r=-2.0428
  [mappo train] slot=300 team_r=2.6426
  [mappo train] slot=350 team_r=-35.2898
  [mappo train] slot=400 team_r=1.7678
  [mappo train] slot=450 team_r=0.2964
    reward=-6.0866 delay=73.856 energy=7.889 acc=0.2053 vio=0.820 backlog=122257 wall=12s
[snr 79/162] cto seed=0 snr_db=4 users=10 slots=500
    reward=-0.9425 delay=40.587 energy=4.664 acc=0.1861 vio=0.616 backlog=46287 wall=40s
[snr 80/162] cto seed=1 snr_db=4 users=10 slots=500
    reward=1.2233 delay=32.460 energy=3.710 acc=0.1799 vio=0.454 backlog=37287 wall=39s
[snr 81/162] cto seed=2 snr_db=4 users=10 slots=500
    reward=0.4180 delay=35.263 energy=4.075 acc=0.1816 vio=0.564 backlog=32574 wall=40s
[snr 82/162] causal seed=0 snr_db=6 users=10 slots=500
    reward=4.6621 delay=11.010 energy=1.697 acc=0.1778 vio=0.225 backlog=22341 wall=23s
[snr 83/162] causal seed=1 snr_db=6 users=10 slots=500
    reward=4.6246 delay=14.363 energy=1.886 acc=0.1875 vio=0.186 backlog=23752 wall=22s
[snr 84/162] causal seed=2 snr_db=6 users=10 slots=500
    reward=4.8979 delay=8.738 energy=1.406 acc=0.1807 vio=0.295 backlog=25105 wall=22s
[snr 85/162] ucb seed=0 snr_db=6 users=10 slots=500
    reward=2.6518 delay=20.529 energy=2.651 acc=0.1677 vio=0.390 backlog=39925 wall=27s
[snr 86/162] ucb seed=1 snr_db=6 users=10 slots=500
    reward=1.7704 delay=29.607 energy=3.420 acc=0.1869 vio=0.417 backlog=53435 wall=27s
[snr 87/162] ucb seed=2 snr_db=6 users=10 slots=500
    reward=2.5755 delay=21.953 energy=2.755 acc=0.1707 vio=0.438 backlog=35027 wall=27s
[snr 88/162] dts seed=0 snr_db=6 users=10 slots=500
    reward=1.2870 delay=27.823 energy=3.373 acc=0.1774 vio=0.480 backlog=33720 wall=29s
[snr 89/162] dts seed=1 snr_db=6 users=10 slots=500
    reward=1.2018 delay=30.904 energy=3.543 acc=0.1853 vio=0.511 backlog=37270 wall=26s
[snr 90/162] dts seed=2 snr_db=6 users=10 slots=500
    reward=0.6009 delay=34.284 energy=3.986 acc=0.1894 vio=0.540 backlog=49195 wall=33s
[snr 91/162] gdo seed=0 snr_db=6 users=10 slots=500
    reward=-8.2367 delay=93.721 energy=9.970 acc=0.2318 vio=0.753 backlog=234815 wall=14s
[snr 92/162] gdo seed=1 snr_db=6 users=10 slots=500
    reward=-6.8661 delay=87.837 energy=9.259 acc=0.2425 vio=0.704 backlog=334531 wall=14s
[snr 93/162] gdo seed=2 snr_db=6 users=10 slots=500
    reward=-9.2295 delay=103.787 energy=10.949 acc=0.2421 vio=0.778 backlog=370437 wall=13s
[snr 94/162] rss seed=0 snr_db=6 users=10 slots=500
    reward=-1.8796 delay=41.819 energy=4.745 acc=0.1941 vio=0.700 backlog=200075 wall=11s
[snr 95/162] rss seed=1 snr_db=6 users=10 slots=500
    reward=-2.2531 delay=48.575 energy=5.245 acc=0.1968 vio=0.725 backlog=150256 wall=12s
[snr 96/162] rss seed=2 snr_db=6 users=10 slots=500
    reward=-5.6664 delay=73.551 energy=7.870 acc=0.1943 vio=0.718 backlog=95057 wall=12s
[snr 97/162] dqn seed=0 snr_db=6 users=10 slots=500
  [dqn] slot=0 team_r=3.3374 eps=1.000 K=2000
  [dqn] slot=50 team_r=1.9115 eps=0.905 K=2000
  [dqn] slot=100 team_r=2.9254 eps=0.810 K=2000
  [dqn] slot=150 team_r=1.5411 eps=0.715 K=2000
  [dqn] slot=200 team_r=2.5157 eps=0.620 K=2000
  [dqn] slot=250 team_r=0.9970 eps=0.525 K=2000
  [dqn] slot=300 team_r=2.8417 eps=0.430 K=2000
  [dqn] slot=350 team_r=2.0068 eps=0.335 K=2000
  [dqn] slot=400 team_r=2.5617 eps=0.240 K=2000
  [dqn] slot=450 team_r=-10.6125 eps=0.145 K=2000
    reward=-7.9593 delay=89.570 energy=9.513 acc=0.2027 vio=0.749 backlog=132995 wall=27s
[snr 98/162] dqn seed=1 snr_db=6 users=10 slots=500
  [dqn] slot=0 team_r=3.1731 eps=1.000 K=2000
  [dqn] slot=50 team_r=3.2315 eps=0.905 K=2000
  [dqn] slot=100 team_r=2.7376 eps=0.810 K=2000
  [dqn] slot=150 team_r=1.6382 eps=0.715 K=2000
  [dqn] slot=200 team_r=2.5160 eps=0.620 K=2000
  [dqn] slot=250 team_r=4.6411 eps=0.525 K=2000
  [dqn] slot=300 team_r=-158.1539 eps=0.430 K=2000
  [dqn] slot=350 team_r=0.2357 eps=0.335 K=2000
  [dqn] slot=400 team_r=0.7595 eps=0.240 K=2000
  [dqn] slot=450 team_r=3.2600 eps=0.145 K=2000
    reward=-3.2732 delay=56.676 energy=6.087 acc=0.2034 vio=0.716 backlog=111502 wall=27s
[snr 99/162] dqn seed=2 snr_db=6 users=10 slots=500
  [dqn] slot=0 team_r=0.8070 eps=1.000 K=2000
  [dqn] slot=50 team_r=2.3912 eps=0.905 K=2000
  [dqn] slot=100 team_r=-26.6109 eps=0.810 K=2000
  [dqn] slot=150 team_r=2.3948 eps=0.715 K=2000
  [dqn] slot=200 team_r=1.7919 eps=0.620 K=2000
  [dqn] slot=250 team_r=0.4591 eps=0.525 K=2000
  [dqn] slot=300 team_r=1.3385 eps=0.430 K=2000
  [dqn] slot=350 team_r=-14.9721 eps=0.335 K=2000
  [dqn] slot=400 team_r=1.5775 eps=0.240 K=2000
  [dqn] slot=450 team_r=1.5410 eps=0.145 K=2000
    reward=-2.7414 delay=49.789 energy=5.465 acc=0.2070 vio=0.782 backlog=101513 wall=26s
[snr 100/162] ppo seed=0 snr_db=6 users=10 slots=500
  [ppo train] slot=0 team_r=3.4534
  [ppo train] slot=50 team_r=-20.7708
  [ppo train] slot=100 team_r=2.1802
  [ppo train] slot=150 team_r=3.5311
  [ppo train] slot=200 team_r=2.6850
  [ppo train] slot=250 team_r=-0.5071
  [ppo train] slot=300 team_r=-0.0428
  [ppo train] slot=350 team_r=-1.2469
  [ppo train] slot=400 team_r=-16.5261
  [ppo train] slot=450 team_r=-89.3875
    reward=-4.4264 delay=61.346 energy=6.698 acc=0.2049 vio=0.760 backlog=111373 wall=13s
[snr 101/162] ppo seed=1 snr_db=6 users=10 slots=500
  [ppo train] slot=0 team_r=2.8147
  [ppo train] slot=50 team_r=1.1914
  [ppo train] slot=100 team_r=3.3277
  [ppo train] slot=150 team_r=-0.6728
  [ppo train] slot=200 team_r=2.9330
  [ppo train] slot=250 team_r=-4.9212
  [ppo train] slot=300 team_r=2.7319
  [ppo train] slot=350 team_r=2.7909
  [ppo train] slot=400 team_r=-664.8738
  [ppo train] slot=450 team_r=2.8830
    reward=-9.0018 delay=102.125 energy=10.636 acc=0.2053 vio=0.716 backlog=149991 wall=13s
[snr 102/162] ppo seed=2 snr_db=6 users=10 slots=500
  [ppo train] slot=0 team_r=2.2381
  [ppo train] slot=50 team_r=3.8525
  [ppo train] slot=100 team_r=-1.6398
  [ppo train] slot=150 team_r=1.9415
  [ppo train] slot=200 team_r=4.6295
  [ppo train] slot=250 team_r=2.9416
  [ppo train] slot=300 team_r=-6.4165
  [ppo train] slot=350 team_r=0.5746
  [ppo train] slot=400 team_r=-0.9356
  [ppo train] slot=450 team_r=-0.4244
    reward=-3.6349 delay=56.414 energy=6.145 acc=0.2055 vio=0.780 backlog=118039 wall=12s
[snr 103/162] mappo seed=0 snr_db=6 users=10 slots=500
  [mappo train] slot=0 team_r=2.8420
  [mappo train] slot=50 team_r=0.7010
  [mappo train] slot=100 team_r=2.6919
  [mappo train] slot=150 team_r=2.9900
  [mappo train] slot=200 team_r=2.8807
  [mappo train] slot=250 team_r=0.0690
  [mappo train] slot=300 team_r=0.1305
  [mappo train] slot=350 team_r=1.9484
  [mappo train] slot=400 team_r=-11.4746
  [mappo train] slot=450 team_r=-355.9722
    reward=-5.5276 delay=69.406 energy=7.505 acc=0.2063 vio=0.767 backlog=154962 wall=12s
[snr 104/162] mappo seed=1 snr_db=6 users=10 slots=500
  [mappo train] slot=0 team_r=3.7662
  [mappo train] slot=50 team_r=1.9466
  [mappo train] slot=100 team_r=2.9415
  [mappo train] slot=150 team_r=-15.5059
  [mappo train] slot=200 team_r=4.1699
  [mappo train] slot=250 team_r=1.9330
  [mappo train] slot=300 team_r=-0.0198
  [mappo train] slot=350 team_r=2.3976
  [mappo train] slot=400 team_r=2.2939
  [mappo train] slot=450 team_r=2.6708
    reward=-6.2112 delay=80.273 energy=8.450 acc=0.2051 vio=0.717 backlog=123376 wall=11s
[snr 105/162] mappo seed=2 snr_db=6 users=10 slots=500
  [mappo train] slot=0 team_r=3.5423
  [mappo train] slot=50 team_r=4.3639
  [mappo train] slot=100 team_r=3.0667
  [mappo train] slot=150 team_r=1.0603
  [mappo train] slot=200 team_r=2.0434
  [mappo train] slot=250 team_r=-5.6048
  [mappo train] slot=300 team_r=0.3660
  [mappo train] slot=350 team_r=0.2225
  [mappo train] slot=400 team_r=-237.8364
  [mappo train] slot=450 team_r=1.6176
    reward=-5.0719 delay=69.152 energy=7.414 acc=0.2039 vio=0.767 backlog=104557 wall=11s
[snr 106/162] cto seed=0 snr_db=6 users=10 slots=500
    reward=1.7932 delay=26.481 energy=3.250 acc=0.1830 vio=0.432 backlog=38850 wall=36s
[snr 107/162] cto seed=1 snr_db=6 users=10 slots=500
    reward=2.4157 delay=23.807 energy=2.851 acc=0.1805 vio=0.417 backlog=31919 wall=34s
[snr 108/162] cto seed=2 snr_db=6 users=10 slots=500
    reward=1.3990 delay=27.807 energy=3.353 acc=0.1863 vio=0.543 backlog=35033 wall=36s
[snr 109/162] causal seed=0 snr_db=8 users=10 slots=500
    reward=4.9238 delay=10.882 energy=1.679 acc=0.1869 vio=0.175 backlog=22676 wall=20s
[snr 110/162] causal seed=1 snr_db=8 users=10 slots=500
    reward=5.5124 delay=8.951 energy=1.347 acc=0.1926 vio=0.154 backlog=22580 wall=20s
[snr 111/162] causal seed=2 snr_db=8 users=10 slots=500
    reward=5.3274 delay=8.661 energy=1.394 acc=0.1878 vio=0.256 backlog=25210 wall=20s
[snr 112/162] ucb seed=0 snr_db=8 users=10 slots=500
    reward=3.3157 delay=16.614 energy=2.255 acc=0.1802 vio=0.366 backlog=36789 wall=24s
[snr 113/162] ucb seed=1 snr_db=8 users=10 slots=500
    reward=2.9820 delay=23.298 energy=2.789 acc=0.1863 vio=0.340 backlog=38215 wall=24s
[snr 114/162] ucb seed=2 snr_db=8 users=10 slots=500
    reward=2.2311 delay=29.217 energy=3.479 acc=0.1818 vio=0.382 backlog=34329 wall=24s
[snr 115/162] dts seed=0 snr_db=8 users=10 slots=500
    reward=2.0661 delay=23.776 energy=2.972 acc=0.1793 vio=0.429 backlog=30250 wall=24s
[snr 116/162] dts seed=1 snr_db=8 users=10 slots=500
    reward=3.7455 delay=16.891 energy=2.150 acc=0.1864 vio=0.359 backlog=30065 wall=24s
[snr 117/162] dts seed=2 snr_db=8 users=10 slots=500
    reward=2.3698 delay=24.439 energy=2.987 acc=0.1807 vio=0.456 backlog=36770 wall=24s
[snr 118/162] gdo seed=0 snr_db=8 users=10 slots=500
    reward=-5.3584 delay=78.186 energy=8.434 acc=0.2486 vio=0.664 backlog=153623 wall=12s
[snr 119/162] gdo seed=1 snr_db=8 users=10 slots=500
    reward=-2.1370 delay=57.930 energy=6.276 acc=0.2469 vio=0.571 backlog=163744 wall=12s
[snr 120/162] gdo seed=2 snr_db=8 users=10 slots=500
    reward=-1.9472 delay=52.722 energy=5.851 acc=0.2480 vio=0.674 backlog=163685 wall=12s
[snr 121/162] rss seed=0 snr_db=8 users=10 slots=500
    reward=-1.3523 delay=40.840 energy=4.647 acc=0.1937 vio=0.648 backlog=116067 wall=11s
[snr 122/162] rss seed=1 snr_db=8 users=10 slots=500
    reward=-2.1835 delay=51.359 energy=5.523 acc=0.1963 vio=0.664 backlog=89625 wall=10s
[snr 123/162] rss seed=2 snr_db=8 users=10 slots=500
    reward=-3.2751 delay=57.117 energy=6.227 acc=0.1936 vio=0.671 backlog=73637 wall=11s
[snr 124/162] dqn seed=0 snr_db=8 users=10 slots=500
  [dqn] slot=0 team_r=3.8953 eps=1.000 K=2000
  [dqn] slot=50 team_r=4.9040 eps=0.905 K=2000
  [dqn] slot=100 team_r=-36.6505 eps=0.810 K=2000
  [dqn] slot=150 team_r=1.8865 eps=0.715 K=2000
  [dqn] slot=200 team_r=2.6074 eps=0.620 K=2000
  [dqn] slot=250 team_r=-83.9902 eps=0.525 K=2000
  [dqn] slot=300 team_r=3.6017 eps=0.430 K=2000
  [dqn] slot=350 team_r=1.1510 eps=0.335 K=2000
  [dqn] slot=400 team_r=2.4613 eps=0.240 K=2000
  [dqn] slot=450 team_r=0.1570 eps=0.145 K=2000
    reward=-6.5222 delay=80.544 energy=8.612 acc=0.2051 vio=0.717 backlog=100621 wall=25s
[snr 125/162] dqn seed=1 snr_db=8 users=10 slots=500
  [dqn] slot=0 team_r=3.2312 eps=1.000 K=2000
  [dqn] slot=50 team_r=1.5788 eps=0.905 K=2000
  [dqn] slot=100 team_r=2.1783 eps=0.810 K=2000
  [dqn] slot=150 team_r=3.3417 eps=0.715 K=2000
  [dqn] slot=200 team_r=4.2432 eps=0.620 K=2000
  [dqn] slot=250 team_r=4.0334 eps=0.525 K=2000
  [dqn] slot=300 team_r=4.9218 eps=0.430 K=2000
  [dqn] slot=350 team_r=1.6027 eps=0.335 K=2000
  [dqn] slot=400 team_r=3.3726 eps=0.240 K=2000
  [dqn] slot=450 team_r=2.9658 eps=0.145 K=2000
    reward=-2.9897 delay=57.937 energy=6.213 acc=0.2045 vio=0.656 backlog=88998 wall=25s
[snr 126/162] dqn seed=2 snr_db=8 users=10 slots=500
  [dqn] slot=0 team_r=0.6601 eps=1.000 K=2000
  [dqn] slot=50 team_r=-42.2423 eps=0.905 K=2000
  [dqn] slot=100 team_r=3.6327 eps=0.810 K=2000
  [dqn] slot=150 team_r=1.7473 eps=0.715 K=2000
  [dqn] slot=200 team_r=1.5806 eps=0.620 K=2000
  [dqn] slot=250 team_r=-59.3710 eps=0.525 K=2000
  [dqn] slot=300 team_r=3.3328 eps=0.430 K=2000
  [dqn] slot=350 team_r=3.8310 eps=0.335 K=2000
  [dqn] slot=400 team_r=3.8844 eps=0.240 K=2000
  [dqn] slot=450 team_r=2.4039 eps=0.145 K=2000
    reward=-6.6554 delay=83.888 energy=8.883 acc=0.2064 vio=0.733 backlog=90189 wall=25s
[snr 127/162] ppo seed=0 snr_db=8 users=10 slots=500
  [ppo train] slot=0 team_r=4.5044
  [ppo train] slot=50 team_r=3.9580
  [ppo train] slot=100 team_r=1.0790
  [ppo train] slot=150 team_r=1.6598
  [ppo train] slot=200 team_r=0.6184
  [ppo train] slot=250 team_r=-8.0354
  [ppo train] slot=300 team_r=2.8247
  [ppo train] slot=350 team_r=2.2224
  [ppo train] slot=400 team_r=2.0353
  [ppo train] slot=450 team_r=1.8539
    reward=-4.6779 delay=65.040 energy=7.062 acc=0.2052 vio=0.723 backlog=89336 wall=13s
[snr 128/162] ppo seed=1 snr_db=8 users=10 slots=500
  [ppo train] slot=0 team_r=3.3274
  [ppo train] slot=50 team_r=2.3471
  [ppo train] slot=100 team_r=0.6111
  [ppo train] slot=150 team_r=-3.1231
  [ppo train] slot=200 team_r=-175.8829
  [ppo train] slot=250 team_r=4.8315
  [ppo train] slot=300 team_r=3.1525
  [ppo train] slot=350 team_r=3.2906
  [ppo train] slot=400 team_r=0.4707
  [ppo train] slot=450 team_r=1.1028
    reward=-4.6000 delay=69.670 energy=7.386 acc=0.2046 vio=0.668 backlog=110819 wall=12s
[snr 129/162] ppo seed=2 snr_db=8 users=10 slots=500
  [ppo train] slot=0 team_r=2.8420
  [ppo train] slot=50 team_r=3.1396
  [ppo train] slot=100 team_r=1.5299
  [ppo train] slot=150 team_r=2.3858
  [ppo train] slot=200 team_r=3.1120
  [ppo train] slot=250 team_r=1.2808
  [ppo train] slot=300 team_r=1.4395
  [ppo train] slot=350 team_r=1.8501
  [ppo train] slot=400 team_r=3.9238
  [ppo train] slot=450 team_r=1.5677
    reward=-3.0507 delay=55.116 energy=6.019 acc=0.2062 vio=0.726 backlog=91168 wall=12s
[snr 130/162] mappo seed=0 snr_db=8 users=10 slots=500
  [mappo train] slot=0 team_r=3.3672
  [mappo train] slot=50 team_r=1.1632
  [mappo train] slot=100 team_r=3.1820
  [mappo train] slot=150 team_r=1.8216
  [mappo train] slot=200 team_r=1.3539
  [mappo train] slot=250 team_r=-7.3721
  [mappo train] slot=300 team_r=2.3179
  [mappo train] slot=350 team_r=2.0491
  [mappo train] slot=400 team_r=-17.4930
  [mappo train] slot=450 team_r=1.2285
    reward=-4.8669 delay=67.389 energy=7.304 acc=0.2046 vio=0.719 backlog=112035 wall=11s
[snr 131/162] mappo seed=1 snr_db=8 users=10 slots=500
  [mappo train] slot=0 team_r=3.1051
  [mappo train] slot=50 team_r=5.1411
  [mappo train] slot=100 team_r=2.2503
  [mappo train] slot=150 team_r=1.0696
  [mappo train] slot=200 team_r=3.7242
  [mappo train] slot=250 team_r=2.3992
  [mappo train] slot=300 team_r=3.2233
  [mappo train] slot=350 team_r=3.3642
  [mappo train] slot=400 team_r=3.6881
  [mappo train] slot=450 team_r=-16.9698
    reward=-4.2435 delay=67.140 energy=7.133 acc=0.2045 vio=0.667 backlog=96029 wall=11s
[snr 132/162] mappo seed=2 snr_db=8 users=10 slots=500
  [mappo train] slot=0 team_r=3.6469
  [mappo train] slot=50 team_r=5.7162
  [mappo train] slot=100 team_r=-5.9703
  [mappo train] slot=150 team_r=1.1507
  [mappo train] slot=200 team_r=4.1165
  [mappo train] slot=250 team_r=3.5433
  [mappo train] slot=300 team_r=-8.2700
  [mappo train] slot=350 team_r=2.8731
  [mappo train] slot=400 team_r=0.8818
  [mappo train] slot=450 team_r=2.6974
    reward=-4.9373 delay=71.392 energy=7.632 acc=0.2019 vio=0.712 backlog=78381 wall=11s
[snr 133/162] cto seed=0 snr_db=8 users=10 slots=500
    reward=2.6881 delay=22.512 energy=2.861 acc=0.1849 vio=0.376 backlog=33828 wall=36s
[snr 134/162] cto seed=1 snr_db=8 users=10 slots=500
    reward=4.0336 delay=18.262 energy=2.289 acc=0.1851 vio=0.289 backlog=30128 wall=35s
[snr 135/162] cto seed=2 snr_db=8 users=10 slots=500
    reward=3.5141 delay=17.144 energy=2.275 acc=0.1821 vio=0.420 backlog=25669 wall=37s
[snr 136/162] causal seed=0 snr_db=10 users=10 slots=500
    reward=5.4709 delay=8.787 energy=1.468 acc=0.2028 vio=0.166 backlog=27738 wall=24s
[snr 137/162] causal seed=1 snr_db=10 users=10 slots=500
    reward=6.0000 delay=7.427 energy=1.191 acc=0.2064 vio=0.132 backlog=26087 wall=22s
[snr 138/162] causal seed=2 snr_db=10 users=10 slots=500
    reward=5.8780 delay=4.883 energy=1.021 acc=0.2044 vio=0.242 backlog=33529 wall=22s
[snr 139/162] ucb seed=0 snr_db=10 users=10 slots=500
    reward=4.6967 delay=8.825 energy=1.481 acc=0.1707 vio=0.255 backlog=20253 wall=26s
[snr 140/162] ucb seed=1 snr_db=10 users=10 slots=500
    reward=3.5013 delay=19.516 energy=2.410 acc=0.1834 vio=0.300 backlog=37590 wall=27s
[snr 141/162] ucb seed=2 snr_db=10 users=10 slots=500
    reward=3.6141 delay=17.145 energy=2.282 acc=0.1924 vio=0.432 backlog=33960 wall=26s
[snr 142/162] dts seed=0 snr_db=10 users=10 slots=500
    reward=3.2706 delay=17.032 energy=2.292 acc=0.1922 vio=0.413 backlog=38546 wall=26s
[snr 143/162] dts seed=1 snr_db=10 users=10 slots=500
    reward=3.2385 delay=23.302 energy=2.795 acc=0.2065 vio=0.364 backlog=43986 wall=26s
[snr 144/162] dts seed=2 snr_db=10 users=10 slots=500
    reward=2.1977 delay=27.593 energy=3.305 acc=0.1884 vio=0.417 backlog=32082 wall=26s
[snr 145/162] gdo seed=0 snr_db=10 users=10 slots=500
    reward=-0.9418 delay=48.281 energy=5.443 acc=0.2527 vio=0.576 backlog=106565 wall=13s
[snr 146/162] gdo seed=1 snr_db=10 users=10 slots=500
    reward=0.4493 delay=43.369 energy=4.820 acc=0.2518 vio=0.471 backlog=106564 wall=13s
[snr 147/162] gdo seed=2 snr_db=10 users=10 slots=500
    reward=0.2672 delay=40.806 energy=4.660 acc=0.2537 vio=0.585 backlog=101930 wall=13s
[snr 148/162] rss seed=0 snr_db=10 users=10 slots=500
    reward=0.6655 delay=27.421 energy=3.305 acc=0.1940 vio=0.587 backlog=75629 wall=12s
[snr 149/162] rss seed=1 snr_db=10 users=10 slots=500
    reward=-2.9876 delay=61.503 energy=6.538 acc=0.1951 vio=0.595 backlog=63484 wall=11s
[snr 150/162] rss seed=2 snr_db=10 users=10 slots=500
    reward=0.1929 delay=33.358 energy=3.851 acc=0.1940 vio=0.614 backlog=58425 wall=12s
[snr 151/162] dqn seed=0 snr_db=10 users=10 slots=500
  [dqn] slot=0 team_r=4.6180 eps=1.000 K=2000
  [dqn] slot=50 team_r=3.2458 eps=0.905 K=2000
  [dqn] slot=100 team_r=4.3425 eps=0.810 K=2000
  [dqn] slot=150 team_r=1.0874 eps=0.715 K=2000
  [dqn] slot=200 team_r=4.4032 eps=0.620 K=2000
  [dqn] slot=250 team_r=1.4414 eps=0.525 K=2000
  [dqn] slot=300 team_r=4.1893 eps=0.430 K=2000
  [dqn] slot=350 team_r=4.6737 eps=0.335 K=2000
  [dqn] slot=400 team_r=2.8364 eps=0.240 K=2000
  [dqn] slot=450 team_r=2.6182 eps=0.145 K=2000
    reward=-3.3157 delay=58.906 energy=6.450 acc=0.2048 vio=0.647 backlog=73571 wall=26s
[snr 152/162] dqn seed=1 snr_db=10 users=10 slots=500
  [dqn] slot=0 team_r=3.6780 eps=1.000 K=2000
  [dqn] slot=50 team_r=2.8244 eps=0.905 K=2000
  [dqn] slot=100 team_r=3.4956 eps=0.810 K=2000
  [dqn] slot=150 team_r=5.3916 eps=0.715 K=2000
  [dqn] slot=200 team_r=4.7709 eps=0.620 K=2000
  [dqn] slot=250 team_r=4.2841 eps=0.525 K=2000
  [dqn] slot=300 team_r=5.1416 eps=0.430 K=2000
  [dqn] slot=350 team_r=4.6568 eps=0.335 K=2000
  [dqn] slot=400 team_r=4.0071 eps=0.240 K=2000
  [dqn] slot=450 team_r=2.4690 eps=0.145 K=2000
    reward=-3.2171 delay=61.849 energy=6.601 acc=0.2038 vio=0.610 backlog=71940 wall=26s
[snr 153/162] dqn seed=2 snr_db=10 users=10 slots=500
  [dqn] slot=0 team_r=1.2108 eps=1.000 K=2000
  [dqn] slot=50 team_r=-17.5382 eps=0.905 K=2000
  [dqn] slot=100 team_r=4.1976 eps=0.810 K=2000
  [dqn] slot=150 team_r=2.7818 eps=0.715 K=2000
  [dqn] slot=200 team_r=1.5803 eps=0.620 K=2000
  [dqn] slot=250 team_r=2.7926 eps=0.525 K=2000
  [dqn] slot=300 team_r=2.8148 eps=0.430 K=2000
  [dqn] slot=350 team_r=3.4194 eps=0.335 K=2000
  [dqn] slot=400 team_r=5.7161 eps=0.240 K=2000
  [dqn] slot=450 team_r=3.2112 eps=0.145 K=2000
    reward=-2.6701 delay=55.518 energy=6.047 acc=0.2029 vio=0.660 backlog=71587 wall=27s
[snr 154/162] ppo seed=0 snr_db=10 users=10 slots=500
  [ppo train] slot=0 team_r=4.7203
  [ppo train] slot=50 team_r=1.4246
  [ppo train] slot=100 team_r=2.9706
  [ppo train] slot=150 team_r=4.6725
  [ppo train] slot=200 team_r=4.6644
  [ppo train] slot=250 team_r=-14.1004
  [ppo train] slot=300 team_r=2.9489
  [ppo train] slot=350 team_r=3.8099
  [ppo train] slot=400 team_r=1.6984
  [ppo train] slot=450 team_r=-57.5856
    reward=-3.4225 delay=59.692 energy=6.531 acc=0.2045 vio=0.650 backlog=68280 wall=14s
[snr 155/162] ppo seed=1 snr_db=10 users=10 slots=500
  [ppo train] slot=0 team_r=4.9949
  [ppo train] slot=50 team_r=4.4155
  [ppo train] slot=100 team_r=3.5011
  [ppo train] slot=150 team_r=2.9430
  [ppo train] slot=200 team_r=5.4015
  [ppo train] slot=250 team_r=4.3447
  [ppo train] slot=300 team_r=3.5577
  [ppo train] slot=350 team_r=5.7397
  [ppo train] slot=400 team_r=4.2581
  [ppo train] slot=450 team_r=4.9418
    reward=-2.9589 delay=60.334 energy=6.459 acc=0.2053 vio=0.606 backlog=79543 wall=13s
[snr 156/162] ppo seed=2 snr_db=10 users=10 slots=500
  [ppo train] slot=0 team_r=2.8164
  [ppo train] slot=50 team_r=3.0296
  [ppo train] slot=100 team_r=-2.5641
  [ppo train] slot=150 team_r=5.2207
  [ppo train] slot=200 team_r=0.5670
  [ppo train] slot=250 team_r=1.4167
  [ppo train] slot=300 team_r=1.3759
  [ppo train] slot=350 team_r=1.2501
  [ppo train] slot=400 team_r=2.7330
  [ppo train] slot=450 team_r=2.6340
    reward=-2.0759 delay=49.963 energy=5.490 acc=0.2058 vio=0.673 backlog=75926 wall=13s
[snr 157/162] mappo seed=0 snr_db=10 users=10 slots=500
  [mappo train] slot=0 team_r=4.2332
  [mappo train] slot=50 team_r=2.9389
  [mappo train] slot=100 team_r=4.2097
  [mappo train] slot=150 team_r=3.9583
  [mappo train] slot=200 team_r=-1.1046
  [mappo train] slot=250 team_r=3.1029
  [mappo train] slot=300 team_r=1.8247
  [mappo train] slot=350 team_r=5.2727
  [mappo train] slot=400 team_r=-92.6907
  [mappo train] slot=450 team_r=2.6834
    reward=-3.2826 delay=57.881 energy=6.355 acc=0.2046 vio=0.659 backlog=99230 wall=12s
[snr 158/162] mappo seed=1 snr_db=10 users=10 slots=500
  [mappo train] slot=0 team_r=4.5707
  [mappo train] slot=50 team_r=-15.2918
  [mappo train] slot=100 team_r=4.3464
  [mappo train] slot=150 team_r=1.7291
  [mappo train] slot=200 team_r=-126.5789
  [mappo train] slot=250 team_r=2.6701
  [mappo train] slot=300 team_r=2.3950
  [mappo train] slot=350 team_r=3.9441
  [mappo train] slot=400 team_r=4.0310
  [mappo train] slot=450 team_r=2.8670
    reward=-2.3617 delay=54.960 energy=5.917 acc=0.2030 vio=0.611 backlog=72554 wall=12s
[snr 159/162] mappo seed=2 snr_db=10 users=10 slots=500
  [mappo train] slot=0 team_r=3.8463
  [mappo train] slot=50 team_r=4.3296
  [mappo train] slot=100 team_r=-4.2520
  [mappo train] slot=150 team_r=3.5514
  [mappo train] slot=200 team_r=-58.0471
  [mappo train] slot=250 team_r=6.0239
  [mappo train] slot=300 team_r=3.0634
  [mappo train] slot=350 team_r=4.7141
  [mappo train] slot=400 team_r=-49.3396
  [mappo train] slot=450 team_r=3.5027
    reward=-3.3722 delay=61.212 energy=6.608 acc=0.2028 vio=0.663 backlog=65069 wall=12s
[snr 160/162] cto seed=0 snr_db=10 users=10 slots=500
    reward=3.3846 delay=20.712 energy=2.676 acc=0.1860 vio=0.289 backlog=25246 wall=39s
[snr 161/162] cto seed=1 snr_db=10 users=10 slots=500
    reward=4.3458 delay=14.916 energy=1.968 acc=0.1865 vio=0.261 backlog=24684 wall=39s
[snr 162/162] cto seed=2 snr_db=10 users=10 slots=500
    reward=3.2256 delay=23.805 energy=2.939 acc=0.1865 vio=0.341 backlog=22660 wall=39s
[snr] done in 62.9 min → figures/sweeps/snr/
[2026-08-21 20:32:44] === finished snr ===
[2026-08-21 20:32:44] === begin users ===
[users 1/135] causal seed=0 n_users=5 users=5 slots=500
    reward=5.0310 delay=6.788 energy=1.498 acc=0.1871 vio=0.305 backlog=27352 wall=14s
[users 2/135] causal seed=1 n_users=5 users=5 slots=500
    reward=5.5910 delay=6.308 energy=1.325 acc=0.2029 vio=0.189 backlog=32954 wall=14s
[users 3/135] causal seed=2 n_users=5 users=5 slots=500
    reward=5.0373 delay=10.437 energy=1.901 acc=0.1973 vio=0.407 backlog=30457 wall=13s
[users 4/135] ucb seed=0 n_users=5 users=5 slots=500
    reward=0.1051 delay=37.639 energy=4.577 acc=0.1975 vio=0.511 backlog=53573 wall=16s
[users 5/135] ucb seed=1 n_users=5 users=5 slots=500
    reward=3.8147 delay=14.411 energy=2.102 acc=0.1790 vio=0.322 backlog=27715 wall=16s
[users 6/135] ucb seed=2 n_users=5 users=5 slots=500
    reward=2.4061 delay=23.246 energy=3.141 acc=0.1850 vio=0.482 backlog=40638 wall=16s
[users 7/135] dts seed=0 n_users=5 users=5 slots=500
    reward=3.3641 delay=14.832 energy=2.292 acc=0.1901 vio=0.454 backlog=33382 wall=16s
[users 8/135] dts seed=1 n_users=5 users=5 slots=500
    reward=2.7744 delay=21.028 energy=2.690 acc=0.1846 vio=0.356 backlog=29367 wall=15s
[users 9/135] dts seed=2 n_users=5 users=5 slots=500
    reward=2.6544 delay=20.965 energy=2.963 acc=0.1825 vio=0.504 backlog=27387 wall=16s
[users 10/135] gdo seed=0 n_users=5 users=5 slots=500
    reward=-5.0468 delay=74.251 energy=8.250 acc=0.2480 vio=0.680 backlog=126271 wall=9s
[users 11/135] gdo seed=1 n_users=5 users=5 slots=500
    reward=-3.0201 delay=63.734 energy=7.029 acc=0.2333 vio=0.594 backlog=107377 wall=9s
[users 12/135] gdo seed=2 n_users=5 users=5 slots=500
    reward=-2.4059 delay=53.556 energy=6.149 acc=0.2271 vio=0.714 backlog=88484 wall=8s
[users 13/135] rss seed=0 n_users=5 users=5 slots=500
    reward=2.6618 delay=12.504 energy=1.988 acc=0.1784 vio=0.559 backlog=30120 wall=8s
[users 14/135] rss seed=1 n_users=5 users=5 slots=500
    reward=2.8682 delay=17.834 energy=2.401 acc=0.1880 vio=0.449 backlog=30532 wall=8s
[users 15/135] rss seed=2 n_users=5 users=5 slots=500
    reward=-6.2991 delay=81.805 energy=8.909 acc=0.1912 vio=0.602 backlog=71654 wall=8s
[users 16/135] dqn seed=0 n_users=5 users=5 slots=500
  [dqn] slot=0 team_r=4.4846 eps=1.000 K=2000
  [dqn] slot=50 team_r=4.3896 eps=0.905 K=2000
  [dqn] slot=100 team_r=3.4819 eps=0.810 K=2000
  [dqn] slot=150 team_r=3.2037 eps=0.715 K=2000
  [dqn] slot=200 team_r=5.4891 eps=0.620 K=2000
  [dqn] slot=250 team_r=4.0129 eps=0.525 K=2000
  [dqn] slot=300 team_r=4.1684 eps=0.430 K=2000
  [dqn] slot=350 team_r=-1.6053 eps=0.335 K=2000
  [dqn] slot=400 team_r=3.4172 eps=0.240 K=2000
  [dqn] slot=450 team_r=2.2226 eps=0.145 K=2000
    reward=-2.4515 delay=51.614 energy=5.896 acc=0.2021 vio=0.652 backlog=63189 wall=16s
[users 17/135] dqn seed=1 n_users=5 users=5 slots=500
  [dqn] slot=0 team_r=4.2825 eps=1.000 K=2000
  [dqn] slot=50 team_r=4.8285 eps=0.905 K=2000
  [dqn] slot=100 team_r=2.8161 eps=0.810 K=2000
  [dqn] slot=150 team_r=5.6067 eps=0.715 K=2000
  [dqn] slot=200 team_r=5.2524 eps=0.620 K=2000
  [dqn] slot=250 team_r=4.8683 eps=0.525 K=2000
  [dqn] slot=300 team_r=5.8239 eps=0.430 K=2000
  [dqn] slot=350 team_r=6.1042 eps=0.335 K=2000
  [dqn] slot=400 team_r=3.3399 eps=0.240 K=2000
  [dqn] slot=450 team_r=2.5991 eps=0.145 K=2000
    reward=1.0147 delay=29.771 energy=3.579 acc=0.2031 vio=0.541 backlog=63687 wall=16s
[users 18/135] dqn seed=2 n_users=5 users=5 slots=500
  [dqn] slot=0 team_r=5.2354 eps=1.000 K=2000
  [dqn] slot=50 team_r=2.6706 eps=0.905 K=2000
  [dqn] slot=100 team_r=-0.1775 eps=0.810 K=2000
  [dqn] slot=150 team_r=2.0240 eps=0.715 K=2000
  [dqn] slot=200 team_r=2.2448 eps=0.620 K=2000
  [dqn] slot=250 team_r=1.2234 eps=0.525 K=2000
  [dqn] slot=300 team_r=3.2672 eps=0.430 K=2000
  [dqn] slot=350 team_r=3.2958 eps=0.335 K=2000
  [dqn] slot=400 team_r=4.4663 eps=0.240 K=2000
  [dqn] slot=450 team_r=1.7048 eps=0.145 K=2000
    reward=-2.0633 delay=49.979 energy=5.717 acc=0.2037 vio=0.660 backlog=67162 wall=17s
[users 19/135] ppo seed=0 n_users=5 users=5 slots=500
  [ppo train] slot=0 team_r=5.9597
  [ppo train] slot=50 team_r=3.4057
  [ppo train] slot=100 team_r=4.5223
  [ppo train] slot=150 team_r=1.9565
  [ppo train] slot=200 team_r=4.0257
  [ppo train] slot=250 team_r=4.1331
  [ppo train] slot=300 team_r=4.1854
  [ppo train] slot=350 team_r=3.0930
  [ppo train] slot=400 team_r=4.2318
  [ppo train] slot=450 team_r=3.9170
    reward=-3.4905 delay=58.688 energy=6.607 acc=0.2042 vio=0.673 backlog=76358 wall=9s
[users 20/135] ppo seed=1 n_users=5 users=5 slots=500
  [ppo train] slot=0 team_r=3.7186
  [ppo train] slot=50 team_r=1.4334
  [ppo train] slot=100 team_r=6.1619
  [ppo train] slot=150 team_r=0.2964
  [ppo train] slot=200 team_r=-173.0877
  [ppo train] slot=250 team_r=4.0353
  [ppo train] slot=300 team_r=4.9586
  [ppo train] slot=350 team_r=3.6202
  [ppo train] slot=400 team_r=5.8331
  [ppo train] slot=450 team_r=4.7047
    reward=-0.4155 delay=38.937 energy=4.472 acc=0.2043 vio=0.576 backlog=70514 wall=9s
[users 21/135] ppo seed=2 n_users=5 users=5 slots=500
  [ppo train] slot=0 team_r=3.9869
  [ppo train] slot=50 team_r=4.2325
  [ppo train] slot=100 team_r=-25.0865
  [ppo train] slot=150 team_r=0.3622
  [ppo train] slot=200 team_r=1.9216
  [ppo train] slot=250 team_r=5.9078
  [ppo train] slot=300 team_r=-0.1142
  [ppo train] slot=350 team_r=4.7044
  [ppo train] slot=400 team_r=4.6627
  [ppo train] slot=450 team_r=-10.7497
    reward=-0.3256 delay=36.246 energy=4.359 acc=0.2054 vio=0.671 backlog=56304 wall=9s
[users 22/135] mappo seed=0 n_users=5 users=5 slots=500
  [mappo train] slot=0 team_r=3.5438
  [mappo train] slot=50 team_r=4.7307
  [mappo train] slot=100 team_r=2.7569
  [mappo train] slot=150 team_r=2.7527
  [mappo train] slot=200 team_r=2.5127
  [mappo train] slot=250 team_r=3.3126
  [mappo train] slot=300 team_r=1.1305
  [mappo train] slot=350 team_r=2.4469
  [mappo train] slot=400 team_r=-2.3742
  [mappo train] slot=450 team_r=2.4164
    reward=-0.7690 delay=37.901 energy=4.522 acc=0.2063 vio=0.664 backlog=74902 wall=9s
[users 23/135] mappo seed=1 n_users=5 users=5 slots=500
  [mappo train] slot=0 team_r=3.6708
  [mappo train] slot=50 team_r=2.8953
  [mappo train] slot=100 team_r=3.9009
  [mappo train] slot=150 team_r=4.1303
  [mappo train] slot=200 team_r=7.6823
  [mappo train] slot=250 team_r=3.4380
  [mappo train] slot=300 team_r=5.9313
  [mappo train] slot=350 team_r=-0.0216
  [mappo train] slot=400 team_r=-25.4787
  [mappo train] slot=450 team_r=-30.1745
    reward=-2.0663 delay=52.676 energy=5.845 acc=0.2046 vio=0.557 backlog=70803 wall=8s
[users 24/135] mappo seed=2 n_users=5 users=5 slots=500
  [mappo train] slot=0 team_r=5.9841
  [mappo train] slot=50 team_r=3.2386
  [mappo train] slot=100 team_r=3.9819
  [mappo train] slot=150 team_r=4.7630
  [mappo train] slot=200 team_r=3.8563
  [mappo train] slot=250 team_r=1.9948
  [mappo train] slot=300 team_r=1.7611
  [mappo train] slot=350 team_r=3.8217
  [mappo train] slot=400 team_r=2.8925
  [mappo train] slot=450 team_r=2.4708
    reward=0.8047 delay=26.265 energy=3.349 acc=0.2017 vio=0.651 backlog=59278 wall=8s
[users 25/135] cto seed=0 n_users=5 users=5 slots=500
    reward=4.4647 delay=7.777 energy=1.601 acc=0.1731 vio=0.372 backlog=23456 wall=31s
[users 26/135] cto seed=1 n_users=5 users=5 slots=500
    reward=4.2347 delay=13.103 energy=1.957 acc=0.1827 vio=0.313 backlog=29801 wall=29s
[users 27/135] cto seed=2 n_users=5 users=5 slots=500
    reward=4.5105 delay=8.188 energy=1.651 acc=0.1756 vio=0.422 backlog=18204 wall=29s
[users 28/135] causal seed=0 n_users=10 users=10 slots=500
    reward=4.7373 delay=9.713 energy=1.567 acc=0.1722 vio=0.229 backlog=20775 wall=23s
[users 29/135] causal seed=1 n_users=10 users=10 slots=500
    reward=4.5537 delay=11.658 energy=1.625 acc=0.1801 vio=0.223 backlog=23565 wall=23s
[users 30/135] causal seed=2 n_users=10 users=10 slots=500
    reward=4.3616 delay=12.466 energy=1.784 acc=0.1776 vio=0.310 backlog=28683 wall=22s
[users 31/135] ucb seed=0 n_users=10 users=10 slots=500
    reward=2.1055 delay=25.337 energy=3.146 acc=0.1688 vio=0.356 backlog=33932 wall=27s
[users 32/135] ucb seed=1 n_users=10 users=10 slots=500
    reward=0.2127 delay=39.912 energy=4.464 acc=0.1809 vio=0.464 backlog=62766 wall=27s
[users 33/135] ucb seed=2 n_users=10 users=10 slots=500
    reward=2.9042 delay=20.529 energy=2.626 acc=0.1707 vio=0.411 backlog=31137 wall=28s
[users 34/135] dts seed=0 n_users=10 users=10 slots=500
    reward=-0.2090 delay=36.563 energy=4.253 acc=0.1811 vio=0.554 backlog=43109 wall=27s
[users 35/135] dts seed=1 n_users=10 users=10 slots=500
    reward=2.0465 delay=23.334 energy=2.779 acc=0.1745 vio=0.483 backlog=42989 wall=26s
[users 36/135] dts seed=2 n_users=10 users=10 slots=500
    reward=0.9191 delay=30.430 energy=3.596 acc=0.1849 vio=0.590 backlog=47330 wall=26s
[users 37/135] gdo seed=0 n_users=10 users=10 slots=500
    reward=-12.7103 delay=129.523 energy=13.567 acc=0.2471 vio=0.785 backlog=363357 wall=14s
[users 38/135] gdo seed=1 n_users=10 users=10 slots=500
    reward=-8.4814 delay=98.237 energy=10.280 acc=0.2295 vio=0.735 backlog=444539 wall=13s
[users 39/135] gdo seed=2 n_users=10 users=10 slots=500
    reward=-12.2286 delay=124.835 energy=13.014 acc=0.2210 vio=0.800 backlog=206716 wall=13s
[users 40/135] rss seed=0 n_users=10 users=10 slots=500
    reward=-3.3328 delay=52.306 energy=5.794 acc=0.1955 vio=0.724 backlog=230163 wall=12s
[users 41/135] rss seed=1 n_users=10 users=10 slots=500
    reward=-5.7889 delay=74.587 energy=7.846 acc=0.1979 vio=0.755 backlog=225612 wall=11s
[users 42/135] rss seed=2 n_users=10 users=10 slots=500
    reward=-5.8302 delay=73.878 energy=7.903 acc=0.1955 vio=0.744 backlog=105408 wall=12s
[users 43/135] dqn seed=0 n_users=10 users=10 slots=500
  [dqn] slot=0 team_r=2.0769 eps=1.000 K=2000
  [dqn] slot=50 team_r=-2.2239 eps=0.905 K=2000
  [dqn] slot=100 team_r=-94.8708 eps=0.810 K=2000
  [dqn] slot=150 team_r=-54.2794 eps=0.715 K=2000
  [dqn] slot=200 team_r=2.6808 eps=0.620 K=2000
  [dqn] slot=250 team_r=3.2208 eps=0.525 K=2000
  [dqn] slot=300 team_r=4.7943 eps=0.430 K=2000
  [dqn] slot=350 team_r=-0.4870 eps=0.335 K=2000
  [dqn] slot=400 team_r=-42.2489 eps=0.240 K=2000
  [dqn] slot=450 team_r=3.5783 eps=0.145 K=2000
    reward=-7.1889 delay=81.930 energy=8.763 acc=0.2058 vio=0.786 backlog=126652 wall=27s
[users 44/135] dqn seed=1 n_users=10 users=10 slots=500
  [dqn] slot=0 team_r=3.4025 eps=1.000 K=2000
  [dqn] slot=50 team_r=-7.4146 eps=0.905 K=2000
  [dqn] slot=100 team_r=1.7839 eps=0.810 K=2000
  [dqn] slot=150 team_r=2.0993 eps=0.715 K=2000
  [dqn] slot=200 team_r=2.5260 eps=0.620 K=2000
  [dqn] slot=250 team_r=2.7835 eps=0.525 K=2000
  [dqn] slot=300 team_r=3.1929 eps=0.430 K=2000
  [dqn] slot=350 team_r=-0.3866 eps=0.335 K=2000
  [dqn] slot=400 team_r=4.2602 eps=0.240 K=2000
  [dqn] slot=450 team_r=-378.2335 eps=0.145 K=2000
    reward=-4.6626 delay=67.105 energy=7.136 acc=0.2033 vio=0.727 backlog=111439 wall=27s
[users 45/135] dqn seed=2 n_users=10 users=10 slots=500
  [dqn] slot=0 team_r=1.0244 eps=1.000 K=2000
  [dqn] slot=50 team_r=-694.8634 eps=0.905 K=2000
  [dqn] slot=100 team_r=-4.4981 eps=0.810 K=2000
  [dqn] slot=150 team_r=-8.6509 eps=0.715 K=2000
  [dqn] slot=200 team_r=1.0400 eps=0.620 K=2000
  [dqn] slot=250 team_r=0.5028 eps=0.525 K=2000
  [dqn] slot=300 team_r=1.0141 eps=0.430 K=2000
  [dqn] slot=350 team_r=2.7675 eps=0.335 K=2000
  [dqn] slot=400 team_r=2.0010 eps=0.240 K=2000
  [dqn] slot=450 team_r=2.6228 eps=0.145 K=2000
    reward=-5.3545 delay=69.111 energy=7.408 acc=0.2058 vio=0.798 backlog=140327 wall=28s
[users 46/135] ppo seed=0 n_users=10 users=10 slots=500
  [ppo train] slot=0 team_r=3.4181
  [ppo train] slot=50 team_r=0.5148
  [ppo train] slot=100 team_r=2.5155
  [ppo train] slot=150 team_r=3.0626
  [ppo train] slot=200 team_r=1.2318
  [ppo train] slot=250 team_r=-2.6295
  [ppo train] slot=300 team_r=3.0590
  [ppo train] slot=350 team_r=1.0234
  [ppo train] slot=400 team_r=2.7398
  [ppo train] slot=450 team_r=-19.1961
    reward=-6.9194 delay=79.209 energy=8.484 acc=0.2066 vio=0.798 backlog=132868 wall=13s
[users 47/135] ppo seed=1 n_users=10 users=10 slots=500
  [ppo train] slot=0 team_r=2.2314
  [ppo train] slot=50 team_r=1.9736
  [ppo train] slot=100 team_r=0.6095
  [ppo train] slot=150 team_r=1.7844
  [ppo train] slot=200 team_r=0.7199
  [ppo train] slot=250 team_r=3.0719
  [ppo train] slot=300 team_r=3.3775
  [ppo train] slot=350 team_r=4.0447
  [ppo train] slot=400 team_r=0.5508
  [ppo train] slot=450 team_r=2.5626
    reward=-5.8294 delay=74.666 energy=7.887 acc=0.2051 vio=0.752 backlog=169683 wall=13s
[users 48/135] ppo seed=2 n_users=10 users=10 slots=500
  [ppo train] slot=0 team_r=2.3852
  [ppo train] slot=50 team_r=3.0176
  [ppo train] slot=100 team_r=-40.1569
  [ppo train] slot=150 team_r=-102.4085
  [ppo train] slot=200 team_r=2.6973
  [ppo train] slot=250 team_r=2.7139
  [ppo train] slot=300 team_r=1.4735
  [ppo train] slot=350 team_r=1.8116
  [ppo train] slot=400 team_r=1.3630
  [ppo train] slot=450 team_r=2.4705
    reward=-6.4562 delay=77.343 energy=8.235 acc=0.2075 vio=0.807 backlog=169481 wall=13s
[users 49/135] mappo seed=0 n_users=10 users=10 slots=500
  [mappo train] slot=0 team_r=3.2109
  [mappo train] slot=50 team_r=2.1512
  [mappo train] slot=100 team_r=4.1128
  [mappo train] slot=150 team_r=-3.0705
  [mappo train] slot=200 team_r=1.8369
  [mappo train] slot=250 team_r=0.6298
  [mappo train] slot=300 team_r=-455.4807
  [mappo train] slot=350 team_r=3.1134
  [mappo train] slot=400 team_r=0.8370
  [mappo train] slot=450 team_r=1.9497
    reward=-8.1826 delay=88.817 energy=9.441 acc=0.2074 vio=0.801 backlog=180443 wall=12s
[users 50/135] mappo seed=1 n_users=10 users=10 slots=500
  [mappo train] slot=0 team_r=2.6930
  [mappo train] slot=50 team_r=-57.1564
  [mappo train] slot=100 team_r=-9.4965
  [mappo train] slot=150 team_r=0.4453
  [mappo train] slot=200 team_r=-36.6432
  [mappo train] slot=250 team_r=-28.8951
  [mappo train] slot=300 team_r=3.0059
  [mappo train] slot=350 team_r=3.2758
  [mappo train] slot=400 team_r=2.1761
  [mappo train] slot=450 team_r=-53.2358
    reward=-5.5744 delay=73.713 energy=7.798 acc=0.2053 vio=0.730 backlog=145146 wall=12s
[users 51/135] mappo seed=2 n_users=10 users=10 slots=500
  [mappo train] slot=0 team_r=3.3271
  [mappo train] slot=50 team_r=2.0254
  [mappo train] slot=100 team_r=2.1056
  [mappo train] slot=150 team_r=0.3158
  [mappo train] slot=200 team_r=-0.1168
  [mappo train] slot=250 team_r=2.4204
  [mappo train] slot=300 team_r=1.3271
  [mappo train] slot=350 team_r=3.4218
  [mappo train] slot=400 team_r=1.1373
  [mappo train] slot=450 team_r=3.3859
    reward=-6.5596 delay=78.648 energy=8.363 acc=0.2046 vio=0.800 backlog=109009 wall=13s
[users 52/135] cto seed=0 n_users=10 users=10 slots=500
    reward=1.5525 delay=27.101 energy=3.310 acc=0.1793 vio=0.467 backlog=36213 wall=40s
[users 53/135] cto seed=1 n_users=10 users=10 slots=500
    reward=1.3071 delay=33.105 energy=3.783 acc=0.1860 vio=0.441 backlog=40515 wall=40s
[users 54/135] cto seed=2 n_users=10 users=10 slots=500
    reward=1.0632 delay=31.164 energy=3.675 acc=0.1822 vio=0.528 backlog=33286 wall=42s
[users 55/135] causal seed=0 n_users=15 users=15 slots=500
    reward=3.9969 delay=12.898 energy=1.770 acc=0.1619 vio=0.275 backlog=21195 wall=32s
[users 56/135] causal seed=1 n_users=15 users=15 slots=500
    reward=3.3929 delay=21.279 energy=2.499 acc=0.1633 vio=0.278 backlog=19574 wall=30s
[users 57/135] causal seed=2 n_users=15 users=15 slots=500
    reward=2.9629 delay=22.433 energy=2.651 acc=0.1622 vio=0.313 backlog=23187 wall=29s
[users 58/135] ucb seed=0 n_users=15 users=15 slots=500
    reward=1.2629 delay=27.698 energy=3.256 acc=0.1672 vio=0.490 backlog=41730 wall=36s
[users 59/135] ucb seed=1 n_users=15 users=15 slots=500
    reward=1.3264 delay=30.913 energy=3.483 acc=0.1622 vio=0.431 backlog=28632 wall=36s
[users 60/135] ucb seed=2 n_users=15 users=15 slots=500
    reward=0.5931 delay=33.168 energy=3.755 acc=0.1689 vio=0.521 backlog=43217 wall=36s
[users 61/135] dts seed=0 n_users=15 users=15 slots=500
    reward=0.3352 delay=30.845 energy=3.562 acc=0.1728 vio=0.593 backlog=56471 wall=35s
[users 62/135] dts seed=1 n_users=15 users=15 slots=500
    reward=-2.3083 delay=55.080 energy=5.890 acc=0.1752 vio=0.591 backlog=65905 wall=35s
[users 63/135] dts seed=2 n_users=15 users=15 slots=500
    reward=-1.9038 delay=47.436 energy=5.184 acc=0.1813 vio=0.646 backlog=88466 wall=38s
[users 64/135] gdo seed=0 n_users=15 users=15 slots=500
    reward=-19.9650 delay=181.181 energy=18.601 acc=0.2308 vio=0.866 backlog=747180 wall=17s
[users 65/135] gdo seed=1 n_users=15 users=15 slots=500
    reward=-20.9079 delay=190.736 energy=19.455 acc=0.2225 vio=0.855 backlog=698910 wall=16s
[users 66/135] gdo seed=2 n_users=15 users=15 slots=500
    reward=-21.8143 delay=195.384 energy=19.982 acc=0.2318 vio=0.899 backlog=1110697 wall=16s
[users 67/135] rss seed=0 n_users=15 users=15 slots=500
    reward=-7.1793 delay=79.578 energy=8.423 acc=0.1965 vio=0.793 backlog=483031 wall=15s
[users 68/135] rss seed=1 n_users=15 users=15 slots=500
    reward=-7.7480 delay=85.129 energy=8.872 acc=0.1882 vio=0.814 backlog=381543 wall=14s
[users 69/135] rss seed=2 n_users=15 users=15 slots=500
    reward=-9.9979 delay=102.442 energy=10.656 acc=0.2010 vio=0.838 backlog=129109 wall=15s
[users 70/135] dqn seed=0 n_users=15 users=15 slots=500
  [dqn] slot=0 team_r=0.9030 eps=1.000 K=2000
  [dqn] slot=50 team_r=-0.0138 eps=0.905 K=2000
  [dqn] slot=100 team_r=-14.3765 eps=0.810 K=2000
  [dqn] slot=150 team_r=0.9677 eps=0.715 K=2000
  [dqn] slot=200 team_r=-6.9949 eps=0.620 K=2000
  [dqn] slot=250 team_r=-8.0213 eps=0.525 K=2000
  [dqn] slot=300 team_r=-0.0034 eps=0.430 K=2000
  [dqn] slot=350 team_r=0.7653 eps=0.335 K=2000
  [dqn] slot=400 team_r=1.8064 eps=0.240 K=2000
  [dqn] slot=450 team_r=2.2661 eps=0.145 K=2000
    reward=-9.9866 delay=100.137 energy=10.476 acc=0.2054 vio=0.839 backlog=383867 wall=36s
[users 71/135] dqn seed=1 n_users=15 users=15 slots=500
  [dqn] slot=0 team_r=1.0991 eps=1.000 K=2000
  [dqn] slot=50 team_r=2.9479 eps=0.905 K=2000
  [dqn] slot=100 team_r=1.2481 eps=0.810 K=2000
  [dqn] slot=150 team_r=0.7885 eps=0.715 K=2000
  [dqn] slot=200 team_r=-0.3644 eps=0.620 K=2000
  [dqn] slot=250 team_r=2.6088 eps=0.525 K=2000
  [dqn] slot=300 team_r=0.5728 eps=0.430 K=2000
  [dqn] slot=350 team_r=-42.8574 eps=0.335 K=2000
  [dqn] slot=400 team_r=0.9256 eps=0.240 K=2000
  [dqn] slot=450 team_r=-64.7647 eps=0.145 K=2000
    reward=-11.9505 delay=119.515 energy=12.314 acc=0.2052 vio=0.821 backlog=271993 wall=36s
[users 72/135] dqn seed=2 n_users=15 users=15 slots=500
  [dqn] slot=0 team_r=2.0806 eps=1.000 K=2000
  [dqn] slot=50 team_r=1.3673 eps=0.905 K=2000
  [dqn] slot=100 team_r=-1.1733 eps=0.810 K=2000
  [dqn] slot=150 team_r=-96.1932 eps=0.715 K=2000
  [dqn] slot=200 team_r=-0.5620 eps=0.620 K=2000
  [dqn] slot=250 team_r=-57.2666 eps=0.525 K=2000
  [dqn] slot=300 team_r=2.4549 eps=0.430 K=2000
  [dqn] slot=350 team_r=1.7107 eps=0.335 K=2000
  [dqn] slot=400 team_r=-28.4546 eps=0.240 K=2000
  [dqn] slot=450 team_r=0.7842 eps=0.145 K=2000
    reward=-10.8492 delay=107.700 energy=11.175 acc=0.2053 vio=0.866 backlog=287587 wall=36s
[users 73/135] ppo seed=0 n_users=15 users=15 slots=500
  [ppo train] slot=0 team_r=0.9079
  [ppo train] slot=50 team_r=-17.2541
  [ppo train] slot=100 team_r=2.4653
  [ppo train] slot=150 team_r=-0.1498
  [ppo train] slot=200 team_r=1.8244
  [ppo train] slot=250 team_r=-15.2978
  [ppo train] slot=300 team_r=1.0309
  [ppo train] slot=350 team_r=0.8097
  [ppo train] slot=400 team_r=-0.4732
  [ppo train] slot=450 team_r=1.3368
    reward=-14.6006 delay=136.832 energy=14.141 acc=0.2069 vio=0.847 backlog=344732 wall=16s
[users 74/135] ppo seed=1 n_users=15 users=15 slots=500
  [ppo train] slot=0 team_r=2.5280
  [ppo train] slot=50 team_r=0.0523
  [ppo train] slot=100 team_r=3.0150
  [ppo train] slot=150 team_r=-0.5577
  [ppo train] slot=200 team_r=-393.2697
  [ppo train] slot=250 team_r=0.2855
  [ppo train] slot=300 team_r=-19.7737
  [ppo train] slot=350 team_r=1.5827
  [ppo train] slot=400 team_r=-3.2625
  [ppo train] slot=450 team_r=-22.1257
    reward=-12.3145 delay=121.522 energy=12.514 acc=0.2070 vio=0.833 backlog=328339 wall=16s
[users 75/135] ppo seed=2 n_users=15 users=15 slots=500
  [ppo train] slot=0 team_r=2.7306
  [ppo train] slot=50 team_r=-2.1910
  [ppo train] slot=100 team_r=-35.9558
  [ppo train] slot=150 team_r=-0.5288
  [ppo train] slot=200 team_r=0.6923
  [ppo train] slot=250 team_r=-8.7815
  [ppo train] slot=300 team_r=-117.0608
  [ppo train] slot=350 team_r=-4.4562
  [ppo train] slot=400 team_r=-1.4676
  [ppo train] slot=450 team_r=-28.7727
    reward=-11.1232 delay=109.790 energy=11.389 acc=0.2065 vio=0.862 backlog=219998 wall=16s
[users 76/135] mappo seed=0 n_users=15 users=15 slots=500
  [mappo train] slot=0 team_r=2.2713
  [mappo train] slot=50 team_r=1.1273
  [mappo train] slot=100 team_r=-0.4559
  [mappo train] slot=150 team_r=0.3019
  [mappo train] slot=200 team_r=-2.3720
  [mappo train] slot=250 team_r=-1.0086
  [mappo train] slot=300 team_r=1.6252
  [mappo train] slot=350 team_r=-2.8602
  [mappo train] slot=400 team_r=0.5452
  [mappo train] slot=450 team_r=-28.7494
    reward=-11.9481 delay=116.010 energy=12.062 acc=0.2069 vio=0.843 backlog=291266 wall=15s
[users 77/135] mappo seed=1 n_users=15 users=15 slots=500
  [mappo train] slot=0 team_r=2.5248
  [mappo train] slot=50 team_r=-61.4777
  [mappo train] slot=100 team_r=-0.2168
  [mappo train] slot=150 team_r=0.4896
  [mappo train] slot=200 team_r=-1.4718
  [mappo train] slot=250 team_r=-1.6786
  [mappo train] slot=300 team_r=-0.1284
  [mappo train] slot=350 team_r=1.9503
  [mappo train] slot=400 team_r=0.7083
  [mappo train] slot=450 team_r=-7.8950
    reward=-10.2004 delay=104.695 energy=10.835 acc=0.2033 vio=0.830 backlog=311219 wall=15s
[users 78/135] mappo seed=2 n_users=15 users=15 slots=500
  [mappo train] slot=0 team_r=1.9644
  [mappo train] slot=50 team_r=-3.6378
  [mappo train] slot=100 team_r=-322.5183
  [mappo train] slot=150 team_r=1.5364
  [mappo train] slot=200 team_r=1.3846
  [mappo train] slot=250 team_r=3.6959
  [mappo train] slot=300 team_r=2.4517
  [mappo train] slot=350 team_r=1.4619
  [mappo train] slot=400 team_r=-4.5169
  [mappo train] slot=450 team_r=0.9962
    reward=-9.3389 delay=96.309 energy=10.038 acc=0.2029 vio=0.856 backlog=154642 wall=15s
[users 79/135] cto seed=0 n_users=15 users=15 slots=500
    reward=-0.8658 delay=41.858 energy=4.670 acc=0.1796 vio=0.589 backlog=56888 wall=49s
[users 80/135] cto seed=1 n_users=15 users=15 slots=500
    reward=-0.9209 delay=44.819 energy=4.873 acc=0.1814 vio=0.577 backlog=48319 wall=49s
[users 81/135] cto seed=2 n_users=15 users=15 slots=500
    reward=-1.0104 delay=42.988 energy=4.739 acc=0.1816 vio=0.636 backlog=52317 wall=49s
[users 82/135] causal seed=0 n_users=20 users=20 slots=500
    reward=2.4258 delay=24.982 energy=2.883 acc=0.1525 vio=0.348 backlog=19160 wall=36s
[users 83/135] causal seed=1 n_users=20 users=20 slots=500
    reward=2.7901 delay=21.461 energy=2.464 acc=0.1581 vio=0.346 backlog=31498 wall=36s
[users 84/135] causal seed=2 n_users=20 users=20 slots=500
    reward=2.3923 delay=24.771 energy=2.809 acc=0.1529 vio=0.360 backlog=24919 wall=36s
[users 85/135] ucb seed=0 n_users=20 users=20 slots=500
    reward=-1.3861 delay=44.952 energy=4.887 acc=0.1648 vio=0.615 backlog=57201 wall=45s
[users 86/135] ucb seed=1 n_users=20 users=20 slots=500
    reward=0.4259 delay=31.934 energy=3.519 acc=0.1662 vio=0.567 backlog=42434 wall=46s
[users 87/135] ucb seed=2 n_users=20 users=20 slots=500
    reward=-0.7607 delay=41.084 energy=4.459 acc=0.1618 vio=0.608 backlog=37415 wall=45s
[users 88/135] dts seed=0 n_users=20 users=20 slots=500
    reward=-2.6794 delay=52.794 energy=5.669 acc=0.1749 vio=0.696 backlog=77752 wall=44s
[users 89/135] dts seed=1 n_users=20 users=20 slots=500
    reward=-4.3107 delay=64.348 energy=6.759 acc=0.1761 vio=0.693 backlog=89776 wall=44s
[users 90/135] dts seed=2 n_users=20 users=20 slots=500
    reward=-2.0763 delay=48.885 energy=5.239 acc=0.1752 vio=0.688 backlog=57465 wall=45s
[users 91/135] gdo seed=0 n_users=20 users=20 slots=500
    reward=-30.6264 delay=264.024 energy=26.789 acc=0.2304 vio=0.912 backlog=1630064 wall=18s
[users 92/135] gdo seed=1 n_users=20 users=20 slots=500
    reward=-28.0637 delay=242.135 energy=24.536 acc=0.2236 vio=0.911 backlog=1334212 wall=18s
[users 93/135] gdo seed=2 n_users=20 users=20 slots=500
    reward=-30.0190 delay=258.148 energy=26.161 acc=0.2267 vio=0.927 backlog=1262587 wall=18s
[users 94/135] rss seed=0 n_users=20 users=20 slots=500
    reward=-17.5906 delay=156.926 energy=16.068 acc=0.2060 vio=0.878 backlog=1013463 wall=16s
[users 95/135] rss seed=1 n_users=20 users=20 slots=500
    reward=-16.8879 delay=150.596 energy=15.369 acc=0.1952 vio=0.884 backlog=1199674 wall=16s
[users 96/135] rss seed=2 n_users=20 users=20 slots=500
    reward=-16.2998 delay=147.380 energy=15.074 acc=0.2003 vio=0.905 backlog=427926 wall=16s
[users 97/135] dqn seed=0 n_users=20 users=20 slots=500
  [dqn] slot=0 team_r=0.3626 eps=1.000 K=2000
  [dqn] slot=50 team_r=1.3165 eps=0.905 K=2000
  [dqn] slot=100 team_r=-2.5243 eps=0.810 K=2000
  [dqn] slot=150 team_r=-7.7559 eps=0.715 K=2000
  [dqn] slot=200 team_r=0.0822 eps=0.620 K=2000
  [dqn] slot=250 team_r=-1.8077 eps=0.525 K=2000
  [dqn] slot=300 team_r=-23.1079 eps=0.430 K=2000
  [dqn] slot=350 team_r=2.7073 eps=0.335 K=2000
  [dqn] slot=400 team_r=0.9215 eps=0.240 K=2000
  [dqn] slot=450 team_r=1.3083 eps=0.145 K=2000
    reward=-16.7922 delay=152.172 energy=15.594 acc=0.2054 vio=0.896 backlog=502481 wall=43s
[users 98/135] dqn seed=1 n_users=20 users=20 slots=500
  [dqn] slot=0 team_r=0.7043 eps=1.000 K=2000
  [dqn] slot=50 team_r=-2.2303 eps=0.905 K=2000
  [dqn] slot=100 team_r=1.2014 eps=0.810 K=2000
  [dqn] slot=150 team_r=-1.7334 eps=0.715 K=2000
  [dqn] slot=200 team_r=1.0718 eps=0.620 K=2000
  [dqn] slot=250 team_r=-16.9318 eps=0.525 K=2000
  [dqn] slot=300 team_r=-1.9424 eps=0.430 K=2000
  [dqn] slot=350 team_r=-95.8598 eps=0.335 K=2000
  [dqn] slot=400 team_r=-1.4961 eps=0.240 K=2000
  [dqn] slot=450 team_r=-1.3537 eps=0.145 K=2000
    reward=-13.6086 delay=126.545 energy=12.967 acc=0.2055 vio=0.884 backlog=674800 wall=44s
[users 99/135] dqn seed=2 n_users=20 users=20 slots=500
  [dqn] slot=0 team_r=1.1625 eps=1.000 K=2000
  [dqn] slot=50 team_r=-0.9440 eps=0.905 K=2000
  [dqn] slot=100 team_r=0.2078 eps=0.810 K=2000
  [dqn] slot=150 team_r=-2.3051 eps=0.715 K=2000
  [dqn] slot=200 team_r=1.2971 eps=0.620 K=2000
  [dqn] slot=250 team_r=-1.4725 eps=0.525 K=2000
  [dqn] slot=300 team_r=1.5611 eps=0.430 K=2000
  [dqn] slot=350 team_r=-0.3104 eps=0.335 K=2000
  [dqn] slot=400 team_r=-2.1212 eps=0.240 K=2000
  [dqn] slot=450 team_r=-1.7267 eps=0.145 K=2000
    reward=-15.9205 delay=144.678 energy=14.804 acc=0.2060 vio=0.903 backlog=485163 wall=44s
[users 100/135] ppo seed=0 n_users=20 users=20 slots=500
  [ppo train] slot=0 team_r=2.0933
  [ppo train] slot=50 team_r=1.1166
  [ppo train] slot=100 team_r=-0.2023
  [ppo train] slot=150 team_r=0.3598
  [ppo train] slot=200 team_r=-0.3989
  [ppo train] slot=250 team_r=-47.3218
  [ppo train] slot=300 team_r=-0.0543
  [ppo train] slot=350 team_r=-2.9534
  [ppo train] slot=400 team_r=0.4830
  [ppo train] slot=450 team_r=-223.7427
    reward=-22.5585 delay=197.907 energy=20.171 acc=0.2054 vio=0.894 backlog=571546 wall=20s
[users 101/135] ppo seed=1 n_users=20 users=20 slots=500
  [ppo train] slot=0 team_r=0.8419
  [ppo train] slot=50 team_r=-0.3655
  [ppo train] slot=100 team_r=1.2091
  [ppo train] slot=150 team_r=-138.9023
  [ppo train] slot=200 team_r=-18.3579
  [ppo train] slot=250 team_r=1.2060
  [ppo train] slot=300 team_r=-0.6473
  [ppo train] slot=350 team_r=-4.1225
  [ppo train] slot=400 team_r=0.1713
  [ppo train] slot=450 team_r=-0.3786
    reward=-22.5787 delay=197.141 energy=20.028 acc=0.2070 vio=0.899 backlog=666374 wall=19s
[users 102/135] ppo seed=2 n_users=20 users=20 slots=500
  [ppo train] slot=0 team_r=1.4169
  [ppo train] slot=50 team_r=-0.5422
  [ppo train] slot=100 team_r=-0.7684
  [ppo train] slot=150 team_r=-0.1364
  [ppo train] slot=200 team_r=-52.4194
  [ppo train] slot=250 team_r=-6.2964
  [ppo train] slot=300 team_r=0.8016
  [ppo train] slot=350 team_r=-0.5973
  [ppo train] slot=400 team_r=-2.9233
  [ppo train] slot=450 team_r=-0.2460
    reward=-14.9151 delay=136.556 energy=13.985 acc=0.2067 vio=0.907 backlog=527905 wall=18s
[users 103/135] mappo seed=0 n_users=20 users=20 slots=500
  [mappo train] slot=0 team_r=-0.0688
  [mappo train] slot=50 team_r=-0.1610
  [mappo train] slot=100 team_r=0.8271
  [mappo train] slot=150 team_r=0.7460
  [mappo train] slot=200 team_r=-2.0578
  [mappo train] slot=250 team_r=-0.5766
  [mappo train] slot=300 team_r=2.7941
  [mappo train] slot=350 team_r=-4.1589
  [mappo train] slot=400 team_r=-6.7028
  [mappo train] slot=450 team_r=0.9017
    reward=-22.9219 delay=201.104 energy=20.488 acc=0.2043 vio=0.882 backlog=616629 wall=22s
[users 104/135] mappo seed=1 n_users=20 users=20 slots=500
  [mappo train] slot=0 team_r=0.7752
  [mappo train] slot=50 team_r=-360.4758
  [mappo train] slot=100 team_r=-2.6642
  [mappo train] slot=150 team_r=-0.9613
  [mappo train] slot=200 team_r=-1.8292
  [mappo train] slot=250 team_r=-0.3074
  [mappo train] slot=300 team_r=-0.3254
  [mappo train] slot=350 team_r=2.0332
  [mappo train] slot=400 team_r=-68.7945
  [mappo train] slot=450 team_r=-64.2307
    reward=-15.8140 delay=143.940 energy=14.708 acc=0.2023 vio=0.881 backlog=518396 wall=21s
[users 105/135] mappo seed=2 n_users=20 users=20 slots=500
  [mappo train] slot=0 team_r=1.0901
  [mappo train] slot=50 team_r=-4.1428
  [mappo train] slot=100 team_r=-5.5600
  [mappo train] slot=150 team_r=-82.9848
  [mappo train] slot=200 team_r=-0.6421
  [mappo train] slot=250 team_r=0.1161
  [mappo train] slot=300 team_r=-116.3743
  [mappo train] slot=350 team_r=0.6273
  [mappo train] slot=400 team_r=-73.2380
  [mappo train] slot=450 team_r=-71.4018
    reward=-17.8451 delay=159.715 energy=16.303 acc=0.2036 vio=0.905 backlog=442585 wall=16s
[users 106/135] cto seed=0 n_users=20 users=20 slots=500
    reward=-5.0564 delay=69.797 energy=7.371 acc=0.1824 vio=0.744 backlog=106160 wall=49s
[users 107/135] cto seed=1 n_users=20 users=20 slots=500
    reward=-5.1984 delay=70.239 energy=7.348 acc=0.1818 vio=0.726 backlog=108519 wall=356s
[users 108/135] cto seed=2 n_users=20 users=20 slots=500
    reward=-4.2526 delay=62.614 energy=6.614 acc=0.1830 vio=0.763 backlog=91213 wall=6831s
[users 109/135] causal seed=0 n_users=25 users=25 slots=500
    reward=2.3642 delay=24.593 energy=2.806 acc=0.1469 vio=0.368 backlog=35883 wall=2207s
[users 110/135] causal seed=1 n_users=25 users=25 slots=500
    reward=1.6955 delay=31.821 energy=3.466 acc=0.1564 vio=0.342 backlog=30959 wall=50s
[users 111/135] causal seed=2 n_users=25 users=25 slots=500
    reward=2.2716 delay=23.972 energy=2.715 acc=0.1508 vio=0.360 backlog=29368 wall=36s
[users 112/135] ucb seed=0 n_users=25 users=25 slots=500
    reward=-1.7513 delay=46.439 energy=4.993 acc=0.1607 vio=0.649 backlog=58560 wall=45s
[users 113/135] ucb seed=1 n_users=25 users=25 slots=500
    reward=0.5089 delay=31.073 energy=3.394 acc=0.1559 vio=0.569 backlog=39644 wall=45s
[users 114/135] ucb seed=2 n_users=25 users=25 slots=500
    reward=-0.1299 delay=35.246 energy=3.850 acc=0.1545 vio=0.564 backlog=31723 wall=50s
[users 115/135] dts seed=0 n_users=25 users=25 slots=500
    reward=-6.0320 delay=75.408 energy=7.889 acc=0.1825 vio=0.780 backlog=109113 wall=48s
[users 116/135] dts seed=1 n_users=25 users=25 slots=500
    reward=-5.2242 delay=69.101 energy=7.197 acc=0.1782 vio=0.751 backlog=105718 wall=46s
[users 117/135] dts seed=2 n_users=25 users=25 slots=500
    reward=-4.7078 delay=64.421 energy=6.766 acc=0.1754 vio=0.754 backlog=94600 wall=46s
[users 118/135] gdo seed=0 n_users=25 users=25 slots=500
    reward=-41.0128 delay=344.969 energy=34.845 acc=0.2345 vio=0.941 backlog=2642239 wall=21s
[users 119/135] gdo seed=1 n_users=25 users=25 slots=500
    reward=-41.5933 delay=349.181 energy=35.205 acc=0.2322 vio=0.935 backlog=2434226 wall=19s
[users 120/135] gdo seed=2 n_users=25 users=25 slots=500
    reward=-37.5208 delay=315.842 energy=31.907 acc=0.2372 vio=0.948 backlog=2184819 wall=22s
[users 121/135] rss seed=0 n_users=25 users=25 slots=500
    reward=-18.0665 delay=159.141 energy=16.258 acc=0.2040 vio=0.898 backlog=1119556 wall=18s
[users 122/135] rss seed=1 n_users=25 users=25 slots=500
    reward=-23.5600 delay=201.897 energy=20.466 acc=0.1989 vio=0.896 backlog=1786977 wall=18s
[users 123/135] rss seed=2 n_users=25 users=25 slots=500
    reward=-24.3571 delay=206.995 energy=21.020 acc=0.2066 vio=0.939 backlog=1030929 wall=20s
[users 124/135] dqn seed=0 n_users=25 users=25 slots=500
  [dqn] slot=0 team_r=1.4789 eps=1.000 K=2000
  [dqn] slot=50 team_r=-1.7134 eps=0.905 K=2000
  [dqn] slot=100 team_r=-0.0343 eps=0.810 K=2000
  [dqn] slot=150 team_r=-1.0815 eps=0.715 K=2000
  [dqn] slot=200 team_r=-1.0486 eps=0.620 K=2000
  [dqn] slot=250 team_r=-1.0869 eps=0.525 K=2000
  [dqn] slot=300 team_r=-2.3847 eps=0.430 K=2000
  [dqn] slot=350 team_r=0.3664 eps=0.335 K=2000
  [dqn] slot=400 team_r=-3.4149 eps=0.240 K=2000
  [dqn] slot=450 team_r=-1.5902 eps=0.145 K=2000
    reward=-24.7093 delay=212.826 energy=21.626 acc=0.2066 vio=0.910 backlog=885684 wall=56s
[users 125/135] dqn seed=1 n_users=25 users=25 slots=500
  [dqn] slot=0 team_r=0.3003 eps=1.000 K=2000
  [dqn] slot=50 team_r=-2.3102 eps=0.905 K=2000
  [dqn] slot=100 team_r=-2.2460 eps=0.810 K=2000
  [dqn] slot=150 team_r=-1.3570 eps=0.715 K=2000
  [dqn] slot=200 team_r=-1.0623 eps=0.620 K=2000
  [dqn] slot=250 team_r=-2.7953 eps=0.525 K=2000
  [dqn] slot=300 team_r=0.2773 eps=0.430 K=2000
  [dqn] slot=350 team_r=-5.5494 eps=0.335 K=2000
  [dqn] slot=400 team_r=1.0358 eps=0.240 K=2000
  [dqn] slot=450 team_r=-1.4848 eps=0.145 K=2000
    reward=-20.6586 delay=180.284 energy=18.310 acc=0.2073 vio=0.914 backlog=765739 wall=58s
[users 126/135] dqn seed=2 n_users=25 users=25 slots=500
  [dqn] slot=0 team_r=1.4791 eps=1.000 K=2000
  [dqn] slot=50 team_r=-0.1146 eps=0.905 K=2000
  [dqn] slot=100 team_r=-24.5453 eps=0.810 K=2000
  [dqn] slot=150 team_r=-276.2363 eps=0.715 K=2000
  [dqn] slot=200 team_r=-2.5117 eps=0.620 K=2000
  [dqn] slot=250 team_r=-2.3063 eps=0.525 K=2000
  [dqn] slot=300 team_r=-2.2122 eps=0.430 K=2000
  [dqn] slot=350 team_r=-3.0495 eps=0.335 K=2000
  [dqn] slot=400 team_r=-0.2017 eps=0.240 K=2000
  [dqn] slot=450 team_r=-3.1292 eps=0.145 K=2000
    reward=-21.4994 delay=185.862 energy=18.910 acc=0.2057 vio=0.920 backlog=711065 wall=59s
[users 127/135] ppo seed=0 n_users=25 users=25 slots=500
  [ppo train] slot=0 team_r=0.8809
  [ppo train] slot=50 team_r=-126.7247
  [ppo train] slot=100 team_r=-68.5652
  [ppo train] slot=150 team_r=-144.8521
  [ppo train] slot=200 team_r=-112.9972
  [ppo train] slot=250 team_r=-7.3614
  [ppo train] slot=300 team_r=-1.0071
  [ppo train] slot=350 team_r=-40.7934
  [ppo train] slot=400 team_r=-2.5389
  [ppo train] slot=450 team_r=-1.5693
    reward=-23.2193 delay=200.703 energy=20.413 acc=0.2068 vio=0.911 backlog=812311 wall=30s
[users 128/135] ppo seed=1 n_users=25 users=25 slots=500
  [ppo train] slot=0 team_r=0.6670
  [ppo train] slot=50 team_r=1.4465
  [ppo train] slot=100 team_r=0.1273
  [ppo train] slot=150 team_r=-70.1578
  [ppo train] slot=200 team_r=-2.5859
  [ppo train] slot=250 team_r=-5.0029
  [ppo train] slot=300 team_r=-3.8921
  [ppo train] slot=350 team_r=-4.9323
  [ppo train] slot=400 team_r=-0.4128
  [ppo train] slot=450 team_r=0.4704
    reward=-24.5011 delay=210.942 energy=21.377 acc=0.2056 vio=0.912 backlog=1076253 wall=25s
[users 129/135] ppo seed=2 n_users=25 users=25 slots=500
  [ppo train] slot=0 team_r=1.2512
  [ppo train] slot=50 team_r=1.2569
  [ppo train] slot=100 team_r=-5.7789
  [ppo train] slot=150 team_r=-1.6336
  [ppo train] slot=200 team_r=-5.7434
  [ppo train] slot=250 team_r=-1.4764
  [ppo train] slot=300 team_r=-8.0951
  [ppo train] slot=350 team_r=-4.2804
  [ppo train] slot=400 team_r=-0.7015
  [ppo train] slot=450 team_r=-363.7206
    reward=-24.6711 delay=211.255 energy=21.447 acc=0.2071 vio=0.923 backlog=795375 wall=25s
[users 130/135] mappo seed=0 n_users=25 users=25 slots=500
  [mappo train] slot=0 team_r=0.4824
  [mappo train] slot=50 team_r=-0.4975
  [mappo train] slot=100 team_r=-138.9870
  [mappo train] slot=150 team_r=-66.4093
  [mappo train] slot=200 team_r=-38.6134
  [mappo train] slot=250 team_r=-0.6788
  [mappo train] slot=300 team_r=-19.4336
  [mappo train] slot=350 team_r=-2.9817
  [mappo train] slot=400 team_r=-45.0352
  [mappo train] slot=450 team_r=0.5351
    reward=-24.6049 delay=211.813 energy=21.526 acc=0.2076 vio=0.913 backlog=994760 wall=22s
[users 131/135] mappo seed=1 n_users=25 users=25 slots=500
  [mappo train] slot=0 team_r=0.5729
  [mappo train] slot=50 team_r=-379.8152
  [mappo train] slot=100 team_r=0.7290
  [mappo train] slot=150 team_r=-0.9042
  [mappo train] slot=200 team_r=-1.6945
  [mappo train] slot=250 team_r=-44.3471
  [mappo train] slot=300 team_r=-2.1157
  [mappo train] slot=350 team_r=1.4995
  [mappo train] slot=400 team_r=-1.4883
  [mappo train] slot=450 team_r=-2.3573
    reward=-23.1359 delay=200.727 energy=20.357 acc=0.2030 vio=0.904 backlog=774661 wall=22s
[users 132/135] mappo seed=2 n_users=25 users=25 slots=500
  [mappo train] slot=0 team_r=0.8730
  [mappo train] slot=50 team_r=-72.2889
  [mappo train] slot=100 team_r=-1.0311
  [mappo train] slot=150 team_r=-1.9098
  [mappo train] slot=200 team_r=-14.8375
  [mappo train] slot=250 team_r=-173.5048
  [mappo train] slot=300 team_r=-0.4988
  [mappo train] slot=350 team_r=-23.0427
  [mappo train] slot=400 team_r=-3.8355
  [mappo train] slot=450 team_r=-0.0766
    reward=-23.3146 delay=200.304 energy=20.350 acc=0.2055 vio=0.926 backlog=817758 wall=27s
[users 133/135] cto seed=0 n_users=25 users=25 slots=500
    reward=-7.1006 delay=81.974 energy=8.547 acc=0.1853 vio=0.804 backlog=217937 wall=77s
[users 134/135] cto seed=1 n_users=25 users=25 slots=500
    reward=-7.6369 delay=86.948 energy=8.984 acc=0.1855 vio=0.786 backlog=152907 wall=77s
[users 135/135] cto seed=2 n_users=25 users=25 slots=500
    reward=-8.2156 delay=89.770 energy=9.304 acc=0.1853 vio=0.810 backlog=132415 wall=77s
[users] done in 219.2 min → figures/sweeps/users/
[2026-08-22 00:11:58] === finished users ===
[2026-08-22 00:11:58] === begin arrival ===
[arrival 1/135] causal seed=0 arrival_rate=0.08 users=10 slots=500
    reward=4.3666 delay=11.440 energy=1.745 acc=0.1750 vio=0.226 backlog=11361 wall=30s
[arrival 2/135] causal seed=1 arrival_rate=0.08 users=10 slots=500
    reward=4.6297 delay=13.928 energy=1.846 acc=0.1823 vio=0.204 backlog=14072 wall=29s
[arrival 3/135] causal seed=2 arrival_rate=0.08 users=10 slots=500
    reward=4.6222 delay=10.897 energy=1.630 acc=0.1792 vio=0.311 backlog=11755 wall=29s
[arrival 4/135] ucb seed=0 arrival_rate=0.08 users=10 slots=500
    reward=1.8005 delay=24.997 energy=3.105 acc=0.1691 vio=0.414 backlog=12917 wall=34s
[arrival 5/135] ucb seed=1 arrival_rate=0.08 users=10 slots=500
    reward=2.6686 delay=22.481 energy=2.716 acc=0.1736 vio=0.390 backlog=23987 wall=34s
[arrival 6/135] ucb seed=2 arrival_rate=0.08 users=10 slots=500
    reward=3.7950 delay=12.945 energy=1.864 acc=0.1629 vio=0.399 backlog=12369 wall=34s
[arrival 7/135] dts seed=0 arrival_rate=0.08 users=10 slots=500
    reward=0.5893 delay=32.003 energy=3.807 acc=0.1855 vio=0.515 backlog=26411 wall=34s
[arrival 8/135] dts seed=1 arrival_rate=0.08 users=10 slots=500
    reward=-0.2951 delay=42.418 energy=4.690 acc=0.1835 vio=0.535 backlog=19580 wall=34s
[arrival 9/135] dts seed=2 arrival_rate=0.08 users=10 slots=500
    reward=0.5744 delay=30.142 energy=3.539 acc=0.1794 vio=0.629 backlog=21985 wall=36s
[arrival 10/135] gdo seed=0 arrival_rate=0.08 users=10 slots=500
    reward=-10.9198 delay=115.626 energy=12.178 acc=0.2456 vio=0.776 backlog=110279 wall=18s
[arrival 11/135] gdo seed=1 arrival_rate=0.08 users=10 slots=500
    reward=-10.6030 delay=116.225 energy=12.084 acc=0.2362 vio=0.736 backlog=101946 wall=18s
[arrival 12/135] gdo seed=2 arrival_rate=0.08 users=10 slots=500
    reward=-13.9078 delay=139.456 energy=14.522 acc=0.2420 vio=0.799 backlog=110084 wall=19s
[arrival 13/135] rss seed=0 arrival_rate=0.08 users=10 slots=500
    reward=-2.0217 delay=43.477 energy=4.912 acc=0.1945 vio=0.718 backlog=36315 wall=19s
[arrival 14/135] rss seed=1 arrival_rate=0.08 users=10 slots=500
    reward=-4.9913 delay=69.539 energy=7.344 acc=0.1977 vio=0.742 backlog=48466 wall=18s
[arrival 15/135] rss seed=2 arrival_rate=0.08 users=10 slots=500
    reward=-4.1687 delay=61.650 energy=6.681 acc=0.1966 vio=0.727 backlog=45489 wall=17s
[arrival 16/135] dqn seed=0 arrival_rate=0.08 users=10 slots=500
  [dqn] slot=0 team_r=2.0769 eps=1.000 K=2000
  [dqn] slot=50 team_r=0.0411 eps=0.905 K=2000
  [dqn] slot=100 team_r=2.0196 eps=0.810 K=2000
  [dqn] slot=150 team_r=2.3693 eps=0.715 K=2000
  [dqn] slot=200 team_r=2.4167 eps=0.620 K=2000
  [dqn] slot=250 team_r=-34.5072 eps=0.525 K=2000
  [dqn] slot=300 team_r=2.8461 eps=0.430 K=2000
  [dqn] slot=350 team_r=-4.4983 eps=0.335 K=2000
  [dqn] slot=400 team_r=1.1727 eps=0.240 K=2000
  [dqn] slot=450 team_r=3.0581 eps=0.145 K=2000
    reward=-4.7978 delay=63.211 energy=6.886 acc=0.2065 vio=0.781 backlog=55457 wall=35s
[arrival 17/135] dqn seed=1 arrival_rate=0.08 users=10 slots=500
  [dqn] slot=0 team_r=3.4025 eps=1.000 K=2000
  [dqn] slot=50 team_r=3.9498 eps=0.905 K=2000
  [dqn] slot=100 team_r=2.4549 eps=0.810 K=2000
  [dqn] slot=150 team_r=3.6507 eps=0.715 K=2000
  [dqn] slot=200 team_r=0.2069 eps=0.620 K=2000
  [dqn] slot=250 team_r=1.5214 eps=0.525 K=2000
  [dqn] slot=300 team_r=4.8008 eps=0.430 K=2000
  [dqn] slot=350 team_r=0.6526 eps=0.335 K=2000
  [dqn] slot=400 team_r=-0.3579 eps=0.240 K=2000
  [dqn] slot=450 team_r=-1.9202 eps=0.145 K=2000
    reward=-6.0235 delay=78.126 energy=8.239 acc=0.2051 vio=0.730 backlog=57669 wall=36s
[arrival 18/135] dqn seed=2 arrival_rate=0.08 users=10 slots=500
  [dqn] slot=0 team_r=1.3133 eps=1.000 K=2000
  [dqn] slot=50 team_r=-2.3376 eps=0.905 K=2000
  [dqn] slot=100 team_r=-1.8768 eps=0.810 K=2000
  [dqn] slot=150 team_r=1.4733 eps=0.715 K=2000
  [dqn] slot=200 team_r=-4.7173 eps=0.620 K=2000
  [dqn] slot=250 team_r=3.2730 eps=0.525 K=2000
  [dqn] slot=300 team_r=1.5758 eps=0.430 K=2000
  [dqn] slot=350 team_r=2.5521 eps=0.335 K=2000
  [dqn] slot=400 team_r=0.1016 eps=0.240 K=2000
  [dqn] slot=450 team_r=1.8140 eps=0.145 K=2000
    reward=-4.5737 delay=63.201 energy=6.825 acc=0.2055 vio=0.789 backlog=55434 wall=37s
[arrival 19/135] ppo seed=0 arrival_rate=0.08 users=10 slots=500
  [ppo train] slot=0 team_r=3.4181
  [ppo train] slot=50 team_r=1.2582
  [ppo train] slot=100 team_r=1.8223
  [ppo train] slot=150 team_r=0.9058
  [ppo train] slot=200 team_r=1.6537
  [ppo train] slot=250 team_r=2.9775
  [ppo train] slot=300 team_r=2.1183
  [ppo train] slot=350 team_r=-54.5628
  [ppo train] slot=400 team_r=1.2106
  [ppo train] slot=450 team_r=2.7112
    reward=-6.2418 delay=73.872 energy=7.945 acc=0.2045 vio=0.790 backlog=64672 wall=17s
[arrival 20/135] ppo seed=1 arrival_rate=0.08 users=10 slots=500
  [ppo train] slot=0 team_r=2.2314
  [ppo train] slot=50 team_r=2.5613
  [ppo train] slot=100 team_r=0.4018
  [ppo train] slot=150 team_r=2.5817
  [ppo train] slot=200 team_r=0.4017
  [ppo train] slot=250 team_r=3.9424
  [ppo train] slot=300 team_r=0.9974
  [ppo train] slot=350 team_r=2.9179
  [ppo train] slot=400 team_r=2.7476
  [ppo train] slot=450 team_r=2.7980
    reward=-8.7267 delay=98.505 energy=10.273 acc=0.2065 vio=0.753 backlog=59823 wall=17s
[arrival 21/135] ppo seed=2 arrival_rate=0.08 users=10 slots=500
  [ppo train] slot=0 team_r=2.3786
  [ppo train] slot=50 team_r=0.8857
  [ppo train] slot=100 team_r=-0.0886
  [ppo train] slot=150 team_r=0.7771
  [ppo train] slot=200 team_r=4.8482
  [ppo train] slot=250 team_r=3.4627
  [ppo train] slot=300 team_r=1.7757
  [ppo train] slot=350 team_r=-0.5335
  [ppo train] slot=400 team_r=1.3577
  [ppo train] slot=450 team_r=-218.3332
    reward=-3.6048 delay=54.912 energy=5.993 acc=0.2068 vio=0.800 backlog=52813 wall=18s
[arrival 22/135] mappo seed=0 arrival_rate=0.08 users=10 slots=500
  [mappo train] slot=0 team_r=3.2109
  [mappo train] slot=50 team_r=0.1224
  [mappo train] slot=100 team_r=1.8237
  [mappo train] slot=150 team_r=3.5275
  [mappo train] slot=200 team_r=-34.7712
  [mappo train] slot=250 team_r=-0.6790
  [mappo train] slot=300 team_r=-11.2844
  [mappo train] slot=350 team_r=4.3763
  [mappo train] slot=400 team_r=-0.6994
  [mappo train] slot=450 team_r=1.1516
    reward=-7.1218 delay=81.615 energy=8.726 acc=0.2079 vio=0.789 backlog=65487 wall=16s
[arrival 23/135] mappo seed=1 arrival_rate=0.08 users=10 slots=500
  [mappo train] slot=0 team_r=2.6930
  [mappo train] slot=50 team_r=2.6287
  [mappo train] slot=100 team_r=1.3297
  [mappo train] slot=150 team_r=-8.7600
  [mappo train] slot=200 team_r=4.0486
  [mappo train] slot=250 team_r=2.8007
  [mappo train] slot=300 team_r=1.5899
  [mappo train] slot=350 team_r=2.7381
  [mappo train] slot=400 team_r=2.1511
  [mappo train] slot=450 team_r=2.4210
    reward=-6.0147 delay=75.890 energy=8.009 acc=0.2060 vio=0.760 backlog=70647 wall=16s
[arrival 24/135] mappo seed=2 arrival_rate=0.08 users=10 slots=500
  [mappo train] slot=0 team_r=3.3573
  [mappo train] slot=50 team_r=3.1185
  [mappo train] slot=100 team_r=1.4938
  [mappo train] slot=150 team_r=4.3933
  [mappo train] slot=200 team_r=-24.1239
  [mappo train] slot=250 team_r=-192.8723
  [mappo train] slot=300 team_r=-394.3899
  [mappo train] slot=350 team_r=1.8558
  [mappo train] slot=400 team_r=3.7907
  [mappo train] slot=450 team_r=3.8568
    reward=-6.2254 delay=76.466 energy=8.149 acc=0.2043 vio=0.798 backlog=57312 wall=17s
[arrival 25/135] cto seed=0 arrival_rate=0.08 users=10 slots=500
    reward=1.1569 delay=27.612 energy=3.366 acc=0.1796 vio=0.496 backlog=17614 wall=63s
[arrival 26/135] cto seed=1 arrival_rate=0.08 users=10 slots=500
    reward=0.9040 delay=37.501 energy=4.209 acc=0.1831 vio=0.409 backlog=18119 wall=55s
[arrival 27/135] cto seed=2 arrival_rate=0.08 users=10 slots=500
    reward=-2.2258 delay=49.762 energy=5.538 acc=0.1976 vio=0.688 backlog=38821 wall=48s
[arrival 28/135] causal seed=0 arrival_rate=0.12 users=10 slots=500
    reward=4.4773 delay=12.310 energy=1.827 acc=0.1726 vio=0.208 backlog=16444 wall=28s
[arrival 29/135] causal seed=1 arrival_rate=0.12 users=10 slots=500
    reward=4.8477 delay=11.743 energy=1.627 acc=0.1792 vio=0.205 backlog=20104 wall=27s
[arrival 30/135] causal seed=2 arrival_rate=0.12 users=10 slots=500
    reward=3.8034 delay=16.702 energy=2.204 acc=0.1777 vio=0.317 backlog=21979 wall=27s
[arrival 31/135] ucb seed=0 arrival_rate=0.12 users=10 slots=500
    reward=3.2107 delay=11.857 energy=1.772 acc=0.1624 vio=0.433 backlog=21822 wall=33s
[arrival 32/135] ucb seed=1 arrival_rate=0.12 users=10 slots=500
    reward=2.2221 delay=24.369 energy=2.907 acc=0.1701 vio=0.389 backlog=30857 wall=33s
[arrival 33/135] ucb seed=2 arrival_rate=0.12 users=10 slots=500
    reward=2.5046 delay=21.604 energy=2.716 acc=0.1734 vio=0.463 backlog=22641 wall=33s
[arrival 34/135] dts seed=0 arrival_rate=0.12 users=10 slots=500
    reward=0.7111 delay=29.043 energy=3.494 acc=0.1792 vio=0.542 backlog=37729 wall=32s
[arrival 35/135] dts seed=1 arrival_rate=0.12 users=10 slots=500
    reward=0.3644 delay=38.451 energy=4.315 acc=0.1885 vio=0.503 backlog=35624 wall=33s
[arrival 36/135] dts seed=2 arrival_rate=0.12 users=10 slots=500
    reward=0.9469 delay=30.699 energy=3.612 acc=0.1822 vio=0.544 backlog=27158 wall=34s
[arrival 37/135] gdo seed=0 arrival_rate=0.12 users=10 slots=500
    reward=-14.2454 delay=141.801 energy=14.792 acc=0.2444 vio=0.782 backlog=221711 wall=26s
[arrival 38/135] gdo seed=1 arrival_rate=0.12 users=10 slots=500
    reward=-10.0747 delay=111.703 energy=11.638 acc=0.2390 vio=0.742 backlog=227947 wall=23s
[arrival 39/135] gdo seed=2 arrival_rate=0.12 users=10 slots=500
    reward=-12.9812 delay=132.292 energy=13.788 acc=0.2378 vio=0.794 backlog=298487 wall=19s
[arrival 40/135] rss seed=0 arrival_rate=0.12 users=10 slots=500
    reward=-4.2727 delay=60.669 energy=6.632 acc=0.1945 vio=0.730 backlog=100994 wall=15s
[arrival 41/135] rss seed=1 arrival_rate=0.12 users=10 slots=500
    reward=-4.9554 delay=69.345 energy=7.332 acc=0.1975 vio=0.725 backlog=199266 wall=15s
[arrival 42/135] rss seed=2 arrival_rate=0.12 users=10 slots=500
    reward=-4.1597 delay=60.886 energy=6.601 acc=0.1956 vio=0.738 backlog=86421 wall=15s
[arrival 43/135] dqn seed=0 arrival_rate=0.12 users=10 slots=500
  [dqn] slot=0 team_r=2.0769 eps=1.000 K=2000
  [dqn] slot=50 team_r=0.6662 eps=0.905 K=2000
  [dqn] slot=100 team_r=2.6220 eps=0.810 K=2000
  [dqn] slot=150 team_r=4.0519 eps=0.715 K=2000
  [dqn] slot=200 team_r=-0.3535 eps=0.620 K=2000
  [dqn] slot=250 team_r=3.1599 eps=0.525 K=2000
  [dqn] slot=300 team_r=-0.8948 eps=0.430 K=2000
  [dqn] slot=350 team_r=2.1768 eps=0.335 K=2000
  [dqn] slot=400 team_r=3.1692 eps=0.240 K=2000
  [dqn] slot=450 team_r=3.4828 eps=0.145 K=2000
    reward=-5.6572 delay=70.015 energy=7.568 acc=0.2041 vio=0.778 backlog=116992 wall=32s
[arrival 44/135] dqn seed=1 arrival_rate=0.12 users=10 slots=500
  [dqn] slot=0 team_r=3.4025 eps=1.000 K=2000
  [dqn] slot=50 team_r=2.8652 eps=0.905 K=2000
  [dqn] slot=100 team_r=1.7228 eps=0.810 K=2000
  [dqn] slot=150 team_r=-218.9348 eps=0.715 K=2000
  [dqn] slot=200 team_r=3.4155 eps=0.620 K=2000
  [dqn] slot=250 team_r=2.9170 eps=0.525 K=2000
  [dqn] slot=300 team_r=4.2020 eps=0.430 K=2000
  [dqn] slot=350 team_r=2.9712 eps=0.335 K=2000
  [dqn] slot=400 team_r=-1.8717 eps=0.240 K=2000
  [dqn] slot=450 team_r=2.1390 eps=0.145 K=2000
    reward=-4.3794 delay=64.734 energy=6.890 acc=0.2061 vio=0.741 backlog=86906 wall=32s
[arrival 45/135] dqn seed=2 arrival_rate=0.12 users=10 slots=500
  [dqn] slot=0 team_r=1.0242 eps=1.000 K=2000
  [dqn] slot=50 team_r=-1.7213 eps=0.905 K=2000
  [dqn] slot=100 team_r=-23.5949 eps=0.810 K=2000
  [dqn] slot=150 team_r=-1.4650 eps=0.715 K=2000
  [dqn] slot=200 team_r=2.5569 eps=0.620 K=2000
  [dqn] slot=250 team_r=3.8572 eps=0.525 K=2000
  [dqn] slot=300 team_r=2.5974 eps=0.430 K=2000
  [dqn] slot=350 team_r=0.8041 eps=0.335 K=2000
  [dqn] slot=400 team_r=1.0845 eps=0.240 K=2000
  [dqn] slot=450 team_r=-1.5472 eps=0.145 K=2000
    reward=-3.7645 delay=56.880 energy=6.190 acc=0.2061 vio=0.786 backlog=109727 wall=35s
[arrival 46/135] ppo seed=0 arrival_rate=0.12 users=10 slots=500
  [ppo train] slot=0 team_r=3.4181
  [ppo train] slot=50 team_r=2.1331
  [ppo train] slot=100 team_r=1.5789
  [ppo train] slot=150 team_r=4.2160
  [ppo train] slot=200 team_r=0.8548
  [ppo train] slot=250 team_r=2.1915
  [ppo train] slot=300 team_r=1.8328
  [ppo train] slot=350 team_r=-5.9525
  [ppo train] slot=400 team_r=0.6488
  [ppo train] slot=450 team_r=-101.6026
    reward=-6.8284 delay=78.159 energy=8.374 acc=0.2045 vio=0.790 backlog=126770 wall=19s
[arrival 47/135] ppo seed=1 arrival_rate=0.12 users=10 slots=500
  [ppo train] slot=0 team_r=2.2314
  [ppo train] slot=50 team_r=0.7072
  [ppo train] slot=100 team_r=2.4180
  [ppo train] slot=150 team_r=3.8031
  [ppo train] slot=200 team_r=4.6995
  [ppo train] slot=250 team_r=3.2953
  [ppo train] slot=300 team_r=1.5343
  [ppo train] slot=350 team_r=2.3364
  [ppo train] slot=400 team_r=-55.7740
  [ppo train] slot=450 team_r=0.4158
    reward=-7.2173 delay=86.268 energy=9.051 acc=0.2062 vio=0.755 backlog=120377 wall=17s
[arrival 48/135] ppo seed=2 arrival_rate=0.12 users=10 slots=500
  [ppo train] slot=0 team_r=2.3848
  [ppo train] slot=50 team_r=1.5063
  [ppo train] slot=100 team_r=0.9261
  [ppo train] slot=150 team_r=-1.5488
  [ppo train] slot=200 team_r=2.1447
  [ppo train] slot=250 team_r=1.8549
  [ppo train] slot=300 team_r=2.9972
  [ppo train] slot=350 team_r=-0.3033
  [ppo train] slot=400 team_r=2.2889
  [ppo train] slot=450 team_r=-25.3216
    reward=-7.9974 delay=90.131 energy=9.508 acc=0.2055 vio=0.798 backlog=117772 wall=16s
[arrival 49/135] mappo seed=0 arrival_rate=0.12 users=10 slots=500
  [mappo train] slot=0 team_r=3.2109
  [mappo train] slot=50 team_r=2.8239
  [mappo train] slot=100 team_r=1.0821
  [mappo train] slot=150 team_r=2.0562
  [mappo train] slot=200 team_r=1.0863
  [mappo train] slot=250 team_r=2.9899
  [mappo train] slot=300 team_r=2.1211
  [mappo train] slot=350 team_r=4.5254
  [mappo train] slot=400 team_r=0.4767
  [mappo train] slot=450 team_r=2.5010
    reward=-5.6430 delay=69.290 energy=7.492 acc=0.2068 vio=0.790 backlog=132335 wall=16s
[arrival 50/135] mappo seed=1 arrival_rate=0.12 users=10 slots=500
  [mappo train] slot=0 team_r=2.6930
  [mappo train] slot=50 team_r=3.5074
  [mappo train] slot=100 team_r=3.8507
  [mappo train] slot=150 team_r=2.5529
  [mappo train] slot=200 team_r=-30.8086
  [mappo train] slot=250 team_r=2.0859
  [mappo train] slot=300 team_r=1.6795
  [mappo train] slot=350 team_r=2.9327
  [mappo train] slot=400 team_r=2.2923
  [mappo train] slot=450 team_r=1.2219
    reward=-7.4123 delay=87.655 energy=9.184 acc=0.2056 vio=0.749 backlog=132768 wall=16s
[arrival 51/135] mappo seed=2 arrival_rate=0.12 users=10 slots=500
  [mappo train] slot=0 team_r=3.3258
  [mappo train] slot=50 team_r=2.8858
  [mappo train] slot=100 team_r=0.7165
  [mappo train] slot=150 team_r=-109.2810
  [mappo train] slot=200 team_r=0.4318
  [mappo train] slot=250 team_r=2.0109
  [mappo train] slot=300 team_r=1.3207
  [mappo train] slot=350 team_r=1.8395
  [mappo train] slot=400 team_r=1.1069
  [mappo train] slot=450 team_r=3.8246
    reward=-3.9046 delay=58.433 energy=6.332 acc=0.2033 vio=0.787 backlog=95975 wall=16s
[arrival 52/135] cto seed=0 arrival_rate=0.12 users=10 slots=500
    reward=1.1189 delay=29.225 energy=3.533 acc=0.1836 vio=0.492 backlog=30503 wall=48s
[arrival 53/135] cto seed=1 arrival_rate=0.12 users=10 slots=500
    reward=1.5263 delay=31.221 energy=3.592 acc=0.1827 vio=0.423 backlog=29690 wall=47s
[arrival 54/135] cto seed=2 arrival_rate=0.12 users=10 slots=500
    reward=1.0173 delay=29.849 energy=3.547 acc=0.1878 vio=0.584 backlog=39235 wall=49s
[arrival 55/135] causal seed=0 arrival_rate=0.16 users=10 slots=500
    reward=4.4472 delay=9.896 energy=1.586 acc=0.1682 vio=0.243 backlog=26412 wall=28s
[arrival 56/135] causal seed=1 arrival_rate=0.16 users=10 slots=500
    reward=4.3400 delay=15.786 energy=2.035 acc=0.1795 vio=0.202 backlog=29405 wall=33s
[arrival 57/135] causal seed=2 arrival_rate=0.16 users=10 slots=500
    reward=4.5344 delay=11.409 energy=1.678 acc=0.1719 vio=0.294 backlog=24662 wall=32s
[arrival 58/135] ucb seed=0 arrival_rate=0.16 users=10 slots=500
    reward=3.1224 delay=15.369 energy=2.133 acc=0.1619 vio=0.417 backlog=30472 wall=35s
[arrival 59/135] ucb seed=1 arrival_rate=0.16 users=10 slots=500
    reward=2.6672 delay=21.558 energy=2.608 acc=0.1699 vio=0.396 backlog=38100 wall=28s
[arrival 60/135] ucb seed=2 arrival_rate=0.16 users=10 slots=500
    reward=0.3393 delay=36.125 energy=4.175 acc=0.1819 vio=0.552 backlog=64015 wall=26s
[arrival 61/135] dts seed=0 arrival_rate=0.16 users=10 slots=500
    reward=1.1945 delay=27.363 energy=3.340 acc=0.1845 vio=0.515 backlog=50883 wall=26s
[arrival 62/135] dts seed=1 arrival_rate=0.16 users=10 slots=500
    reward=2.5619 delay=21.341 energy=2.591 acc=0.1690 vio=0.436 backlog=37938 wall=26s
[arrival 63/135] dts seed=2 arrival_rate=0.16 users=10 slots=500
    reward=1.1819 delay=28.939 energy=3.451 acc=0.1813 vio=0.556 backlog=46533 wall=25s
[arrival 64/135] gdo seed=0 arrival_rate=0.16 users=10 slots=500
    reward=-12.6176 delay=127.820 energy=13.401 acc=0.2481 vio=0.795 backlog=894691 wall=12s
[arrival 65/135] gdo seed=1 arrival_rate=0.16 users=10 slots=500
    reward=-13.6687 delay=140.266 energy=14.492 acc=0.2372 vio=0.745 backlog=537965 wall=13s
[arrival 66/135] gdo seed=2 arrival_rate=0.16 users=10 slots=500
    reward=-12.6956 delay=128.512 energy=13.407 acc=0.2324 vio=0.806 backlog=434755 wall=12s
[arrival 67/135] rss seed=0 arrival_rate=0.16 users=10 slots=500
    reward=-3.0741 delay=50.991 energy=5.662 acc=0.1950 vio=0.735 backlog=148027 wall=11s
[arrival 68/135] rss seed=1 arrival_rate=0.16 users=10 slots=500
    reward=-4.4939 delay=63.633 energy=6.758 acc=0.1973 vio=0.743 backlog=217029 wall=10s
[arrival 69/135] rss seed=2 arrival_rate=0.16 users=10 slots=500
    reward=-4.4891 delay=62.077 energy=6.717 acc=0.1954 vio=0.761 backlog=262213 wall=11s
[arrival 70/135] dqn seed=0 arrival_rate=0.16 users=10 slots=500
  [dqn] slot=0 team_r=2.0774 eps=1.000 K=2000
  [dqn] slot=50 team_r=2.6781 eps=0.905 K=2000
  [dqn] slot=100 team_r=1.9400 eps=0.810 K=2000
  [dqn] slot=150 team_r=-0.8097 eps=0.715 K=2000
  [dqn] slot=200 team_r=-0.0127 eps=0.620 K=2000
  [dqn] slot=250 team_r=3.1349 eps=0.525 K=2000
  [dqn] slot=300 team_r=5.2194 eps=0.430 K=2000
  [dqn] slot=350 team_r=2.9112 eps=0.335 K=2000
  [dqn] slot=400 team_r=3.4640 eps=0.240 K=2000
  [dqn] slot=450 team_r=-3.0215 eps=0.145 K=2000
    reward=-7.7869 delay=86.848 energy=9.249 acc=0.2047 vio=0.777 backlog=192093 wall=26s
[arrival 71/135] dqn seed=1 arrival_rate=0.16 users=10 slots=500
  [dqn] slot=0 team_r=3.4025 eps=1.000 K=2000
  [dqn] slot=50 team_r=1.0731 eps=0.905 K=2000
  [dqn] slot=100 team_r=-5.1785 eps=0.810 K=2000
  [dqn] slot=150 team_r=-9.9425 eps=0.715 K=2000
  [dqn] slot=200 team_r=1.8562 eps=0.620 K=2000
  [dqn] slot=250 team_r=0.1789 eps=0.525 K=2000
  [dqn] slot=300 team_r=2.3753 eps=0.430 K=2000
  [dqn] slot=350 team_r=2.9376 eps=0.335 K=2000
  [dqn] slot=400 team_r=0.7439 eps=0.240 K=2000
  [dqn] slot=450 team_r=-60.8395 eps=0.145 K=2000
    reward=-5.7562 delay=74.450 energy=7.862 acc=0.2067 vio=0.756 backlog=247638 wall=25s
[arrival 72/135] dqn seed=2 arrival_rate=0.16 users=10 slots=500
  [dqn] slot=0 team_r=1.0244 eps=1.000 K=2000
  [dqn] slot=50 team_r=0.2854 eps=0.905 K=2000
  [dqn] slot=100 team_r=3.9211 eps=0.810 K=2000
  [dqn] slot=150 team_r=-1.4954 eps=0.715 K=2000
  [dqn] slot=200 team_r=-287.4693 eps=0.620 K=2000
  [dqn] slot=250 team_r=1.7283 eps=0.525 K=2000
  [dqn] slot=300 team_r=2.3407 eps=0.430 K=2000
  [dqn] slot=350 team_r=-3.6071 eps=0.335 K=2000
  [dqn] slot=400 team_r=0.3934 eps=0.240 K=2000
  [dqn] slot=450 team_r=3.0613 eps=0.145 K=2000
    reward=-5.2410 delay=68.717 energy=7.373 acc=0.2039 vio=0.786 backlog=151711 wall=26s
[arrival 73/135] ppo seed=0 arrival_rate=0.16 users=10 slots=500
  [ppo train] slot=0 team_r=3.5362
  [ppo train] slot=50 team_r=-19.0343
  [ppo train] slot=100 team_r=1.6192
  [ppo train] slot=150 team_r=-0.8219
  [ppo train] slot=200 team_r=2.9943
  [ppo train] slot=250 team_r=2.2103
  [ppo train] slot=300 team_r=1.0253
  [ppo train] slot=350 team_r=-1.1326
  [ppo train] slot=400 team_r=-69.6768
  [ppo train] slot=450 team_r=-9.8068
    reward=-8.7168 delay=93.747 energy=9.938 acc=0.2056 vio=0.782 backlog=149929 wall=12s
[arrival 74/135] ppo seed=1 arrival_rate=0.16 users=10 slots=500
  [ppo train] slot=0 team_r=2.2314
  [ppo train] slot=50 team_r=-413.7521
  [ppo train] slot=100 team_r=1.6345
  [ppo train] slot=150 team_r=2.3178
  [ppo train] slot=200 team_r=5.0270
  [ppo train] slot=250 team_r=4.2677
  [ppo train] slot=300 team_r=2.3009
  [ppo train] slot=350 team_r=-1.2093
  [ppo train] slot=400 team_r=2.4648
  [ppo train] slot=450 team_r=0.2427
    reward=-7.5379 delay=88.367 energy=9.253 acc=0.2072 vio=0.754 backlog=202517 wall=14s
[arrival 75/135] ppo seed=2 arrival_rate=0.16 users=10 slots=500
  [ppo train] slot=0 team_r=2.3852
  [ppo train] slot=50 team_r=1.2612
  [ppo train] slot=100 team_r=0.8955
  [ppo train] slot=150 team_r=2.0363
  [ppo train] slot=200 team_r=3.2866
  [ppo train] slot=250 team_r=-1.6403
  [ppo train] slot=300 team_r=2.1803
  [ppo train] slot=350 team_r=-245.0297
  [ppo train] slot=400 team_r=-0.9529
  [ppo train] slot=450 team_r=1.9236
    reward=-6.9287 delay=80.755 energy=8.584 acc=0.2049 vio=0.810 backlog=206607 wall=13s
[arrival 76/135] mappo seed=0 arrival_rate=0.16 users=10 slots=500
  [mappo train] slot=0 team_r=3.3287
  [mappo train] slot=50 team_r=2.7228
  [mappo train] slot=100 team_r=2.0281
  [mappo train] slot=150 team_r=1.7549
  [mappo train] slot=200 team_r=-95.9067
  [mappo train] slot=250 team_r=2.7279
  [mappo train] slot=300 team_r=1.8906
  [mappo train] slot=350 team_r=3.9567
  [mappo train] slot=400 team_r=0.4797
  [mappo train] slot=450 team_r=-253.6824
    reward=-8.2018 delay=88.890 energy=9.453 acc=0.2064 vio=0.790 backlog=204747 wall=12s
[arrival 77/135] mappo seed=1 arrival_rate=0.16 users=10 slots=500
  [mappo train] slot=0 team_r=2.6930
  [mappo train] slot=50 team_r=-1.9916
  [mappo train] slot=100 team_r=1.7443
  [mappo train] slot=150 team_r=0.4195
  [mappo train] slot=200 team_r=2.2432
  [mappo train] slot=250 team_r=2.6194
  [mappo train] slot=300 team_r=0.9875
  [mappo train] slot=350 team_r=3.3239
  [mappo train] slot=400 team_r=4.8708
  [mappo train] slot=450 team_r=3.8210
    reward=-5.4147 delay=71.578 energy=7.577 acc=0.2055 vio=0.750 backlog=194322 wall=12s
[arrival 78/135] mappo seed=2 arrival_rate=0.16 users=10 slots=500
  [mappo train] slot=0 team_r=3.3271
  [mappo train] slot=50 team_r=4.1923
  [mappo train] slot=100 team_r=3.1226
  [mappo train] slot=150 team_r=0.7360
  [mappo train] slot=200 team_r=-163.3369
  [mappo train] slot=250 team_r=-150.5621
  [mappo train] slot=300 team_r=3.7258
  [mappo train] slot=350 team_r=3.0540
  [mappo train] slot=400 team_r=1.2317
  [mappo train] slot=450 team_r=1.8548
    reward=-7.2093 delay=84.027 energy=8.904 acc=0.2027 vio=0.798 backlog=220608 wall=11s
[arrival 79/135] cto seed=0 arrival_rate=0.16 users=10 slots=500
    reward=0.7978 delay=31.617 energy=3.767 acc=0.1822 vio=0.488 backlog=46833 wall=36s
[arrival 80/135] cto seed=1 arrival_rate=0.16 users=10 slots=500
    reward=2.6894 delay=22.164 energy=2.685 acc=0.1823 vio=0.428 backlog=40555 wall=34s
[arrival 81/135] cto seed=2 arrival_rate=0.16 users=10 slots=500
    reward=1.6018 delay=28.659 energy=3.404 acc=0.1819 vio=0.509 backlog=51824 wall=35s
[arrival 82/135] causal seed=0 arrival_rate=0.2 users=10 slots=500
    reward=4.3980 delay=10.745 energy=1.674 acc=0.1711 vio=0.237 backlog=36622 wall=21s
[arrival 83/135] causal seed=1 arrival_rate=0.2 users=10 slots=500
    reward=4.6251 delay=13.642 energy=1.815 acc=0.1788 vio=0.211 backlog=42698 wall=26s
[arrival 84/135] causal seed=2 arrival_rate=0.2 users=10 slots=500
    reward=3.8928 delay=17.634 energy=2.299 acc=0.1705 vio=0.291 backlog=38653 wall=25s
[arrival 85/135] ucb seed=0 arrival_rate=0.2 users=10 slots=500
    reward=3.5955 delay=15.177 energy=2.129 acc=0.1550 vio=0.295 backlog=36718 wall=28s
[arrival 86/135] ucb seed=1 arrival_rate=0.2 users=10 slots=500
    reward=1.3155 delay=30.037 energy=3.453 acc=0.1659 vio=0.433 backlog=80605 wall=29s
[arrival 87/135] ucb seed=2 arrival_rate=0.2 users=10 slots=500
    reward=2.3152 delay=22.137 energy=2.763 acc=0.1707 vio=0.462 backlog=44131 wall=30s
[arrival 88/135] dts seed=0 arrival_rate=0.2 users=10 slots=500
    reward=-1.1327 delay=42.562 energy=4.856 acc=0.1903 vio=0.606 backlog=95718 wall=27s
[arrival 89/135] dts seed=1 arrival_rate=0.2 users=10 slots=500
    reward=-0.6656 delay=44.766 energy=4.937 acc=0.1832 vio=0.498 backlog=85196 wall=24s
[arrival 90/135] dts seed=2 arrival_rate=0.2 users=10 slots=500
    reward=-0.9922 delay=46.439 energy=5.186 acc=0.1788 vio=0.529 backlog=61177 wall=24s
[arrival 91/135] gdo seed=0 arrival_rate=0.2 users=10 slots=500
    reward=-14.1685 delay=139.857 energy=14.596 acc=0.2472 vio=0.800 backlog=1436164 wall=13s
[arrival 92/135] gdo seed=1 arrival_rate=0.2 users=10 slots=500
    reward=-10.6531 delay=115.983 energy=12.075 acc=0.2419 vio=0.748 backlog=1501993 wall=13s
[arrival 93/135] gdo seed=2 arrival_rate=0.2 users=10 slots=500
    reward=-13.2435 delay=132.259 energy=13.772 acc=0.2307 vio=0.818 backlog=923042 wall=14s
[arrival 94/135] rss seed=0 arrival_rate=0.2 users=10 slots=500
    reward=-2.9319 delay=48.639 energy=5.428 acc=0.1946 vio=0.741 backlog=257294 wall=12s
[arrival 95/135] rss seed=1 arrival_rate=0.2 users=10 slots=500
    reward=-4.5723 delay=64.557 energy=6.850 acc=0.1978 vio=0.747 backlog=657064 wall=11s
[arrival 96/135] rss seed=2 arrival_rate=0.2 users=10 slots=500
    reward=-5.3285 delay=69.617 energy=7.475 acc=0.1953 vio=0.755 backlog=284893 wall=11s
[arrival 97/135] dqn seed=0 arrival_rate=0.2 users=10 slots=500
  [dqn] slot=0 team_r=2.0774 eps=1.000 K=2000
  [dqn] slot=50 team_r=-83.3049 eps=0.905 K=2000
  [dqn] slot=100 team_r=3.0031 eps=0.810 K=2000
  [dqn] slot=150 team_r=-1.2065 eps=0.715 K=2000
  [dqn] slot=200 team_r=-425.8223 eps=0.620 K=2000
  [dqn] slot=250 team_r=0.5173 eps=0.525 K=2000
  [dqn] slot=300 team_r=2.7281 eps=0.430 K=2000
  [dqn] slot=350 team_r=1.2440 eps=0.335 K=2000
  [dqn] slot=400 team_r=-0.5203 eps=0.240 K=2000
  [dqn] slot=450 team_r=2.5887 eps=0.145 K=2000
    reward=-7.2333 delay=81.151 energy=8.681 acc=0.2048 vio=0.797 backlog=444804 wall=30s
[arrival 98/135] dqn seed=1 arrival_rate=0.2 users=10 slots=500
  [dqn] slot=0 team_r=3.4025 eps=1.000 K=2000
  [dqn] slot=50 team_r=1.8075 eps=0.905 K=2000
  [dqn] slot=100 team_r=3.3608 eps=0.810 K=2000
  [dqn] slot=150 team_r=4.9182 eps=0.715 K=2000
  [dqn] slot=200 team_r=3.3373 eps=0.620 K=2000
  [dqn] slot=250 team_r=2.7893 eps=0.525 K=2000
  [dqn] slot=300 team_r=2.0655 eps=0.430 K=2000
  [dqn] slot=350 team_r=2.0339 eps=0.335 K=2000
  [dqn] slot=400 team_r=-3.5648 eps=0.240 K=2000
  [dqn] slot=450 team_r=0.5875 eps=0.145 K=2000
    reward=-3.7582 delay=59.098 energy=6.334 acc=0.2071 vio=0.742 backlog=344573 wall=42s
[arrival 99/135] dqn seed=2 arrival_rate=0.2 users=10 slots=500
  [dqn] slot=0 team_r=1.0244 eps=1.000 K=2000
  [dqn] slot=50 team_r=2.1158 eps=0.905 K=2000
  [dqn] slot=100 team_r=0.6718 eps=0.810 K=2000
  [dqn] slot=150 team_r=4.2487 eps=0.715 K=2000
  [dqn] slot=200 team_r=0.6575 eps=0.620 K=2000
  [dqn] slot=250 team_r=1.3798 eps=0.525 K=2000
  [dqn] slot=300 team_r=1.4489 eps=0.430 K=2000
  [dqn] slot=350 team_r=3.1104 eps=0.335 K=2000
  [dqn] slot=400 team_r=2.2060 eps=0.240 K=2000
  [dqn] slot=450 team_r=2.1130 eps=0.145 K=2000
    reward=-6.1447 delay=74.958 energy=7.993 acc=0.2084 vio=0.808 backlog=373041 wall=31s
[arrival 100/135] ppo seed=0 arrival_rate=0.2 users=10 slots=500
  [ppo train] slot=0 team_r=3.5362
  [ppo train] slot=50 team_r=1.0531
  [ppo train] slot=100 team_r=-20.1804
  [ppo train] slot=150 team_r=4.3403
  [ppo train] slot=200 team_r=-2.8136
  [ppo train] slot=250 team_r=0.1378
  [ppo train] slot=300 team_r=3.1775
  [ppo train] slot=350 team_r=1.5738
  [ppo train] slot=400 team_r=2.4568
  [ppo train] slot=450 team_r=2.8738
    reward=-3.6667 delay=52.914 energy=5.851 acc=0.2055 vio=0.799 backlog=301679 wall=13s
[arrival 101/135] ppo seed=1 arrival_rate=0.2 users=10 slots=500
  [ppo train] slot=0 team_r=2.2314
  [ppo train] slot=50 team_r=1.0483
  [ppo train] slot=100 team_r=-1.2865
  [ppo train] slot=150 team_r=-22.9537
  [ppo train] slot=200 team_r=3.5009
  [ppo train] slot=250 team_r=-121.7506
  [ppo train] slot=300 team_r=-0.6203
  [ppo train] slot=350 team_r=2.1130
  [ppo train] slot=400 team_r=4.8397
  [ppo train] slot=450 team_r=1.3902
    reward=-6.0292 delay=75.716 energy=7.988 acc=0.2060 vio=0.761 backlog=519990 wall=12s
[arrival 102/135] ppo seed=2 arrival_rate=0.2 users=10 slots=500
  [ppo train] slot=0 team_r=2.3852
  [ppo train] slot=50 team_r=2.3424
  [ppo train] slot=100 team_r=0.6269
  [ppo train] slot=150 team_r=0.4151
  [ppo train] slot=200 team_r=2.0064
  [ppo train] slot=250 team_r=3.1669
  [ppo train] slot=300 team_r=2.3750
  [ppo train] slot=350 team_r=1.1464
  [ppo train] slot=400 team_r=0.2828
  [ppo train] slot=450 team_r=0.5419
    reward=-6.1263 delay=75.205 energy=8.028 acc=0.2069 vio=0.804 backlog=401346 wall=12s
[arrival 103/135] mappo seed=0 arrival_rate=0.2 users=10 slots=500
  [mappo train] slot=0 team_r=3.3287
  [mappo train] slot=50 team_r=1.2309
  [mappo train] slot=100 team_r=1.8279
  [mappo train] slot=150 team_r=3.8124
  [mappo train] slot=200 team_r=1.9144
  [mappo train] slot=250 team_r=-0.9835
  [mappo train] slot=300 team_r=-0.1874
  [mappo train] slot=350 team_r=3.1316
  [mappo train] slot=400 team_r=-128.4000
  [mappo train] slot=450 team_r=-12.3525
    reward=-8.3341 delay=89.714 energy=9.533 acc=0.2088 vio=0.802 backlog=433448 wall=14s
[arrival 104/135] mappo seed=1 arrival_rate=0.2 users=10 slots=500
  [mappo train] slot=0 team_r=2.6930
  [mappo train] slot=50 team_r=1.0665
  [mappo train] slot=100 team_r=1.5945
  [mappo train] slot=150 team_r=1.4783
  [mappo train] slot=200 team_r=4.1720
  [mappo train] slot=250 team_r=1.6565
  [mappo train] slot=300 team_r=-20.2322
  [mappo train] slot=350 team_r=4.8570
  [mappo train] slot=400 team_r=-2.0557
  [mappo train] slot=450 team_r=-80.9324
    reward=-4.8279 delay=66.978 energy=7.112 acc=0.2040 vio=0.754 backlog=372305 wall=17s
[arrival 105/135] mappo seed=2 arrival_rate=0.2 users=10 slots=500
  [mappo train] slot=0 team_r=3.3271
  [mappo train] slot=50 team_r=1.9893
  [mappo train] slot=100 team_r=-13.0584
  [mappo train] slot=150 team_r=0.6906
  [mappo train] slot=200 team_r=-121.2027
  [mappo train] slot=250 team_r=2.6914
  [mappo train] slot=300 team_r=-1.2246
  [mappo train] slot=350 team_r=1.7527
  [mappo train] slot=400 team_r=-0.7981
  [mappo train] slot=450 team_r=2.1742
    reward=-5.9623 delay=74.015 energy=7.906 acc=0.2038 vio=0.793 backlog=259582 wall=16s
[arrival 106/135] cto seed=0 arrival_rate=0.2 users=10 slots=500
    reward=2.6021 delay=18.372 energy=2.439 acc=0.1796 vio=0.472 backlog=52817 wall=46s
[arrival 107/135] cto seed=1 arrival_rate=0.2 users=10 slots=500
    reward=1.7159 delay=29.363 energy=3.413 acc=0.1825 vio=0.437 backlog=60262 wall=48s
[arrival 108/135] cto seed=2 arrival_rate=0.2 users=10 slots=500
    reward=2.2206 delay=20.756 energy=2.628 acc=0.1820 vio=0.554 backlog=58064 wall=42s
[arrival 109/135] causal seed=0 arrival_rate=0.24 users=10 slots=500
    reward=3.8681 delay=15.485 energy=2.142 acc=0.1708 vio=0.236 backlog=41949 wall=22s
[arrival 110/135] causal seed=1 arrival_rate=0.24 users=10 slots=500
    reward=4.7269 delay=12.246 energy=1.684 acc=0.1792 vio=0.213 backlog=49360 wall=21s
[arrival 111/135] causal seed=2 arrival_rate=0.24 users=10 slots=500
    reward=3.9043 delay=16.821 energy=2.216 acc=0.1724 vio=0.315 backlog=50280 wall=21s
[arrival 112/135] ucb seed=0 arrival_rate=0.24 users=10 slots=500
    reward=3.0095 delay=16.598 energy=2.268 acc=0.1701 vio=0.414 backlog=65416 wall=25s
[arrival 113/135] ucb seed=1 arrival_rate=0.24 users=10 slots=500
    reward=2.5937 delay=23.571 energy=2.827 acc=0.1699 vio=0.353 backlog=56509 wall=25s
[arrival 114/135] ucb seed=2 arrival_rate=0.24 users=10 slots=500
    reward=1.7431 delay=24.021 energy=2.960 acc=0.1704 vio=0.500 backlog=245908 wall=25s
[arrival 115/135] dts seed=0 arrival_rate=0.24 users=10 slots=500
    reward=-2.3750 delay=54.143 energy=6.022 acc=0.1713 vio=0.527 backlog=262686 wall=25s
[arrival 116/135] dts seed=1 arrival_rate=0.24 users=10 slots=500
    reward=1.5562 delay=28.292 energy=3.284 acc=0.1848 vio=0.479 backlog=101614 wall=24s
[arrival 117/135] dts seed=2 arrival_rate=0.24 users=10 slots=500
    reward=-0.2982 delay=38.422 energy=4.396 acc=0.1885 vio=0.607 backlog=131827 wall=25s
[arrival 118/135] gdo seed=0 arrival_rate=0.24 users=10 slots=500
    reward=-14.3458 delay=140.135 energy=14.623 acc=0.2442 vio=0.805 backlog=2979450 wall=12s
[arrival 119/135] gdo seed=1 arrival_rate=0.24 users=10 slots=500
    reward=-13.4841 delay=136.897 energy=14.159 acc=0.2399 vio=0.774 backlog=2341888 wall=12s
[arrival 120/135] gdo seed=2 arrival_rate=0.24 users=10 slots=500
    reward=-13.1458 delay=131.528 energy=13.709 acc=0.2357 vio=0.821 backlog=1955872 wall=13s
[arrival 121/135] rss seed=0 arrival_rate=0.24 users=10 slots=500
    reward=-4.2168 delay=58.613 energy=6.422 acc=0.1940 vio=0.741 backlog=614544 wall=12s
[arrival 122/135] rss seed=1 arrival_rate=0.24 users=10 slots=500
    reward=-7.6524 delay=87.557 energy=9.146 acc=0.1985 vio=0.763 backlog=1316235 wall=11s
[arrival 123/135] rss seed=2 arrival_rate=0.24 users=10 slots=500
    reward=-6.6509 delay=78.887 energy=8.402 acc=0.1952 vio=0.756 backlog=736251 wall=19s
[arrival 124/135] dqn seed=0 arrival_rate=0.24 users=10 slots=500
  [dqn] slot=0 team_r=2.0774 eps=1.000 K=2000
  [dqn] slot=50 team_r=2.1892 eps=0.905 K=2000
  [dqn] slot=100 team_r=1.5360 eps=0.810 K=2000
  [dqn] slot=150 team_r=-66.7127 eps=0.715 K=2000
  [dqn] slot=200 team_r=0.2565 eps=0.620 K=2000
  [dqn] slot=250 team_r=3.3993 eps=0.525 K=2000
  [dqn] slot=300 team_r=3.8735 eps=0.430 K=2000
  [dqn] slot=350 team_r=2.2404 eps=0.335 K=2000
  [dqn] slot=400 team_r=-95.8049 eps=0.240 K=2000
  [dqn] slot=450 team_r=2.6684 eps=0.145 K=2000
    reward=-7.3951 delay=83.192 energy=8.883 acc=0.2051 vio=0.788 backlog=632049 wall=975s
[arrival 125/135] dqn seed=1 arrival_rate=0.24 users=10 slots=500
  [dqn] slot=0 team_r=3.4025 eps=1.000 K=2000
  [dqn] slot=50 team_r=-0.5807 eps=0.905 K=2000
  [dqn] slot=100 team_r=-99.2654 eps=0.810 K=2000
  [dqn] slot=150 team_r=1.3504 eps=0.715 K=2000
  [dqn] slot=200 team_r=3.3857 eps=0.620 K=2000
  [dqn] slot=250 team_r=1.0837 eps=0.525 K=2000
  [dqn] slot=300 team_r=-73.5783 eps=0.430 K=2000
  [dqn] slot=350 team_r=0.8191 eps=0.335 K=2000
  [dqn] slot=400 team_r=4.5451 eps=0.240 K=2000
  [dqn] slot=450 team_r=0.6587 eps=0.145 K=2000
    reward=-7.5842 delay=89.140 energy=9.338 acc=0.2050 vio=0.748 backlog=751828 wall=80s
[arrival 126/135] dqn seed=2 arrival_rate=0.24 users=10 slots=500
  [dqn] slot=0 team_r=1.0242 eps=1.000 K=2000
  [dqn] slot=50 team_r=1.9321 eps=0.905 K=2000
  [dqn] slot=100 team_r=1.4514 eps=0.810 K=2000
  [dqn] slot=150 team_r=2.9746 eps=0.715 K=2000
  [dqn] slot=200 team_r=-216.6504 eps=0.620 K=2000
  [dqn] slot=250 team_r=1.4904 eps=0.525 K=2000
  [dqn] slot=300 team_r=0.7207 eps=0.430 K=2000
  [dqn] slot=350 team_r=0.4256 eps=0.335 K=2000
  [dqn] slot=400 team_r=-56.3995 eps=0.240 K=2000
  [dqn] slot=450 team_r=-4.6739 eps=0.145 K=2000
    reward=-5.5425 delay=69.487 energy=7.454 acc=0.2062 vio=0.815 backlog=489508 wall=1000s
[arrival 127/135] ppo seed=0 arrival_rate=0.24 users=10 slots=500
  [ppo train] slot=0 team_r=3.5362
  [ppo train] slot=50 team_r=0.1433
  [ppo train] slot=100 team_r=-313.3063
  [ppo train] slot=150 team_r=2.8169
  [ppo train] slot=200 team_r=-1.9445
  [ppo train] slot=250 team_r=0.2940
  [ppo train] slot=300 team_r=0.7673
  [ppo train] slot=350 team_r=-70.8928
  [ppo train] slot=400 team_r=2.5891
  [ppo train] slot=450 team_r=0.5983
    reward=-13.8853 delay=133.184 energy=13.880 acc=0.2046 vio=0.814 backlog=1157508 wall=37s
[arrival 128/135] ppo seed=1 arrival_rate=0.24 users=10 slots=500
  [ppo train] slot=0 team_r=2.1115
  [ppo train] slot=50 team_r=-20.4186
  [ppo train] slot=100 team_r=2.4003
  [ppo train] slot=150 team_r=-45.1961
  [ppo train] slot=200 team_r=0.6616
  [ppo train] slot=250 team_r=4.4535
  [ppo train] slot=300 team_r=1.1059
  [ppo train] slot=350 team_r=-0.7424
  [ppo train] slot=400 team_r=1.7330
  [ppo train] slot=450 team_r=4.4163
    reward=-6.3326 delay=77.981 energy=8.215 acc=0.2060 vio=0.768 backlog=776447 wall=37s
[arrival 129/135] ppo seed=2 arrival_rate=0.24 users=10 slots=500
  [ppo train] slot=0 team_r=2.3559
  [ppo train] slot=50 team_r=-23.6618
  [ppo train] slot=100 team_r=-2.6363
  [ppo train] slot=150 team_r=1.2724
  [ppo train] slot=200 team_r=-89.2411
  [ppo train] slot=250 team_r=1.9355
  [ppo train] slot=300 team_r=3.3074
  [ppo train] slot=350 team_r=1.1199
  [ppo train] slot=400 team_r=1.1031
  [ppo train] slot=450 team_r=2.1972
    reward=-6.4394 delay=76.189 energy=8.120 acc=0.2072 vio=0.817 backlog=981323 wall=1009s
[arrival 130/135] mappo seed=0 arrival_rate=0.24 users=10 slots=500
  [mappo train] slot=0 team_r=3.3287
  [mappo train] slot=50 team_r=2.1409
  [mappo train] slot=100 team_r=4.3596
  [mappo train] slot=150 team_r=0.4772
  [mappo train] slot=200 team_r=-26.9753
  [mappo train] slot=250 team_r=-0.4888
  [mappo train] slot=300 team_r=0.4796
  [mappo train] slot=350 team_r=-0.7591
  [mappo train] slot=400 team_r=2.8192
  [mappo train] slot=450 team_r=-56.6882
    reward=-9.2711 delay=97.035 energy=10.270 acc=0.2083 vio=0.806 backlog=751992 wall=940s
[arrival 131/135] mappo seed=1 arrival_rate=0.24 users=10 slots=500
  [mappo train] slot=0 team_r=2.5730
  [mappo train] slot=50 team_r=1.4131
  [mappo train] slot=100 team_r=2.4288
  [mappo train] slot=150 team_r=2.4236
  [mappo train] slot=200 team_r=2.1880
  [mappo train] slot=250 team_r=-91.5630
  [mappo train] slot=300 team_r=-3.3282
  [mappo train] slot=350 team_r=2.4234
  [mappo train] slot=400 team_r=-0.7075
  [mappo train] slot=450 team_r=0.9946
    reward=-7.4255 delay=86.946 energy=9.114 acc=0.2052 vio=0.764 backlog=837122 wall=36s
[arrival 132/135] mappo seed=2 arrival_rate=0.24 users=10 slots=500
  [mappo train] slot=0 team_r=3.3349
  [mappo train] slot=50 team_r=3.1375
  [mappo train] slot=100 team_r=2.2691
  [mappo train] slot=150 team_r=1.4128
  [mappo train] slot=200 team_r=2.0646
  [mappo train] slot=250 team_r=3.0361
  [mappo train] slot=300 team_r=0.2251
  [mappo train] slot=350 team_r=2.0611
  [mappo train] slot=400 team_r=0.1252
  [mappo train] slot=450 team_r=0.1782
    reward=-7.9649 delay=89.386 energy=9.432 acc=0.2026 vio=0.812 backlog=449012 wall=61s
[arrival 133/135] cto seed=0 arrival_rate=0.24 users=10 slots=500
    reward=0.6793 delay=35.214 energy=4.128 acc=0.1807 vio=0.449 backlog=79892 wall=2892s
[arrival 134/135] cto seed=1 arrival_rate=0.24 users=10 slots=500
    reward=-0.3507 delay=41.625 energy=4.631 acc=0.1889 vio=0.539 backlog=140770 wall=161s
[arrival 135/135] cto seed=2 arrival_rate=0.24 users=10 slots=500
    reward=0.8157 delay=32.319 energy=3.789 acc=0.1826 vio=0.539 backlog=94636 wall=2021s
[arrival] done in 210.0 min → figures/sweeps/arrival/
[2026-08-22 03:41:58] === finished arrival ===
[2026-08-22 03:41:58] === begin action_pick ===
[action_pick/snr] causal seed=0 snr=2
    reward=3.340 vio=0.331 pick_top=Box3
[action_pick/snr] causal seed=1 snr=2
    reward=3.882 vio=0.295 pick_top=Box3
[action_pick/snr] causal seed=2 snr=2
    reward=3.707 vio=0.393 pick_top=Box3
[action_pick/snr] ucb seed=0 snr=2
    reward=0.194 vio=0.503 pick_top=Box3
[action_pick/snr] ucb seed=1 snr=2
    reward=2.190 vio=0.446 pick_top=Box3
[action_pick/snr] ucb seed=2 snr=2
    reward=2.612 vio=0.509 pick_top=Box3
[action_pick/snr] dts seed=0 snr=2
    reward=1.311 vio=0.575 pick_top=Box3
[action_pick/snr] dts seed=1 snr=2
    reward=0.641 vio=0.602 pick_top=Box3
[action_pick/snr] dts seed=2 snr=2
    reward=-0.542 vio=0.619 pick_top=Box3
[action_pick/snr] gdo seed=0 snr=2
    reward=-28.300 vio=0.863 pick_top=Standard12
[action_pick/snr] gdo seed=1 snr=2
    reward=-25.064 vio=0.822 pick_top=Standard12
[action_pick/snr] gdo seed=2 snr=2
    reward=-21.681 vio=0.878 pick_top=Standard12
[action_pick/snr] rss seed=0 snr=2
    reward=-6.280 vio=0.790 pick_top=Standard3
[action_pick/snr] rss seed=1 snr=2
    reward=-8.431 vio=0.824 pick_top=Standard3
[action_pick/snr] rss seed=2 snr=2
    reward=-6.364 vio=0.809 pick_top=Box3
[action_pick/snr] dqn seed=0 snr=2
  [dqn] slot=0 team_r=2.0424 eps=1.000 K=2000
  [dqn] slot=50 team_r=1.0933 eps=0.905 K=2000
  [dqn] slot=100 team_r=3.3813 eps=0.810 K=2000
  [dqn] slot=150 team_r=2.1919 eps=0.715 K=2000
  [dqn] slot=200 team_r=-0.5768 eps=0.620 K=2000
  [dqn] slot=250 team_r=1.3765 eps=0.525 K=2000
  [dqn] slot=300 team_r=-0.0544 eps=0.430 K=2000
  [dqn] slot=350 team_r=0.9786 eps=0.335 K=2000
  [dqn] slot=400 team_r=1.9932 eps=0.240 K=2000
  [dqn] slot=450 team_r=1.8576 eps=0.145 K=2000
    reward=-6.369 vio=0.841 pick_top=Standard6
[action_pick/snr] dqn seed=1 snr=2
  [dqn] slot=0 team_r=2.1883 eps=1.000 K=2000
  [dqn] slot=50 team_r=2.2201 eps=0.905 K=2000
  [dqn] slot=100 team_r=1.6545 eps=0.810 K=2000
  [dqn] slot=150 team_r=1.2081 eps=0.715 K=2000
  [dqn] slot=200 team_r=-20.1780 eps=0.620 K=2000
  [dqn] slot=250 team_r=0.6319 eps=0.525 K=2000
  [dqn] slot=300 team_r=0.7969 eps=0.430 K=2000
  [dqn] slot=350 team_r=0.4462 eps=0.335 K=2000
  [dqn] slot=400 team_r=0.0910 eps=0.240 K=2000
  [dqn] slot=450 team_r=-0.3632 eps=0.145 K=2000
    reward=-9.275 vio=0.823 pick_top=Box6
[action_pick/snr] dqn seed=2 snr=2
  [dqn] slot=0 team_r=1.2306 eps=1.000 K=2000
  [dqn] slot=50 team_r=0.7495 eps=0.905 K=2000
  [dqn] slot=100 team_r=0.6747 eps=0.810 K=2000
  [dqn] slot=150 team_r=2.5334 eps=0.715 K=2000
  [dqn] slot=200 team_r=-2.6458 eps=0.620 K=2000
  [dqn] slot=250 team_r=-0.1342 eps=0.525 K=2000
  [dqn] slot=300 team_r=-0.5530 eps=0.430 K=2000
  [dqn] slot=350 team_r=1.4097 eps=0.335 K=2000
  [dqn] slot=400 team_r=0.2600 eps=0.240 K=2000
  [dqn] slot=450 team_r=1.2142 eps=0.145 K=2000
    reward=-6.736 vio=0.855 pick_top=Box6
[action_pick/snr] ppo seed=0 snr=2
  [ppo train] slot=0 team_r=3.2764
  [ppo train] slot=50 team_r=-0.6435
  [ppo train] slot=100 team_r=-1.3293
  [ppo train] slot=150 team_r=2.2432
  [ppo train] slot=200 team_r=-52.8870
  [ppo train] slot=250 team_r=-40.1641
  [ppo train] slot=300 team_r=-0.5871
  [ppo train] slot=350 team_r=-0.7944
  [ppo train] slot=400 team_r=1.5508
  [ppo train] slot=450 team_r=-1.6047
    reward=-7.789 vio=0.852 pick_top=Box3
[action_pick/snr] ppo seed=1 snr=2
  [ppo train] slot=0 team_r=1.9600
  [ppo train] slot=50 team_r=-6.7261
  [ppo train] slot=100 team_r=-1.7951
  [ppo train] slot=150 team_r=0.2973
  [ppo train] slot=200 team_r=0.4898
  [ppo train] slot=250 team_r=-1.3360
  [ppo train] slot=300 team_r=2.8415
  [ppo train] slot=350 team_r=1.9422
  [ppo train] slot=400 team_r=2.6365
  [ppo train] slot=450 team_r=1.2231
    reward=-14.481 vio=0.822 pick_top=Box3
[action_pick/snr] ppo seed=2 snr=2
  [ppo train] slot=0 team_r=1.0132
  [ppo train] slot=50 team_r=0.5577
  [ppo train] slot=100 team_r=1.3764
  [ppo train] slot=150 team_r=1.6961
  [ppo train] slot=200 team_r=1.8440
  [ppo train] slot=250 team_r=0.1015
  [ppo train] slot=300 team_r=-6.2892
  [ppo train] slot=350 team_r=-0.3284
  [ppo train] slot=400 team_r=-32.8157
  [ppo train] slot=450 team_r=-1.4768
    reward=-7.535 vio=0.856 pick_top=Box3
[action_pick/snr] mappo seed=0 snr=2
  [mappo train] slot=0 team_r=2.6437
  [mappo train] slot=50 team_r=1.6806
  [mappo train] slot=100 team_r=0.4281
  [mappo train] slot=150 team_r=1.3912
  [mappo train] slot=200 team_r=-52.7578
  [mappo train] slot=250 team_r=-25.1143
  [mappo train] slot=300 team_r=-0.0106
  [mappo train] slot=350 team_r=2.9809
  [mappo train] slot=400 team_r=-64.0860
  [mappo train] slot=450 team_r=-2.8718
    reward=-10.246 vio=0.841 pick_top=Standard12
[action_pick/snr] mappo seed=1 snr=2
  [mappo train] slot=0 team_r=2.6864
  [mappo train] slot=50 team_r=1.9205
  [mappo train] slot=100 team_r=4.2868
  [mappo train] slot=150 team_r=-0.6185
  [mappo train] slot=200 team_r=2.1938
  [mappo train] slot=250 team_r=1.9960
  [mappo train] slot=300 team_r=-1.2468
  [mappo train] slot=350 team_r=2.2985
  [mappo train] slot=400 team_r=0.5565
  [mappo train] slot=450 team_r=-2.9846
    reward=-11.653 vio=0.831 pick_top=Standard3
[action_pick/snr] mappo seed=2 snr=2
  [mappo train] slot=0 team_r=2.3621
  [mappo train] slot=50 team_r=4.3044
  [mappo train] slot=100 team_r=1.9432
  [mappo train] slot=150 team_r=-0.2995
  [mappo train] slot=200 team_r=2.2270
  [mappo train] slot=250 team_r=1.7024
  [mappo train] slot=300 team_r=0.4920
  [mappo train] slot=350 team_r=-1.6337
  [mappo train] slot=400 team_r=2.1083
  [mappo train] slot=450 team_r=1.9369
    reward=-7.448 vio=0.850 pick_top=Standard3
[action_pick/snr] cto seed=0 snr=2
    reward=-1.696 vio=0.627 pick_top=Box3
[action_pick/snr] cto seed=1 snr=2
    reward=0.170 vio=0.534 pick_top=Box3
[action_pick/snr] cto seed=2 snr=2
    reward=-2.018 vio=0.654 pick_top=Box3
[action_pick/snr] causal seed=0 snr=4
    reward=4.110 vio=0.270 pick_top=Box3
[action_pick/snr] causal seed=1 snr=4
    reward=4.998 vio=0.221 pick_top=Box3
[action_pick/snr] causal seed=2 snr=4
    reward=4.464 vio=0.315 pick_top=Box3
[action_pick/snr] ucb seed=0 snr=4
    reward=0.875 vio=0.470 pick_top=Box3
[action_pick/snr] ucb seed=1 snr=4
    reward=2.090 vio=0.428 pick_top=Box3
[action_pick/snr] ucb seed=2 snr=4
    reward=-1.190 vio=0.566 pick_top=Box3
[action_pick/snr] dts seed=0 snr=4
    reward=-1.535 vio=0.572 pick_top=Box3
[action_pick/snr] dts seed=1 snr=4
    reward=-0.920 vio=0.521 pick_top=Box3
[action_pick/snr] dts seed=2 snr=4
    reward=-0.561 vio=0.624 pick_top=Box3
[action_pick/snr] gdo seed=0 snr=4
    reward=-17.461 vio=0.814 pick_top=Standard12
[action_pick/snr] gdo seed=1 snr=4
    reward=-12.003 vio=0.769 pick_top=Standard12
[action_pick/snr] gdo seed=2 snr=4
    reward=-17.846 vio=0.841 pick_top=Standard12
[action_pick/snr] rss seed=0 snr=4
    reward=-4.073 vio=0.745 pick_top=Standard3
[action_pick/snr] rss seed=1 snr=4
    reward=-6.792 vio=0.779 pick_top=Standard3
[action_pick/snr] rss seed=2 snr=4
    reward=-4.790 vio=0.768 pick_top=Box3
[action_pick/snr] dqn seed=0 snr=4
  [dqn] slot=0 team_r=2.9023 eps=1.000 K=2000
  [dqn] slot=50 team_r=0.3593 eps=0.905 K=2000
  [dqn] slot=100 team_r=1.8617 eps=0.810 K=2000
  [dqn] slot=150 team_r=2.7195 eps=0.715 K=2000
  [dqn] slot=200 team_r=0.6160 eps=0.620 K=2000
  [dqn] slot=250 team_r=1.1035 eps=0.525 K=2000
  [dqn] slot=300 team_r=-10.2207 eps=0.430 K=2000
  [dqn] slot=350 team_r=3.0827 eps=0.335 K=2000
  [dqn] slot=400 team_r=1.5594 eps=0.240 K=2000
  [dqn] slot=450 team_r=1.9655 eps=0.145 K=2000
    reward=-7.973 vio=0.795 pick_top=Box3
[action_pick/snr] dqn seed=1 snr=4
  [dqn] slot=0 team_r=2.8888 eps=1.000 K=2000
  [dqn] slot=50 team_r=0.9468 eps=0.905 K=2000
  [dqn] slot=100 team_r=1.3009 eps=0.810 K=2000
  [dqn] slot=150 team_r=2.5173 eps=0.715 K=2000
  [dqn] slot=200 team_r=1.6698 eps=0.620 K=2000
  [dqn] slot=250 team_r=4.3570 eps=0.525 K=2000
  [dqn] slot=300 team_r=2.6604 eps=0.430 K=2000
  [dqn] slot=350 team_r=-35.5795 eps=0.335 K=2000
  [dqn] slot=400 team_r=2.0410 eps=0.240 K=2000
  [dqn] slot=450 team_r=-36.6668 eps=0.145 K=2000
    reward=-9.921 vio=0.775 pick_top=Standard6
[action_pick/snr] dqn seed=2 snr=4
  [dqn] slot=0 team_r=1.2059 eps=1.000 K=2000
  [dqn] slot=50 team_r=1.8616 eps=0.905 K=2000
  [dqn] slot=100 team_r=-6.6246 eps=0.810 K=2000
  [dqn] slot=150 team_r=2.5245 eps=0.715 K=2000
  [dqn] slot=200 team_r=0.1459 eps=0.620 K=2000
  [dqn] slot=250 team_r=3.2961 eps=0.525 K=2000
  [dqn] slot=300 team_r=2.7601 eps=0.430 K=2000
  [dqn] slot=350 team_r=1.9621 eps=0.335 K=2000
  [dqn] slot=400 team_r=0.1801 eps=0.240 K=2000
  [dqn] slot=450 team_r=1.2036 eps=0.145 K=2000
    reward=-3.520 vio=0.805 pick_top=Standard3
[action_pick/snr] ppo seed=0 snr=4
  [ppo train] slot=0 team_r=3.6312
  [ppo train] slot=50 team_r=-0.1412
  [ppo train] slot=100 team_r=-0.1484
  [ppo train] slot=150 team_r=3.6326
  [ppo train] slot=200 team_r=0.4912
  [ppo train] slot=250 team_r=0.5052
  [ppo train] slot=300 team_r=1.3308
  [ppo train] slot=350 team_r=0.6363
  [ppo train] slot=400 team_r=1.7321
  [ppo train] slot=450 team_r=1.6396
    reward=-9.675 vio=0.811 pick_top=Box3
[action_pick/snr] ppo seed=1 snr=4
  [ppo train] slot=0 team_r=2.3322
  [ppo train] slot=50 team_r=1.3298
  [ppo train] slot=100 team_r=0.1187
  [ppo train] slot=150 team_r=2.6342
  [ppo train] slot=200 team_r=-37.4625
  [ppo train] slot=250 team_r=0.5161
  [ppo train] slot=300 team_r=2.6999
  [ppo train] slot=350 team_r=3.2660
  [ppo train] slot=400 team_r=6.0879
  [ppo train] slot=450 team_r=-0.0381
    reward=-10.124 vio=0.783 pick_top=Box12
[action_pick/snr] ppo seed=2 snr=4
  [ppo train] slot=0 team_r=2.3991
  [ppo train] slot=50 team_r=1.6261
  [ppo train] slot=100 team_r=-108.7941
  [ppo train] slot=150 team_r=-79.7758
  [ppo train] slot=200 team_r=5.3440
  [ppo train] slot=250 team_r=-0.5327
  [ppo train] slot=300 team_r=1.2701
  [ppo train] slot=350 team_r=-55.8084
  [ppo train] slot=400 team_r=1.1298
  [ppo train] slot=450 team_r=1.9941
    reward=-9.253 vio=0.821 pick_top=Box6
[action_pick/snr] mappo seed=0 snr=4
  [mappo train] slot=0 team_r=3.0048
  [mappo train] slot=50 team_r=2.6788
  [mappo train] slot=100 team_r=0.7857
  [mappo train] slot=150 team_r=2.5787
  [mappo train] slot=200 team_r=2.6587
  [mappo train] slot=250 team_r=-76.9839
  [mappo train] slot=300 team_r=2.1175
  [mappo train] slot=350 team_r=2.1883
  [mappo train] slot=400 team_r=-36.2324
  [mappo train] slot=450 team_r=1.3154
    reward=-8.013 vio=0.817 pick_top=Standard3
[action_pick/snr] mappo seed=1 snr=4
  [mappo train] slot=0 team_r=3.2344
  [mappo train] slot=50 team_r=4.3338
  [mappo train] slot=100 team_r=3.9298
  [mappo train] slot=150 team_r=2.2173
  [mappo train] slot=200 team_r=-81.3236
  [mappo train] slot=250 team_r=0.1021
  [mappo train] slot=300 team_r=3.3637
  [mappo train] slot=350 team_r=1.8821
  [mappo train] slot=400 team_r=2.3499
  [mappo train] slot=450 team_r=-14.8999
    reward=-7.347 vio=0.780 pick_top=Standard6
[action_pick/snr] mappo seed=2 snr=4
  [mappo train] slot=0 team_r=2.9439
  [mappo train] slot=50 team_r=4.5928
  [mappo train] slot=100 team_r=2.2384
  [mappo train] slot=150 team_r=3.7067
  [mappo train] slot=200 team_r=1.3878
  [mappo train] slot=250 team_r=-2.0428
  [mappo train] slot=300 team_r=2.6426
  [mappo train] slot=350 team_r=-35.2898
  [mappo train] slot=400 team_r=1.7678
  [mappo train] slot=450 team_r=0.2964
    reward=-6.087 vio=0.820 pick_top=Standard3
[action_pick/snr] cto seed=0 snr=4
    reward=-0.942 vio=0.616 pick_top=Box3
[action_pick/snr] cto seed=1 snr=4
    reward=1.223 vio=0.454 pick_top=Box3
[action_pick/snr] cto seed=2 snr=4
    reward=0.418 vio=0.564 pick_top=Box3
[action_pick/snr] causal seed=0 snr=6
    reward=4.662 vio=0.225 pick_top=Box3
[action_pick/snr] causal seed=1 snr=6
    reward=4.625 vio=0.186 pick_top=Box3
[action_pick/snr] causal seed=2 snr=6
    reward=4.898 vio=0.295 pick_top=Box3
[action_pick/snr] ucb seed=0 snr=6
    reward=2.652 vio=0.390 pick_top=Box3
[action_pick/snr] ucb seed=1 snr=6
    reward=1.770 vio=0.417 pick_top=Box3
[action_pick/snr] ucb seed=2 snr=6
    reward=2.575 vio=0.438 pick_top=Box3
[action_pick/snr] dts seed=0 snr=6
    reward=1.287 vio=0.480 pick_top=Box3
[action_pick/snr] dts seed=1 snr=6
    reward=1.202 vio=0.511 pick_top=Box3
[action_pick/snr] dts seed=2 snr=6
    reward=0.601 vio=0.540 pick_top=Box3
[action_pick/snr] gdo seed=0 snr=6
    reward=-8.237 vio=0.753 pick_top=Standard12
[action_pick/snr] gdo seed=1 snr=6
    reward=-6.866 vio=0.704 pick_top=Standard12
[action_pick/snr] gdo seed=2 snr=6
    reward=-9.230 vio=0.778 pick_top=Standard12
[action_pick/snr] rss seed=0 snr=6
    reward=-1.880 vio=0.700 pick_top=Standard3
[action_pick/snr] rss seed=1 snr=6
    reward=-2.253 vio=0.725 pick_top=Standard3
[action_pick/snr] rss seed=2 snr=6
    reward=-5.666 vio=0.718 pick_top=Box3
[action_pick/snr] dqn seed=0 snr=6
  [dqn] slot=0 team_r=3.3374 eps=1.000 K=2000
  [dqn] slot=50 team_r=1.9115 eps=0.905 K=2000
  [dqn] slot=100 team_r=2.9254 eps=0.810 K=2000
  [dqn] slot=150 team_r=1.5411 eps=0.715 K=2000
  [dqn] slot=200 team_r=2.5157 eps=0.620 K=2000
  [dqn] slot=250 team_r=0.9970 eps=0.525 K=2000
  [dqn] slot=300 team_r=2.8417 eps=0.430 K=2000
  [dqn] slot=350 team_r=2.0068 eps=0.335 K=2000
  [dqn] slot=400 team_r=2.5617 eps=0.240 K=2000
  [dqn] slot=450 team_r=-10.6125 eps=0.145 K=2000
    reward=-7.959 vio=0.749 pick_top=Box3
[action_pick/snr] dqn seed=1 snr=6
  [dqn] slot=0 team_r=3.1731 eps=1.000 K=2000
  [dqn] slot=50 team_r=3.2315 eps=0.905 K=2000
  [dqn] slot=100 team_r=2.7376 eps=0.810 K=2000
  [dqn] slot=150 team_r=1.6382 eps=0.715 K=2000
  [dqn] slot=200 team_r=2.5160 eps=0.620 K=2000
  [dqn] slot=250 team_r=4.6411 eps=0.525 K=2000
  [dqn] slot=300 team_r=-158.1539 eps=0.430 K=2000
  [dqn] slot=350 team_r=0.2357 eps=0.335 K=2000
  [dqn] slot=400 team_r=0.7595 eps=0.240 K=2000
  [dqn] slot=450 team_r=3.2600 eps=0.145 K=2000
    reward=-3.273 vio=0.716 pick_top=Box3
[action_pick/snr] dqn seed=2 snr=6
  [dqn] slot=0 team_r=0.8070 eps=1.000 K=2000
  [dqn] slot=50 team_r=2.3912 eps=0.905 K=2000
  [dqn] slot=100 team_r=-26.6109 eps=0.810 K=2000
  [dqn] slot=150 team_r=2.3948 eps=0.715 K=2000
  [dqn] slot=200 team_r=1.7919 eps=0.620 K=2000
  [dqn] slot=250 team_r=0.4591 eps=0.525 K=2000
  [dqn] slot=300 team_r=1.3385 eps=0.430 K=2000
  [dqn] slot=350 team_r=-14.9721 eps=0.335 K=2000
  [dqn] slot=400 team_r=1.5775 eps=0.240 K=2000
  [dqn] slot=450 team_r=1.5410 eps=0.145 K=2000
    reward=-2.741 vio=0.782 pick_top=Box6
[action_pick/snr] ppo seed=0 snr=6
  [ppo train] slot=0 team_r=3.4534
  [ppo train] slot=50 team_r=-20.7708
  [ppo train] slot=100 team_r=2.1802
  [ppo train] slot=150 team_r=3.5311
  [ppo train] slot=200 team_r=2.6850
  [ppo train] slot=250 team_r=-0.5071
  [ppo train] slot=300 team_r=-0.0428
  [ppo train] slot=350 team_r=-1.2469
  [ppo train] slot=400 team_r=-16.5261
  [ppo train] slot=450 team_r=-89.3875
    reward=-4.426 vio=0.760 pick_top=Box3
[action_pick/snr] ppo seed=1 snr=6
  [ppo train] slot=0 team_r=2.8147
  [ppo train] slot=50 team_r=1.1914
  [ppo train] slot=100 team_r=3.3277
  [ppo train] slot=150 team_r=-0.6728
  [ppo train] slot=200 team_r=2.9330
  [ppo train] slot=250 team_r=-4.9212
  [ppo train] slot=300 team_r=2.7319
  [ppo train] slot=350 team_r=2.7909
  [ppo train] slot=400 team_r=-664.8738
  [ppo train] slot=450 team_r=2.8830
    reward=-9.002 vio=0.716 pick_top=Box3
[action_pick/snr] ppo seed=2 snr=6
  [ppo train] slot=0 team_r=2.2381
  [ppo train] slot=50 team_r=3.8525
  [ppo train] slot=100 team_r=-1.6398
  [ppo train] slot=150 team_r=1.9415
  [ppo train] slot=200 team_r=4.6295
  [ppo train] slot=250 team_r=2.9416
  [ppo train] slot=300 team_r=-6.4165
  [ppo train] slot=350 team_r=0.5746
  [ppo train] slot=400 team_r=-0.9356
  [ppo train] slot=450 team_r=-0.4244
    reward=-3.635 vio=0.780 pick_top=Standard3
[action_pick/snr] mappo seed=0 snr=6
  [mappo train] slot=0 team_r=2.8420
  [mappo train] slot=50 team_r=0.7010
  [mappo train] slot=100 team_r=2.6919
  [mappo train] slot=150 team_r=2.9900
  [mappo train] slot=200 team_r=2.8807
  [mappo train] slot=250 team_r=0.0690
  [mappo train] slot=300 team_r=0.1305
  [mappo train] slot=350 team_r=1.9484
  [mappo train] slot=400 team_r=-11.4746
  [mappo train] slot=450 team_r=-355.9722
    reward=-5.528 vio=0.767 pick_top=Standard3
[action_pick/snr] mappo seed=1 snr=6
  [mappo train] slot=0 team_r=3.7662
  [mappo train] slot=50 team_r=1.9466
  [mappo train] slot=100 team_r=2.9415
  [mappo train] slot=150 team_r=-15.5059
  [mappo train] slot=200 team_r=4.1699
  [mappo train] slot=250 team_r=1.9330
  [mappo train] slot=300 team_r=-0.0198
  [mappo train] slot=350 team_r=2.3976
  [mappo train] slot=400 team_r=2.2939
  [mappo train] slot=450 team_r=2.6708
    reward=-6.211 vio=0.717 pick_top=Standard3
[action_pick/snr] mappo seed=2 snr=6
  [mappo train] slot=0 team_r=3.5423
  [mappo train] slot=50 team_r=4.3639
  [mappo train] slot=100 team_r=3.0667
  [mappo train] slot=150 team_r=1.0603
  [mappo train] slot=200 team_r=2.0434
  [mappo train] slot=250 team_r=-5.6048
  [mappo train] slot=300 team_r=0.3660
  [mappo train] slot=350 team_r=0.2225
  [mappo train] slot=400 team_r=-237.8364
  [mappo train] slot=450 team_r=1.6176
    reward=-5.072 vio=0.767 pick_top=Standard3
[action_pick/snr] cto seed=0 snr=6
    reward=1.793 vio=0.432 pick_top=Box3
[action_pick/snr] cto seed=1 snr=6
    reward=2.416 vio=0.417 pick_top=Box3
[action_pick/snr] cto seed=2 snr=6
    reward=1.399 vio=0.543 pick_top=Box3
[action_pick/users] causal seed=0 users=10
[action_pick/users] causal seed=1 users=10
[action_pick/users] causal seed=2 users=10
[action_pick/users] ucb seed=0 users=10
[action_pick/users] ucb seed=1 users=10
[action_pick/users] ucb seed=2 users=10
[action_pick/users] dts seed=0 users=10
[action_pick/users] dts seed=1 users=10
[action_pick/users] dts seed=2 users=10
[action_pick/users] gdo seed=0 users=10
[action_pick/users] gdo seed=1 users=10
[action_pick/users] gdo seed=2 users=10
[action_pick/users] rss seed=0 users=10
[action_pick/users] rss seed=1 users=10
[action_pick/users] rss seed=2 users=10
[action_pick/users] dqn seed=0 users=10
  [dqn] slot=0 team_r=2.0769 eps=1.000 K=2000
  [dqn] slot=50 team_r=-2.2239 eps=0.905 K=2000
  [dqn] slot=100 team_r=-94.8708 eps=0.810 K=2000
  [dqn] slot=150 team_r=-54.2794 eps=0.715 K=2000
  [dqn] slot=200 team_r=2.6808 eps=0.620 K=2000
  [dqn] slot=250 team_r=3.2208 eps=0.525 K=2000
  [dqn] slot=300 team_r=4.7943 eps=0.430 K=2000
  [dqn] slot=350 team_r=-0.4870 eps=0.335 K=2000
  [dqn] slot=400 team_r=-42.2489 eps=0.240 K=2000
  [dqn] slot=450 team_r=3.5783 eps=0.145 K=2000
[action_pick/users] dqn seed=1 users=10
  [dqn] slot=0 team_r=3.4025 eps=1.000 K=2000
  [dqn] slot=50 team_r=-7.4146 eps=0.905 K=2000
  [dqn] slot=100 team_r=1.7839 eps=0.810 K=2000
  [dqn] slot=150 team_r=2.0993 eps=0.715 K=2000
  [dqn] slot=200 team_r=2.5260 eps=0.620 K=2000
  [dqn] slot=250 team_r=2.7835 eps=0.525 K=2000
  [dqn] slot=300 team_r=3.1929 eps=0.430 K=2000
  [dqn] slot=350 team_r=-0.3866 eps=0.335 K=2000
  [dqn] slot=400 team_r=4.2602 eps=0.240 K=2000
  [dqn] slot=450 team_r=-378.2335 eps=0.145 K=2000
[action_pick/users] dqn seed=2 users=10
  [dqn] slot=0 team_r=1.0244 eps=1.000 K=2000
  [dqn] slot=50 team_r=-694.8634 eps=0.905 K=2000
  [dqn] slot=100 team_r=-4.4981 eps=0.810 K=2000
  [dqn] slot=150 team_r=-8.6509 eps=0.715 K=2000
  [dqn] slot=200 team_r=1.0400 eps=0.620 K=2000
  [dqn] slot=250 team_r=0.5028 eps=0.525 K=2000
  [dqn] slot=300 team_r=1.0141 eps=0.430 K=2000
  [dqn] slot=350 team_r=2.7675 eps=0.335 K=2000
  [dqn] slot=400 team_r=2.0010 eps=0.240 K=2000
  [dqn] slot=450 team_r=2.6228 eps=0.145 K=2000
[action_pick/users] ppo seed=0 users=10
  [ppo train] slot=0 team_r=3.4181
  [ppo train] slot=50 team_r=0.5148
  [ppo train] slot=100 team_r=2.5155
  [ppo train] slot=150 team_r=3.0626
  [ppo train] slot=200 team_r=1.2318
  [ppo train] slot=250 team_r=-2.6295
  [ppo train] slot=300 team_r=3.0590
  [ppo train] slot=350 team_r=1.0234
  [ppo train] slot=400 team_r=2.7398
  [ppo train] slot=450 team_r=-19.1961
[action_pick/users] ppo seed=1 users=10
  [ppo train] slot=0 team_r=2.2314
  [ppo train] slot=50 team_r=1.9736
  [ppo train] slot=100 team_r=0.6095
  [ppo train] slot=150 team_r=1.7844
  [ppo train] slot=200 team_r=0.7199
  [ppo train] slot=250 team_r=3.0719
  [ppo train] slot=300 team_r=3.3775
  [ppo train] slot=350 team_r=4.0447
  [ppo train] slot=400 team_r=0.5508
  [ppo train] slot=450 team_r=2.5626
[action_pick/users] ppo seed=2 users=10
  [ppo train] slot=0 team_r=2.3852
  [ppo train] slot=50 team_r=3.0176
  [ppo train] slot=100 team_r=-40.1569
  [ppo train] slot=150 team_r=-102.4085
  [ppo train] slot=200 team_r=2.6973
  [ppo train] slot=250 team_r=2.7139
  [ppo train] slot=300 team_r=1.4735
  [ppo train] slot=350 team_r=1.8116
  [ppo train] slot=400 team_r=1.3630
  [ppo train] slot=450 team_r=2.4705
[action_pick/users] mappo seed=0 users=10
  [mappo train] slot=0 team_r=3.2109
  [mappo train] slot=50 team_r=2.1512
  [mappo train] slot=100 team_r=4.1128
  [mappo train] slot=150 team_r=-3.0705
  [mappo train] slot=200 team_r=1.8369
  [mappo train] slot=250 team_r=0.6298
  [mappo train] slot=300 team_r=-455.4807
  [mappo train] slot=350 team_r=3.1134
  [mappo train] slot=400 team_r=0.8370
  [mappo train] slot=450 team_r=1.9497
[action_pick/users] mappo seed=1 users=10
  [mappo train] slot=0 team_r=2.6930
  [mappo train] slot=50 team_r=-57.1564
  [mappo train] slot=100 team_r=-9.4965
  [mappo train] slot=150 team_r=0.4453
  [mappo train] slot=200 team_r=-36.6432
  [mappo train] slot=250 team_r=-28.8951
  [mappo train] slot=300 team_r=3.0059
  [mappo train] slot=350 team_r=3.2758
  [mappo train] slot=400 team_r=2.1761
  [mappo train] slot=450 team_r=-53.2358
[action_pick/users] mappo seed=2 users=10
  [mappo train] slot=0 team_r=3.3271
  [mappo train] slot=50 team_r=2.0254
  [mappo train] slot=100 team_r=2.1056
  [mappo train] slot=150 team_r=0.3158
  [mappo train] slot=200 team_r=-0.1168
  [mappo train] slot=250 team_r=2.4204
  [mappo train] slot=300 team_r=1.3271
  [mappo train] slot=350 team_r=3.4218
  [mappo train] slot=400 team_r=1.1373
  [mappo train] slot=450 team_r=3.3859
[action_pick/users] cto seed=0 users=10
[action_pick/users] cto seed=1 users=10
[action_pick/users] cto seed=2 users=10
[action_pick/users] causal seed=0 users=15
[action_pick/users] causal seed=1 users=15
[action_pick/users] causal seed=2 users=15
[action_pick/users] ucb seed=0 users=15
[action_pick/users] ucb seed=1 users=15
[action_pick/users] ucb seed=2 users=15
[action_pick/users] dts seed=0 users=15
[action_pick/users] dts seed=1 users=15
[action_pick/users] dts seed=2 users=15
[action_pick/users] gdo seed=0 users=15
[action_pick/users] gdo seed=1 users=15
[action_pick/users] gdo seed=2 users=15
[action_pick/users] rss seed=0 users=15
[action_pick/users] rss seed=1 users=15
[action_pick/users] rss seed=2 users=15
[action_pick/users] dqn seed=0 users=15
  [dqn] slot=0 team_r=0.9030 eps=1.000 K=2000
  [dqn] slot=50 team_r=-0.0138 eps=0.905 K=2000
  [dqn] slot=100 team_r=-14.3765 eps=0.810 K=2000
  [dqn] slot=150 team_r=0.9677 eps=0.715 K=2000
  [dqn] slot=200 team_r=-6.9949 eps=0.620 K=2000
  [dqn] slot=250 team_r=-8.0213 eps=0.525 K=2000
  [dqn] slot=300 team_r=-0.0034 eps=0.430 K=2000
  [dqn] slot=350 team_r=0.7653 eps=0.335 K=2000
  [dqn] slot=400 team_r=1.8064 eps=0.240 K=2000
  [dqn] slot=450 team_r=2.2661 eps=0.145 K=2000
[action_pick/users] dqn seed=1 users=15
  [dqn] slot=0 team_r=1.0991 eps=1.000 K=2000
  [dqn] slot=50 team_r=2.9479 eps=0.905 K=2000
  [dqn] slot=100 team_r=1.2481 eps=0.810 K=2000
  [dqn] slot=150 team_r=0.7885 eps=0.715 K=2000
  [dqn] slot=200 team_r=-0.3644 eps=0.620 K=2000
  [dqn] slot=250 team_r=2.6088 eps=0.525 K=2000
  [dqn] slot=300 team_r=0.5728 eps=0.430 K=2000
  [dqn] slot=350 team_r=-42.8574 eps=0.335 K=2000
  [dqn] slot=400 team_r=0.9256 eps=0.240 K=2000
  [dqn] slot=450 team_r=-64.7647 eps=0.145 K=2000
[action_pick/users] dqn seed=2 users=15
  [dqn] slot=0 team_r=2.0806 eps=1.000 K=2000
  [dqn] slot=50 team_r=1.3673 eps=0.905 K=2000
  [dqn] slot=100 team_r=-1.1733 eps=0.810 K=2000
  [dqn] slot=150 team_r=-96.1932 eps=0.715 K=2000
  [dqn] slot=200 team_r=-0.5620 eps=0.620 K=2000
  [dqn] slot=250 team_r=-57.2666 eps=0.525 K=2000
  [dqn] slot=300 team_r=2.4549 eps=0.430 K=2000
  [dqn] slot=350 team_r=1.7107 eps=0.335 K=2000
  [dqn] slot=400 team_r=-28.4546 eps=0.240 K=2000
  [dqn] slot=450 team_r=0.7842 eps=0.145 K=2000
[action_pick/users] ppo seed=0 users=15
  [ppo train] slot=0 team_r=0.9079
  [ppo train] slot=50 team_r=-17.2541
  [ppo train] slot=100 team_r=2.4653
  [ppo train] slot=150 team_r=-0.1498
  [ppo train] slot=200 team_r=1.8244
  [ppo train] slot=250 team_r=-15.2978
  [ppo train] slot=300 team_r=1.0309
  [ppo train] slot=350 team_r=0.8097
  [ppo train] slot=400 team_r=-0.4732
  [ppo train] slot=450 team_r=1.3368
[action_pick/users] ppo seed=1 users=15
  [ppo train] slot=0 team_r=2.5280
  [ppo train] slot=50 team_r=0.0523
  [ppo train] slot=100 team_r=3.0150
  [ppo train] slot=150 team_r=-0.5577
  [ppo train] slot=200 team_r=-393.2697
  [ppo train] slot=250 team_r=0.2855
  [ppo train] slot=300 team_r=-19.7737
  [ppo train] slot=350 team_r=1.5827
  [ppo train] slot=400 team_r=-3.2625
  [ppo train] slot=450 team_r=-22.1257
[action_pick/users] ppo seed=2 users=15
  [ppo train] slot=0 team_r=2.7306
  [ppo train] slot=50 team_r=-2.1910
  [ppo train] slot=100 team_r=-35.9558
  [ppo train] slot=150 team_r=-0.5288
  [ppo train] slot=200 team_r=0.6923
  [ppo train] slot=250 team_r=-8.7815
  [ppo train] slot=300 team_r=-117.0608
  [ppo train] slot=350 team_r=-4.4562
  [ppo train] slot=400 team_r=-1.4676
  [ppo train] slot=450 team_r=-28.7727
[action_pick/users] mappo seed=0 users=15
  [mappo train] slot=0 team_r=2.2713
  [mappo train] slot=50 team_r=1.1273
  [mappo train] slot=100 team_r=-0.4559
  [mappo train] slot=150 team_r=0.3019
  [mappo train] slot=200 team_r=-2.3720
  [mappo train] slot=250 team_r=-1.0086
  [mappo train] slot=300 team_r=1.6252
  [mappo train] slot=350 team_r=-2.8602
  [mappo train] slot=400 team_r=0.5452
  [mappo train] slot=450 team_r=-28.7494
[action_pick/users] mappo seed=1 users=15
  [mappo train] slot=0 team_r=2.5248
  [mappo train] slot=50 team_r=-61.4777
  [mappo train] slot=100 team_r=-0.2168
  [mappo train] slot=150 team_r=0.4896
  [mappo train] slot=200 team_r=-1.4718
  [mappo train] slot=250 team_r=-1.6786
  [mappo train] slot=300 team_r=-0.1284
  [mappo train] slot=350 team_r=1.9503
  [mappo train] slot=400 team_r=0.7083
  [mappo train] slot=450 team_r=-7.8950
[action_pick/users] mappo seed=2 users=15
  [mappo train] slot=0 team_r=1.9644
  [mappo train] slot=50 team_r=-3.6378
  [mappo train] slot=100 team_r=-322.5183
  [mappo train] slot=150 team_r=1.5364
  [mappo train] slot=200 team_r=1.3846
  [mappo train] slot=250 team_r=3.6959
  [mappo train] slot=300 team_r=2.4517
  [mappo train] slot=350 team_r=1.4619
  [mappo train] slot=400 team_r=-4.5169
  [mappo train] slot=450 team_r=0.9962
[action_pick/users] cto seed=0 users=15
[action_pick/users] cto seed=1 users=15
[action_pick/users] cto seed=2 users=15
[action_pick/users] causal seed=0 users=20
[action_pick/users] causal seed=1 users=20
[action_pick/users] causal seed=2 users=20
[action_pick/users] ucb seed=0 users=20
[action_pick/users] ucb seed=1 users=20
[action_pick/users] ucb seed=2 users=20
[action_pick/users] dts seed=0 users=20
[action_pick/users] dts seed=1 users=20
[action_pick/users] dts seed=2 users=20
[action_pick/users] gdo seed=0 users=20
[action_pick/users] gdo seed=1 users=20
[action_pick/users] gdo seed=2 users=20
[action_pick/users] rss seed=0 users=20
[action_pick/users] rss seed=1 users=20
[action_pick/users] rss seed=2 users=20
[action_pick/users] dqn seed=0 users=20
  [dqn] slot=0 team_r=0.3626 eps=1.000 K=2000
  [dqn] slot=50 team_r=1.3165 eps=0.905 K=2000
  [dqn] slot=100 team_r=-2.5243 eps=0.810 K=2000
  [dqn] slot=150 team_r=-7.7559 eps=0.715 K=2000
  [dqn] slot=200 team_r=0.0822 eps=0.620 K=2000
  [dqn] slot=250 team_r=-1.8077 eps=0.525 K=2000
  [dqn] slot=300 team_r=-23.1079 eps=0.430 K=2000
  [dqn] slot=350 team_r=2.7073 eps=0.335 K=2000
  [dqn] slot=400 team_r=0.9215 eps=0.240 K=2000
  [dqn] slot=450 team_r=1.3083 eps=0.145 K=2000
[action_pick/users] dqn seed=1 users=20
  [dqn] slot=0 team_r=0.7043 eps=1.000 K=2000
  [dqn] slot=50 team_r=-2.2303 eps=0.905 K=2000
  [dqn] slot=100 team_r=1.2014 eps=0.810 K=2000
  [dqn] slot=150 team_r=-1.7334 eps=0.715 K=2000
  [dqn] slot=200 team_r=1.0718 eps=0.620 K=2000
  [dqn] slot=250 team_r=-16.9318 eps=0.525 K=2000
  [dqn] slot=300 team_r=-1.9424 eps=0.430 K=2000
  [dqn] slot=350 team_r=-95.8598 eps=0.335 K=2000
  [dqn] slot=400 team_r=-1.4961 eps=0.240 K=2000
  [dqn] slot=450 team_r=-1.3537 eps=0.145 K=2000
[action_pick/users] dqn seed=2 users=20
  [dqn] slot=0 team_r=1.1625 eps=1.000 K=2000
  [dqn] slot=50 team_r=-0.9440 eps=0.905 K=2000
  [dqn] slot=100 team_r=0.2078 eps=0.810 K=2000
  [dqn] slot=150 team_r=-2.3051 eps=0.715 K=2000
  [dqn] slot=200 team_r=1.2971 eps=0.620 K=2000
  [dqn] slot=250 team_r=-1.4725 eps=0.525 K=2000
  [dqn] slot=300 team_r=1.5611 eps=0.430 K=2000
  [dqn] slot=350 team_r=-0.3104 eps=0.335 K=2000
  [dqn] slot=400 team_r=-2.1212 eps=0.240 K=2000
  [dqn] slot=450 team_r=-1.7267 eps=0.145 K=2000
[action_pick/users] ppo seed=0 users=20
  [ppo train] slot=0 team_r=2.0933
  [ppo train] slot=50 team_r=1.1166
  [ppo train] slot=100 team_r=-0.2023
  [ppo train] slot=150 team_r=0.3598
  [ppo train] slot=200 team_r=-0.3989
  [ppo train] slot=250 team_r=-47.3218
  [ppo train] slot=300 team_r=-0.0543
  [ppo train] slot=350 team_r=-2.9534
  [ppo train] slot=400 team_r=0.4830
  [ppo train] slot=450 team_r=-223.7427
[action_pick/users] ppo seed=1 users=20
  [ppo train] slot=0 team_r=0.8419
  [ppo train] slot=50 team_r=-0.3655
  [ppo train] slot=100 team_r=1.2091
  [ppo train] slot=150 team_r=-138.9023
  [ppo train] slot=200 team_r=-18.3579
  [ppo train] slot=250 team_r=1.2060
  [ppo train] slot=300 team_r=-0.6473
  [ppo train] slot=350 team_r=-4.1225
  [ppo train] slot=400 team_r=0.1713
  [ppo train] slot=450 team_r=-0.3786
[action_pick/users] ppo seed=2 users=20
  [ppo train] slot=0 team_r=1.4169
  [ppo train] slot=50 team_r=-0.5422
  [ppo train] slot=100 team_r=-0.7684
  [ppo train] slot=150 team_r=-0.1364
  [ppo train] slot=200 team_r=-52.4194
  [ppo train] slot=250 team_r=-6.2964
  [ppo train] slot=300 team_r=0.8016
  [ppo train] slot=350 team_r=-0.5973
  [ppo train] slot=400 team_r=-2.9233
  [ppo train] slot=450 team_r=-0.2460
[action_pick/users] mappo seed=0 users=20
  [mappo train] slot=0 team_r=-0.0688
  [mappo train] slot=50 team_r=-0.1610
  [mappo train] slot=100 team_r=0.8271
  [mappo train] slot=150 team_r=0.7460
  [mappo train] slot=200 team_r=-2.0578
  [mappo train] slot=250 team_r=-0.5766
  [mappo train] slot=300 team_r=2.7941
  [mappo train] slot=350 team_r=-4.1589
  [mappo train] slot=400 team_r=-6.7028
  [mappo train] slot=450 team_r=0.9017
[action_pick/users] mappo seed=1 users=20
  [mappo train] slot=0 team_r=0.7752
  [mappo train] slot=50 team_r=-360.4758
  [mappo train] slot=100 team_r=-2.6642
  [mappo train] slot=150 team_r=-0.9613
  [mappo train] slot=200 team_r=-1.8292
  [mappo train] slot=250 team_r=-0.3074
  [mappo train] slot=300 team_r=-0.3254
  [mappo train] slot=350 team_r=2.0332
  [mappo train] slot=400 team_r=-68.7945
  [mappo train] slot=450 team_r=-64.2307
[action_pick/users] mappo seed=2 users=20
  [mappo train] slot=0 team_r=1.0901
  [mappo train] slot=50 team_r=-4.1428
  [mappo train] slot=100 team_r=-5.5600
  [mappo train] slot=150 team_r=-82.9848
  [mappo train] slot=200 team_r=-0.6421
  [mappo train] slot=250 team_r=0.1161
  [mappo train] slot=300 team_r=-116.3743
  [mappo train] slot=350 team_r=0.6273
  [mappo train] slot=400 team_r=-73.2380
  [mappo train] slot=450 team_r=-71.4018
[action_pick/users] cto seed=0 users=20
[action_pick/users] cto seed=1 users=20
[action_pick/users] cto seed=2 users=20
[action_pick/beta] causal seed=0 beta=0.55
    reward=4.571 vio=0.240
[action_pick/beta] causal seed=1 beta=0.55
    reward=4.484 vio=0.202
[action_pick/beta] causal seed=2 beta=0.55
    reward=4.403 vio=0.310
[action_pick/beta] ucb seed=0 beta=0.55
    reward=2.620 vio=0.365
[action_pick/beta] ucb seed=1 beta=0.55
    reward=3.646 vio=0.383
[action_pick/beta] ucb seed=2 beta=0.55
    reward=3.145 vio=0.465
[action_pick/beta] dts seed=0 beta=0.55
    reward=-0.209 vio=0.554
[action_pick/beta] dts seed=1 beta=0.55
    reward=2.047 vio=0.483
[action_pick/beta] dts seed=2 beta=0.55
    reward=0.919 vio=0.590
[action_pick/beta] gdo seed=0 beta=0.55
    reward=-12.710 vio=0.785
[action_pick/beta] gdo seed=1 beta=0.55
    reward=-8.481 vio=0.735
[action_pick/beta] gdo seed=2 beta=0.55
    reward=-12.229 vio=0.800
[action_pick/beta] rss seed=0 beta=0.55
    reward=-3.333 vio=0.724
[action_pick/beta] rss seed=1 beta=0.55
    reward=-5.789 vio=0.755
[action_pick/beta] rss seed=2 beta=0.55
    reward=-5.830 vio=0.744
[action_pick/beta] dqn seed=0 beta=0.55
  [dqn] slot=0 team_r=2.0769 eps=1.000 K=2000
  [dqn] slot=50 team_r=-2.2239 eps=0.914 K=2000
  [dqn] slot=100 team_r=2.0561 eps=0.828 K=2000
  [dqn] slot=150 team_r=2.0824 eps=0.741 K=2000
  [dqn] slot=200 team_r=0.1317 eps=0.655 K=2000
  [dqn] slot=250 team_r=2.5082 eps=0.569 K=2000
  [dqn] slot=300 team_r=-0.0601 eps=0.483 K=2000
  [dqn] slot=350 team_r=3.4894 eps=0.396 K=2000
  [dqn] slot=400 team_r=-0.5754 eps=0.310 K=2000
  [dqn] slot=450 team_r=2.3210 eps=0.224 K=2000
    reward=-6.850 vio=0.787
[action_pick/beta] dqn seed=1 beta=0.55
  [dqn] slot=0 team_r=3.4025 eps=1.000 K=2000
  [dqn] slot=50 team_r=-7.4146 eps=0.914 K=2000
  [dqn] slot=100 team_r=3.1368 eps=0.828 K=2000
  [dqn] slot=150 team_r=2.9770 eps=0.741 K=2000
  [dqn] slot=200 team_r=1.1478 eps=0.655 K=2000
  [dqn] slot=250 team_r=4.1631 eps=0.569 K=2000
  [dqn] slot=300 team_r=-0.6708 eps=0.483 K=2000
  [dqn] slot=350 team_r=4.4122 eps=0.396 K=2000
  [dqn] slot=400 team_r=1.1703 eps=0.310 K=2000
  [dqn] slot=450 team_r=0.5238 eps=0.224 K=2000
    reward=-5.278 vio=0.752
[action_pick/beta] dqn seed=2 beta=0.55
  [dqn] slot=0 team_r=1.0244 eps=1.000 K=2000
  [dqn] slot=50 team_r=-0.3225 eps=0.914 K=2000
  [dqn] slot=100 team_r=1.7266 eps=0.828 K=2000
  [dqn] slot=150 team_r=-0.3655 eps=0.741 K=2000
  [dqn] slot=200 team_r=0.1870 eps=0.655 K=2000
  [dqn] slot=250 team_r=-41.7587 eps=0.569 K=2000
  [dqn] slot=300 team_r=0.1525 eps=0.483 K=2000
  [dqn] slot=350 team_r=-192.7817 eps=0.396 K=2000
  [dqn] slot=400 team_r=2.9021 eps=0.310 K=2000
  [dqn] slot=450 team_r=1.7221 eps=0.224 K=2000
    reward=-4.787 vio=0.794
[action_pick/beta] ppo seed=0 beta=0.55
  [ppo train] slot=0 team_r=3.4181
  [ppo train] slot=50 team_r=0.5148
  [ppo train] slot=100 team_r=2.5155
  [ppo train] slot=150 team_r=3.0626
  [ppo train] slot=200 team_r=1.2318
  [ppo train] slot=250 team_r=-2.6295
  [ppo train] slot=300 team_r=3.0590
  [ppo train] slot=350 team_r=1.0234
  [ppo train] slot=400 team_r=2.7398
  [ppo train] slot=450 team_r=-19.1961
    reward=-6.919 vio=0.798
[action_pick/beta] ppo seed=1 beta=0.55
  [ppo train] slot=0 team_r=2.2314
  [ppo train] slot=50 team_r=1.9736
  [ppo train] slot=100 team_r=0.6095
  [ppo train] slot=150 team_r=1.7844
  [ppo train] slot=200 team_r=0.7199
  [ppo train] slot=250 team_r=3.0719
  [ppo train] slot=300 team_r=3.3775
  [ppo train] slot=350 team_r=4.0447
  [ppo train] slot=400 team_r=0.5508
  [ppo train] slot=450 team_r=2.5626
    reward=-5.829 vio=0.752
[action_pick/beta] ppo seed=2 beta=0.55
  [ppo train] slot=0 team_r=2.3852
  [ppo train] slot=50 team_r=3.0176
  [ppo train] slot=100 team_r=-40.1569
  [ppo train] slot=150 team_r=-102.4085
  [ppo train] slot=200 team_r=2.6973
  [ppo train] slot=250 team_r=2.7139
  [ppo train] slot=300 team_r=1.4735
  [ppo train] slot=350 team_r=1.8116
  [ppo train] slot=400 team_r=1.3630
  [ppo train] slot=450 team_r=2.4705
    reward=-6.456 vio=0.807
[action_pick/beta] mappo seed=0 beta=0.55
  [mappo train] slot=0 team_r=3.2109
  [mappo train] slot=50 team_r=2.1512
  [mappo train] slot=100 team_r=4.1128
  [mappo train] slot=150 team_r=-3.0705
  [mappo train] slot=200 team_r=1.8369
  [mappo train] slot=250 team_r=0.6298
  [mappo train] slot=300 team_r=-455.4807
  [mappo train] slot=350 team_r=3.1134
  [mappo train] slot=400 team_r=0.8370
  [mappo train] slot=450 team_r=1.9497
    reward=-8.183 vio=0.801
[action_pick/beta] mappo seed=1 beta=0.55
  [mappo train] slot=0 team_r=2.6930
  [mappo train] slot=50 team_r=-57.1564
  [mappo train] slot=100 team_r=-9.4965
  [mappo train] slot=150 team_r=0.4453
  [mappo train] slot=200 team_r=-36.6432
  [mappo train] slot=250 team_r=-28.8951
  [mappo train] slot=300 team_r=3.0059
  [mappo train] slot=350 team_r=3.2758
  [mappo train] slot=400 team_r=2.1761
  [mappo train] slot=450 team_r=-53.2358
    reward=-5.574 vio=0.730
[action_pick/beta] mappo seed=2 beta=0.55
  [mappo train] slot=0 team_r=3.3271
  [mappo train] slot=50 team_r=2.0254
  [mappo train] slot=100 team_r=2.1056
  [mappo train] slot=150 team_r=0.3158
  [mappo train] slot=200 team_r=-0.1168
  [mappo train] slot=250 team_r=2.4204
  [mappo train] slot=300 team_r=1.3271
  [mappo train] slot=350 team_r=3.4218
  [mappo train] slot=400 team_r=1.1373
  [mappo train] slot=450 team_r=3.3859
    reward=-6.560 vio=0.800
[action_pick/beta] cto seed=0 beta=0.55
    reward=1.552 vio=0.467
[action_pick/beta] cto seed=1 beta=0.55
    reward=0.369 vio=0.473
[action_pick/beta] cto seed=2 beta=0.55
    reward=1.222 vio=0.563
[action_pick/beta] causal seed=0 beta=1.0
    reward=4.476 vio=0.243
[action_pick/beta] causal seed=1 beta=1.0
    reward=4.243 vio=0.219
[action_pick/beta] causal seed=2 beta=1.0
    reward=4.518 vio=0.312
[action_pick/beta] ucb seed=0 beta=1.0
    reward=2.759 vio=0.371
[action_pick/beta] ucb seed=1 beta=1.0
    reward=3.409 vio=0.437
[action_pick/beta] ucb seed=2 beta=1.0
    reward=2.913 vio=0.387
[action_pick/beta] dts seed=0 beta=1.0
    reward=-0.209 vio=0.554
[action_pick/beta] dts seed=1 beta=1.0
    reward=2.047 vio=0.483
[action_pick/beta] dts seed=2 beta=1.0
    reward=0.919 vio=0.590
[action_pick/beta] gdo seed=0 beta=1.0
    reward=-12.710 vio=0.785
[action_pick/beta] gdo seed=1 beta=1.0
    reward=-8.481 vio=0.735
[action_pick/beta] gdo seed=2 beta=1.0
    reward=-12.229 vio=0.800
[action_pick/beta] rss seed=0 beta=1.0
    reward=-3.333 vio=0.724
[action_pick/beta] rss seed=1 beta=1.0
    reward=-5.789 vio=0.755
[action_pick/beta] rss seed=2 beta=1.0
    reward=-5.830 vio=0.744
[action_pick/beta] dqn seed=0 beta=1.0
  [dqn] slot=0 team_r=2.0769 eps=1.000 K=2000
  [dqn] slot=50 team_r=-2.2239 eps=0.925 K=2000
  [dqn] slot=100 team_r=2.0561 eps=0.850 K=2000
  [dqn] slot=150 team_r=-5.1653 eps=0.775 K=2000
  [dqn] slot=200 team_r=3.6935 eps=0.700 K=2000
  [dqn] slot=250 team_r=4.5511 eps=0.625 K=2000
  [dqn] slot=300 team_r=-1.8326 eps=0.550 K=2000
  [dqn] slot=350 team_r=1.2294 eps=0.475 K=2000
  [dqn] slot=400 team_r=0.4956 eps=0.400 K=2000
  [dqn] slot=450 team_r=-46.5295 eps=0.325 K=2000
    reward=-5.582 vio=0.778
[action_pick/beta] dqn seed=1 beta=1.0
  [dqn] slot=0 team_r=3.4025 eps=1.000 K=2000
  [dqn] slot=50 team_r=-7.4146 eps=0.925 K=2000
  [dqn] slot=100 team_r=3.1368 eps=0.850 K=2000
  [dqn] slot=150 team_r=0.4608 eps=0.775 K=2000
  [dqn] slot=200 team_r=-4.5554 eps=0.700 K=2000
  [dqn] slot=250 team_r=3.1722 eps=0.625 K=2000
  [dqn] slot=300 team_r=3.7158 eps=0.550 K=2000
  [dqn] slot=350 team_r=2.4796 eps=0.475 K=2000
  [dqn] slot=400 team_r=2.9400 eps=0.400 K=2000
  [dqn] slot=450 team_r=0.7212 eps=0.325 K=2000
    reward=-5.055 vio=0.747
[action_pick/beta] dqn seed=2 beta=1.0
  [dqn] slot=0 team_r=1.0244 eps=1.000 K=2000
  [dqn] slot=50 team_r=-0.3225 eps=0.925 K=2000
  [dqn] slot=100 team_r=1.7266 eps=0.850 K=2000
  [dqn] slot=150 team_r=3.1599 eps=0.775 K=2000
  [dqn] slot=200 team_r=-45.5696 eps=0.700 K=2000
  [dqn] slot=250 team_r=2.1849 eps=0.625 K=2000
  [dqn] slot=300 team_r=4.7933 eps=0.550 K=2000
  [dqn] slot=350 team_r=0.3848 eps=0.475 K=2000
  [dqn] slot=400 team_r=0.2884 eps=0.400 K=2000
  [dqn] slot=450 team_r=-189.0806 eps=0.325 K=2000
    reward=-5.986 vio=0.817
[action_pick/beta] ppo seed=0 beta=1.0
  [ppo train] slot=0 team_r=3.4181
  [ppo train] slot=50 team_r=0.5148
  [ppo train] slot=100 team_r=2.5155
  [ppo train] slot=150 team_r=3.0626
  [ppo train] slot=200 team_r=1.2318
  [ppo train] slot=250 team_r=-2.6295
  [ppo train] slot=300 team_r=3.0590
  [ppo train] slot=350 team_r=1.0234
  [ppo train] slot=400 team_r=2.7398
  [ppo train] slot=450 team_r=-19.1961
    reward=-6.919 vio=0.798
[action_pick/beta] ppo seed=1 beta=1.0
  [ppo train] slot=0 team_r=2.2314
  [ppo train] slot=50 team_r=1.9736
  [ppo train] slot=100 team_r=0.6095
  [ppo train] slot=150 team_r=1.7844
  [ppo train] slot=200 team_r=0.7199
  [ppo train] slot=250 team_r=3.0719
  [ppo train] slot=300 team_r=3.3775
  [ppo train] slot=350 team_r=4.0447
  [ppo train] slot=400 team_r=0.5508
  [ppo train] slot=450 team_r=2.5626
    reward=-5.829 vio=0.752
[action_pick/beta] ppo seed=2 beta=1.0
  [ppo train] slot=0 team_r=2.3852
  [ppo train] slot=50 team_r=3.0176
  [ppo train] slot=100 team_r=-40.1569
  [ppo train] slot=150 team_r=-102.4085
  [ppo train] slot=200 team_r=2.6973
  [ppo train] slot=250 team_r=2.7139
  [ppo train] slot=300 team_r=1.4735
  [ppo train] slot=350 team_r=1.8116
  [ppo train] slot=400 team_r=1.3630
  [ppo train] slot=450 team_r=2.4705
    reward=-6.456 vio=0.807
[action_pick/beta] mappo seed=0 beta=1.0
  [mappo train] slot=0 team_r=3.2109
  [mappo train] slot=50 team_r=2.1512
  [mappo train] slot=100 team_r=4.1128
  [mappo train] slot=150 team_r=-3.0705
  [mappo train] slot=200 team_r=1.8369
  [mappo train] slot=250 team_r=0.6298
  [mappo train] slot=300 team_r=-455.4807
  [mappo train] slot=350 team_r=3.1134
  [mappo train] slot=400 team_r=0.8370
  [mappo train] slot=450 team_r=1.9497
    reward=-8.183 vio=0.801
[action_pick/beta] mappo seed=1 beta=1.0
  [mappo train] slot=0 team_r=2.6930
  [mappo train] slot=50 team_r=-57.1564
  [mappo train] slot=100 team_r=-9.4965
  [mappo train] slot=150 team_r=0.4453
  [mappo train] slot=200 team_r=-36.6432
  [mappo train] slot=250 team_r=-28.8951
  [mappo train] slot=300 team_r=3.0059
  [mappo train] slot=350 team_r=3.2758
  [mappo train] slot=400 team_r=2.1761
  [mappo train] slot=450 team_r=-53.2358
    reward=-5.574 vio=0.730
[action_pick/beta] mappo seed=2 beta=1.0
  [mappo train] slot=0 team_r=3.3271
  [mappo train] slot=50 team_r=2.0254
  [mappo train] slot=100 team_r=2.1056
  [mappo train] slot=150 team_r=0.3158
  [mappo train] slot=200 team_r=-0.1168
  [mappo train] slot=250 team_r=2.4204
  [mappo train] slot=300 team_r=1.3271
  [mappo train] slot=350 team_r=3.4218
  [mappo train] slot=400 team_r=1.1373
  [mappo train] slot=450 team_r=3.3859
    reward=-6.560 vio=0.800
[action_pick/beta] cto seed=0 beta=1.0
    reward=1.552 vio=0.467
[action_pick/beta] cto seed=1 beta=1.0
    reward=0.647 vio=0.452
[action_pick/beta] cto seed=2 beta=1.0
    reward=1.386 vio=0.528
[action_pick/beta] causal seed=0 beta=2.0
    reward=4.277 vio=0.270
[action_pick/beta] causal seed=1 beta=2.0
    reward=4.084 vio=0.223
[action_pick/beta] causal seed=2 beta=2.0
    reward=4.144 vio=0.323
[action_pick/beta] ucb seed=0 beta=2.0
    reward=0.327 vio=0.456
[action_pick/beta] ucb seed=1 beta=2.0
    reward=3.211 vio=0.385
[action_pick/beta] ucb seed=2 beta=2.0
    reward=2.734 vio=0.381
[action_pick/beta] dts seed=0 beta=2.0
    reward=-0.209 vio=0.554
[action_pick/beta] dts seed=1 beta=2.0
    reward=2.047 vio=0.483
[action_pick/beta] dts seed=2 beta=2.0
    reward=0.919 vio=0.590
[action_pick/beta] gdo seed=0 beta=2.0
    reward=-12.710 vio=0.785
[action_pick/beta] gdo seed=1 beta=2.0
    reward=-8.481 vio=0.735
[action_pick/beta] gdo seed=2 beta=2.0
    reward=-12.229 vio=0.800
[action_pick/beta] rss seed=0 beta=2.0
    reward=-3.333 vio=0.724
[action_pick/beta] rss seed=1 beta=2.0
    reward=-5.789 vio=0.755
[action_pick/beta] rss seed=2 beta=2.0
    reward=-5.830 vio=0.744
[action_pick/beta] dqn seed=0 beta=2.0
  [dqn] slot=0 team_r=2.0769 eps=1.000 K=2000
  [dqn] slot=50 team_r=5.4049 eps=0.950 K=2000
  [dqn] slot=100 team_r=-16.8964 eps=0.900 K=2000
  [dqn] slot=150 team_r=0.6660 eps=0.850 K=2000
  [dqn] slot=200 team_r=0.6099 eps=0.800 K=2000
  [dqn] slot=250 team_r=-6.2198 eps=0.750 K=2000
  [dqn] slot=300 team_r=2.4793 eps=0.700 K=2000
  [dqn] slot=350 team_r=-0.4313 eps=0.650 K=2000
  [dqn] slot=400 team_r=-24.8056 eps=0.600 K=2000
  [dqn] slot=450 team_r=-6.1271 eps=0.550 K=2000
    reward=-7.476 vio=0.791
[action_pick/beta] dqn seed=1 beta=2.0
  [dqn] slot=0 team_r=3.4025 eps=1.000 K=2000
  [dqn] slot=50 team_r=-7.4146 eps=0.950 K=2000
  [dqn] slot=100 team_r=1.8176 eps=0.900 K=2000
  [dqn] slot=150 team_r=4.0456 eps=0.850 K=2000
  [dqn] slot=200 team_r=2.0534 eps=0.800 K=2000
  [dqn] slot=250 team_r=5.2526 eps=0.750 K=2000
  [dqn] slot=300 team_r=4.3040 eps=0.700 K=2000
  [dqn] slot=350 team_r=-164.9072 eps=0.650 K=2000
  [dqn] slot=400 team_r=-50.3818 eps=0.600 K=2000
  [dqn] slot=450 team_r=2.3215 eps=0.550 K=2000
    reward=-7.421 vio=0.753
[action_pick/beta] dqn seed=2 beta=2.0
  [dqn] slot=0 team_r=1.0244 eps=1.000 K=2000
  [dqn] slot=50 team_r=3.9846 eps=0.950 K=2000
  [dqn] slot=100 team_r=1.8995 eps=0.900 K=2000
  [dqn] slot=150 team_r=3.1368 eps=0.850 K=2000
  [dqn] slot=200 team_r=-182.3452 eps=0.800 K=2000
  [dqn] slot=250 team_r=1.0252 eps=0.750 K=2000
  [dqn] slot=300 team_r=1.0141 eps=0.700 K=2000
  [dqn] slot=350 team_r=3.3943 eps=0.650 K=2000
  [dqn] slot=400 team_r=-0.3555 eps=0.600 K=2000
  [dqn] slot=450 team_r=2.6261 eps=0.550 K=2000
    reward=-5.504 vio=0.810
[action_pick/beta] ppo seed=0 beta=2.0
  [ppo train] slot=0 team_r=3.4181
  [ppo train] slot=50 team_r=0.5148
  [ppo train] slot=100 team_r=2.5155
  [ppo train] slot=150 team_r=3.0626
  [ppo train] slot=200 team_r=1.2318
  [ppo train] slot=250 team_r=-2.6295
  [ppo train] slot=300 team_r=3.0590
  [ppo train] slot=350 team_r=1.0234
  [ppo train] slot=400 team_r=2.7398
  [ppo train] slot=450 team_r=-19.1961
    reward=-6.919 vio=0.798
[action_pick/beta] ppo seed=1 beta=2.0
  [ppo train] slot=0 team_r=2.2314
  [ppo train] slot=50 team_r=1.9736
  [ppo train] slot=100 team_r=0.6095
  [ppo train] slot=150 team_r=1.7844
  [ppo train] slot=200 team_r=0.7199
  [ppo train] slot=250 team_r=3.0719
  [ppo train] slot=300 team_r=3.3775
  [ppo train] slot=350 team_r=4.0447
  [ppo train] slot=400 team_r=0.5508
  [ppo train] slot=450 team_r=2.5626
    reward=-5.829 vio=0.752
[action_pick/beta] ppo seed=2 beta=2.0
  [ppo train] slot=0 team_r=2.3852
  [ppo train] slot=50 team_r=3.0176
  [ppo train] slot=100 team_r=-40.1569
  [ppo train] slot=150 team_r=-102.4085
  [ppo train] slot=200 team_r=2.6973
  [ppo train] slot=250 team_r=2.7139
  [ppo train] slot=300 team_r=1.4735
  [ppo train] slot=350 team_r=1.8116
  [ppo train] slot=400 team_r=1.3630
  [ppo train] slot=450 team_r=2.4705
    reward=-6.456 vio=0.807
[action_pick/beta] mappo seed=0 beta=2.0
  [mappo train] slot=0 team_r=3.2109
  [mappo train] slot=50 team_r=2.1512
  [mappo train] slot=100 team_r=4.1128
  [mappo train] slot=150 team_r=-3.0705
  [mappo train] slot=200 team_r=1.8369
  [mappo train] slot=250 team_r=0.6298
  [mappo train] slot=300 team_r=-455.4807
  [mappo train] slot=350 team_r=3.1134
  [mappo train] slot=400 team_r=0.8370
  [mappo train] slot=450 team_r=1.9497
    reward=-8.183 vio=0.801
[action_pick/beta] mappo seed=1 beta=2.0
  [mappo train] slot=0 team_r=2.6930
  [mappo train] slot=50 team_r=-57.1564
  [mappo train] slot=100 team_r=-9.4965
  [mappo train] slot=150 team_r=0.4453
  [mappo train] slot=200 team_r=-36.6432
  [mappo train] slot=250 team_r=-28.8951
  [mappo train] slot=300 team_r=3.0059
  [mappo train] slot=350 team_r=3.2758
  [mappo train] slot=400 team_r=2.1761
  [mappo train] slot=450 team_r=-53.2358
    reward=-5.574 vio=0.730
[action_pick/beta] mappo seed=2 beta=2.0
  [mappo train] slot=0 team_r=3.3271
  [mappo train] slot=50 team_r=2.0254
  [mappo train] slot=100 team_r=2.1056
  [mappo train] slot=150 team_r=0.3158
  [mappo train] slot=200 team_r=-0.1168
  [mappo train] slot=250 team_r=2.4204
  [mappo train] slot=300 team_r=1.3271
  [mappo train] slot=350 team_r=3.4218
  [mappo train] slot=400 team_r=1.1373
  [mappo train] slot=450 team_r=3.3859
    reward=-6.560 vio=0.800
[action_pick/beta] cto seed=0 beta=2.0
    reward=1.552 vio=0.467
[action_pick/beta] cto seed=1 beta=2.0
    reward=1.289 vio=0.434
[action_pick/beta] cto seed=2 beta=2.0
    reward=0.693 vio=0.543
[action_pick] done → figures/sweeps/action_pick/
[2026-08-22 16:05:14] === finished action_pick ===
[2026-08-22 16:05:14] DONE wall=1235.4 min finished=['`snr` → `figures/sweeps/snr/`', '`users` → `figures/sweeps/users/`', '`arrival` → `figures/sweeps/arrival/`', '`action_pick` → `figures/sweeps/action_pick/`'] failed=[]

===== daemon launch 2026-08-23 13:12:06 =====
[2026-08-23 13:12:10] START sweeps smoke=False algos=['causal', 'ucb', 'dts', 'gdo', 'rss', 'dqn', 'ppo', 'mappo', 'cto'] skip=[] cwd=/Users/qlt315/Documents/GitHub/OMNIS
[2026-08-23 13:12:10] === begin snr ===
[snr 1/162] causal seed=0 snr_db=0 users=10 slots=500
    reward=3.8115 delay=22.414 energy=2.821 acc=0.1657 vio=0.444 backlog=33992 wall=20s
[snr 2/162] causal seed=1 snr_db=0 users=10 slots=500
    reward=4.7149 delay=21.506 energy=2.588 acc=0.1725 vio=0.393 backlog=38387 wall=19s
[snr 3/162] causal seed=2 snr_db=0 users=10 slots=500
    reward=4.3204 delay=20.596 energy=2.585 acc=0.1687 vio=0.452 backlog=36487 wall=22s
[snr 4/162] ucb seed=0 snr_db=0 users=10 slots=500
    reward=3.4753 delay=21.858 energy=2.797 acc=0.1647 vio=0.481 backlog=36777 wall=25s
[snr 5/162] ucb seed=1 snr_db=0 users=10 slots=500
    reward=3.4747 delay=26.416 energy=3.110 acc=0.1702 vio=0.484 backlog=43979 wall=27s
[snr 6/162] ucb seed=2 snr_db=0 users=10 slots=500
    reward=3.4504 delay=22.875 energy=2.846 acc=0.1726 vio=0.583 backlog=45912 wall=23s
[snr 7/162] dts seed=0 snr_db=0 users=10 slots=500
    reward=3.1354 delay=21.054 energy=2.706 acc=0.1802 vio=0.607 backlog=45998 wall=25s
[snr 8/162] dts seed=1 snr_db=0 users=10 slots=500
    reward=-0.6520 delay=55.456 energy=6.011 acc=0.1893 vio=0.606 backlog=107662 wall=25s
[snr 9/162] dts seed=2 snr_db=0 users=10 slots=500
    reward=-1.7005 delay=60.463 energy=6.606 acc=0.1935 vio=0.675 backlog=69358 wall=24s
[snr 10/162] gdo seed=0 snr_db=0 users=10 slots=500
    reward=-24.1396 delay=225.297 energy=23.120 acc=0.2291 vio=0.882 backlog=836916 wall=12s
[snr 11/162] gdo seed=1 snr_db=0 users=10 slots=500
    reward=-25.6038 delay=241.270 energy=24.586 acc=0.2301 vio=0.848 backlog=832799 wall=12s
[snr 12/162] gdo seed=2 snr_db=0 users=10 slots=500
    reward=-28.0809 delay=257.857 energy=26.349 acc=0.2377 vio=0.891 backlog=522029 wall=12s
[snr 13/162] rss seed=0 snr_db=0 users=10 slots=500
    reward=-4.0682 delay=68.138 energy=7.377 acc=0.1986 vio=0.793 backlog=274062 wall=11s
[snr 14/162] rss seed=1 snr_db=0 users=10 slots=500
    reward=-6.7819 delay=91.210 energy=9.508 acc=0.2001 vio=0.826 backlog=428884 wall=10s
[snr 15/162] rss seed=2 snr_db=0 users=10 slots=500
    reward=-3.0427 delay=61.134 energy=6.629 acc=0.1995 vio=0.814 backlog=162082 wall=11s
[snr 16/162] dqn seed=0 snr_db=0 users=10 slots=500
  [dqn] slot=0 team_r=3.4113 eps=1.000 K=2000
  [dqn] slot=50 team_r=-110.2145 eps=0.905 K=2000
  [dqn] slot=100 team_r=1.5328 eps=0.810 K=2000
  [dqn] slot=150 team_r=3.2104 eps=0.715 K=2000
  [dqn] slot=200 team_r=3.4445 eps=0.620 K=2000
  [dqn] slot=250 team_r=3.2645 eps=0.525 K=2000
  [dqn] slot=300 team_r=1.8203 eps=0.430 K=2000
  [dqn] slot=350 team_r=-131.4973 eps=0.335 K=2000
  [dqn] slot=400 team_r=4.7644 eps=0.240 K=2000
  [dqn] slot=450 team_r=0.5892 eps=0.145 K=2000
    reward=-4.8783 delay=73.527 energy=7.917 acc=0.2067 vio=0.832 backlog=181351 wall=24s
[snr 17/162] dqn seed=1 snr_db=0 users=10 slots=500
  [dqn] slot=0 team_r=4.5790 eps=1.000 K=2000
  [dqn] slot=50 team_r=1.6745 eps=0.905 K=2000
  [dqn] slot=100 team_r=2.6660 eps=0.810 K=2000
  [dqn] slot=150 team_r=2.7322 eps=0.715 K=2000
  [dqn] slot=200 team_r=2.6233 eps=0.620 K=2000
  [dqn] slot=250 team_r=5.7488 eps=0.525 K=2000
  [dqn] slot=300 team_r=0.4814 eps=0.430 K=2000
  [dqn] slot=350 team_r=-0.3518 eps=0.335 K=2000
  [dqn] slot=400 team_r=4.6591 eps=0.240 K=2000
  [dqn] slot=450 team_r=2.8740 eps=0.145 K=2000
    reward=-6.6677 delay=92.681 energy=9.685 acc=0.2052 vio=0.802 backlog=183251 wall=23s
[snr 18/162] dqn seed=2 snr_db=0 users=10 slots=500
  [dqn] slot=0 team_r=3.6990 eps=1.000 K=2000
  [dqn] slot=50 team_r=3.3053 eps=0.905 K=2000
  [dqn] slot=100 team_r=3.0356 eps=0.810 K=2000
  [dqn] slot=150 team_r=3.7486 eps=0.715 K=2000
  [dqn] slot=200 team_r=-0.8717 eps=0.620 K=2000
  [dqn] slot=250 team_r=4.3172 eps=0.525 K=2000
  [dqn] slot=300 team_r=4.1573 eps=0.430 K=2000
  [dqn] slot=350 team_r=2.1940 eps=0.335 K=2000
  [dqn] slot=400 team_r=2.8262 eps=0.240 K=2000
  [dqn] slot=450 team_r=4.0142 eps=0.145 K=2000
    reward=-4.6097 delay=73.408 energy=7.833 acc=0.2080 vio=0.847 backlog=157493 wall=23s
[snr 19/162] ppo seed=0 snr_db=0 users=10 slots=500
  [ppo train] slot=0 team_r=4.8812
  [ppo train] slot=50 team_r=1.3896
  [ppo train] slot=100 team_r=0.5884
  [ppo train] slot=150 team_r=2.5069
  [ppo train] slot=200 team_r=2.0771
  [ppo train] slot=250 team_r=-108.9048
  [ppo train] slot=300 team_r=1.7759
  [ppo train] slot=350 team_r=1.8948
  [ppo train] slot=400 team_r=3.8852
  [ppo train] slot=450 team_r=3.4699
    reward=-5.2177 delay=75.044 energy=8.065 acc=0.2101 vio=0.846 backlog=218365 wall=11s
[snr 20/162] ppo seed=1 snr_db=0 users=10 slots=500
  [ppo train] slot=0 team_r=2.8336
  [ppo train] slot=50 team_r=-159.2589
  [ppo train] slot=100 team_r=0.0406
  [ppo train] slot=150 team_r=3.1225
  [ppo train] slot=200 team_r=3.6244
  [ppo train] slot=250 team_r=5.8101
  [ppo train] slot=300 team_r=2.1320
  [ppo train] slot=350 team_r=1.9054
  [ppo train] slot=400 team_r=6.3118
  [ppo train] slot=450 team_r=1.4122
    reward=-6.5971 delay=90.826 energy=9.503 acc=0.2115 vio=0.822 backlog=297281 wall=11s
[snr 21/162] ppo seed=2 snr_db=0 users=10 slots=500
  [ppo train] slot=0 team_r=3.9130
  [ppo train] slot=50 team_r=4.5814
  [ppo train] slot=100 team_r=-27.7227
  [ppo train] slot=150 team_r=3.3309
  [ppo train] slot=200 team_r=2.0520
  [ppo train] slot=250 team_r=2.2108
  [ppo train] slot=300 team_r=1.5055
  [ppo train] slot=350 team_r=-126.0227
  [ppo train] slot=400 team_r=-35.8656
  [ppo train] slot=450 team_r=1.6185
    reward=-5.8432 delay=81.586 energy=8.646 acc=0.2120 vio=0.864 backlog=255394 wall=12s
[snr 22/162] mappo seed=0 snr_db=0 users=10 slots=500
  [mappo train] slot=0 team_r=4.7367
  [mappo train] slot=50 team_r=3.4113
  [mappo train] slot=100 team_r=2.1559
  [mappo train] slot=150 team_r=1.0726
  [mappo train] slot=200 team_r=-86.8947
  [mappo train] slot=250 team_r=3.6660
  [mappo train] slot=300 team_r=1.9015
  [mappo train] slot=350 team_r=3.5311
  [mappo train] slot=400 team_r=1.3937
  [mappo train] slot=450 team_r=-45.5559
    reward=-8.9306 delay=105.111 energy=11.079 acc=0.2109 vio=0.841 backlog=265779 wall=12s
[snr 23/162] mappo seed=1 snr_db=0 users=10 slots=500
  [mappo train] slot=0 team_r=4.9544
  [mappo train] slot=50 team_r=-101.1212
  [mappo train] slot=100 team_r=3.3679
  [mappo train] slot=150 team_r=3.3419
  [mappo train] slot=200 team_r=3.4338
  [mappo train] slot=250 team_r=3.0790
  [mappo train] slot=300 team_r=-151.2733
  [mappo train] slot=350 team_r=4.6344
  [mappo train] slot=400 team_r=4.4288
  [mappo train] slot=450 team_r=2.2549
    reward=-5.5074 delay=82.910 energy=8.712 acc=0.2089 vio=0.814 backlog=235896 wall=12s
[snr 24/162] mappo seed=2 snr_db=0 users=10 slots=500
  [mappo train] slot=0 team_r=3.6206
  [mappo train] slot=50 team_r=-191.2437
  [mappo train] slot=100 team_r=2.8094
  [mappo train] slot=150 team_r=3.5087
  [mappo train] slot=200 team_r=2.2735
  [mappo train] slot=250 team_r=3.4481
  [mappo train] slot=300 team_r=1.3934
  [mappo train] slot=350 team_r=-91.4831
  [mappo train] slot=400 team_r=3.5024
  [mappo train] slot=450 team_r=4.1380
    reward=-5.7096 delay=80.723 energy=8.567 acc=0.2081 vio=0.862 backlog=160597 wall=12s
[snr 25/162] cto seed=0 snr_db=0 users=10 slots=500
    reward=0.0601 delay=45.525 energy=5.156 acc=0.1812 vio=0.622 backlog=45351 wall=37s
[snr 26/162] cto seed=1 snr_db=0 users=10 slots=500
    reward=1.1633 delay=41.911 energy=4.658 acc=0.1838 vio=0.571 backlog=59092 wall=35s
[snr 27/162] cto seed=2 snr_db=0 users=10 slots=500
    reward=-0.3907 delay=48.721 energy=5.435 acc=0.1810 vio=0.683 backlog=38738 wall=35s
[snr 28/162] causal seed=0 snr_db=2 users=10 slots=500
    reward=5.3632 delay=16.227 energy=2.213 acc=0.1703 vio=0.318 backlog=24685 wall=20s
[snr 29/162] causal seed=1 snr_db=2 users=10 slots=500
    reward=5.8598 delay=17.034 energy=2.155 acc=0.1792 vio=0.308 backlog=40627 wall=19s
[snr 30/162] causal seed=2 snr_db=2 users=10 slots=500
    reward=5.4351 delay=17.278 energy=2.254 acc=0.1775 vio=0.375 backlog=33542 wall=19s
[snr 31/162] ucb seed=0 snr_db=2 users=10 slots=500
    reward=1.8342 delay=36.249 energy=4.232 acc=0.1788 vio=0.519 backlog=52783 wall=23s
[snr 32/162] ucb seed=1 snr_db=2 users=10 slots=500
    reward=2.1145 delay=37.103 energy=4.180 acc=0.1666 vio=0.443 backlog=62474 wall=23s
[snr 33/162] ucb seed=2 snr_db=2 users=10 slots=500
    reward=2.5677 delay=32.611 energy=3.830 acc=0.1698 vio=0.534 backlog=46581 wall=23s
[snr 34/162] dts seed=0 snr_db=2 users=10 slots=500
    reward=0.3675 delay=43.181 energy=4.912 acc=0.1843 vio=0.628 backlog=60768 wall=23s
[snr 35/162] dts seed=1 snr_db=2 users=10 slots=500
    reward=1.3754 delay=42.233 energy=4.695 acc=0.1919 vio=0.542 backlog=67133 wall=24s
[snr 36/162] dts seed=2 snr_db=2 users=10 slots=500
    reward=3.3490 delay=25.078 energy=3.063 acc=0.1751 vio=0.568 backlog=40283 wall=23s
[snr 37/162] gdo seed=0 snr_db=2 users=10 slots=500
    reward=-19.4229 delay=191.957 energy=19.797 acc=0.2322 vio=0.836 backlog=565135 wall=12s
[snr 38/162] gdo seed=1 snr_db=2 users=10 slots=500
    reward=-18.0173 delay=184.952 energy=18.949 acc=0.2290 vio=0.795 backlog=599852 wall=11s
[snr 39/162] gdo seed=2 snr_db=2 users=10 slots=500
    reward=-19.4126 delay=193.813 energy=19.944 acc=0.2405 vio=0.847 backlog=592550 wall=12s
[snr 40/162] rss seed=0 snr_db=2 users=10 slots=500
    reward=-2.5285 delay=57.710 energy=6.334 acc=0.1972 vio=0.754 backlog=227728 wall=11s
[snr 41/162] rss seed=1 snr_db=2 users=10 slots=500
    reward=-3.9067 delay=71.653 energy=7.553 acc=0.1995 vio=0.784 backlog=292928 wall=10s
[snr 42/162] rss seed=2 snr_db=2 users=10 slots=500
    reward=-2.6929 delay=60.897 energy=6.605 acc=0.1983 vio=0.775 backlog=119981 wall=11s
[snr 43/162] dqn seed=0 snr_db=2 users=10 slots=500
  [dqn] slot=0 team_r=4.3143 eps=1.000 K=2000
  [dqn] slot=50 team_r=4.2174 eps=0.905 K=2000
  [dqn] slot=100 team_r=4.2421 eps=0.810 K=2000
  [dqn] slot=150 team_r=4.4557 eps=0.715 K=2000
  [dqn] slot=200 team_r=5.0713 eps=0.620 K=2000
  [dqn] slot=250 team_r=2.5635 eps=0.525 K=2000
  [dqn] slot=300 team_r=3.4948 eps=0.430 K=2000
  [dqn] slot=350 team_r=1.1625 eps=0.335 K=2000
  [dqn] slot=400 team_r=2.3092 eps=0.240 K=2000
  [dqn] slot=450 team_r=5.1891 eps=0.145 K=2000
    reward=-4.9711 delay=76.097 energy=8.170 acc=0.2095 vio=0.815 backlog=164577 wall=24s
[snr 44/162] dqn seed=1 snr_db=2 users=10 slots=500
  [dqn] slot=0 team_r=4.3057 eps=1.000 K=2000
  [dqn] slot=50 team_r=3.2828 eps=0.905 K=2000
  [dqn] slot=100 team_r=5.0059 eps=0.810 K=2000
  [dqn] slot=150 team_r=1.7196 eps=0.715 K=2000
  [dqn] slot=200 team_r=5.1211 eps=0.620 K=2000
  [dqn] slot=250 team_r=-328.7966 eps=0.525 K=2000
  [dqn] slot=300 team_r=2.9861 eps=0.430 K=2000
  [dqn] slot=350 team_r=3.4186 eps=0.335 K=2000
  [dqn] slot=400 team_r=-328.6251 eps=0.240 K=2000
  [dqn] slot=450 team_r=4.6471 eps=0.145 K=2000
    reward=-3.2918 delay=68.637 energy=7.287 acc=0.2079 vio=0.770 backlog=137154 wall=24s
[snr 45/162] dqn seed=2 snr_db=2 users=10 slots=500
  [dqn] slot=0 team_r=3.1399 eps=1.000 K=2000
  [dqn] slot=50 team_r=3.0048 eps=0.905 K=2000
  [dqn] slot=100 team_r=2.2936 eps=0.810 K=2000
  [dqn] slot=150 team_r=4.8055 eps=0.715 K=2000
  [dqn] slot=200 team_r=4.4444 eps=0.620 K=2000
  [dqn] slot=250 team_r=0.8420 eps=0.525 K=2000
  [dqn] slot=300 team_r=-19.7945 eps=0.430 K=2000
  [dqn] slot=350 team_r=2.8955 eps=0.335 K=2000
  [dqn] slot=400 team_r=5.1416 eps=0.240 K=2000
  [dqn] slot=450 team_r=3.6588 eps=0.145 K=2000
    reward=-1.9374 delay=54.400 energy=5.929 acc=0.2087 vio=0.819 backlog=132750 wall=23s
[snr 46/162] ppo seed=0 snr_db=2 users=10 slots=500
  [ppo train] slot=0 team_r=5.8936
  [ppo train] slot=50 team_r=4.6463
  [ppo train] slot=100 team_r=-140.2482
  [ppo train] slot=150 team_r=1.2930
  [ppo train] slot=200 team_r=-32.5062
  [ppo train] slot=250 team_r=-20.2630
  [ppo train] slot=300 team_r=3.1177
  [ppo train] slot=350 team_r=2.2848
  [ppo train] slot=400 team_r=3.3106
  [ppo train] slot=450 team_r=1.9266
    reward=-4.6789 delay=73.263 energy=7.888 acc=0.2073 vio=0.813 backlog=168568 wall=11s
[snr 47/162] ppo seed=1 snr_db=2 users=10 slots=500
  [ppo train] slot=0 team_r=4.1715
  [ppo train] slot=50 team_r=4.9334
  [ppo train] slot=100 team_r=2.6861
  [ppo train] slot=150 team_r=6.7020
  [ppo train] slot=200 team_r=3.2214
  [ppo train] slot=250 team_r=-164.8344
  [ppo train] slot=300 team_r=4.0560
  [ppo train] slot=350 team_r=3.6429
  [ppo train] slot=400 team_r=5.7178
  [ppo train] slot=450 team_r=2.4439
    reward=-6.0818 delay=90.117 energy=9.436 acc=0.2107 vio=0.775 backlog=195892 wall=12s
[snr 48/162] ppo seed=2 snr_db=2 users=10 slots=500
  [ppo train] slot=0 team_r=3.1219
  [ppo train] slot=50 team_r=4.6577
  [ppo train] slot=100 team_r=3.4022
  [ppo train] slot=150 team_r=-43.8547
  [ppo train] slot=200 team_r=4.0273
  [ppo train] slot=250 team_r=-15.3485
  [ppo train] slot=300 team_r=-279.5649
  [ppo train] slot=350 team_r=2.4790
  [ppo train] slot=400 team_r=3.7026
  [ppo train] slot=450 team_r=4.0919
    reward=-5.2725 delay=80.190 energy=8.516 acc=0.2089 vio=0.829 backlog=183959 wall=12s
[snr 49/162] mappo seed=0 snr_db=2 users=10 slots=500
  [mappo train] slot=0 team_r=5.2069
  [mappo train] slot=50 team_r=3.9346
  [mappo train] slot=100 team_r=1.7275
  [mappo train] slot=150 team_r=5.3026
  [mappo train] slot=200 team_r=3.3422
  [mappo train] slot=250 team_r=-11.3528
  [mappo train] slot=300 team_r=5.2781
  [mappo train] slot=350 team_r=4.7556
  [mappo train] slot=400 team_r=-3.5039
  [mappo train] slot=450 team_r=3.9912
    reward=-5.8540 delay=83.582 energy=8.925 acc=0.2094 vio=0.795 backlog=186710 wall=11s
[snr 50/162] mappo seed=1 snr_db=2 users=10 slots=500
  [mappo train] slot=0 team_r=4.6967
  [mappo train] slot=50 team_r=4.1109
  [mappo train] slot=100 team_r=6.0495
  [mappo train] slot=150 team_r=1.7871
  [mappo train] slot=200 team_r=6.8321
  [mappo train] slot=250 team_r=2.8098
  [mappo train] slot=300 team_r=4.7173
  [mappo train] slot=350 team_r=4.5690
  [mappo train] slot=400 team_r=3.4270
  [mappo train] slot=450 team_r=1.7677
    reward=-6.8631 delay=96.526 energy=10.075 acc=0.2083 vio=0.769 backlog=169008 wall=11s
[snr 51/162] mappo seed=2 snr_db=2 users=10 slots=500
  [mappo train] slot=0 team_r=4.7384
  [mappo train] slot=50 team_r=3.6280
  [mappo train] slot=100 team_r=2.9614
  [mappo train] slot=150 team_r=2.9729
  [mappo train] slot=200 team_r=-1.7581
  [mappo train] slot=250 team_r=6.5995
  [mappo train] slot=300 team_r=5.0925
  [mappo train] slot=350 team_r=0.1260
  [mappo train] slot=400 team_r=2.4523
  [mappo train] slot=450 team_r=1.4758
    reward=-4.0232 delay=71.106 energy=7.599 acc=0.2068 vio=0.821 backlog=119338 wall=11s
[snr 52/162] cto seed=0 snr_db=2 users=10 slots=500
    reward=1.2758 delay=39.460 energy=4.555 acc=0.1816 vio=0.560 backlog=42617 wall=38s
[snr 53/162] cto seed=1 snr_db=2 users=10 slots=500
    reward=1.6087 delay=43.740 energy=4.838 acc=0.1828 vio=0.491 backlog=42561 wall=45s
[snr 54/162] cto seed=2 snr_db=2 users=10 slots=500
    reward=1.0029 delay=42.770 energy=4.832 acc=0.1852 vio=0.613 backlog=41072 wall=36s
[snr 55/162] causal seed=0 snr_db=4 users=10 slots=500
    reward=6.7209 delay=10.842 energy=1.681 acc=0.1831 vio=0.255 backlog=25531 wall=20s
[snr 56/162] causal seed=1 snr_db=4 users=10 slots=500
    reward=7.2018 delay=10.080 energy=1.470 acc=0.1852 vio=0.236 backlog=32896 wall=19s
[snr 57/162] causal seed=2 snr_db=4 users=10 slots=500
    reward=6.8434 delay=10.865 energy=1.622 acc=0.1862 vio=0.327 backlog=27863 wall=20s
[snr 58/162] ucb seed=0 snr_db=4 users=10 slots=500
    reward=3.6093 delay=27.500 energy=3.354 acc=0.1740 vio=0.390 backlog=38755 wall=23s
[snr 59/162] ucb seed=1 snr_db=4 users=10 slots=500
    reward=3.1844 delay=29.304 energy=3.387 acc=0.1803 vio=0.480 backlog=68057 wall=23s
[snr 60/162] ucb seed=2 snr_db=4 users=10 slots=500
    reward=2.6242 delay=34.844 energy=4.052 acc=0.1876 vio=0.518 backlog=57677 wall=23s
[snr 61/162] dts seed=0 snr_db=4 users=10 slots=500
    reward=3.4820 delay=27.597 energy=3.360 acc=0.1839 vio=0.462 backlog=40556 wall=23s
[snr 62/162] dts seed=1 snr_db=4 users=10 slots=500
    reward=1.9773 delay=40.207 energy=4.488 acc=0.1820 vio=0.480 backlog=43769 wall=23s
[snr 63/162] dts seed=2 snr_db=4 users=10 slots=500
    reward=1.2713 delay=41.112 energy=4.668 acc=0.1913 vio=0.622 backlog=46702 wall=23s
[snr 64/162] gdo seed=0 snr_db=4 users=10 slots=500
    reward=-10.7363 delay=129.050 energy=13.514 acc=0.2400 vio=0.773 backlog=338987 wall=12s
[snr 65/162] gdo seed=1 snr_db=4 users=10 slots=500
    reward=-11.1208 delay=135.687 energy=14.024 acc=0.2298 vio=0.731 backlog=337945 wall=11s
[snr 66/162] gdo seed=2 snr_db=4 users=10 slots=500
    reward=-11.8910 delay=138.894 energy=14.462 acc=0.2429 vio=0.779 backlog=554563 wall=12s
[snr 67/162] rss seed=0 snr_db=4 users=10 slots=500
    reward=-0.5975 delay=46.235 energy=5.187 acc=0.1958 vio=0.704 backlog=169861 wall=11s
[snr 68/162] rss seed=1 snr_db=4 users=10 slots=500
    reward=-1.8717 delay=60.122 energy=6.400 acc=0.1984 vio=0.729 backlog=147539 wall=10s
[snr 69/162] rss seed=2 snr_db=4 users=10 slots=500
    reward=-1.2795 delay=53.296 energy=5.845 acc=0.1967 vio=0.727 backlog=90738 wall=11s
[snr 70/162] dqn seed=0 snr_db=4 users=10 slots=500
  [dqn] slot=0 team_r=5.2231 eps=1.000 K=2000
  [dqn] slot=50 team_r=2.3984 eps=0.905 K=2000
  [dqn] slot=100 team_r=6.5501 eps=0.810 K=2000
  [dqn] slot=150 team_r=4.7697 eps=0.715 K=2000
  [dqn] slot=200 team_r=3.4247 eps=0.620 K=2000
  [dqn] slot=250 team_r=3.7070 eps=0.525 K=2000
  [dqn] slot=300 team_r=-112.9767 eps=0.430 K=2000
  [dqn] slot=350 team_r=5.0221 eps=0.335 K=2000
  [dqn] slot=400 team_r=3.5140 eps=0.240 K=2000
  [dqn] slot=450 team_r=1.1163 eps=0.145 K=2000
    reward=-4.8657 delay=78.191 energy=8.379 acc=0.2077 vio=0.773 backlog=133789 wall=24s
[snr 71/162] dqn seed=1 snr_db=4 users=10 slots=500
  [dqn] slot=0 team_r=4.8612 eps=1.000 K=2000
  [dqn] slot=50 team_r=5.7460 eps=0.905 K=2000
  [dqn] slot=100 team_r=3.9602 eps=0.810 K=2000
  [dqn] slot=150 team_r=1.5526 eps=0.715 K=2000
  [dqn] slot=200 team_r=-127.1135 eps=0.620 K=2000
  [dqn] slot=250 team_r=-25.5715 eps=0.525 K=2000
  [dqn] slot=300 team_r=7.4585 eps=0.430 K=2000
  [dqn] slot=350 team_r=-34.5112 eps=0.335 K=2000
  [dqn] slot=400 team_r=-25.3083 eps=0.240 K=2000
  [dqn] slot=450 team_r=4.4690 eps=0.145 K=2000
    reward=-3.1399 delay=69.646 energy=7.380 acc=0.2042 vio=0.720 backlog=117660 wall=23s
[snr 72/162] dqn seed=2 snr_db=4 users=10 slots=500
  [dqn] slot=0 team_r=3.1015 eps=1.000 K=2000
  [dqn] slot=50 team_r=4.9712 eps=0.905 K=2000
  [dqn] slot=100 team_r=-49.0302 eps=0.810 K=2000
  [dqn] slot=150 team_r=3.9396 eps=0.715 K=2000
  [dqn] slot=200 team_r=3.1526 eps=0.620 K=2000
  [dqn] slot=250 team_r=3.0101 eps=0.525 K=2000
  [dqn] slot=300 team_r=7.9785 eps=0.430 K=2000
  [dqn] slot=350 team_r=2.5847 eps=0.335 K=2000
  [dqn] slot=400 team_r=4.8319 eps=0.240 K=2000
  [dqn] slot=450 team_r=3.3173 eps=0.145 K=2000
    reward=-4.0555 delay=73.706 energy=7.859 acc=0.2055 vio=0.792 backlog=102166 wall=23s
[snr 73/162] ppo seed=0 snr_db=4 users=10 slots=500
  [ppo train] slot=0 team_r=6.1340
  [ppo train] slot=50 team_r=2.7327
  [ppo train] slot=100 team_r=0.4555
  [ppo train] slot=150 team_r=4.5049
  [ppo train] slot=200 team_r=0.4012
  [ppo train] slot=250 team_r=-35.1565
  [ppo train] slot=300 team_r=3.9384
  [ppo train] slot=350 team_r=3.5200
  [ppo train] slot=400 team_r=3.4845
  [ppo train] slot=450 team_r=2.6706
    reward=-3.2796 delay=64.933 energy=7.052 acc=0.2062 vio=0.766 backlog=119254 wall=11s
[snr 74/162] ppo seed=1 snr_db=4 users=10 slots=500
  [ppo train] slot=0 team_r=4.5954
  [ppo train] slot=50 team_r=3.7933
  [ppo train] slot=100 team_r=4.0645
  [ppo train] slot=150 team_r=3.9229
  [ppo train] slot=200 team_r=2.5558
  [ppo train] slot=250 team_r=1.6713
  [ppo train] slot=300 team_r=3.2029
  [ppo train] slot=350 team_r=3.6735
  [ppo train] slot=400 team_r=4.6351
  [ppo train] slot=450 team_r=2.3706
    reward=-6.0825 delay=92.142 energy=9.636 acc=0.2086 vio=0.734 backlog=132638 wall=11s
[snr 75/162] ppo seed=2 snr_db=4 users=10 slots=500
  [ppo train] slot=0 team_r=4.8075
  [ppo train] slot=50 team_r=6.3329
  [ppo train] slot=100 team_r=2.6719
  [ppo train] slot=150 team_r=1.3744
  [ppo train] slot=200 team_r=4.7597
  [ppo train] slot=250 team_r=-3.6905
  [ppo train] slot=300 team_r=4.4651
  [ppo train] slot=350 team_r=3.0708
  [ppo train] slot=400 team_r=-2.3383
  [ppo train] slot=450 team_r=3.5016
    reward=-4.3060 delay=75.330 energy=8.028 acc=0.2080 vio=0.790 backlog=138832 wall=11s
[snr 76/162] mappo seed=0 snr_db=4 users=10 slots=500
  [mappo train] slot=0 team_r=5.5556
  [mappo train] slot=50 team_r=4.8013
  [mappo train] slot=100 team_r=5.4217
  [mappo train] slot=150 team_r=3.2162
  [mappo train] slot=200 team_r=2.3951
  [mappo train] slot=250 team_r=2.0500
  [mappo train] slot=300 team_r=5.4149
  [mappo train] slot=350 team_r=6.4058
  [mappo train] slot=400 team_r=1.9369
  [mappo train] slot=450 team_r=3.8162
    reward=-3.1794 delay=64.874 energy=7.046 acc=0.2075 vio=0.764 backlog=144096 wall=11s
[snr 77/162] mappo seed=1 snr_db=4 users=10 slots=500
  [mappo train] slot=0 team_r=5.3794
  [mappo train] slot=50 team_r=4.9279
  [mappo train] slot=100 team_r=4.2683
  [mappo train] slot=150 team_r=2.4397
  [mappo train] slot=200 team_r=5.6241
  [mappo train] slot=250 team_r=2.3473
  [mappo train] slot=300 team_r=4.9474
  [mappo train] slot=350 team_r=6.3710
  [mappo train] slot=400 team_r=-32.3109
  [mappo train] slot=450 team_r=5.2160
    reward=-3.5011 delay=73.184 energy=7.738 acc=0.2054 vio=0.712 backlog=122376 wall=11s
[snr 78/162] mappo seed=2 snr_db=4 users=10 slots=500
  [mappo train] slot=0 team_r=5.4402
  [mappo train] slot=50 team_r=7.0190
  [mappo train] slot=100 team_r=4.4640
  [mappo train] slot=150 team_r=1.4639
  [mappo train] slot=200 team_r=3.7176
  [mappo train] slot=250 team_r=3.9192
  [mappo train] slot=300 team_r=4.2871
  [mappo train] slot=350 team_r=3.8959
  [mappo train] slot=400 team_r=-138.6519
  [mappo train] slot=450 team_r=2.4370
    reward=-3.6322 delay=71.409 energy=7.638 acc=0.2052 vio=0.775 backlog=89718 wall=11s
[snr 79/162] cto seed=0 snr_db=4 users=10 slots=500
    reward=2.7801 delay=31.018 energy=3.710 acc=0.1834 vio=0.491 backlog=39192 wall=40s
[snr 80/162] cto seed=1 snr_db=4 users=10 slots=500
    reward=3.3776 delay=31.490 energy=3.624 acc=0.1879 vio=0.464 backlog=49221 wall=39s
[snr 81/162] cto seed=2 snr_db=4 users=10 slots=500
    reward=2.3680 delay=37.434 energy=4.294 acc=0.1858 vio=0.522 backlog=35011 wall=36s
[snr 82/162] causal seed=0 snr_db=6 users=10 slots=500
    reward=6.9373 delay=12.012 energy=1.800 acc=0.1915 vio=0.217 backlog=29821 wall=20s
[snr 83/162] causal seed=1 snr_db=6 users=10 slots=500
    reward=7.3803 delay=13.135 energy=1.772 acc=0.1936 vio=0.192 backlog=29435 wall=19s
[snr 84/162] causal seed=2 snr_db=6 users=10 slots=500
    reward=7.4280 delay=9.902 energy=1.527 acc=0.1984 vio=0.284 backlog=29750 wall=19s
[snr 85/162] ucb seed=0 snr_db=6 users=10 slots=500
    reward=5.2150 delay=16.163 energy=2.212 acc=0.1762 vio=0.360 backlog=33234 wall=23s
[snr 86/162] ucb seed=1 snr_db=6 users=10 slots=500
    reward=3.7137 delay=29.506 energy=3.406 acc=0.1854 vio=0.427 backlog=48961 wall=23s
[snr 87/162] ucb seed=2 snr_db=6 users=10 slots=500
    reward=5.2446 delay=16.848 energy=2.247 acc=0.1780 vio=0.436 backlog=34303 wall=23s
[snr 88/162] dts seed=0 snr_db=6 users=10 slots=500
    reward=4.3872 delay=18.762 energy=2.463 acc=0.1909 vio=0.495 backlog=45098 wall=24s
[snr 89/162] dts seed=1 snr_db=6 users=10 slots=500
    reward=4.3442 delay=24.380 energy=2.897 acc=0.1871 vio=0.426 backlog=39470 wall=25s
[snr 90/162] dts seed=2 snr_db=6 users=10 slots=500
    reward=4.0164 delay=24.546 energy=3.008 acc=0.1946 vio=0.528 backlog=39666 wall=30s
[snr 91/162] gdo seed=0 snr_db=6 users=10 slots=500
    reward=-3.7810 delay=78.117 energy=8.417 acc=0.2344 vio=0.704 backlog=178059 wall=15s
[snr 92/162] gdo seed=1 snr_db=6 users=10 slots=500
    reward=-1.5171 delay=67.438 energy=7.224 acc=0.2460 vio=0.625 backlog=224689 wall=15s
[snr 93/162] gdo seed=2 snr_db=6 users=10 slots=500
    reward=-4.4321 delay=86.589 energy=9.233 acc=0.2438 vio=0.714 backlog=230020 wall=14s
[snr 94/162] rss seed=0 snr_db=6 users=10 slots=500
    reward=1.1320 delay=34.515 energy=4.014 acc=0.1942 vio=0.659 backlog=111384 wall=12s
[snr 95/162] rss seed=1 snr_db=6 users=10 slots=500
    reward=1.2144 delay=38.626 energy=4.250 acc=0.1970 vio=0.670 backlog=98105 wall=11s
[snr 96/162] rss seed=2 snr_db=6 users=10 slots=500
    reward=-1.9448 delay=60.932 energy=6.608 acc=0.1946 vio=0.678 backlog=74465 wall=13s
[snr 97/162] dqn seed=0 snr_db=6 users=10 slots=500
  [dqn] slot=0 team_r=5.7051 eps=1.000 K=2000
  [dqn] slot=50 team_r=4.0499 eps=0.905 K=2000
  [dqn] slot=100 team_r=6.9688 eps=0.810 K=2000
  [dqn] slot=150 team_r=1.7257 eps=0.715 K=2000
  [dqn] slot=200 team_r=4.9580 eps=0.620 K=2000
  [dqn] slot=250 team_r=3.5225 eps=0.525 K=2000
  [dqn] slot=300 team_r=1.5886 eps=0.430 K=2000
  [dqn] slot=350 team_r=3.3670 eps=0.335 K=2000
  [dqn] slot=400 team_r=4.4175 eps=0.240 K=2000
  [dqn] slot=450 team_r=1.6085 eps=0.145 K=2000
    reward=-3.1018 delay=67.783 energy=7.342 acc=0.2050 vio=0.711 backlog=104690 wall=28s
[snr 98/162] dqn seed=1 snr_db=6 users=10 slots=500
  [dqn] slot=0 team_r=5.1410 eps=1.000 K=2000
  [dqn] slot=50 team_r=5.9275 eps=0.905 K=2000
  [dqn] slot=100 team_r=6.0759 eps=0.810 K=2000
  [dqn] slot=150 team_r=6.2940 eps=0.715 K=2000
  [dqn] slot=200 team_r=7.6762 eps=0.620 K=2000
  [dqn] slot=250 team_r=8.4924 eps=0.525 K=2000
  [dqn] slot=300 team_r=8.2842 eps=0.430 K=2000
  [dqn] slot=350 team_r=3.5979 eps=0.335 K=2000
  [dqn] slot=400 team_r=3.0016 eps=0.240 K=2000
  [dqn] slot=450 team_r=6.6145 eps=0.145 K=2000
    reward=-0.1020 delay=49.297 energy=5.361 acc=0.2042 vio=0.657 backlog=85606 wall=28s
[snr 99/162] dqn seed=2 snr_db=6 users=10 slots=500
  [dqn] slot=0 team_r=2.6553 eps=1.000 K=2000
  [dqn] slot=50 team_r=4.8935 eps=0.905 K=2000
  [dqn] slot=100 team_r=2.7364 eps=0.810 K=2000
  [dqn] slot=150 team_r=3.6548 eps=0.715 K=2000
  [dqn] slot=200 team_r=5.4035 eps=0.620 K=2000
  [dqn] slot=250 team_r=2.2306 eps=0.525 K=2000
  [dqn] slot=300 team_r=5.3821 eps=0.430 K=2000
  [dqn] slot=350 team_r=4.0754 eps=0.335 K=2000
  [dqn] slot=400 team_r=6.7667 eps=0.240 K=2000
  [dqn] slot=450 team_r=3.2728 eps=0.145 K=2000
    reward=0.0486 delay=44.904 energy=4.980 acc=0.2065 vio=0.733 backlog=96851 wall=28s
[snr 100/162] ppo seed=0 snr_db=6 users=10 slots=500
  [ppo train] slot=0 team_r=5.7821
  [ppo train] slot=50 team_r=-4.1917
  [ppo train] slot=100 team_r=1.8224
  [ppo train] slot=150 team_r=4.7219
  [ppo train] slot=200 team_r=1.6918
  [ppo train] slot=250 team_r=-7.3509
  [ppo train] slot=300 team_r=4.1909
  [ppo train] slot=350 team_r=4.6024
  [ppo train] slot=400 team_r=4.3341
  [ppo train] slot=450 team_r=4.4919
    reward=0.1365 delay=41.223 energy=4.688 acc=0.2060 vio=0.723 backlog=87592 wall=14s
[snr 101/162] ppo seed=1 snr_db=6 users=10 slots=500
  [ppo train] slot=0 team_r=5.2602
  [ppo train] slot=50 team_r=5.4297
  [ppo train] slot=100 team_r=2.7372
  [ppo train] slot=150 team_r=4.7062
  [ppo train] slot=200 team_r=5.7319
  [ppo train] slot=250 team_r=7.1529
  [ppo train] slot=300 team_r=6.6106
  [ppo train] slot=350 team_r=6.2710
  [ppo train] slot=400 team_r=6.2913
  [ppo train] slot=450 team_r=5.2704
    reward=-2.7395 delay=70.090 energy=7.436 acc=0.2065 vio=0.664 backlog=102505 wall=13s
[snr 102/162] ppo seed=2 snr_db=6 users=10 slots=500
  [ppo train] slot=0 team_r=4.3167
  [ppo train] slot=50 team_r=4.1205
  [ppo train] slot=100 team_r=2.6645
  [ppo train] slot=150 team_r=5.5045
  [ppo train] slot=200 team_r=4.7001
  [ppo train] slot=250 team_r=3.3056
  [ppo train] slot=300 team_r=2.9275
  [ppo train] slot=350 team_r=0.7497
  [ppo train] slot=400 team_r=-11.5234
  [ppo train] slot=450 team_r=4.5834
    reward=1.5581 delay=33.075 energy=3.812 acc=0.2078 vio=0.735 backlog=89251 wall=14s
[snr 103/162] mappo seed=0 snr_db=6 users=10 slots=500
  [mappo train] slot=0 team_r=5.0142
  [mappo train] slot=50 team_r=2.9539
  [mappo train] slot=100 team_r=3.3965
  [mappo train] slot=150 team_r=7.3809
  [mappo train] slot=200 team_r=4.7981
  [mappo train] slot=250 team_r=1.5204
  [mappo train] slot=300 team_r=0.6555
  [mappo train] slot=350 team_r=5.6074
  [mappo train] slot=400 team_r=-2.9475
  [mappo train] slot=450 team_r=-367.0633
    reward=-1.2216 delay=52.730 energy=5.837 acc=0.2066 vio=0.726 backlog=119204 wall=13s
[snr 104/162] mappo seed=1 snr_db=6 users=10 slots=500
  [mappo train] slot=0 team_r=5.8959
  [mappo train] slot=50 team_r=4.0595
  [mappo train] slot=100 team_r=5.2538
  [mappo train] slot=150 team_r=0.4129
  [mappo train] slot=200 team_r=5.4685
  [mappo train] slot=250 team_r=2.3024
  [mappo train] slot=300 team_r=3.6776
  [mappo train] slot=350 team_r=6.0048
  [mappo train] slot=400 team_r=5.8664
  [mappo train] slot=450 team_r=-31.2791
    reward=-1.8021 delay=62.222 energy=6.642 acc=0.2040 vio=0.679 backlog=97926 wall=13s
[snr 105/162] mappo seed=2 snr_db=6 users=10 slots=500
  [mappo train] slot=0 team_r=5.8471
  [mappo train] slot=50 team_r=7.1142
  [mappo train] slot=100 team_r=3.3880
  [mappo train] slot=150 team_r=6.6723
  [mappo train] slot=200 team_r=1.7233
  [mappo train] slot=250 team_r=4.6926
  [mappo train] slot=300 team_r=4.8553
  [mappo train] slot=350 team_r=2.8085
  [mappo train] slot=400 team_r=4.1693
  [mappo train] slot=450 team_r=4.2655
    reward=0.3839 delay=42.582 energy=4.746 acc=0.2046 vio=0.727 backlog=82361 wall=13s
[snr 106/162] cto seed=0 snr_db=6 users=10 slots=500
    reward=5.0984 delay=18.813 energy=2.487 acc=0.1840 vio=0.369 backlog=30842 wall=47s
[snr 107/162] cto seed=1 snr_db=6 users=10 slots=500
    reward=4.8212 delay=24.147 energy=2.884 acc=0.1818 vio=0.349 backlog=27181 wall=43s
[snr 108/162] cto seed=2 snr_db=6 users=10 slots=500
    reward=3.7244 delay=26.236 energy=3.180 acc=0.1871 vio=0.523 backlog=36068 wall=37s
[snr 109/162] causal seed=0 snr_db=8 users=10 slots=500
    reward=7.5669 delay=10.777 energy=1.674 acc=0.2062 vio=0.186 backlog=31438 wall=21s
[snr 110/162] causal seed=1 snr_db=8 users=10 slots=500
    reward=8.0246 delay=11.425 energy=1.601 acc=0.2056 vio=0.166 backlog=32655 wall=21s
[snr 111/162] causal seed=2 snr_db=8 users=10 slots=500
    reward=7.8772 delay=8.636 energy=1.406 acc=0.2065 vio=0.275 backlog=34480 wall=20s
[snr 112/162] ucb seed=0 snr_db=8 users=10 slots=500
    reward=6.0472 delay=13.067 energy=1.895 acc=0.1730 vio=0.287 backlog=25672 wall=24s
[snr 113/162] ucb seed=1 snr_db=8 users=10 slots=500
    reward=5.8523 delay=20.375 energy=2.501 acc=0.1936 vio=0.305 backlog=34390 wall=25s
[snr 114/162] ucb seed=2 snr_db=8 users=10 slots=500
    reward=4.8703 delay=23.277 energy=2.860 acc=0.1840 vio=0.384 backlog=33013 wall=24s
[snr 115/162] dts seed=0 snr_db=8 users=10 slots=500
    reward=3.9859 delay=26.208 energy=3.216 acc=0.1937 vio=0.460 backlog=39792 wall=26s
[snr 116/162] dts seed=1 snr_db=8 users=10 slots=500
    reward=5.1804 delay=23.601 energy=2.821 acc=0.1830 vio=0.307 backlog=31639 wall=25s
[snr 117/162] dts seed=2 snr_db=8 users=10 slots=500
    reward=5.1660 delay=19.289 energy=2.470 acc=0.1895 vio=0.456 backlog=33122 wall=24s
[snr 118/162] gdo seed=0 snr_db=8 users=10 slots=500
    reward=-0.9646 delay=65.138 energy=7.129 acc=0.2492 vio=0.602 backlog=120030 wall=13s
[snr 119/162] gdo seed=1 snr_db=8 users=10 slots=500
    reward=1.9958 delay=47.725 energy=5.256 acc=0.2473 vio=0.506 backlog=122029 wall=12s
[snr 120/162] gdo seed=2 snr_db=8 users=10 slots=500
    reward=2.1362 delay=42.236 energy=4.803 acc=0.2484 vio=0.608 backlog=120337 wall=13s
[snr 121/162] rss seed=0 snr_db=8 users=10 slots=500
    reward=1.8349 delay=32.987 energy=3.862 acc=0.1940 vio=0.598 backlog=74141 wall=12s
[snr 122/162] rss seed=1 snr_db=8 users=10 slots=500
    reward=1.1270 delay=43.173 energy=4.705 acc=0.1965 vio=0.600 backlog=65765 wall=10s
[snr 123/162] rss seed=2 snr_db=8 users=10 slots=500
    reward=0.1804 delay=46.839 energy=5.199 acc=0.1939 vio=0.624 backlog=59400 wall=11s
[snr 124/162] dqn seed=0 snr_db=8 users=10 slots=500
  [dqn] slot=0 team_r=6.5015 eps=1.000 K=2000
  [dqn] slot=50 team_r=5.5437 eps=0.905 K=2000
  [dqn] slot=100 team_r=7.1339 eps=0.810 K=2000
  [dqn] slot=150 team_r=3.5038 eps=0.715 K=2000
  [dqn] slot=200 team_r=3.5744 eps=0.620 K=2000
  [dqn] slot=250 team_r=5.9566 eps=0.525 K=2000
  [dqn] slot=300 team_r=1.6786 eps=0.430 K=2000
  [dqn] slot=350 team_r=0.0847 eps=0.335 K=2000
  [dqn] slot=400 team_r=4.8201 eps=0.240 K=2000
  [dqn] slot=450 team_r=2.8606 eps=0.145 K=2000
    reward=0.2951 delay=43.919 energy=4.961 acc=0.2044 vio=0.660 backlog=73557 wall=25s
[snr 125/162] dqn seed=1 snr_db=8 users=10 slots=500
  [dqn] slot=0 team_r=5.2013 eps=1.000 K=2000
  [dqn] slot=50 team_r=3.8521 eps=0.905 K=2000
  [dqn] slot=100 team_r=4.6475 eps=0.810 K=2000
  [dqn] slot=150 team_r=5.0428 eps=0.715 K=2000
  [dqn] slot=200 team_r=7.2137 eps=0.620 K=2000
  [dqn] slot=250 team_r=6.3318 eps=0.525 K=2000
  [dqn] slot=300 team_r=8.4252 eps=0.430 K=2000
  [dqn] slot=350 team_r=3.2572 eps=0.335 K=2000
  [dqn] slot=400 team_r=3.1482 eps=0.240 K=2000
  [dqn] slot=450 team_r=-129.3450 eps=0.145 K=2000
    reward=-0.2700 delay=54.644 energy=5.887 acc=0.2046 vio=0.601 backlog=72318 wall=25s
[snr 126/162] dqn seed=2 snr_db=8 users=10 slots=500
  [dqn] slot=0 team_r=2.3960 eps=1.000 K=2000
  [dqn] slot=50 team_r=-32.7004 eps=0.905 K=2000
  [dqn] slot=100 team_r=-18.4025 eps=0.810 K=2000
  [dqn] slot=150 team_r=6.4415 eps=0.715 K=2000
  [dqn] slot=200 team_r=5.2148 eps=0.620 K=2000
  [dqn] slot=250 team_r=4.9802 eps=0.525 K=2000
  [dqn] slot=300 team_r=2.9221 eps=0.430 K=2000
  [dqn] slot=350 team_r=6.7682 eps=0.335 K=2000
  [dqn] slot=400 team_r=4.1257 eps=0.240 K=2000
  [dqn] slot=450 team_r=3.6345 eps=0.145 K=2000
    reward=-0.8207 delay=56.073 energy=6.113 acc=0.2078 vio=0.677 backlog=74033 wall=25s
[snr 127/162] ppo seed=0 snr_db=8 users=10 slots=500
  [ppo train] slot=0 team_r=7.1828
  [ppo train] slot=50 team_r=-33.4189
  [ppo train] slot=100 team_r=8.5205
  [ppo train] slot=150 team_r=5.4975
  [ppo train] slot=200 team_r=6.2257
  [ppo train] slot=250 team_r=6.3982
  [ppo train] slot=300 team_r=4.3187
  [ppo train] slot=350 team_r=4.6113
  [ppo train] slot=400 team_r=6.3813
  [ppo train] slot=450 team_r=5.3329
    reward=-0.3459 delay=49.165 energy=5.478 acc=0.2051 vio=0.674 backlog=74653 wall=12s
[snr 128/162] ppo seed=1 snr_db=8 users=10 slots=500
  [ppo train] slot=0 team_r=5.8722
  [ppo train] slot=50 team_r=4.8748
  [ppo train] slot=100 team_r=2.7077
  [ppo train] slot=150 team_r=3.5602
  [ppo train] slot=200 team_r=5.5911
  [ppo train] slot=250 team_r=8.8340
  [ppo train] slot=300 team_r=4.9987
  [ppo train] slot=350 team_r=4.2855
  [ppo train] slot=400 team_r=6.5843
  [ppo train] slot=450 team_r=6.0874
    reward=-1.3992 delay=62.068 energy=6.625 acc=0.2055 vio=0.625 backlog=87418 wall=12s
[snr 129/162] ppo seed=2 snr_db=8 users=10 slots=500
  [ppo train] slot=0 team_r=4.9890
  [ppo train] slot=50 team_r=5.8419
  [ppo train] slot=100 team_r=3.4316
  [ppo train] slot=150 team_r=2.8377
  [ppo train] slot=200 team_r=6.5338
  [ppo train] slot=250 team_r=-33.8519
  [ppo train] slot=300 team_r=1.9207
  [ppo train] slot=350 team_r=3.3112
  [ppo train] slot=400 team_r=6.4666
  [ppo train] slot=450 team_r=4.2221
    reward=0.8305 delay=41.897 energy=4.691 acc=0.2066 vio=0.662 backlog=73263 wall=13s
[snr 130/162] mappo seed=0 snr_db=8 users=10 slots=500
  [mappo train] slot=0 team_r=5.7663
  [mappo train] slot=50 team_r=3.2697
  [mappo train] slot=100 team_r=-2.9422
  [mappo train] slot=150 team_r=6.2396
  [mappo train] slot=200 team_r=5.1181
  [mappo train] slot=250 team_r=-2.4217
  [mappo train] slot=300 team_r=5.3786
  [mappo train] slot=350 team_r=4.6739
  [mappo train] slot=400 team_r=3.1356
  [mappo train] slot=450 team_r=5.3867
    reward=-1.1465 delay=54.961 energy=6.054 acc=0.2056 vio=0.678 backlog=97178 wall=13s
[snr 131/162] mappo seed=1 snr_db=8 users=10 slots=500
  [mappo train] slot=0 team_r=5.0789
  [mappo train] slot=50 team_r=3.4087
  [mappo train] slot=100 team_r=4.2046
  [mappo train] slot=150 team_r=5.2541
  [mappo train] slot=200 team_r=7.7212
  [mappo train] slot=250 team_r=2.8997
  [mappo train] slot=300 team_r=5.8036
  [mappo train] slot=350 team_r=2.9739
  [mappo train] slot=400 team_r=6.0129
  [mappo train] slot=450 team_r=6.4250
    reward=-0.3796 delay=55.046 energy=5.931 acc=0.2066 vio=0.611 backlog=79338 wall=13s
[snr 132/162] mappo seed=2 snr_db=8 users=10 slots=500
  [mappo train] slot=0 team_r=5.9577
  [mappo train] slot=50 team_r=8.5994
  [mappo train] slot=100 team_r=5.5185
  [mappo train] slot=150 team_r=3.8225
  [mappo train] slot=200 team_r=3.2773
  [mappo train] slot=250 team_r=-3.8655
  [mappo train] slot=300 team_r=-6.8333
  [mappo train] slot=350 team_r=5.2671
  [mappo train] slot=400 team_r=4.4563
  [mappo train] slot=450 team_r=5.4186
    reward=-1.4147 delay=61.171 energy=6.616 acc=0.2022 vio=0.664 backlog=62951 wall=12s
[snr 133/162] cto seed=0 snr_db=8 users=10 slots=500
    reward=5.4283 delay=18.329 energy=2.442 acc=0.1833 vio=0.333 backlog=28024 wall=36s
[snr 134/162] cto seed=1 snr_db=8 users=10 slots=500
    reward=6.1971 delay=16.309 energy=2.100 acc=0.1858 vio=0.280 backlog=27607 wall=36s
[snr 135/162] cto seed=2 snr_db=8 users=10 slots=500
    reward=5.5503 delay=20.488 energy=2.600 acc=0.1851 vio=0.365 backlog=24626 wall=36s
[snr 136/162] causal seed=0 snr_db=10 users=10 slots=500
    reward=8.1827 delay=9.883 energy=1.582 acc=0.2195 vio=0.172 backlog=33819 wall=21s
[snr 137/162] causal seed=1 snr_db=10 users=10 slots=500
    reward=8.8487 delay=7.570 energy=1.216 acc=0.2188 vio=0.146 backlog=37736 wall=21s
[snr 138/162] causal seed=2 snr_db=10 users=10 slots=500
    reward=8.3976 delay=7.758 energy=1.312 acc=0.2188 vio=0.254 backlog=37989 wall=21s
[snr 139/162] ucb seed=0 snr_db=10 users=10 slots=500
    reward=6.7066 delay=13.007 energy=1.903 acc=0.1978 vio=0.275 backlog=34073 wall=25s
[snr 140/162] ucb seed=1 snr_db=10 users=10 slots=500
    reward=6.3964 delay=16.116 energy=2.083 acc=0.1924 vio=0.271 backlog=31051 wall=27s
[snr 141/162] ucb seed=2 snr_db=10 users=10 slots=500
    reward=4.7691 delay=24.902 energy=3.027 acc=0.1924 vio=0.413 backlog=35984 wall=27s
[snr 142/162] dts seed=0 snr_db=10 users=10 slots=500
    reward=5.4575 delay=18.230 energy=2.422 acc=0.1882 vio=0.348 backlog=28331 wall=25s
[snr 143/162] dts seed=1 snr_db=10 users=10 slots=500
    reward=5.0039 delay=28.064 energy=3.271 acc=0.1927 vio=0.305 backlog=31804 wall=25s
[snr 144/162] dts seed=2 snr_db=10 users=10 slots=500
    reward=4.8322 delay=25.410 energy=3.086 acc=0.1946 vio=0.401 backlog=33232 wall=25s
[snr 145/162] gdo seed=0 snr_db=10 users=10 slots=500
    reward=3.0758 delay=39.534 energy=4.568 acc=0.2534 vio=0.500 backlog=90836 wall=13s
[snr 146/162] gdo seed=1 snr_db=10 users=10 slots=500
    reward=4.4053 delay=35.693 energy=4.052 acc=0.2523 vio=0.407 backlog=89540 wall=13s
[snr 147/162] gdo seed=2 snr_db=10 users=10 slots=500
    reward=4.0951 delay=33.761 energy=3.955 acc=0.2540 vio=0.519 backlog=84435 wall=13s
[snr 148/162] rss seed=0 snr_db=10 users=10 slots=500
    reward=3.6533 delay=21.654 energy=2.728 acc=0.1943 vio=0.538 backlog=58941 wall=11s
[snr 149/162] rss seed=1 snr_db=10 users=10 slots=500
    reward=0.7399 delay=50.074 energy=5.395 acc=0.1953 vio=0.535 backlog=51668 wall=11s
[snr 150/162] rss seed=2 snr_db=10 users=10 slots=500
    reward=3.2040 delay=27.486 energy=3.264 acc=0.1942 vio=0.571 backlog=48849 wall=11s
[snr 151/162] dqn seed=0 snr_db=10 users=10 slots=500
  [dqn] slot=0 team_r=7.4666 eps=1.000 K=2000
  [dqn] slot=50 team_r=5.6421 eps=0.905 K=2000
  [dqn] slot=100 team_r=6.9568 eps=0.810 K=2000
  [dqn] slot=150 team_r=5.3626 eps=0.715 K=2000
  [dqn] slot=200 team_r=6.5741 eps=0.620 K=2000
  [dqn] slot=250 team_r=-8.1019 eps=0.525 K=2000
  [dqn] slot=300 team_r=9.0041 eps=0.430 K=2000
  [dqn] slot=350 team_r=-60.9527 eps=0.335 K=2000
  [dqn] slot=400 team_r=7.1403 eps=0.240 K=2000
  [dqn] slot=450 team_r=7.3946 eps=0.145 K=2000
    reward=0.5261 delay=45.697 energy=5.128 acc=0.2024 vio=0.596 backlog=58573 wall=25s
[snr 152/162] dqn seed=1 snr_db=10 users=10 slots=500
  [dqn] slot=0 team_r=5.9625 eps=1.000 K=2000
  [dqn] slot=50 team_r=5.0938 eps=0.905 K=2000
  [dqn] slot=100 team_r=6.5994 eps=0.810 K=2000
  [dqn] slot=150 team_r=5.5425 eps=0.715 K=2000
  [dqn] slot=200 team_r=5.4689 eps=0.620 K=2000
  [dqn] slot=250 team_r=9.0597 eps=0.525 K=2000
  [dqn] slot=300 team_r=7.6581 eps=0.430 K=2000
  [dqn] slot=350 team_r=5.5375 eps=0.335 K=2000
  [dqn] slot=400 team_r=4.7319 eps=0.240 K=2000
  [dqn] slot=450 team_r=5.4784 eps=0.145 K=2000
    reward=0.8704 delay=48.318 energy=5.245 acc=0.2055 vio=0.550 backlog=62570 wall=25s
[snr 153/162] dqn seed=2 snr_db=10 users=10 slots=500
  [dqn] slot=0 team_r=3.0801 eps=1.000 K=2000
  [dqn] slot=50 team_r=6.0795 eps=0.905 K=2000
  [dqn] slot=100 team_r=-28.9607 eps=0.810 K=2000
  [dqn] slot=150 team_r=5.9754 eps=0.715 K=2000
  [dqn] slot=200 team_r=3.3658 eps=0.620 K=2000
  [dqn] slot=250 team_r=8.1023 eps=0.525 K=2000
  [dqn] slot=300 team_r=6.6036 eps=0.430 K=2000
  [dqn] slot=350 team_r=5.3431 eps=0.335 K=2000
  [dqn] slot=400 team_r=-0.4277 eps=0.240 K=2000
  [dqn] slot=450 team_r=7.1845 eps=0.145 K=2000
    reward=1.1801 delay=43.494 energy=4.846 acc=0.2046 vio=0.609 backlog=60363 wall=26s
[snr 154/162] ppo seed=0 snr_db=10 users=10 slots=500
  [ppo train] slot=0 team_r=7.3955
  [ppo train] slot=50 team_r=5.7428
  [ppo train] slot=100 team_r=4.2929
  [ppo train] slot=150 team_r=-2.3627
  [ppo train] slot=200 team_r=-89.4138
  [ppo train] slot=250 team_r=4.8123
  [ppo train] slot=300 team_r=2.8227
  [ppo train] slot=350 team_r=4.1082
  [ppo train] slot=400 team_r=4.5399
  [ppo train] slot=450 team_r=0.8749
    reward=0.4482 delay=47.302 energy=5.297 acc=0.2041 vio=0.595 backlog=64273 wall=13s
[snr 155/162] ppo seed=1 snr_db=10 users=10 slots=500
  [ppo train] slot=0 team_r=7.7474
  [ppo train] slot=50 team_r=4.9874
  [ppo train] slot=100 team_r=1.9793
  [ppo train] slot=150 team_r=-0.7262
  [ppo train] slot=200 team_r=6.9210
  [ppo train] slot=250 team_r=7.4581
  [ppo train] slot=300 team_r=8.1002
  [ppo train] slot=350 team_r=6.8480
  [ppo train] slot=400 team_r=6.4586
  [ppo train] slot=450 team_r=5.4260
    reward=0.8079 delay=49.175 energy=5.339 acc=0.2049 vio=0.552 backlog=67709 wall=12s
[snr 156/162] ppo seed=2 snr_db=10 users=10 slots=500
  [ppo train] slot=0 team_r=4.8839
  [ppo train] slot=50 team_r=6.0402
  [ppo train] slot=100 team_r=5.3825
  [ppo train] slot=150 team_r=3.5839
  [ppo train] slot=200 team_r=3.5999
  [ppo train] slot=250 team_r=5.8767
  [ppo train] slot=300 team_r=3.6773
  [ppo train] slot=350 team_r=-10.4488
  [ppo train] slot=400 team_r=7.6050
  [ppo train] slot=450 team_r=3.8772
    reward=0.5027 delay=48.601 energy=5.358 acc=0.2058 vio=0.630 backlog=69762 wall=12s
[snr 157/162] mappo seed=0 snr_db=10 users=10 slots=500
  [mappo train] slot=0 team_r=6.9205
  [mappo train] slot=50 team_r=5.3912
  [mappo train] slot=100 team_r=6.2643
  [mappo train] slot=150 team_r=5.5075
  [mappo train] slot=200 team_r=5.8890
  [mappo train] slot=250 team_r=-1.1085
  [mappo train] slot=300 team_r=5.5314
  [mappo train] slot=350 team_r=5.3922
  [mappo train] slot=400 team_r=3.4776
  [mappo train] slot=450 team_r=7.2709
    reward=1.0200 delay=41.309 energy=4.690 acc=0.2047 vio=0.623 backlog=79541 wall=11s
[snr 158/162] mappo seed=1 snr_db=10 users=10 slots=500
  [mappo train] slot=0 team_r=6.8980
  [mappo train] slot=50 team_r=3.4387
  [mappo train] slot=100 team_r=5.8461
  [mappo train] slot=150 team_r=5.5691
  [mappo train] slot=200 team_r=10.6105
  [mappo train] slot=250 team_r=5.8798
  [mappo train] slot=300 team_r=3.8490
  [mappo train] slot=350 team_r=7.8695
  [mappo train] slot=400 team_r=6.8848
  [mappo train] slot=450 team_r=6.2088
    reward=2.0951 delay=38.146 energy=4.239 acc=0.2049 vio=0.554 backlog=67385 wall=12s
[snr 159/162] mappo seed=2 snr_db=10 users=10 slots=500
  [mappo train] slot=0 team_r=6.0896
  [mappo train] slot=50 team_r=6.6658
  [mappo train] slot=100 team_r=0.0511
  [mappo train] slot=150 team_r=5.2768
  [mappo train] slot=200 team_r=-180.5290
  [mappo train] slot=250 team_r=6.5565
  [mappo train] slot=300 team_r=6.3638
  [mappo train] slot=350 team_r=6.3434
  [mappo train] slot=400 team_r=6.9668
  [mappo train] slot=450 team_r=6.1736
    reward=0.1765 delay=51.589 energy=5.649 acc=0.2031 vio=0.616 backlog=52510 wall=11s
[snr 160/162] cto seed=0 snr_db=10 users=10 slots=500
    reward=6.6775 delay=12.283 energy=1.845 acc=0.1870 vio=0.263 backlog=23286 wall=42s
[snr 161/162] cto seed=1 snr_db=10 users=10 slots=500
    reward=7.3355 delay=13.082 energy=1.775 acc=0.1881 vio=0.208 backlog=24789 wall=47s
[snr 162/162] cto seed=2 snr_db=10 users=10 slots=500
    reward=6.2417 delay=17.324 energy=2.285 acc=0.1876 vio=0.323 backlog=22695 wall=44s
[snr] done in 58.4 min → figures/sweeps/snr/
[2026-08-23 14:10:37] === finished snr ===
[2026-08-23 14:10:37] === begin users ===
[users 1/135] causal seed=0 n_users=5 users=5 slots=500
    reward=7.2583 delay=7.520 energy=1.578 acc=0.1984 vio=0.313 backlog=33358 wall=16s
[users 2/135] causal seed=1 n_users=5 users=5 slots=500
    reward=8.1753 delay=5.262 energy=1.217 acc=0.2083 vio=0.193 backlog=31189 wall=17s
[users 3/135] causal seed=2 n_users=5 users=5 slots=500
    reward=7.6652 delay=8.909 energy=1.760 acc=0.2088 vio=0.410 backlog=35146 wall=15s
[users 4/135] ucb seed=0 n_users=5 users=5 slots=500
    reward=4.6989 delay=22.682 energy=3.100 acc=0.1909 vio=0.420 backlog=33802 wall=17s
[users 5/135] ucb seed=1 n_users=5 users=5 slots=500
    reward=6.1100 delay=17.560 energy=2.413 acc=0.1965 vio=0.289 backlog=32903 wall=16s
[users 6/135] ucb seed=2 n_users=5 users=5 slots=500
    reward=5.9926 delay=15.905 energy=2.418 acc=0.1789 vio=0.354 backlog=21618 wall=16s
[users 7/135] dts seed=0 n_users=5 users=5 slots=500
    reward=3.7897 delay=26.445 energy=3.407 acc=0.1998 vio=0.489 backlog=37068 wall=15s
[users 8/135] dts seed=1 n_users=5 users=5 slots=500
    reward=5.0616 delay=22.784 energy=2.883 acc=0.2080 vio=0.374 backlog=39489 wall=16s
[users 9/135] dts seed=2 n_users=5 users=5 slots=500
    reward=5.3498 delay=20.430 energy=2.832 acc=0.1780 vio=0.352 backlog=19369 wall=17s
[users 10/135] gdo seed=0 n_users=5 users=5 slots=500
    reward=-0.7694 delay=62.036 energy=7.029 acc=0.2485 vio=0.586 backlog=105738 wall=9s
[users 11/135] gdo seed=1 n_users=5 users=5 slots=500
    reward=0.1281 delay=58.716 energy=6.520 acc=0.2265 vio=0.532 backlog=74461 wall=9s
[users 12/135] gdo seed=2 n_users=5 users=5 slots=500
    reward=1.7592 delay=39.758 energy=4.800 acc=0.2297 vio=0.671 backlog=78417 wall=9s
[users 13/135] rss seed=0 n_users=5 users=5 slots=500
    reward=5.2877 delay=10.220 energy=1.760 acc=0.1787 vio=0.507 backlog=26656 wall=8s
[users 14/135] rss seed=1 n_users=5 users=5 slots=500
    reward=5.8350 delay=14.344 energy=2.052 acc=0.1883 vio=0.378 backlog=27682 wall=11s
[users 15/135] rss seed=2 n_users=5 users=5 slots=500
    reward=-2.2198 delay=67.108 energy=7.439 acc=0.1917 vio=0.560 backlog=56163 wall=9s
[users 16/135] dqn seed=0 n_users=5 users=5 slots=500
  [dqn] slot=0 team_r=6.7215 eps=1.000 K=2000
  [dqn] slot=50 team_r=6.4913 eps=0.905 K=2000
  [dqn] slot=100 team_r=5.9157 eps=0.810 K=2000
  [dqn] slot=150 team_r=4.7075 eps=0.715 K=2000
  [dqn] slot=200 team_r=6.5338 eps=0.620 K=2000
  [dqn] slot=250 team_r=6.3703 eps=0.525 K=2000
  [dqn] slot=300 team_r=-3.8703 eps=0.430 K=2000
  [dqn] slot=350 team_r=7.5766 eps=0.335 K=2000
  [dqn] slot=400 team_r=-10.4251 eps=0.240 K=2000
  [dqn] slot=450 team_r=5.1295 eps=0.145 K=2000
    reward=0.5506 delay=44.850 energy=5.218 acc=0.2013 vio=0.616 backlog=61937 wall=17s
[users 17/135] dqn seed=1 n_users=5 users=5 slots=500
  [dqn] slot=0 team_r=7.0954 eps=1.000 K=2000
  [dqn] slot=50 team_r=6.8854 eps=0.905 K=2000
  [dqn] slot=100 team_r=7.5888 eps=0.810 K=2000
  [dqn] slot=150 team_r=5.8694 eps=0.715 K=2000
  [dqn] slot=200 team_r=7.0862 eps=0.620 K=2000
  [dqn] slot=250 team_r=7.9565 eps=0.525 K=2000
  [dqn] slot=300 team_r=8.9191 eps=0.430 K=2000
  [dqn] slot=350 team_r=9.0474 eps=0.335 K=2000
  [dqn] slot=400 team_r=7.3639 eps=0.240 K=2000
  [dqn] slot=450 team_r=7.4843 eps=0.145 K=2000
    reward=3.3444 delay=31.374 energy=3.729 acc=0.2040 vio=0.463 backlog=54702 wall=17s
[users 18/135] dqn seed=2 n_users=5 users=5 slots=500
  [dqn] slot=0 team_r=7.9966 eps=1.000 K=2000
  [dqn] slot=50 team_r=5.1464 eps=0.905 K=2000
  [dqn] slot=100 team_r=5.9271 eps=0.810 K=2000
  [dqn] slot=150 team_r=4.0524 eps=0.715 K=2000
  [dqn] slot=200 team_r=7.4091 eps=0.620 K=2000
  [dqn] slot=250 team_r=7.4093 eps=0.525 K=2000
  [dqn] slot=300 team_r=6.5841 eps=0.430 K=2000
  [dqn] slot=350 team_r=7.8437 eps=0.335 K=2000
  [dqn] slot=400 team_r=6.8539 eps=0.240 K=2000
  [dqn] slot=450 team_r=6.6171 eps=0.145 K=2000
    reward=2.5727 delay=32.241 energy=3.958 acc=0.2073 vio=0.625 backlog=61032 wall=17s
[users 19/135] ppo seed=0 n_users=5 users=5 slots=500
  [ppo train] slot=0 team_r=8.7553
  [ppo train] slot=50 team_r=6.1722
  [ppo train] slot=100 team_r=7.8650
  [ppo train] slot=150 team_r=4.0620
  [ppo train] slot=200 team_r=6.6054
  [ppo train] slot=250 team_r=5.3659
  [ppo train] slot=300 team_r=7.1353
  [ppo train] slot=350 team_r=5.8998
  [ppo train] slot=400 team_r=5.7710
  [ppo train] slot=450 team_r=3.8561
    reward=-0.5797 delay=53.271 energy=6.060 acc=0.2048 vio=0.624 backlog=64295 wall=9s
[users 20/135] ppo seed=1 n_users=5 users=5 slots=500
  [ppo train] slot=0 team_r=6.7525
  [ppo train] slot=50 team_r=5.9152
  [ppo train] slot=100 team_r=8.9357
  [ppo train] slot=150 team_r=4.9014
  [ppo train] slot=200 team_r=-151.6902
  [ppo train] slot=250 team_r=5.6725
  [ppo train] slot=300 team_r=8.1273
  [ppo train] slot=350 team_r=9.5855
  [ppo train] slot=400 team_r=7.3987
  [ppo train] slot=450 team_r=7.2145
    reward=2.7224 delay=33.123 energy=3.888 acc=0.2067 vio=0.518 backlog=63970 wall=8s
[users 21/135] ppo seed=2 n_users=5 users=5 slots=500
  [ppo train] slot=0 team_r=6.6409
  [ppo train] slot=50 team_r=6.4810
  [ppo train] slot=100 team_r=-18.3951
  [ppo train] slot=150 team_r=8.6643
  [ppo train] slot=200 team_r=4.9805
  [ppo train] slot=250 team_r=8.7877
  [ppo train] slot=300 team_r=3.3409
  [ppo train] slot=350 team_r=7.5474
  [ppo train] slot=400 team_r=8.0606
  [ppo train] slot=450 team_r=6.5079
    reward=2.5005 delay=32.646 energy=4.005 acc=0.2062 vio=0.613 backlog=47858 wall=9s
[users 22/135] mappo seed=0 n_users=5 users=5 slots=500
  [mappo train] slot=0 team_r=6.2273
  [mappo train] slot=50 team_r=7.5262
  [mappo train] slot=100 team_r=5.0278
  [mappo train] slot=150 team_r=7.8658
  [mappo train] slot=200 team_r=5.0501
  [mappo train] slot=250 team_r=7.1413
  [mappo train] slot=300 team_r=6.5481
  [mappo train] slot=350 team_r=5.8634
  [mappo train] slot=400 team_r=4.2313
  [mappo train] slot=450 team_r=4.5329
    reward=1.4959 delay=37.189 energy=4.451 acc=0.2044 vio=0.619 backlog=63581 wall=8s
[users 23/135] mappo seed=1 n_users=5 users=5 slots=500
  [mappo train] slot=0 team_r=6.4383
  [mappo train] slot=50 team_r=2.8265
  [mappo train] slot=100 team_r=9.3391
  [mappo train] slot=150 team_r=6.5233
  [mappo train] slot=200 team_r=11.2521
  [mappo train] slot=250 team_r=9.5439
  [mappo train] slot=300 team_r=8.8970
  [mappo train] slot=350 team_r=6.9050
  [mappo train] slot=400 team_r=-5.3812
  [mappo train] slot=450 team_r=2.7700
    reward=2.9881 delay=32.114 energy=3.803 acc=0.2047 vio=0.502 backlog=58983 wall=8s
[users 24/135] mappo seed=2 n_users=5 users=5 slots=500
  [mappo train] slot=0 team_r=9.0332
  [mappo train] slot=50 team_r=6.9601
  [mappo train] slot=100 team_r=4.3075
  [mappo train] slot=150 team_r=1.8453
  [mappo train] slot=200 team_r=10.7545
  [mappo train] slot=250 team_r=4.9826
  [mappo train] slot=300 team_r=4.6205
  [mappo train] slot=350 team_r=5.2460
  [mappo train] slot=400 team_r=4.7625
  [mappo train] slot=450 team_r=4.8509
    reward=0.1371 delay=50.169 energy=5.739 acc=0.2017 vio=0.604 backlog=53488 wall=8s
[users 25/135] cto seed=0 n_users=5 users=5 slots=500
    reward=5.8247 delay=12.568 energy=2.066 acc=0.1802 vio=0.363 backlog=25114 wall=27s
[users 26/135] cto seed=1 n_users=5 users=5 slots=500
    reward=6.8861 delay=11.437 energy=1.815 acc=0.1728 vio=0.191 backlog=18204 wall=28s
[users 27/135] cto seed=2 n_users=5 users=5 slots=500
    reward=5.7772 delay=14.656 energy=2.344 acc=0.1832 vio=0.412 backlog=22587 wall=28s
[users 28/135] causal seed=0 n_users=10 users=10 slots=500
    reward=6.9030 delay=9.523 energy=1.557 acc=0.1883 vio=0.251 backlog=26709 wall=22s
[users 29/135] causal seed=1 n_users=10 users=10 slots=500
    reward=7.0221 delay=14.161 energy=1.876 acc=0.1900 vio=0.195 backlog=29651 wall=21s
[users 30/135] causal seed=2 n_users=10 users=10 slots=500
    reward=7.0252 delay=11.317 energy=1.675 acc=0.1900 vio=0.294 backlog=28232 wall=21s
[users 31/135] ucb seed=0 n_users=10 users=10 slots=500
    reward=4.3492 delay=23.695 energy=2.980 acc=0.1774 vio=0.370 backlog=34722 wall=29s
[users 32/135] ucb seed=1 n_users=10 users=10 slots=500
    reward=4.6583 delay=23.402 energy=2.803 acc=0.1763 vio=0.358 backlog=29146 wall=30s
[users 33/135] ucb seed=2 n_users=10 users=10 slots=500
    reward=3.8529 delay=25.261 energy=3.058 acc=0.1915 vio=0.541 backlog=40633 wall=29s
[users 34/135] dts seed=0 n_users=10 users=10 slots=500
    reward=1.6204 delay=37.885 energy=4.383 acc=0.1818 vio=0.525 backlog=36825 wall=31s
[users 35/135] dts seed=1 n_users=10 users=10 slots=500
    reward=3.4598 delay=26.633 energy=3.117 acc=0.1950 vio=0.549 backlog=55001 wall=28s
[users 36/135] dts seed=2 n_users=10 users=10 slots=500
    reward=2.1084 delay=35.660 energy=4.113 acc=0.1902 vio=0.595 backlog=54264 wall=29s
[users 37/135] gdo seed=0 n_users=10 users=10 slots=500
    reward=-7.4814 delay=107.956 energy=11.411 acc=0.2473 vio=0.736 backlog=231155 wall=13s
[users 38/135] gdo seed=1 n_users=10 users=10 slots=500
    reward=-7.3216 delay=108.296 energy=11.289 acc=0.2291 vio=0.677 backlog=270130 wall=12s
[users 39/135] gdo seed=2 n_users=10 users=10 slots=500
    reward=-9.4276 delay=122.299 energy=12.778 acc=0.2368 vio=0.757 backlog=229978 wall=12s
[users 40/135] rss seed=0 n_users=10 users=10 slots=500
    reward=0.2479 delay=40.743 energy=4.637 acc=0.1957 vio=0.684 backlog=123420 wall=11s
[users 41/135] rss seed=1 n_users=10 users=10 slots=500
    reward=-1.3889 delay=57.101 energy=6.097 acc=0.1984 vio=0.701 backlog=125217 wall=11s
[users 42/135] rss seed=2 n_users=10 users=10 slots=500
    reward=-2.0294 delay=60.785 energy=6.594 acc=0.1958 vio=0.704 backlog=80697 wall=11s
[users 43/135] dqn seed=0 n_users=10 users=10 slots=500
  [dqn] slot=0 team_r=4.0969 eps=1.000 K=2000
  [dqn] slot=50 team_r=0.9506 eps=0.905 K=2000
  [dqn] slot=100 team_r=3.6054 eps=0.810 K=2000
  [dqn] slot=150 team_r=3.9394 eps=0.715 K=2000
  [dqn] slot=200 team_r=4.9953 eps=0.620 K=2000
  [dqn] slot=250 team_r=3.4785 eps=0.525 K=2000
  [dqn] slot=300 team_r=4.6088 eps=0.430 K=2000
  [dqn] slot=350 team_r=4.5964 eps=0.335 K=2000
  [dqn] slot=400 team_r=3.4782 eps=0.240 K=2000
  [dqn] slot=450 team_r=1.8279 eps=0.145 K=2000
    reward=-1.9170 delay=56.612 energy=6.220 acc=0.2046 vio=0.738 backlog=106206 wall=24s
[users 44/135] dqn seed=1 n_users=10 users=10 slots=500
  [dqn] slot=0 team_r=5.5837 eps=1.000 K=2000
  [dqn] slot=50 team_r=0.3306 eps=0.905 K=2000
  [dqn] slot=100 team_r=4.1059 eps=0.810 K=2000
  [dqn] slot=150 team_r=4.1270 eps=0.715 K=2000
  [dqn] slot=200 team_r=4.2950 eps=0.620 K=2000
  [dqn] slot=250 team_r=4.8181 eps=0.525 K=2000
  [dqn] slot=300 team_r=7.6434 eps=0.430 K=2000
  [dqn] slot=350 team_r=-12.0430 eps=0.335 K=2000
  [dqn] slot=400 team_r=4.5414 eps=0.240 K=2000
  [dqn] slot=450 team_r=-0.0003 eps=0.145 K=2000
    reward=-2.2127 delay=63.339 energy=6.751 acc=0.2039 vio=0.703 backlog=101717 wall=25s
[users 45/135] dqn seed=2 n_users=10 users=10 slots=500
  [dqn] slot=0 team_r=2.9915 eps=1.000 K=2000
  [dqn] slot=50 team_r=-541.3679 eps=0.905 K=2000
  [dqn] slot=100 team_r=3.1785 eps=0.810 K=2000
  [dqn] slot=150 team_r=5.2121 eps=0.715 K=2000
  [dqn] slot=200 team_r=3.6407 eps=0.620 K=2000
  [dqn] slot=250 team_r=-80.4261 eps=0.525 K=2000
  [dqn] slot=300 team_r=3.7531 eps=0.430 K=2000
  [dqn] slot=350 team_r=4.8599 eps=0.335 K=2000
  [dqn] slot=400 team_r=5.0768 eps=0.240 K=2000
  [dqn] slot=450 team_r=6.2028 eps=0.145 K=2000
    reward=-2.2458 delay=61.876 energy=6.686 acc=0.2048 vio=0.742 backlog=99551 wall=26s
[users 46/135] ppo seed=0 n_users=10 users=10 slots=500
  [ppo train] slot=0 team_r=5.9297
  [ppo train] slot=50 team_r=3.1977
  [ppo train] slot=100 team_r=-1.3781
  [ppo train] slot=150 team_r=4.6623
  [ppo train] slot=200 team_r=2.6489
  [ppo train] slot=250 team_r=2.0981
  [ppo train] slot=300 team_r=3.2960
  [ppo train] slot=350 team_r=4.1214
  [ppo train] slot=400 team_r=-27.2235
  [ppo train] slot=450 team_r=4.4988
    reward=-3.8229 delay=71.342 energy=7.699 acc=0.2062 vio=0.751 backlog=101307 wall=14s
[users 47/135] ppo seed=1 n_users=10 users=10 slots=500
  [ppo train] slot=0 team_r=4.3668
  [ppo train] slot=50 team_r=-8.4450
  [ppo train] slot=100 team_r=2.4513
  [ppo train] slot=150 team_r=3.6465
  [ppo train] slot=200 team_r=6.3711
  [ppo train] slot=250 team_r=7.0909
  [ppo train] slot=300 team_r=5.2765
  [ppo train] slot=350 team_r=-59.0804
  [ppo train] slot=400 team_r=5.5502
  [ppo train] slot=450 team_r=1.1868
    reward=-2.6551 delay=66.913 energy=7.119 acc=0.2061 vio=0.700 backlog=136492 wall=12s
[users 48/135] ppo seed=2 n_users=10 users=10 slots=500
  [ppo train] slot=0 team_r=5.7836
  [ppo train] slot=50 team_r=5.1066
  [ppo train] slot=100 team_r=-3.4685
  [ppo train] slot=150 team_r=-58.7458
  [ppo train] slot=200 team_r=4.0606
  [ppo train] slot=250 team_r=7.0609
  [ppo train] slot=300 team_r=4.7027
  [ppo train] slot=350 team_r=6.1610
  [ppo train] slot=400 team_r=4.1019
  [ppo train] slot=450 team_r=0.5014
    reward=-0.8428 delay=48.628 energy=5.358 acc=0.2058 vio=0.776 backlog=119625 wall=12s
[users 49/135] mappo seed=0 n_users=10 users=10 slots=500
  [mappo train] slot=0 team_r=5.7130
  [mappo train] slot=50 team_r=3.2941
  [mappo train] slot=100 team_r=2.7504
  [mappo train] slot=150 team_r=2.7570
  [mappo train] slot=200 team_r=5.0013
  [mappo train] slot=250 team_r=5.5676
  [mappo train] slot=300 team_r=4.1694
  [mappo train] slot=350 team_r=4.2982
  [mappo train] slot=400 team_r=2.7155
  [mappo train] slot=450 team_r=3.2858
    reward=-2.7822 delay=62.418 energy=6.801 acc=0.2074 vio=0.758 backlog=137119 wall=11s
[users 50/135] mappo seed=1 n_users=10 users=10 slots=500
  [mappo train] slot=0 team_r=4.4484
  [mappo train] slot=50 team_r=-44.7918
  [mappo train] slot=100 team_r=-44.7566
  [mappo train] slot=150 team_r=6.6855
  [mappo train] slot=200 team_r=-40.9449
  [mappo train] slot=250 team_r=3.8581
  [mappo train] slot=300 team_r=2.4267
  [mappo train] slot=350 team_r=5.8687
  [mappo train] slot=400 team_r=7.0698
  [mappo train] slot=450 team_r=-0.8017
    reward=-3.4018 delay=72.773 energy=7.695 acc=0.2054 vio=0.700 backlog=109761 wall=12s
[users 51/135] mappo seed=2 n_users=10 users=10 slots=500
  [mappo train] slot=0 team_r=5.8940
  [mappo train] slot=50 team_r=7.1710
  [mappo train] slot=100 team_r=3.4174
  [mappo train] slot=150 team_r=3.7734
  [mappo train] slot=200 team_r=3.0547
  [mappo train] slot=250 team_r=5.1398
  [mappo train] slot=300 team_r=5.9136
  [mappo train] slot=350 team_r=5.3799
  [mappo train] slot=400 team_r=-34.6118
  [mappo train] slot=450 team_r=4.3406
    reward=-2.3596 delay=62.861 energy=6.774 acc=0.2043 vio=0.755 backlog=84405 wall=12s
[users 52/135] cto seed=0 n_users=10 users=10 slots=500
    reward=4.6333 delay=21.247 energy=2.724 acc=0.1819 vio=0.399 backlog=31451 wall=44s
[users 53/135] cto seed=1 n_users=10 users=10 slots=500
    reward=2.9622 delay=37.300 energy=4.197 acc=0.1912 vio=0.438 backlog=49706 wall=47s
[users 54/135] cto seed=2 n_users=10 users=10 slots=500
    reward=2.9885 delay=32.810 energy=3.842 acc=0.1869 vio=0.508 backlog=34647 wall=45s
[users 55/135] causal seed=0 n_users=15 users=15 slots=500
    reward=6.2115 delay=14.527 energy=1.932 acc=0.1724 vio=0.260 backlog=20667 wall=31s
[users 56/135] causal seed=1 n_users=15 users=15 slots=500
    reward=6.2229 delay=18.004 energy=2.178 acc=0.1772 vio=0.236 backlog=20933 wall=27s
[users 57/135] causal seed=2 n_users=15 users=15 slots=500
    reward=5.9101 delay=16.462 energy=2.069 acc=0.1750 vio=0.291 backlog=24265 wall=26s
[users 58/135] ucb seed=0 n_users=15 users=15 slots=500
    reward=2.3935 delay=30.192 energy=3.497 acc=0.1741 vio=0.537 backlog=45471 wall=34s
[users 59/135] ucb seed=1 n_users=15 users=15 slots=500
    reward=2.9116 delay=31.202 energy=3.503 acc=0.1745 vio=0.487 backlog=45253 wall=36s
[users 60/135] ucb seed=2 n_users=15 users=15 slots=500
    reward=3.5053 delay=25.757 energy=3.010 acc=0.1709 vio=0.494 backlog=38069 wall=34s
[users 61/135] dts seed=0 n_users=15 users=15 slots=500
    reward=1.7300 delay=34.983 energy=3.974 acc=0.1774 vio=0.573 backlog=57627 wall=34s
[users 62/135] dts seed=1 n_users=15 users=15 slots=500
    reward=0.3104 delay=48.535 energy=5.235 acc=0.1814 vio=0.575 backlog=71977 wall=33s
[users 63/135] dts seed=2 n_users=15 users=15 slots=500
    reward=1.7523 delay=35.431 energy=3.983 acc=0.1808 vio=0.582 backlog=61650 wall=34s
[users 64/135] gdo seed=0 n_users=15 users=15 slots=500
    reward=-12.3544 delay=136.356 energy=14.112 acc=0.2226 vio=0.825 backlog=277608 wall=14s
[users 65/135] gdo seed=1 n_users=15 users=15 slots=500
    reward=-15.4627 delay=164.670 energy=16.847 acc=0.2208 vio=0.806 backlog=416823 wall=14s
[users 66/135] gdo seed=2 n_users=15 users=15 slots=500
    reward=-15.7326 delay=164.467 energy=16.883 acc=0.2290 vio=0.861 backlog=536740 wall=14s
[users 67/135] rss seed=0 n_users=15 users=15 slots=500
    reward=-2.9630 delay=61.807 energy=6.646 acc=0.1968 vio=0.754 backlog=292591 wall=13s
[users 68/135] rss seed=1 n_users=15 users=15 slots=500
    reward=-3.1475 delay=64.266 energy=6.786 acc=0.1884 vio=0.771 backlog=191721 wall=14s
[users 69/135] rss seed=2 n_users=15 users=15 slots=500
    reward=-5.7500 delay=84.560 energy=8.868 acc=0.2013 vio=0.801 backlog=92949 wall=15s
[users 70/135] dqn seed=0 n_users=15 users=15 slots=500
  [dqn] slot=0 team_r=2.8270 eps=1.000 K=2000
  [dqn] slot=50 team_r=2.2169 eps=0.905 K=2000
  [dqn] slot=100 team_r=-9.7343 eps=0.810 K=2000
  [dqn] slot=150 team_r=1.6503 eps=0.715 K=2000
  [dqn] slot=200 team_r=3.6669 eps=0.620 K=2000
  [dqn] slot=250 team_r=-5.9210 eps=0.525 K=2000
  [dqn] slot=300 team_r=2.9713 eps=0.430 K=2000
  [dqn] slot=350 team_r=4.2725 eps=0.335 K=2000
  [dqn] slot=400 team_r=4.0912 eps=0.240 K=2000
  [dqn] slot=450 team_r=-66.2885 eps=0.145 K=2000
    reward=-6.1918 delay=85.803 energy=9.038 acc=0.2058 vio=0.801 backlog=233804 wall=33s
[users 71/135] dqn seed=1 n_users=15 users=15 slots=500
  [dqn] slot=0 team_r=2.8284 eps=1.000 K=2000
  [dqn] slot=50 team_r=5.7523 eps=0.905 K=2000
  [dqn] slot=100 team_r=3.9580 eps=0.810 K=2000
  [dqn] slot=150 team_r=3.2238 eps=0.715 K=2000
  [dqn] slot=200 team_r=-207.7315 eps=0.620 K=2000
  [dqn] slot=250 team_r=-20.1267 eps=0.525 K=2000
  [dqn] slot=300 team_r=0.7394 eps=0.430 K=2000
  [dqn] slot=350 team_r=-3.1477 eps=0.335 K=2000
  [dqn] slot=400 team_r=4.0708 eps=0.240 K=2000
  [dqn] slot=450 team_r=3.1570 eps=0.145 K=2000
    reward=-6.1341 delay=88.724 energy=9.234 acc=0.2042 vio=0.790 backlog=183258 wall=32s
[users 72/135] dqn seed=2 n_users=15 users=15 slots=500
  [dqn] slot=0 team_r=4.1807 eps=1.000 K=2000
  [dqn] slot=50 team_r=3.3873 eps=0.905 K=2000
  [dqn] slot=100 team_r=5.7412 eps=0.810 K=2000
  [dqn] slot=150 team_r=-110.2789 eps=0.715 K=2000
  [dqn] slot=200 team_r=-6.1635 eps=0.620 K=2000
  [dqn] slot=250 team_r=-17.5850 eps=0.525 K=2000
  [dqn] slot=300 team_r=3.6023 eps=0.430 K=2000
  [dqn] slot=350 team_r=5.1847 eps=0.335 K=2000
  [dqn] slot=400 team_r=5.3212 eps=0.240 K=2000
  [dqn] slot=450 team_r=4.2634 eps=0.145 K=2000
    reward=-6.0458 delay=85.516 energy=8.962 acc=0.2059 vio=0.828 backlog=183015 wall=32s
[users 73/135] ppo seed=0 n_users=15 users=15 slots=500
  [ppo train] slot=0 team_r=2.8256
  [ppo train] slot=50 team_r=-15.8988
  [ppo train] slot=100 team_r=4.3796
  [ppo train] slot=150 team_r=3.3408
  [ppo train] slot=200 team_r=3.6567
  [ppo train] slot=250 team_r=-5.6485
  [ppo train] slot=300 team_r=0.9497
  [ppo train] slot=350 team_r=3.1950
  [ppo train] slot=400 team_r=2.5039
  [ppo train] slot=450 team_r=1.9746
    reward=-10.4065 delay=119.245 energy=12.387 acc=0.2074 vio=0.814 backlog=212588 wall=15s
[users 74/135] ppo seed=1 n_users=15 users=15 slots=500
  [ppo train] slot=0 team_r=4.8939
  [ppo train] slot=50 team_r=1.5384
  [ppo train] slot=100 team_r=1.4584
  [ppo train] slot=150 team_r=5.3235
  [ppo train] slot=200 team_r=1.3793
  [ppo train] slot=250 team_r=3.0353
  [ppo train] slot=300 team_r=-154.7048
  [ppo train] slot=350 team_r=3.4758
  [ppo train] slot=400 team_r=0.5031
  [ppo train] slot=450 team_r=0.9810
    reward=-6.5611 delay=92.116 energy=9.574 acc=0.2072 vio=0.790 backlog=191354 wall=17s
[users 75/135] ppo seed=2 n_users=15 users=15 slots=500
  [ppo train] slot=0 team_r=5.2555
  [ppo train] slot=50 team_r=2.6633
  [ppo train] slot=100 team_r=1.7620
  [ppo train] slot=150 team_r=4.3234
  [ppo train] slot=200 team_r=-20.9294
  [ppo train] slot=250 team_r=-3.4259
  [ppo train] slot=300 team_r=3.1230
  [ppo train] slot=350 team_r=3.9093
  [ppo train] slot=400 team_r=-2.7010
  [ppo train] slot=450 team_r=-1.3648
    reward=-8.9572 delay=108.137 energy=11.221 acc=0.2072 vio=0.829 backlog=144758 wall=17s
[users 76/135] mappo seed=0 n_users=15 users=15 slots=500
  [mappo train] slot=0 team_r=4.4558
  [mappo train] slot=50 team_r=1.7813
  [mappo train] slot=100 team_r=1.3000
  [mappo train] slot=150 team_r=2.3557
  [mappo train] slot=200 team_r=3.5614
  [mappo train] slot=250 team_r=-0.1929
  [mappo train] slot=300 team_r=4.3459
  [mappo train] slot=350 team_r=-0.2943
  [mappo train] slot=400 team_r=2.7630
  [mappo train] slot=450 team_r=4.0243
    reward=-6.4708 delay=87.554 energy=9.219 acc=0.2084 vio=0.819 backlog=193506 wall=14s
[users 77/135] mappo seed=1 n_users=15 users=15 slots=500
  [mappo train] slot=0 team_r=4.7554
  [mappo train] slot=50 team_r=3.3773
  [mappo train] slot=100 team_r=-171.0756
  [mappo train] slot=150 team_r=4.3712
  [mappo train] slot=200 team_r=-567.5041
  [mappo train] slot=250 team_r=2.0870
  [mappo train] slot=300 team_r=2.0969
  [mappo train] slot=350 team_r=5.3657
  [mappo train] slot=400 team_r=1.6698
  [mappo train] slot=450 team_r=2.0621
    reward=-6.4342 delay=91.217 energy=9.487 acc=0.2043 vio=0.791 backlog=177085 wall=14s
[users 78/135] mappo seed=2 n_users=15 users=15 slots=500
  [mappo train] slot=0 team_r=4.1301
  [mappo train] slot=50 team_r=4.5377
  [mappo train] slot=100 team_r=3.3844
  [mappo train] slot=150 team_r=2.2226
  [mappo train] slot=200 team_r=-0.7876
  [mappo train] slot=250 team_r=2.4894
  [mappo train] slot=300 team_r=3.6792
  [mappo train] slot=350 team_r=-0.0946
  [mappo train] slot=400 team_r=4.2327
  [mappo train] slot=450 team_r=2.6832
    reward=-8.9515 delay=108.687 energy=11.272 acc=0.2047 vio=0.830 backlog=125653 wall=13s
[users 79/135] cto seed=0 n_users=15 users=15 slots=500
    reward=1.8349 delay=37.745 energy=4.260 acc=0.1822 vio=0.536 backlog=47134 wall=44s
[users 80/135] cto seed=1 n_users=15 users=15 slots=500
    reward=1.8479 delay=40.379 energy=4.429 acc=0.1818 vio=0.515 backlog=39526 wall=44s
[users 81/135] cto seed=2 n_users=15 users=15 slots=500
    reward=2.3581 delay=32.806 energy=3.723 acc=0.1841 vio=0.576 backlog=46605 wall=44s
[users 82/135] causal seed=0 n_users=20 users=20 slots=500
    reward=5.1965 delay=20.041 energy=2.393 acc=0.1635 vio=0.312 backlog=20862 wall=32s
[users 83/135] causal seed=1 n_users=20 users=20 slots=500
    reward=5.3918 delay=19.424 energy=2.263 acc=0.1685 vio=0.303 backlog=26658 wall=35s
[users 84/135] causal seed=2 n_users=20 users=20 slots=500
    reward=4.5324 delay=24.731 energy=2.808 acc=0.1632 vio=0.328 backlog=27535 wall=34s
[users 85/135] ucb seed=0 n_users=20 users=20 slots=500
    reward=1.1825 delay=40.876 energy=4.478 acc=0.1692 vio=0.564 backlog=55318 wall=42s
[users 86/135] ucb seed=1 n_users=20 users=20 slots=500
    reward=3.5960 delay=24.771 energy=2.802 acc=0.1635 vio=0.461 backlog=40238 wall=1857s
[users 87/135] ucb seed=2 n_users=20 users=20 slots=500
    reward=-0.1044 delay=52.633 energy=5.616 acc=0.1697 vio=0.561 backlog=54235 wall=5125s
[users 88/135] dts seed=0 n_users=20 users=20 slots=500
    reward=-1.6588 delay=59.000 energy=6.288 acc=0.1824 vio=0.696 backlog=74273 wall=43s
[users 89/135] dts seed=1 n_users=20 users=20 slots=500
    reward=-3.2849 delay=69.294 energy=7.255 acc=0.1845 vio=0.707 backlog=89421 wall=42s
[users 90/135] dts seed=2 n_users=20 users=20 slots=500
    reward=-1.5383 delay=56.368 energy=5.986 acc=0.1823 vio=0.701 backlog=78674 wall=45s
[users 91/135] gdo seed=0 n_users=20 users=20 slots=500
    reward=-22.5169 delay=215.216 energy=21.908 acc=0.2272 vio=0.884 backlog=1016235 wall=16s
[users 92/135] gdo seed=1 n_users=20 users=20 slots=500
    reward=-24.7221 delay=231.769 energy=23.500 acc=0.2292 vio=0.882 backlog=1174162 wall=16s
[users 93/135] gdo seed=2 n_users=20 users=20 slots=500
    reward=-20.0848 delay=192.904 energy=19.636 acc=0.2197 vio=0.904 backlog=689671 wall=16s
[users 94/135] rss seed=0 n_users=20 users=20 slots=500
    reward=-12.6764 delay=131.988 energy=13.574 acc=0.2061 vio=0.860 backlog=686363 wall=15s
[users 95/135] rss seed=1 n_users=20 users=20 slots=500
    reward=-11.6935 delay=122.611 energy=12.571 acc=0.1955 vio=0.862 backlog=859483 wall=17s
[users 96/135] rss seed=2 n_users=20 users=20 slots=500
    reward=-11.2320 delay=121.200 energy=12.456 acc=0.2004 vio=0.880 backlog=246690 wall=24s
[users 97/135] dqn seed=0 n_users=20 users=20 slots=500
  [dqn] slot=0 team_r=1.9112 eps=1.000 K=2000
  [dqn] slot=50 team_r=-4.6041 eps=0.905 K=2000
  [dqn] slot=100 team_r=1.3207 eps=0.810 K=2000
  [dqn] slot=150 team_r=3.3514 eps=0.715 K=2000
  [dqn] slot=200 team_r=1.2630 eps=0.620 K=2000
  [dqn] slot=250 team_r=2.9971 eps=0.525 K=2000
  [dqn] slot=300 team_r=2.6113 eps=0.430 K=2000
  [dqn] slot=350 team_r=-138.8890 eps=0.335 K=2000
  [dqn] slot=400 team_r=3.4460 eps=0.240 K=2000
  [dqn] slot=450 team_r=-116.3642 eps=0.145 K=2000
    reward=-13.6069 delay=142.101 energy=14.589 acc=0.2054 vio=0.862 backlog=273471 wall=81s
[users 98/135] dqn seed=1 n_users=20 users=20 slots=500
  [dqn] slot=0 team_r=2.5489 eps=1.000 K=2000
  [dqn] slot=50 team_r=0.2568 eps=0.905 K=2000
  [dqn] slot=100 team_r=-11.9234 eps=0.810 K=2000
  [dqn] slot=150 team_r=3.8029 eps=0.715 K=2000
  [dqn] slot=200 team_r=-0.4797 eps=0.620 K=2000
  [dqn] slot=250 team_r=1.9705 eps=0.525 K=2000
  [dqn] slot=300 team_r=-0.0402 eps=0.430 K=2000
  [dqn] slot=350 team_r=-0.7752 eps=0.335 K=2000
  [dqn] slot=400 team_r=3.0258 eps=0.240 K=2000
  [dqn] slot=450 team_r=1.9140 eps=0.145 K=2000
    reward=-12.0808 delay=128.235 energy=13.135 acc=0.2060 vio=0.865 backlog=414460 wall=119s
[users 99/135] dqn seed=2 n_users=20 users=20 slots=500
  [dqn] slot=0 team_r=2.9562 eps=1.000 K=2000
  [dqn] slot=50 team_r=1.3327 eps=0.905 K=2000
  [dqn] slot=100 team_r=3.5133 eps=0.810 K=2000
  [dqn] slot=150 team_r=0.7803 eps=0.715 K=2000
  [dqn] slot=200 team_r=-120.4273 eps=0.620 K=2000
  [dqn] slot=250 team_r=-39.5430 eps=0.525 K=2000
  [dqn] slot=300 team_r=-17.9066 eps=0.430 K=2000
  [dqn] slot=350 team_r=2.4361 eps=0.335 K=2000
  [dqn] slot=400 team_r=-0.4373 eps=0.240 K=2000
  [dqn] slot=450 team_r=3.7044 eps=0.145 K=2000
    reward=-14.8375 delay=150.771 energy=15.415 acc=0.2071 vio=0.883 backlog=269983 wall=119s
[users 100/135] ppo seed=0 n_users=20 users=20 slots=500
  [ppo train] slot=0 team_r=4.2181
  [ppo train] slot=50 team_r=2.7085
  [ppo train] slot=100 team_r=1.3270
  [ppo train] slot=150 team_r=-374.3734
  [ppo train] slot=200 team_r=2.1593
  [ppo train] slot=250 team_r=-2.0671
  [ppo train] slot=300 team_r=1.9409
  [ppo train] slot=350 team_r=-9.6154
  [ppo train] slot=400 team_r=2.3514
  [ppo train] slot=450 team_r=-16.6740
    reward=-12.3619 delay=131.315 energy=13.510 acc=0.2052 vio=0.866 backlog=348937 wall=51s
[users 101/135] ppo seed=1 n_users=20 users=20 slots=500
  [ppo train] slot=0 team_r=2.8993
  [ppo train] slot=50 team_r=-0.4837
  [ppo train] slot=100 team_r=-20.1123
  [ppo train] slot=150 team_r=3.7792
  [ppo train] slot=200 team_r=3.0711
  [ppo train] slot=250 team_r=-335.3081
  [ppo train] slot=300 team_r=-7.5055
  [ppo train] slot=350 team_r=0.6650
  [ppo train] slot=400 team_r=-0.2413
  [ppo train] slot=450 team_r=1.8838
    reward=-14.2444 delay=144.948 energy=14.807 acc=0.2056 vio=0.865 backlog=406535 wall=57s
[users 102/135] ppo seed=2 n_users=20 users=20 slots=500
  [ppo train] slot=0 team_r=3.4803
  [ppo train] slot=50 team_r=-0.3967
  [ppo train] slot=100 team_r=-105.0758
  [ppo train] slot=150 team_r=1.7663
  [ppo train] slot=200 team_r=-11.8297
  [ppo train] slot=250 team_r=-0.4034
  [ppo train] slot=300 team_r=3.5728
  [ppo train] slot=350 team_r=0.0541
  [ppo train] slot=400 team_r=-146.8282
  [ppo train] slot=450 team_r=-0.3479
    reward=-14.8603 delay=150.403 energy=15.378 acc=0.2063 vio=0.888 backlog=334684 wall=37s
[users 103/135] mappo seed=0 n_users=20 users=20 slots=500
  [mappo train] slot=0 team_r=1.5795
  [mappo train] slot=50 team_r=-3.2971
  [mappo train] slot=100 team_r=3.4080
  [mappo train] slot=150 team_r=2.1258
  [mappo train] slot=200 team_r=2.0416
  [mappo train] slot=250 team_r=0.6953
  [mappo train] slot=300 team_r=2.7106
  [mappo train] slot=350 team_r=2.4533
  [mappo train] slot=400 team_r=-9.7713
  [mappo train] slot=450 team_r=1.2621
    reward=-12.9029 delay=136.078 energy=13.987 acc=0.2043 vio=0.855 backlog=315230 wall=43s
[users 104/135] mappo seed=1 n_users=20 users=20 slots=500
  [mappo train] slot=0 team_r=2.6313
  [mappo train] slot=50 team_r=-5.9700
  [mappo train] slot=100 team_r=-10.3226
  [mappo train] slot=150 team_r=-36.8086
  [mappo train] slot=200 team_r=-38.4155
  [mappo train] slot=250 team_r=2.8449
  [mappo train] slot=300 team_r=2.7149
  [mappo train] slot=350 team_r=2.7455
  [mappo train] slot=400 team_r=-32.0886
  [mappo train] slot=450 team_r=-16.0262
    reward=-12.1859 delay=129.545 energy=13.267 acc=0.2043 vio=0.855 backlog=352030 wall=43s
[users 105/135] mappo seed=2 n_users=20 users=20 slots=500
  [mappo train] slot=0 team_r=3.0665
  [mappo train] slot=50 team_r=3.8484
  [mappo train] slot=100 team_r=-3.6459
  [mappo train] slot=150 team_r=1.3976
  [mappo train] slot=200 team_r=-20.3479
  [mappo train] slot=250 team_r=2.7211
  [mappo train] slot=300 team_r=-18.3068
  [mappo train] slot=350 team_r=3.3242
  [mappo train] slot=400 team_r=1.9948
  [mappo train] slot=450 team_r=-18.8071
    reward=-11.8709 delay=126.842 energy=13.021 acc=0.2053 vio=0.876 backlog=274518 wall=40s
[users 106/135] cto seed=0 n_users=20 users=20 slots=500
    reward=-1.5446 delay=58.382 energy=6.230 acc=0.1824 vio=0.690 backlog=73373 wall=143s
[users 107/135] cto seed=1 n_users=20 users=20 slots=500
    reward=-2.0696 delay=62.302 energy=6.557 acc=0.1823 vio=0.668 backlog=73878 wall=137s
[users 108/135] cto seed=2 n_users=20 users=20 slots=500
    reward=-1.5691 delay=57.681 energy=6.121 acc=0.1844 vio=0.707 backlog=69637 wall=138s
[users 109/135] causal seed=0 n_users=25 users=25 slots=500
    reward=5.3338 delay=17.667 energy=2.117 acc=0.1654 vio=0.361 backlog=26021 wall=88s
[users 110/135] causal seed=1 n_users=25 users=25 slots=500
    reward=4.7058 delay=24.563 energy=2.742 acc=0.1644 vio=0.309 backlog=25790 wall=81s
[users 111/135] causal seed=2 n_users=25 users=25 slots=500
    reward=4.8105 delay=22.237 energy=2.541 acc=0.1633 vio=0.310 backlog=27471 wall=81s
[users 112/135] ucb seed=0 n_users=25 users=25 slots=500
    reward=1.3178 delay=36.732 energy=4.023 acc=0.1654 vio=0.627 backlog=39820 wall=108s
[users 113/135] ucb seed=1 n_users=25 users=25 slots=500
    reward=0.8264 delay=41.096 energy=4.396 acc=0.1627 vio=0.575 backlog=62947 wall=102s
[users 114/135] ucb seed=2 n_users=25 users=25 slots=500
    reward=1.2285 delay=37.999 energy=4.125 acc=0.1598 vio=0.556 backlog=36545 wall=93s
[users 115/135] dts seed=0 n_users=25 users=25 slots=500
    reward=-2.1561 delay=59.540 energy=6.302 acc=0.1770 vio=0.735 backlog=74952 wall=94s
[users 116/135] dts seed=1 n_users=25 users=25 slots=500
    reward=-2.1895 delay=59.267 energy=6.212 acc=0.1857 vio=0.734 backlog=101702 wall=137s
[users 117/135] dts seed=2 n_users=25 users=25 slots=500
    reward=-3.5984 delay=70.016 energy=7.327 acc=0.1837 vio=0.733 backlog=107630 wall=108s
[users 118/135] gdo seed=0 n_users=25 users=25 slots=500
    reward=-31.0638 delay=281.570 energy=28.506 acc=0.2359 vio=0.926 backlog=1772527 wall=41s
[users 119/135] gdo seed=1 n_users=25 users=25 slots=500
    reward=-31.4837 delay=284.889 energy=28.773 acc=0.2368 vio=0.916 backlog=1518165 wall=41s
[users 120/135] gdo seed=2 n_users=25 users=25 slots=500
    reward=-30.6345 delay=275.550 energy=27.882 acc=0.2324 vio=0.926 backlog=1501638 wall=62s
[users 121/135] rss seed=0 n_users=25 users=25 slots=500
    reward=-13.0411 delay=132.749 energy=13.618 acc=0.2041 vio=0.877 backlog=801040 wall=34s
[users 122/135] rss seed=1 n_users=25 users=25 slots=500
    reward=-17.3001 delay=164.584 energy=16.735 acc=0.1991 vio=0.878 backlog=1398695 wall=36s
[users 123/135] rss seed=2 n_users=25 users=25 slots=500
    reward=-18.3095 delay=172.076 energy=17.528 acc=0.2067 vio=0.921 backlog=696474 wall=41s
[users 124/135] dqn seed=0 n_users=25 users=25 slots=500
  [dqn] slot=0 team_r=3.3025 eps=1.000 K=2000
  [dqn] slot=50 team_r=2.6445 eps=0.905 K=2000
  [dqn] slot=100 team_r=2.7417 eps=0.810 K=2000
  [dqn] slot=150 team_r=1.0644 eps=0.715 K=2000
  [dqn] slot=200 team_r=0.0850 eps=0.620 K=2000
  [dqn] slot=250 team_r=1.9574 eps=0.525 K=2000
  [dqn] slot=300 team_r=-1.7785 eps=0.430 K=2000
  [dqn] slot=350 team_r=-0.5959 eps=0.335 K=2000
  [dqn] slot=400 team_r=-332.8454 eps=0.240 K=2000
  [dqn] slot=450 team_r=0.5874 eps=0.145 K=2000
    reward=-17.9400 delay=172.429 energy=17.587 acc=0.2073 vio=0.895 backlog=560435 wall=119s
[users 125/135] dqn seed=1 n_users=25 users=25 slots=500
  [dqn] slot=0 team_r=1.9881 eps=1.000 K=2000
  [dqn] slot=50 team_r=0.0244 eps=0.905 K=2000
  [dqn] slot=100 team_r=0.6086 eps=0.810 K=2000
  [dqn] slot=150 team_r=-75.5311 eps=0.715 K=2000
  [dqn] slot=200 team_r=1.5757 eps=0.620 K=2000
  [dqn] slot=250 team_r=-38.5122 eps=0.525 K=2000
  [dqn] slot=300 team_r=-8.3062 eps=0.430 K=2000
  [dqn] slot=350 team_r=-1.3974 eps=0.335 K=2000
  [dqn] slot=400 team_r=-0.4828 eps=0.240 K=2000
  [dqn] slot=450 team_r=0.6402 eps=0.145 K=2000
    reward=-17.0980 delay=166.122 energy=16.892 acc=0.2070 vio=0.890 backlog=408600 wall=99s
[users 126/135] dqn seed=2 n_users=25 users=25 slots=500
  [dqn] slot=0 team_r=3.7029 eps=1.000 K=2000
  [dqn] slot=50 team_r=2.5235 eps=0.905 K=2000
  [dqn] slot=100 team_r=-54.8055 eps=0.810 K=2000
  [dqn] slot=150 team_r=-35.8957 eps=0.715 K=2000
  [dqn] slot=200 team_r=-591.5854 eps=0.620 K=2000
  [dqn] slot=250 team_r=-1.9805 eps=0.525 K=2000
  [dqn] slot=300 team_r=-60.2712 eps=0.430 K=2000
  [dqn] slot=350 team_r=1.0789 eps=0.335 K=2000
  [dqn] slot=400 team_r=-3.2888 eps=0.240 K=2000
  [dqn] slot=450 team_r=0.7008 eps=0.145 K=2000
    reward=-14.2528 delay=141.883 energy=14.510 acc=0.2061 vio=0.901 backlog=406780 wall=109s
[users 127/135] ppo seed=0 n_users=25 users=25 slots=500
  [ppo train] slot=0 team_r=2.7246
  [ppo train] slot=50 team_r=1.1329
  [ppo train] slot=100 team_r=0.7054
  [ppo train] slot=150 team_r=-65.5988
  [ppo train] slot=200 team_r=-0.4531
  [ppo train] slot=250 team_r=2.3157
  [ppo train] slot=300 team_r=3.3710
  [ppo train] slot=350 team_r=1.9154
  [ppo train] slot=400 team_r=0.6364
  [ppo train] slot=450 team_r=-4.0227
    reward=-19.6207 delay=186.545 energy=19.000 acc=0.2066 vio=0.886 backlog=475593 wall=47s
[users 128/135] ppo seed=1 n_users=25 users=25 slots=500
  [ppo train] slot=0 team_r=2.5539
  [ppo train] slot=50 team_r=0.8982
  [ppo train] slot=100 team_r=2.4885
  [ppo train] slot=150 team_r=-42.9544
  [ppo train] slot=200 team_r=1.4854
  [ppo train] slot=250 team_r=-8.6715
  [ppo train] slot=300 team_r=-5.7577
  [ppo train] slot=350 team_r=0.5748
  [ppo train] slot=400 team_r=-79.8959
  [ppo train] slot=450 team_r=1.4403
    reward=-15.7565 delay=154.842 energy=15.766 acc=0.2074 vio=0.890 backlog=687858 wall=48s
[users 129/135] ppo seed=2 n_users=25 users=25 slots=500
  [ppo train] slot=0 team_r=3.3114
  [ppo train] slot=50 team_r=1.9526
  [ppo train] slot=100 team_r=-15.0235
  [ppo train] slot=150 team_r=1.3886
  [ppo train] slot=200 team_r=1.1492
  [ppo train] slot=250 team_r=-0.2508
  [ppo train] slot=300 team_r=-11.0020
  [ppo train] slot=350 team_r=-3.7436
  [ppo train] slot=400 team_r=1.6806
  [ppo train] slot=450 team_r=-2.0110
    reward=-17.4695 delay=167.596 energy=17.082 acc=0.2072 vio=0.898 backlog=450500 wall=55s
[users 130/135] mappo seed=0 n_users=25 users=25 slots=500
  [mappo train] slot=0 team_r=2.2557
  [mappo train] slot=50 team_r=-0.3065
  [mappo train] slot=100 team_r=1.3789
  [mappo train] slot=150 team_r=-98.6757
  [mappo train] slot=200 team_r=0.0414
  [mappo train] slot=250 team_r=-37.7502
  [mappo train] slot=300 team_r=-68.3674
  [mappo train] slot=350 team_r=-0.4129
  [mappo train] slot=400 team_r=2.4957
  [mappo train] slot=450 team_r=-4.0841
    reward=-22.7432 delay=210.811 energy=21.425 acc=0.2080 vio=0.894 backlog=664945 wall=42s
[users 131/135] mappo seed=1 n_users=25 users=25 slots=500
  [mappo train] slot=0 team_r=2.4721
  [mappo train] slot=50 team_r=-35.4539
  [mappo train] slot=100 team_r=1.9191
  [mappo train] slot=150 team_r=0.5987
  [mappo train] slot=200 team_r=-24.0150
  [mappo train] slot=250 team_r=-2.8487
  [mappo train] slot=300 team_r=1.5122
  [mappo train] slot=350 team_r=0.5063
  [mappo train] slot=400 team_r=-1.6958
  [mappo train] slot=450 team_r=-152.9179
    reward=-16.6733 delay=162.227 energy=16.507 acc=0.2031 vio=0.887 backlog=476563 wall=44s
[users 132/135] mappo seed=2 n_users=25 users=25 slots=500
  [mappo train] slot=0 team_r=2.9130
  [mappo train] slot=50 team_r=-122.3519
  [mappo train] slot=100 team_r=1.5077
  [mappo train] slot=150 team_r=1.9815
  [mappo train] slot=200 team_r=2.4640
  [mappo train] slot=250 team_r=-20.4674
  [mappo train] slot=300 team_r=0.3931
  [mappo train] slot=350 team_r=-26.5229
  [mappo train] slot=400 team_r=1.2885
  [mappo train] slot=450 team_r=1.9182
    reward=-20.1422 delay=188.384 energy=19.159 acc=0.2047 vio=0.900 backlog=464353 wall=41s
[users 133/135] cto seed=0 n_users=25 users=25 slots=500
    reward=-3.4269 delay=68.887 energy=7.238 acc=0.1854 vio=0.763 backlog=116825 wall=163s
[users 134/135] cto seed=1 n_users=25 users=25 slots=500
    reward=-3.4969 delay=69.922 energy=7.279 acc=0.1864 vio=0.737 backlog=111284 wall=202s
[users 135/135] cto seed=2 n_users=25 users=25 slots=500
    reward=-4.2555 delay=73.560 energy=7.682 acc=0.1870 vio=0.761 backlog=102366 wall=86s
[users] done in 209.2 min → figures/sweeps/users/
[2026-08-23 17:39:50] === finished users ===
[2026-08-23 17:39:50] === begin arrival ===
[arrival 1/135] causal seed=0 arrival_rate=0.05 users=10 slots=500
    reward=6.8698 delay=8.978 energy=1.502 acc=0.1864 vio=0.241 backlog=9787 wall=31s
[arrival 2/135] causal seed=1 arrival_rate=0.05 users=10 slots=500
    reward=7.0533 delay=12.766 energy=1.739 acc=0.1922 vio=0.208 backlog=11167 wall=29s
[arrival 3/135] causal seed=2 arrival_rate=0.05 users=10 slots=500
    reward=7.0647 delay=10.379 energy=1.581 acc=0.1912 vio=0.303 backlog=10575 wall=34s
[arrival 4/135] ucb seed=0 arrival_rate=0.05 users=10 slots=500
    reward=5.4248 delay=13.238 energy=1.912 acc=0.1621 vio=0.347 backlog=5806 wall=55s
[arrival 5/135] ucb seed=1 arrival_rate=0.05 users=10 slots=500
    reward=4.6969 delay=23.476 energy=2.806 acc=0.1845 vio=0.387 backlog=13061 wall=60s
[arrival 6/135] ucb seed=2 arrival_rate=0.05 users=10 slots=500
    reward=5.6150 delay=16.629 energy=2.221 acc=0.1653 vio=0.358 backlog=6648 wall=35s
[arrival 7/135] dts seed=0 arrival_rate=0.05 users=10 slots=500
    reward=1.9328 delay=38.141 energy=4.418 acc=0.1798 vio=0.474 backlog=13123 wall=32s
[arrival 8/135] dts seed=1 arrival_rate=0.05 users=10 slots=500
    reward=3.8887 delay=27.584 energy=3.209 acc=0.1794 vio=0.425 backlog=11450 wall=31s
[arrival 9/135] dts seed=2 arrival_rate=0.05 users=10 slots=500
    reward=2.4454 delay=36.221 energy=4.186 acc=0.1889 vio=0.524 backlog=11922 wall=33s
[arrival 10/135] gdo seed=0 arrival_rate=0.05 users=10 slots=500
    reward=-6.5825 delay=97.772 energy=10.374 acc=0.2322 vio=0.746 backlog=37023 wall=15s
[arrival 11/135] gdo seed=1 arrival_rate=0.05 users=10 slots=500
    reward=-7.3953 delay=112.954 energy=11.776 acc=0.2470 vio=0.675 backlog=42795 wall=16s
[arrival 12/135] gdo seed=2 arrival_rate=0.05 users=10 slots=500
    reward=-6.6680 delay=100.775 energy=10.632 acc=0.2322 vio=0.735 backlog=56006 wall=16s
[arrival 13/135] rss seed=0 arrival_rate=0.05 users=10 slots=500
    reward=-0.0532 delay=43.375 energy=4.903 acc=0.1943 vio=0.683 backlog=20877 wall=14s
[arrival 14/135] rss seed=1 arrival_rate=0.05 users=10 slots=500
    reward=-2.2350 delay=65.262 energy=6.922 acc=0.1981 vio=0.688 backlog=18267 wall=13s
[arrival 15/135] rss seed=2 arrival_rate=0.05 users=10 slots=500
    reward=-1.0691 delay=54.095 energy=5.921 acc=0.1969 vio=0.695 backlog=20587 wall=14s
[arrival 16/135] dqn seed=0 arrival_rate=0.05 users=10 slots=500
  [dqn] slot=0 team_r=4.0969 eps=1.000 K=2000
  [dqn] slot=50 team_r=5.7311 eps=0.905 K=2000
  [dqn] slot=100 team_r=3.6772 eps=0.810 K=2000
  [dqn] slot=150 team_r=6.5814 eps=0.715 K=2000
  [dqn] slot=200 team_r=2.6823 eps=0.620 K=2000
  [dqn] slot=250 team_r=0.7427 eps=0.525 K=2000
  [dqn] slot=300 team_r=2.9719 eps=0.430 K=2000
  [dqn] slot=350 team_r=7.8604 eps=0.335 K=2000
  [dqn] slot=400 team_r=3.0625 eps=0.240 K=2000
  [dqn] slot=450 team_r=-516.8411 eps=0.145 K=2000
    reward=-0.6804 delay=46.802 energy=5.244 acc=0.2059 vio=0.739 backlog=25920 wall=31s
[arrival 17/135] dqn seed=1 arrival_rate=0.05 users=10 slots=500
  [dqn] slot=0 team_r=5.5837 eps=1.000 K=2000
  [dqn] slot=50 team_r=5.5792 eps=0.905 K=2000
  [dqn] slot=100 team_r=2.7125 eps=0.810 K=2000
  [dqn] slot=150 team_r=4.8987 eps=0.715 K=2000
  [dqn] slot=200 team_r=4.1497 eps=0.620 K=2000
  [dqn] slot=250 team_r=7.1017 eps=0.525 K=2000
  [dqn] slot=300 team_r=4.6669 eps=0.430 K=2000
  [dqn] slot=350 team_r=5.5181 eps=0.335 K=2000
  [dqn] slot=400 team_r=3.9226 eps=0.240 K=2000
  [dqn] slot=450 team_r=-15.7232 eps=0.145 K=2000
    reward=-1.1318 delay=56.327 energy=6.052 acc=0.2073 vio=0.685 backlog=23362 wall=33s
[arrival 18/135] dqn seed=2 arrival_rate=0.05 users=10 slots=500
  [dqn] slot=0 team_r=3.5294 eps=1.000 K=2000
  [dqn] slot=50 team_r=-36.5353 eps=0.905 K=2000
  [dqn] slot=100 team_r=6.1479 eps=0.810 K=2000
  [dqn] slot=150 team_r=-1.1550 eps=0.715 K=2000
  [dqn] slot=200 team_r=3.8524 eps=0.620 K=2000
  [dqn] slot=250 team_r=4.2696 eps=0.525 K=2000
  [dqn] slot=300 team_r=5.4241 eps=0.430 K=2000
  [dqn] slot=350 team_r=4.5909 eps=0.335 K=2000
  [dqn] slot=400 team_r=-7.8868 eps=0.240 K=2000
  [dqn] slot=450 team_r=4.1364 eps=0.145 K=2000
    reward=-0.9353 delay=52.017 energy=5.694 acc=0.2056 vio=0.748 backlog=23123 wall=35s
[arrival 19/135] ppo seed=0 arrival_rate=0.05 users=10 slots=500
  [ppo train] slot=0 team_r=5.9297
  [ppo train] slot=50 team_r=3.0375
  [ppo train] slot=100 team_r=2.3420
  [ppo train] slot=150 team_r=6.1036
  [ppo train] slot=200 team_r=4.0452
  [ppo train] slot=250 team_r=5.5316
  [ppo train] slot=300 team_r=4.1589
  [ppo train] slot=350 team_r=3.9682
  [ppo train] slot=400 team_r=3.3984
  [ppo train] slot=450 team_r=3.9134
    reward=-2.2933 delay=59.879 energy=6.549 acc=0.2068 vio=0.741 backlog=22087 wall=16s
[arrival 20/135] ppo seed=1 arrival_rate=0.05 users=10 slots=500
  [ppo train] slot=0 team_r=4.3668
  [ppo train] slot=50 team_r=-9.9811
  [ppo train] slot=100 team_r=2.4373
  [ppo train] slot=150 team_r=-909.2482
  [ppo train] slot=200 team_r=-20.7940
  [ppo train] slot=250 team_r=8.2945
  [ppo train] slot=300 team_r=3.2630
  [ppo train] slot=350 team_r=6.2204
  [ppo train] slot=400 team_r=3.2347
  [ppo train] slot=450 team_r=3.4946
    reward=-2.2478 delay=63.689 energy=6.783 acc=0.2049 vio=0.709 backlog=25938 wall=16s
[arrival 21/135] ppo seed=2 arrival_rate=0.05 users=10 slots=500
  [ppo train] slot=0 team_r=5.8325
  [ppo train] slot=50 team_r=3.3487
  [ppo train] slot=100 team_r=3.6400
  [ppo train] slot=150 team_r=2.7444
  [ppo train] slot=200 team_r=5.8400
  [ppo train] slot=250 team_r=4.3253
  [ppo train] slot=300 team_r=4.7472
  [ppo train] slot=350 team_r=-0.3667
  [ppo train] slot=400 team_r=5.2451
  [ppo train] slot=450 team_r=3.1941
    reward=-2.8822 delay=66.380 energy=7.145 acc=0.2061 vio=0.750 backlog=28799 wall=17s
[arrival 22/135] mappo seed=0 arrival_rate=0.05 users=10 slots=500
  [mappo train] slot=0 team_r=5.7130
  [mappo train] slot=50 team_r=3.5713
  [mappo train] slot=100 team_r=3.1280
  [mappo train] slot=150 team_r=2.9356
  [mappo train] slot=200 team_r=2.6167
  [mappo train] slot=250 team_r=4.3027
  [mappo train] slot=300 team_r=1.2455
  [mappo train] slot=350 team_r=4.3429
  [mappo train] slot=400 team_r=-41.0760
  [mappo train] slot=450 team_r=-1.6246
    reward=-5.1048 delay=82.410 energy=8.804 acc=0.2068 vio=0.746 backlog=32706 wall=15s
[arrival 23/135] mappo seed=1 arrival_rate=0.05 users=10 slots=500
  [mappo train] slot=0 team_r=4.4484
  [mappo train] slot=50 team_r=-8.9025
  [mappo train] slot=100 team_r=6.0414
  [mappo train] slot=150 team_r=4.8303
  [mappo train] slot=200 team_r=5.2691
  [mappo train] slot=250 team_r=4.1997
  [mappo train] slot=300 team_r=5.0523
  [mappo train] slot=350 team_r=4.5185
  [mappo train] slot=400 team_r=4.5440
  [mappo train] slot=450 team_r=4.9427
    reward=-2.8328 delay=68.835 energy=7.307 acc=0.2043 vio=0.700 backlog=24870 wall=16s
[arrival 24/135] mappo seed=2 arrival_rate=0.05 users=10 slots=500
  [mappo train] slot=0 team_r=5.9431
  [mappo train] slot=50 team_r=3.1306
  [mappo train] slot=100 team_r=3.2608
  [mappo train] slot=150 team_r=4.5603
  [mappo train] slot=200 team_r=4.0274
  [mappo train] slot=250 team_r=5.4728
  [mappo train] slot=300 team_r=2.0941
  [mappo train] slot=350 team_r=2.9349
  [mappo train] slot=400 team_r=3.9222
  [mappo train] slot=450 team_r=7.1626
    reward=-1.2209 delay=54.294 energy=5.924 acc=0.2030 vio=0.740 backlog=28882 wall=15s
[arrival 25/135] cto seed=0 arrival_rate=0.05 users=10 slots=500
    reward=3.1452 delay=27.553 energy=3.359 acc=0.1896 vio=0.520 backlog=12602 wall=54s
[arrival 26/135] cto seed=1 arrival_rate=0.05 users=10 slots=500
    reward=4.6557 delay=24.883 energy=2.954 acc=0.1828 vio=0.364 backlog=10897 wall=54s
[arrival 27/135] cto seed=2 arrival_rate=0.05 users=10 slots=500
    reward=4.6644 delay=19.012 energy=2.460 acc=0.1825 vio=0.493 backlog=10702 wall=54s
[arrival 28/135] causal seed=0 arrival_rate=0.1 users=10 slots=500
    reward=6.8384 delay=9.939 energy=1.593 acc=0.1862 vio=0.245 backlog=17168 wall=35s
[arrival 29/135] causal seed=1 arrival_rate=0.1 users=10 slots=500
    reward=6.9117 delay=14.233 energy=1.881 acc=0.1891 vio=0.203 backlog=17937 wall=30s
[arrival 30/135] causal seed=2 arrival_rate=0.1 users=10 slots=500
    reward=6.5492 delay=14.059 energy=1.942 acc=0.1849 vio=0.285 backlog=17384 wall=30s
[arrival 31/135] ucb seed=0 arrival_rate=0.1 users=10 slots=500
    reward=2.9354 delay=26.435 energy=3.233 acc=0.1877 vio=0.538 backlog=41719 wall=38s
[arrival 32/135] ucb seed=1 arrival_rate=0.1 users=10 slots=500
    reward=3.6473 delay=29.496 energy=3.416 acc=0.1762 vio=0.376 backlog=27928 wall=34s
[arrival 33/135] ucb seed=2 arrival_rate=0.1 users=10 slots=500
    reward=4.4861 delay=22.134 energy=2.785 acc=0.1762 vio=0.444 backlog=21500 wall=35s
[arrival 34/135] dts seed=0 arrival_rate=0.1 users=10 slots=500
    reward=3.9092 delay=21.970 energy=2.797 acc=0.1873 vio=0.482 backlog=25646 wall=35s
[arrival 35/135] dts seed=1 arrival_rate=0.1 users=10 slots=500
    reward=4.2447 delay=23.517 energy=2.797 acc=0.1769 vio=0.419 backlog=22756 wall=35s
[arrival 36/135] dts seed=2 arrival_rate=0.1 users=10 slots=500
    reward=4.4427 delay=20.783 energy=2.627 acc=0.1837 vio=0.480 backlog=25600 wall=36s
[arrival 37/135] gdo seed=0 arrival_rate=0.1 users=10 slots=500
    reward=-5.6720 delay=91.496 energy=9.754 acc=0.2399 vio=0.735 backlog=98325 wall=18s
[arrival 38/135] gdo seed=1 arrival_rate=0.1 users=10 slots=500
    reward=-3.6267 delay=81.841 energy=8.652 acc=0.2401 vio=0.683 backlog=114535 wall=18s
[arrival 39/135] gdo seed=2 arrival_rate=0.1 users=10 slots=500
    reward=-8.4798 delay=115.359 energy=12.082 acc=0.2349 vio=0.745 backlog=91756 wall=20s
[arrival 40/135] rss seed=0 arrival_rate=0.1 users=10 slots=500
    reward=0.9350 delay=35.631 energy=4.126 acc=0.1947 vio=0.680 backlog=52681 wall=18s
[arrival 41/135] rss seed=1 arrival_rate=0.1 users=10 slots=500
    reward=-0.6881 delay=51.536 energy=5.550 acc=0.1995 vio=0.692 backlog=66582 wall=15s
[arrival 42/135] rss seed=2 arrival_rate=0.1 users=10 slots=500
    reward=-0.8032 delay=51.432 energy=5.654 acc=0.1948 vio=0.693 backlog=53072 wall=17s
[arrival 43/135] dqn seed=0 arrival_rate=0.1 users=10 slots=500
  [dqn] slot=0 team_r=4.0969 eps=1.000 K=2000
  [dqn] slot=50 team_r=3.6963 eps=0.905 K=2000
  [dqn] slot=100 team_r=3.1564 eps=0.810 K=2000
  [dqn] slot=150 team_r=-0.6479 eps=0.715 K=2000
  [dqn] slot=200 team_r=5.8485 eps=0.620 K=2000
  [dqn] slot=250 team_r=3.2720 eps=0.525 K=2000
  [dqn] slot=300 team_r=2.5212 eps=0.430 K=2000
  [dqn] slot=350 team_r=1.9607 eps=0.335 K=2000
  [dqn] slot=400 team_r=4.1030 eps=0.240 K=2000
  [dqn] slot=450 team_r=4.5556 eps=0.145 K=2000
    reward=-2.0812 delay=57.283 energy=6.287 acc=0.2049 vio=0.747 backlog=67970 wall=34s
[arrival 44/135] dqn seed=1 arrival_rate=0.1 users=10 slots=500
  [dqn] slot=0 team_r=5.5837 eps=1.000 K=2000
  [dqn] slot=50 team_r=5.1253 eps=0.905 K=2000
  [dqn] slot=100 team_r=7.7267 eps=0.810 K=2000
  [dqn] slot=150 team_r=-92.9911 eps=0.715 K=2000
  [dqn] slot=200 team_r=1.3883 eps=0.620 K=2000
  [dqn] slot=250 team_r=7.4348 eps=0.525 K=2000
  [dqn] slot=300 team_r=3.7204 eps=0.430 K=2000
  [dqn] slot=350 team_r=4.1844 eps=0.335 K=2000
  [dqn] slot=400 team_r=5.7405 eps=0.240 K=2000
  [dqn] slot=450 team_r=2.6961 eps=0.145 K=2000
    reward=-1.8699 delay=62.252 energy=6.641 acc=0.2055 vio=0.690 backlog=50240 wall=31s
[arrival 45/135] dqn seed=2 arrival_rate=0.1 users=10 slots=500
  [dqn] slot=0 team_r=2.9912 eps=1.000 K=2000
  [dqn] slot=50 team_r=4.5684 eps=0.905 K=2000
  [dqn] slot=100 team_r=4.9273 eps=0.810 K=2000
  [dqn] slot=150 team_r=5.0552 eps=0.715 K=2000
  [dqn] slot=200 team_r=4.4679 eps=0.620 K=2000
  [dqn] slot=250 team_r=4.2254 eps=0.525 K=2000
  [dqn] slot=300 team_r=4.5966 eps=0.430 K=2000
  [dqn] slot=350 team_r=4.2195 eps=0.335 K=2000
  [dqn] slot=400 team_r=3.8212 eps=0.240 K=2000
  [dqn] slot=450 team_r=3.9914 eps=0.145 K=2000
    reward=-2.3777 delay=62.417 energy=6.738 acc=0.2068 vio=0.764 backlog=66733 wall=36s
[arrival 46/135] ppo seed=0 arrival_rate=0.1 users=10 slots=500
  [ppo train] slot=0 team_r=5.9297
  [ppo train] slot=50 team_r=3.0132
  [ppo train] slot=100 team_r=2.7730
  [ppo train] slot=150 team_r=-42.8771
  [ppo train] slot=200 team_r=3.0323
  [ppo train] slot=250 team_r=5.2454
  [ppo train] slot=300 team_r=5.0316
  [ppo train] slot=350 team_r=-227.1037
  [ppo train] slot=400 team_r=-6.5820
  [ppo train] slot=450 team_r=-40.8845
    reward=-1.2710 delay=51.409 energy=5.702 acc=0.2070 vio=0.744 backlog=59347 wall=19s
[arrival 47/135] ppo seed=1 arrival_rate=0.1 users=10 slots=500
  [ppo train] slot=0 team_r=4.3668
  [ppo train] slot=50 team_r=2.9716
  [ppo train] slot=100 team_r=2.9941
  [ppo train] slot=150 team_r=1.0785
  [ppo train] slot=200 team_r=3.9149
  [ppo train] slot=250 team_r=8.8924
  [ppo train] slot=300 team_r=6.1813
  [ppo train] slot=350 team_r=-233.7459
  [ppo train] slot=400 team_r=4.6842
  [ppo train] slot=450 team_r=3.6640
    reward=-2.9507 delay=69.594 energy=7.375 acc=0.2068 vio=0.702 backlog=68050 wall=18s
[arrival 48/135] ppo seed=2 arrival_rate=0.1 users=10 slots=500
  [ppo train] slot=0 team_r=5.7832
  [ppo train] slot=50 team_r=3.7917
  [ppo train] slot=100 team_r=1.2335
  [ppo train] slot=150 team_r=4.5454
  [ppo train] slot=200 team_r=4.2944
  [ppo train] slot=250 team_r=3.6656
  [ppo train] slot=300 team_r=4.6702
  [ppo train] slot=350 team_r=3.2453
  [ppo train] slot=400 team_r=1.7378
  [ppo train] slot=450 team_r=4.0273
    reward=-0.4955 delay=47.215 energy=5.222 acc=0.2059 vio=0.759 backlog=63998 wall=15s
[arrival 49/135] mappo seed=0 arrival_rate=0.1 users=10 slots=500
  [mappo train] slot=0 team_r=5.7130
  [mappo train] slot=50 team_r=2.1291
  [mappo train] slot=100 team_r=4.2110
  [mappo train] slot=150 team_r=8.4927
  [mappo train] slot=200 team_r=5.0543
  [mappo train] slot=250 team_r=5.0194
  [mappo train] slot=300 team_r=-3.7975
  [mappo train] slot=350 team_r=1.3024
  [mappo train] slot=400 team_r=4.9698
  [mappo train] slot=450 team_r=-1.6832
    reward=-2.6000 delay=61.894 energy=6.755 acc=0.2085 vio=0.748 backlog=55040 wall=14s
[arrival 50/135] mappo seed=1 arrival_rate=0.1 users=10 slots=500
  [mappo train] slot=0 team_r=4.4484
  [mappo train] slot=50 team_r=4.3238
  [mappo train] slot=100 team_r=6.4113
  [mappo train] slot=150 team_r=3.2672
  [mappo train] slot=200 team_r=4.2431
  [mappo train] slot=250 team_r=3.8723
  [mappo train] slot=300 team_r=6.9126
  [mappo train] slot=350 team_r=4.6537
  [mappo train] slot=400 team_r=-0.3406
  [mappo train] slot=450 team_r=-37.1597
    reward=-2.3161 delay=65.084 energy=6.934 acc=0.2064 vio=0.694 backlog=73782 wall=14s
[arrival 51/135] mappo seed=2 arrival_rate=0.1 users=10 slots=500
  [mappo train] slot=0 team_r=5.8929
  [mappo train] slot=50 team_r=2.8755
  [mappo train] slot=100 team_r=1.0231
  [mappo train] slot=150 team_r=5.4689
  [mappo train] slot=200 team_r=2.6613
  [mappo train] slot=250 team_r=6.3425
  [mappo train] slot=300 team_r=0.1950
  [mappo train] slot=350 team_r=5.5998
  [mappo train] slot=400 team_r=1.9507
  [mappo train] slot=450 team_r=-15.7320
    reward=-2.2087 delay=62.622 energy=6.765 acc=0.2019 vio=0.738 backlog=60534 wall=13s
[arrival 52/135] cto seed=0 arrival_rate=0.1 users=10 slots=500
    reward=3.9381 delay=22.227 energy=2.825 acc=0.1901 vio=0.496 backlog=24346 wall=48s
[arrival 53/135] cto seed=1 arrival_rate=0.1 users=10 slots=500
    reward=4.4393 delay=24.330 energy=2.909 acc=0.1852 vio=0.394 backlog=22850 wall=41s
[arrival 54/135] cto seed=2 arrival_rate=0.1 users=10 slots=500
    reward=3.9707 delay=27.801 energy=3.320 acc=0.1847 vio=0.462 backlog=22297 wall=39s
[arrival 55/135] causal seed=0 arrival_rate=0.18 users=10 slots=500
    reward=6.9244 delay=9.627 energy=1.564 acc=0.1856 vio=0.244 backlog=34997 wall=23s
[arrival 56/135] causal seed=1 arrival_rate=0.18 users=10 slots=500
    reward=7.2838 delay=12.729 energy=1.731 acc=0.1897 vio=0.191 backlog=34638 wall=23s
[arrival 57/135] causal seed=2 arrival_rate=0.18 users=10 slots=500
    reward=6.8303 delay=12.216 energy=1.761 acc=0.1866 vio=0.282 backlog=41511 wall=22s
[arrival 58/135] ucb seed=0 arrival_rate=0.18 users=10 slots=500
    reward=4.8647 delay=17.107 energy=2.310 acc=0.1662 vio=0.363 backlog=40112 wall=27s
[arrival 59/135] ucb seed=1 arrival_rate=0.18 users=10 slots=500
    reward=5.6603 delay=16.949 energy=2.160 acc=0.1695 vio=0.298 backlog=33183 wall=27s
[arrival 60/135] ucb seed=2 arrival_rate=0.18 users=10 slots=500
    reward=4.0240 delay=28.604 energy=3.419 acc=0.1719 vio=0.400 backlog=43065 wall=27s
[arrival 61/135] dts seed=0 arrival_rate=0.18 users=10 slots=500
    reward=2.0967 delay=32.854 energy=3.883 acc=0.1915 vio=0.580 backlog=75328 wall=27s
[arrival 62/135] dts seed=1 arrival_rate=0.18 users=10 slots=500
    reward=4.3504 delay=24.933 energy=2.953 acc=0.1857 vio=0.402 backlog=53958 wall=27s
[arrival 63/135] dts seed=2 arrival_rate=0.18 users=10 slots=500
    reward=3.3203 delay=28.632 energy=3.412 acc=0.1767 vio=0.497 backlog=48028 wall=30s
[arrival 64/135] gdo seed=0 arrival_rate=0.18 users=10 slots=500
    reward=-6.1454 delay=95.434 energy=10.158 acc=0.2455 vio=0.753 backlog=535652 wall=15s
[arrival 65/135] gdo seed=1 arrival_rate=0.18 users=10 slots=500
    reward=-6.0912 delay=101.648 energy=10.645 acc=0.2475 vio=0.688 backlog=462268 wall=14s
[arrival 66/135] gdo seed=2 arrival_rate=0.18 users=10 slots=500
    reward=-9.0789 delay=119.621 energy=12.525 acc=0.2374 vio=0.757 backlog=457228 wall=14s
[arrival 67/135] rss seed=0 arrival_rate=0.18 users=10 slots=500
    reward=0.5587 delay=37.386 energy=4.301 acc=0.1949 vio=0.701 backlog=206279 wall=12s
[arrival 68/135] rss seed=1 arrival_rate=0.18 users=10 slots=500
    reward=-0.6061 delay=50.597 energy=5.454 acc=0.1982 vio=0.700 backlog=243402 wall=12s
[arrival 69/135] rss seed=2 arrival_rate=0.18 users=10 slots=500
    reward=-2.4014 delay=63.735 energy=6.890 acc=0.1962 vio=0.700 backlog=162600 wall=13s
[arrival 70/135] dqn seed=0 arrival_rate=0.18 users=10 slots=500
  [dqn] slot=0 team_r=4.0976 eps=1.000 K=2000
  [dqn] slot=50 team_r=3.2019 eps=0.905 K=2000
  [dqn] slot=100 team_r=4.5437 eps=0.810 K=2000
  [dqn] slot=150 team_r=1.6920 eps=0.715 K=2000
  [dqn] slot=200 team_r=4.6517 eps=0.620 K=2000
  [dqn] slot=250 team_r=4.1847 eps=0.525 K=2000
  [dqn] slot=300 team_r=3.3377 eps=0.430 K=2000
  [dqn] slot=350 team_r=-20.4816 eps=0.335 K=2000
  [dqn] slot=400 team_r=2.0853 eps=0.240 K=2000
  [dqn] slot=450 team_r=1.6726 eps=0.145 K=2000
    reward=-1.7247 delay=53.322 energy=5.896 acc=0.2058 vio=0.755 backlog=207282 wall=30s
[arrival 71/135] dqn seed=1 arrival_rate=0.18 users=10 slots=500
  [dqn] slot=0 team_r=5.5837 eps=1.000 K=2000
  [dqn] slot=50 team_r=6.4001 eps=0.905 K=2000
  [dqn] slot=100 team_r=3.2898 eps=0.810 K=2000
  [dqn] slot=150 team_r=4.8025 eps=0.715 K=2000
  [dqn] slot=200 team_r=4.0274 eps=0.620 K=2000
  [dqn] slot=250 team_r=4.9017 eps=0.525 K=2000
  [dqn] slot=300 team_r=4.5664 eps=0.430 K=2000
  [dqn] slot=350 team_r=4.4915 eps=0.335 K=2000
  [dqn] slot=400 team_r=5.9327 eps=0.240 K=2000
  [dqn] slot=450 team_r=-17.2773 eps=0.145 K=2000
    reward=-1.4227 delay=57.758 energy=6.196 acc=0.2086 vio=0.705 backlog=174162 wall=31s
[arrival 72/135] dqn seed=2 arrival_rate=0.18 users=10 slots=500
  [dqn] slot=0 team_r=2.9915 eps=1.000 K=2000
  [dqn] slot=50 team_r=-14.6612 eps=0.905 K=2000
  [dqn] slot=100 team_r=3.1530 eps=0.810 K=2000
  [dqn] slot=150 team_r=8.3877 eps=0.715 K=2000
  [dqn] slot=200 team_r=3.2047 eps=0.620 K=2000
  [dqn] slot=250 team_r=-277.1284 eps=0.525 K=2000
  [dqn] slot=300 team_r=2.9989 eps=0.430 K=2000
  [dqn] slot=350 team_r=5.9563 eps=0.335 K=2000
  [dqn] slot=400 team_r=5.3851 eps=0.240 K=2000
  [dqn] slot=450 team_r=8.9294 eps=0.145 K=2000
    reward=-3.0576 delay=67.659 energy=7.273 acc=0.2062 vio=0.760 backlog=169118 wall=32s
[arrival 73/135] ppo seed=0 arrival_rate=0.18 users=10 slots=500
  [ppo train] slot=0 team_r=6.1185
  [ppo train] slot=50 team_r=3.1802
  [ppo train] slot=100 team_r=4.0381
  [ppo train] slot=150 team_r=-250.1657
  [ppo train] slot=200 team_r=2.4064
  [ppo train] slot=250 team_r=-9.5420
  [ppo train] slot=300 team_r=0.7182
  [ppo train] slot=350 team_r=-5.5272
  [ppo train] slot=400 team_r=2.2187
  [ppo train] slot=450 team_r=6.7452
    reward=-4.5240 delay=76.730 energy=8.234 acc=0.2063 vio=0.745 backlog=145952 wall=16s
[arrival 74/135] ppo seed=1 arrival_rate=0.18 users=10 slots=500
  [ppo train] slot=0 team_r=4.3668
  [ppo train] slot=50 team_r=4.8886
  [ppo train] slot=100 team_r=4.5839
  [ppo train] slot=150 team_r=4.5889
  [ppo train] slot=200 team_r=5.3880
  [ppo train] slot=250 team_r=3.4354
  [ppo train] slot=300 team_r=5.5886
  [ppo train] slot=350 team_r=7.1787
  [ppo train] slot=400 team_r=1.3965
  [ppo train] slot=450 team_r=2.3044
    reward=-3.2648 delay=71.739 energy=7.595 acc=0.2068 vio=0.701 backlog=190487 wall=17s
[arrival 75/135] ppo seed=2 arrival_rate=0.18 users=10 slots=500
  [ppo train] slot=0 team_r=5.7836
  [ppo train] slot=50 team_r=5.8634
  [ppo train] slot=100 team_r=-30.7058
  [ppo train] slot=150 team_r=3.1525
  [ppo train] slot=200 team_r=6.1470
  [ppo train] slot=250 team_r=-32.8260
  [ppo train] slot=300 team_r=5.0273
  [ppo train] slot=350 team_r=4.4336
  [ppo train] slot=400 team_r=-0.4877
  [ppo train] slot=450 team_r=6.4860
    reward=-3.0894 delay=67.109 energy=7.209 acc=0.2065 vio=0.760 backlog=173360 wall=16s
[arrival 76/135] mappo seed=0 arrival_rate=0.18 users=10 slots=500
  [mappo train] slot=0 team_r=5.9016
  [mappo train] slot=50 team_r=5.1063
  [mappo train] slot=100 team_r=7.2088
  [mappo train] slot=150 team_r=3.9271
  [mappo train] slot=200 team_r=3.6577
  [mappo train] slot=250 team_r=-1.3107
  [mappo train] slot=300 team_r=2.0671
  [mappo train] slot=350 team_r=6.7915
  [mappo train] slot=400 team_r=3.0972
  [mappo train] slot=450 team_r=3.6752
    reward=-4.8212 delay=79.215 energy=8.483 acc=0.2087 vio=0.752 backlog=228456 wall=16s
[arrival 77/135] mappo seed=1 arrival_rate=0.18 users=10 slots=500
  [mappo train] slot=0 team_r=4.4484
  [mappo train] slot=50 team_r=-6.1471
  [mappo train] slot=100 team_r=3.9779
  [mappo train] slot=150 team_r=6.4100
  [mappo train] slot=200 team_r=4.3241
  [mappo train] slot=250 team_r=2.8536
  [mappo train] slot=300 team_r=7.4999
  [mappo train] slot=350 team_r=5.3273
  [mappo train] slot=400 team_r=6.1878
  [mappo train] slot=450 team_r=6.1157
    reward=-3.8796 delay=77.898 energy=8.214 acc=0.2062 vio=0.692 backlog=145912 wall=15s
[arrival 78/135] mappo seed=2 arrival_rate=0.18 users=10 slots=500
  [mappo train] slot=0 team_r=5.8940
  [mappo train] slot=50 team_r=3.3392
  [mappo train] slot=100 team_r=4.0989
  [mappo train] slot=150 team_r=3.2437
  [mappo train] slot=200 team_r=0.8411
  [mappo train] slot=250 team_r=1.6939
  [mappo train] slot=300 team_r=3.2541
  [mappo train] slot=350 team_r=3.4123
  [mappo train] slot=400 team_r=4.6486
  [mappo train] slot=450 team_r=6.8475
    reward=-1.8870 delay=57.791 energy=6.274 acc=0.2030 vio=0.766 backlog=188211 wall=14s
[arrival 79/135] cto seed=0 arrival_rate=0.18 users=10 slots=500
    reward=4.0141 delay=26.042 energy=3.205 acc=0.1803 vio=0.401 backlog=38754 wall=47s
[arrival 80/135] cto seed=1 arrival_rate=0.18 users=10 slots=500
    reward=4.2423 delay=27.562 energy=3.229 acc=0.1824 vio=0.380 backlog=50139 wall=45s
[arrival 81/135] cto seed=2 arrival_rate=0.18 users=10 slots=500
    reward=4.0729 delay=25.385 energy=3.096 acc=0.1807 vio=0.462 backlog=46821 wall=41s
[arrival 82/135] causal seed=0 arrival_rate=0.28 users=10 slots=500
    reward=6.5271 delay=11.529 energy=1.754 acc=0.1791 vio=0.253 backlog=69991 wall=25s
[arrival 83/135] causal seed=1 arrival_rate=0.28 users=10 slots=500
    reward=6.4720 delay=18.548 energy=2.317 acc=0.1856 vio=0.214 backlog=72989 wall=28s
[arrival 84/135] causal seed=2 arrival_rate=0.28 users=10 slots=500
    reward=6.4295 delay=16.446 energy=2.186 acc=0.1842 vio=0.277 backlog=57724 wall=27s
[arrival 85/135] ucb seed=0 arrival_rate=0.28 users=10 slots=500
    reward=5.0207 delay=17.416 energy=2.354 acc=0.1713 vio=0.358 backlog=87767 wall=31s
[arrival 86/135] ucb seed=1 arrival_rate=0.28 users=10 slots=500
    reward=4.2937 delay=25.300 energy=3.003 acc=0.1769 vio=0.367 backlog=112287 wall=31s
[arrival 87/135] ucb seed=2 arrival_rate=0.28 users=10 slots=500
    reward=3.7010 delay=26.717 energy=3.233 acc=0.1781 vio=0.483 backlog=155286 wall=30s
[arrival 88/135] dts seed=0 arrival_rate=0.28 users=10 slots=500
    reward=3.1898 delay=24.454 energy=3.028 acc=0.1922 vio=0.578 backlog=181143 wall=30s
[arrival 89/135] dts seed=1 arrival_rate=0.28 users=10 slots=500
    reward=4.9772 delay=19.801 energy=2.438 acc=0.1720 vio=0.367 backlog=84603 wall=33s
[arrival 90/135] dts seed=2 arrival_rate=0.28 users=10 slots=500
    reward=3.1384 delay=29.226 energy=3.471 acc=0.1866 vio=0.562 backlog=138161 wall=32s
[arrival 91/135] gdo seed=0 arrival_rate=0.28 users=10 slots=500
    reward=-4.9432 delay=84.578 energy=9.073 acc=0.2470 vio=0.767 backlog=2608830 wall=17s
[arrival 92/135] gdo seed=1 arrival_rate=0.28 users=10 slots=500
    reward=-5.5400 delay=95.295 energy=10.008 acc=0.2448 vio=0.692 backlog=2799787 wall=17s
[arrival 93/135] gdo seed=2 arrival_rate=0.28 users=10 slots=500
    reward=-10.1654 delay=125.397 energy=13.094 acc=0.2329 vio=0.773 backlog=2464632 wall=15s
[arrival 94/135] rss seed=0 arrival_rate=0.28 users=10 slots=500
    reward=1.3258 delay=32.101 energy=3.782 acc=0.1951 vio=0.683 backlog=433466 wall=15s
[arrival 95/135] rss seed=1 arrival_rate=0.28 users=10 slots=500
    reward=-4.3081 delay=78.002 energy=8.191 acc=0.1968 vio=0.709 backlog=1268607 wall=13s
[arrival 96/135] rss seed=2 arrival_rate=0.28 users=10 slots=500
    reward=-2.5748 delay=63.634 energy=6.875 acc=0.1963 vio=0.721 backlog=573264 wall=14s
[arrival 97/135] dqn seed=0 arrival_rate=0.28 users=10 slots=500
  [dqn] slot=0 team_r=4.0976 eps=1.000 K=2000
  [dqn] slot=50 team_r=1.0862 eps=0.905 K=2000
  [dqn] slot=100 team_r=4.6463 eps=0.810 K=2000
  [dqn] slot=150 team_r=-0.9360 eps=0.715 K=2000
  [dqn] slot=200 team_r=4.3337 eps=0.620 K=2000
  [dqn] slot=250 team_r=5.4562 eps=0.525 K=2000
  [dqn] slot=300 team_r=5.2772 eps=0.430 K=2000
  [dqn] slot=350 team_r=1.9095 eps=0.335 K=2000
  [dqn] slot=400 team_r=3.3244 eps=0.240 K=2000
  [dqn] slot=450 team_r=0.0956 eps=0.145 K=2000
    reward=-2.5423 delay=59.936 energy=6.558 acc=0.2043 vio=0.750 backlog=705939 wall=33s
[arrival 98/135] dqn seed=1 arrival_rate=0.28 users=10 slots=500
  [dqn] slot=0 team_r=5.5837 eps=1.000 K=2000
  [dqn] slot=50 team_r=5.4802 eps=0.905 K=2000
  [dqn] slot=100 team_r=3.1154 eps=0.810 K=2000
  [dqn] slot=150 team_r=3.0557 eps=0.715 K=2000
  [dqn] slot=200 team_r=4.1015 eps=0.620 K=2000
  [dqn] slot=250 team_r=2.6388 eps=0.525 K=2000
  [dqn] slot=300 team_r=4.7414 eps=0.430 K=2000
  [dqn] slot=350 team_r=1.6039 eps=0.335 K=2000
  [dqn] slot=400 team_r=6.8628 eps=0.240 K=2000
  [dqn] slot=450 team_r=-9.7278 eps=0.145 K=2000
    reward=-3.6151 delay=73.522 energy=7.776 acc=0.2045 vio=0.704 backlog=1181654 wall=37s
[arrival 99/135] dqn seed=2 arrival_rate=0.28 users=10 slots=500
  [dqn] slot=0 team_r=2.9914 eps=1.000 K=2000
  [dqn] slot=50 team_r=1.1372 eps=0.905 K=2000
  [dqn] slot=100 team_r=-23.6038 eps=0.810 K=2000
  [dqn] slot=150 team_r=4.9311 eps=0.715 K=2000
  [dqn] slot=200 team_r=6.9613 eps=0.620 K=2000
  [dqn] slot=250 team_r=2.1135 eps=0.525 K=2000
  [dqn] slot=300 team_r=4.2360 eps=0.430 K=2000
  [dqn] slot=350 team_r=3.3797 eps=0.335 K=2000
  [dqn] slot=400 team_r=3.2470 eps=0.240 K=2000
  [dqn] slot=450 team_r=6.1065 eps=0.145 K=2000
    reward=-2.7684 delay=64.441 energy=6.939 acc=0.2061 vio=0.779 backlog=656714 wall=32s
[arrival 100/135] ppo seed=0 arrival_rate=0.28 users=10 slots=500
  [ppo train] slot=0 team_r=6.1185
  [ppo train] slot=50 team_r=4.1541
  [ppo train] slot=100 team_r=3.0612
  [ppo train] slot=150 team_r=-0.6439
  [ppo train] slot=200 team_r=2.5805
  [ppo train] slot=250 team_r=2.6392
  [ppo train] slot=300 team_r=0.5529
  [ppo train] slot=350 team_r=1.4590
  [ppo train] slot=400 team_r=-1.7163
  [ppo train] slot=450 team_r=2.7263
    reward=-3.5268 delay=68.229 energy=7.381 acc=0.2062 vio=0.763 backlog=472464 wall=16s
[arrival 101/135] ppo seed=1 arrival_rate=0.28 users=10 slots=500
  [ppo train] slot=0 team_r=4.1748
  [ppo train] slot=50 team_r=5.3764
  [ppo train] slot=100 team_r=4.3279
  [ppo train] slot=150 team_r=6.3099
  [ppo train] slot=200 team_r=5.3224
  [ppo train] slot=250 team_r=-100.5674
  [ppo train] slot=300 team_r=-6.6842
  [ppo train] slot=350 team_r=-5.9920
  [ppo train] slot=400 team_r=7.7897
  [ppo train] slot=450 team_r=-62.8426
    reward=-3.0629 delay=68.959 energy=7.314 acc=0.2084 vio=0.715 backlog=731428 wall=15s
[arrival 102/135] ppo seed=2 arrival_rate=0.28 users=10 slots=500
  [ppo train] slot=0 team_r=5.7955
  [ppo train] slot=50 team_r=4.5581
  [ppo train] slot=100 team_r=3.2158
  [ppo train] slot=150 team_r=-16.2534
  [ppo train] slot=200 team_r=-57.3331
  [ppo train] slot=250 team_r=-2.8874
  [ppo train] slot=300 team_r=5.3412
  [ppo train] slot=350 team_r=0.9530
  [ppo train] slot=400 team_r=3.2892
  [ppo train] slot=450 team_r=0.1796
    reward=-3.2665 delay=68.775 energy=7.380 acc=0.2064 vio=0.757 backlog=654614 wall=16s
[arrival 103/135] mappo seed=0 arrival_rate=0.28 users=10 slots=500
  [mappo train] slot=0 team_r=5.9016
  [mappo train] slot=50 team_r=3.4631
  [mappo train] slot=100 team_r=4.2861
  [mappo train] slot=150 team_r=2.4309
  [mappo train] slot=200 team_r=3.1146
  [mappo train] slot=250 team_r=0.0183
  [mappo train] slot=300 team_r=-18.8043
  [mappo train] slot=350 team_r=4.8480
  [mappo train] slot=400 team_r=-52.4174
  [mappo train] slot=450 team_r=4.6560
    reward=-6.1093 delay=88.384 energy=9.405 acc=0.2075 vio=0.758 backlog=817900 wall=15s
[arrival 104/135] mappo seed=1 arrival_rate=0.28 users=10 slots=500
  [mappo train] slot=0 team_r=4.2564
  [mappo train] slot=50 team_r=3.6996
  [mappo train] slot=100 team_r=5.1729
  [mappo train] slot=150 team_r=3.9175
  [mappo train] slot=200 team_r=8.5247
  [mappo train] slot=250 team_r=5.2477
  [mappo train] slot=300 team_r=1.8565
  [mappo train] slot=350 team_r=4.1159
  [mappo train] slot=400 team_r=5.3862
  [mappo train] slot=450 team_r=5.5019
    reward=-1.8413 delay=59.464 energy=6.366 acc=0.2048 vio=0.708 backlog=626908 wall=14s
[arrival 105/135] mappo seed=2 arrival_rate=0.28 users=10 slots=500
  [mappo train] slot=0 team_r=5.9064
  [mappo train] slot=50 team_r=4.3554
  [mappo train] slot=100 team_r=4.2397
  [mappo train] slot=150 team_r=3.9427
  [mappo train] slot=200 team_r=2.0652
  [mappo train] slot=250 team_r=1.7131
  [mappo train] slot=300 team_r=4.7593
  [mappo train] slot=350 team_r=3.9840
  [mappo train] slot=400 team_r=4.2643
  [mappo train] slot=450 team_r=4.6204
    reward=-2.9459 delay=66.756 energy=7.175 acc=0.2049 vio=0.755 backlog=636891 wall=15s
[arrival 106/135] cto seed=0 arrival_rate=0.28 users=10 slots=500
    reward=4.7359 delay=19.766 energy=2.587 acc=0.1801 vio=0.387 backlog=83135 wall=43s
[arrival 107/135] cto seed=1 arrival_rate=0.28 users=10 slots=500
    reward=4.2194 delay=27.721 energy=3.240 acc=0.1847 vio=0.402 backlog=106476 wall=43s
[arrival 108/135] cto seed=2 arrival_rate=0.28 users=10 slots=500
    reward=3.3180 delay=31.402 energy=3.695 acc=0.1844 vio=0.492 backlog=87960 wall=46s
[arrival 109/135] causal seed=0 arrival_rate=0.4 users=10 slots=500
    reward=4.9459 delay=22.209 energy=2.822 acc=0.1839 vio=0.320 backlog=299042 wall=26s
[arrival 110/135] causal seed=1 arrival_rate=0.4 users=10 slots=500
    reward=5.3037 delay=26.411 energy=3.101 acc=0.1896 vio=0.262 backlog=173369 wall=25s
[arrival 111/135] causal seed=2 arrival_rate=0.4 users=10 slots=500
    reward=5.9151 delay=19.030 energy=2.435 acc=0.1863 vio=0.319 backlog=129115 wall=25s
[arrival 112/135] ucb seed=0 arrival_rate=0.4 users=10 slots=500
    reward=3.6412 delay=23.920 energy=2.993 acc=0.1811 vio=0.477 backlog=414331 wall=30s
[arrival 113/135] ucb seed=1 arrival_rate=0.4 users=10 slots=500
    reward=3.6133 delay=30.478 energy=3.523 acc=0.1887 vio=0.418 backlog=447629 wall=28s
[arrival 114/135] ucb seed=2 arrival_rate=0.4 users=10 slots=500
    reward=3.3944 delay=29.512 energy=3.520 acc=0.1787 vio=0.481 backlog=263214 wall=27s
[arrival 115/135] dts seed=0 arrival_rate=0.4 users=10 slots=500
    reward=1.6068 delay=37.867 energy=4.375 acc=0.1838 vio=0.529 backlog=318896 wall=27s
[arrival 116/135] dts seed=1 arrival_rate=0.4 users=10 slots=500
    reward=2.8917 delay=32.319 energy=3.688 acc=0.1834 vio=0.476 backlog=847189 wall=30s
[arrival 117/135] dts seed=2 arrival_rate=0.4 users=10 slots=500
    reward=4.8004 delay=20.229 energy=2.578 acc=0.1840 vio=0.463 backlog=176084 wall=32s
[arrival 118/135] gdo seed=0 arrival_rate=0.4 users=10 slots=500
    reward=-9.4061 delay=118.095 energy=12.416 acc=0.2408 vio=0.784 backlog=7353947 wall=17s
[arrival 119/135] gdo seed=1 arrival_rate=0.4 users=10 slots=500
    reward=-7.8904 delay=112.150 energy=11.690 acc=0.2412 vio=0.712 backlog=7061459 wall=17s
[arrival 120/135] gdo seed=2 arrival_rate=0.4 users=10 slots=500
    reward=-8.7969 delay=114.496 energy=12.001 acc=0.2378 vio=0.784 backlog=5634748 wall=15s
[arrival 121/135] rss seed=0 arrival_rate=0.4 users=10 slots=500
    reward=-3.4108 delay=65.989 energy=7.158 acc=0.1943 vio=0.729 backlog=2141292 wall=14s
[arrival 122/135] rss seed=1 arrival_rate=0.4 users=10 slots=500
    reward=-2.7470 delay=65.430 energy=6.932 acc=0.1985 vio=0.709 backlog=2519454 wall=13s
[arrival 123/135] rss seed=2 arrival_rate=0.4 users=10 slots=500
    reward=-4.6648 delay=79.300 energy=8.444 acc=0.1966 vio=0.721 backlog=2009849 wall=14s
[arrival 124/135] dqn seed=0 arrival_rate=0.4 users=10 slots=500
  [dqn] slot=0 team_r=4.0982 eps=1.000 K=2000
  [dqn] slot=50 team_r=2.3975 eps=0.905 K=2000
  [dqn] slot=100 team_r=3.4582 eps=0.810 K=2000
  [dqn] slot=150 team_r=4.6404 eps=0.715 K=2000
  [dqn] slot=200 team_r=-13.6471 eps=0.620 K=2000
  [dqn] slot=250 team_r=5.3327 eps=0.525 K=2000
  [dqn] slot=300 team_r=4.3242 eps=0.430 K=2000
  [dqn] slot=350 team_r=4.2503 eps=0.335 K=2000
  [dqn] slot=400 team_r=0.7414 eps=0.240 K=2000
  [dqn] slot=450 team_r=3.3588 eps=0.145 K=2000
    reward=-5.0247 delay=78.411 energy=8.399 acc=0.2060 vio=0.767 backlog=2751199 wall=30s
[arrival 125/135] dqn seed=1 arrival_rate=0.4 users=10 slots=500
  [dqn] slot=0 team_r=4.6577 eps=1.000 K=2000
  [dqn] slot=50 team_r=5.1619 eps=0.905 K=2000
  [dqn] slot=100 team_r=-73.6774 eps=0.810 K=2000
  [dqn] slot=150 team_r=6.2135 eps=0.715 K=2000
  [dqn] slot=200 team_r=4.0529 eps=0.620 K=2000
  [dqn] slot=250 team_r=5.3294 eps=0.525 K=2000
  [dqn] slot=300 team_r=2.7336 eps=0.430 K=2000
  [dqn] slot=350 team_r=-1.7378 eps=0.335 K=2000
  [dqn] slot=400 team_r=5.0695 eps=0.240 K=2000
  [dqn] slot=450 team_r=0.4128 eps=0.145 K=2000
    reward=-6.9507 delay=98.151 energy=10.236 acc=0.2059 vio=0.732 backlog=3405941 wall=31s
[arrival 126/135] dqn seed=2 arrival_rate=0.4 users=10 slots=500
  [dqn] slot=0 team_r=2.9915 eps=1.000 K=2000
  [dqn] slot=50 team_r=6.2297 eps=0.905 K=2000
  [dqn] slot=100 team_r=0.9237 eps=0.810 K=2000
  [dqn] slot=150 team_r=-0.5549 eps=0.715 K=2000
  [dqn] slot=200 team_r=-98.3851 eps=0.620 K=2000
  [dqn] slot=250 team_r=1.6982 eps=0.525 K=2000
  [dqn] slot=300 team_r=4.0385 eps=0.430 K=2000
  [dqn] slot=350 team_r=2.6140 eps=0.335 K=2000
  [dqn] slot=400 team_r=3.3688 eps=0.240 K=2000
  [dqn] slot=450 team_r=-141.3623 eps=0.145 K=2000
    reward=-5.1563 delay=81.799 energy=8.668 acc=0.2058 vio=0.787 backlog=2461756 wall=32s
[arrival 127/135] ppo seed=0 arrival_rate=0.4 users=10 slots=500
  [ppo train] slot=0 team_r=6.1188
  [ppo train] slot=50 team_r=4.1164
  [ppo train] slot=100 team_r=7.2003
  [ppo train] slot=150 team_r=2.9512
  [ppo train] slot=200 team_r=2.2477
  [ppo train] slot=250 team_r=3.9487
  [ppo train] slot=300 team_r=2.9735
  [ppo train] slot=350 team_r=1.4236
  [ppo train] slot=400 team_r=1.7063
  [ppo train] slot=450 team_r=5.4307
    reward=-3.5868 delay=67.822 energy=7.349 acc=0.2073 vio=0.761 backlog=2877977 wall=15s
[arrival 128/135] ppo seed=1 arrival_rate=0.4 users=10 slots=500
  [ppo train] slot=0 team_r=4.1312
  [ppo train] slot=50 team_r=3.6590
  [ppo train] slot=100 team_r=0.4340
  [ppo train] slot=150 team_r=-158.6109
  [ppo train] slot=200 team_r=6.2186
  [ppo train] slot=250 team_r=8.8523
  [ppo train] slot=300 team_r=4.8738
  [ppo train] slot=350 team_r=7.1631
  [ppo train] slot=400 team_r=2.0011
  [ppo train] slot=450 team_r=1.8787
    reward=-7.0718 delay=99.693 energy=10.386 acc=0.2058 vio=0.733 backlog=2981559 wall=15s
[arrival 129/135] ppo seed=2 arrival_rate=0.4 users=10 slots=500
  [ppo train] slot=0 team_r=5.7955
  [ppo train] slot=50 team_r=3.6191
  [ppo train] slot=100 team_r=3.8967
  [ppo train] slot=150 team_r=3.8518
  [ppo train] slot=200 team_r=4.4090
  [ppo train] slot=250 team_r=5.2486
  [ppo train] slot=300 team_r=3.8513
  [ppo train] slot=350 team_r=2.1617
  [ppo train] slot=400 team_r=-0.4031
  [ppo train] slot=450 team_r=6.3929
    reward=-4.6319 delay=77.447 energy=8.246 acc=0.2083 vio=0.788 backlog=2700088 wall=15s
[arrival 130/135] mappo seed=0 arrival_rate=0.4 users=10 slots=500
  [mappo train] slot=0 team_r=5.9010
  [mappo train] slot=50 team_r=5.0632
  [mappo train] slot=100 team_r=3.5655
  [mappo train] slot=150 team_r=-14.6100
  [mappo train] slot=200 team_r=-31.0967
  [mappo train] slot=250 team_r=1.3877
  [mappo train] slot=300 team_r=3.6366
  [mappo train] slot=350 team_r=4.9990
  [mappo train] slot=400 team_r=2.4729
  [mappo train] slot=450 team_r=-32.9780
    reward=-5.3463 delay=80.922 energy=8.655 acc=0.2063 vio=0.770 backlog=3228187 wall=14s
[arrival 131/135] mappo seed=1 arrival_rate=0.4 users=10 slots=500
  [mappo train] slot=0 team_r=4.1683
  [mappo train] slot=50 team_r=5.4445
  [mappo train] slot=100 team_r=4.3012
  [mappo train] slot=150 team_r=4.2485
  [mappo train] slot=200 team_r=5.0000
  [mappo train] slot=250 team_r=3.6807
  [mappo train] slot=300 team_r=4.7053
  [mappo train] slot=350 team_r=6.4827
  [mappo train] slot=400 team_r=3.9737
  [mappo train] slot=450 team_r=4.2220
    reward=-3.1304 delay=70.044 energy=7.429 acc=0.2045 vio=0.706 backlog=2536611 wall=14s
[arrival 132/135] mappo seed=2 arrival_rate=0.4 users=10 slots=500
  [mappo train] slot=0 team_r=5.9068
  [mappo train] slot=50 team_r=6.5636
  [mappo train] slot=100 team_r=3.0149
  [mappo train] slot=150 team_r=4.5182
  [mappo train] slot=200 team_r=1.2794
  [mappo train] slot=250 team_r=2.1202
  [mappo train] slot=300 team_r=3.7102
  [mappo train] slot=350 team_r=4.1233
  [mappo train] slot=400 team_r=-278.2032
  [mappo train] slot=450 team_r=5.6657
    reward=-2.0601 delay=57.645 energy=6.252 acc=0.2040 vio=0.780 backlog=2585336 wall=14s
[arrival 133/135] cto seed=0 arrival_rate=0.4 users=10 slots=500
    reward=3.5671 delay=28.498 energy=3.460 acc=0.1799 vio=0.411 backlog=150579 wall=45s
[arrival 134/135] cto seed=1 arrival_rate=0.4 users=10 slots=500
    reward=4.2066 delay=29.903 energy=3.465 acc=0.1793 vio=0.339 backlog=133186 wall=46s
[arrival 135/135] cto seed=2 arrival_rate=0.4 users=10 slots=500
    reward=4.1857 delay=26.874 energy=3.241 acc=0.1814 vio=0.437 backlog=150576 wall=45s
[arrival] done in 62.9 min → figures/sweeps/arrival/
[2026-08-23 18:42:42] === finished arrival ===
[2026-08-23 18:42:42] === begin action_pick ===
[action_pick/snr] causal seed=0 snr=2
    reward=5.363 vio=0.318 pick_top=Box3
[action_pick/snr] causal seed=1 snr=2
    reward=5.860 vio=0.308 pick_top=Box3
[action_pick/snr] causal seed=2 snr=2
    reward=5.435 vio=0.375 pick_top=Box3
[action_pick/snr] ucb seed=0 snr=2
    reward=1.834 vio=0.519 pick_top=Box3
[action_pick/snr] ucb seed=1 snr=2
    reward=2.114 vio=0.443 pick_top=Box3
[action_pick/snr] ucb seed=2 snr=2
    reward=2.568 vio=0.534 pick_top=Box3
[action_pick/snr] dts seed=0 snr=2
    reward=0.367 vio=0.628 pick_top=Box3
[action_pick/snr] dts seed=1 snr=2
    reward=1.375 vio=0.542 pick_top=Box3
[action_pick/snr] dts seed=2 snr=2
    reward=3.349 vio=0.568 pick_top=Box3
[action_pick/snr] gdo seed=0 snr=2
    reward=-19.423 vio=0.836 pick_top=Standard12
[action_pick/snr] gdo seed=1 snr=2
    reward=-18.017 vio=0.795 pick_top=Standard12
[action_pick/snr] gdo seed=2 snr=2
    reward=-19.413 vio=0.847 pick_top=Standard12
[action_pick/snr] rss seed=0 snr=2
    reward=-2.529 vio=0.754 pick_top=Standard3
[action_pick/snr] rss seed=1 snr=2
    reward=-3.907 vio=0.784 pick_top=Standard3
[action_pick/snr] rss seed=2 snr=2
    reward=-2.693 vio=0.775 pick_top=Box3
[action_pick/snr] dqn seed=0 snr=2
  [dqn] slot=0 team_r=4.3143 eps=1.000 K=2000
  [dqn] slot=50 team_r=4.2174 eps=0.905 K=2000
  [dqn] slot=100 team_r=4.2421 eps=0.810 K=2000
  [dqn] slot=150 team_r=4.4557 eps=0.715 K=2000
  [dqn] slot=200 team_r=5.0713 eps=0.620 K=2000
  [dqn] slot=250 team_r=2.5635 eps=0.525 K=2000
  [dqn] slot=300 team_r=3.4948 eps=0.430 K=2000
  [dqn] slot=350 team_r=1.1625 eps=0.335 K=2000
  [dqn] slot=400 team_r=2.3092 eps=0.240 K=2000
  [dqn] slot=450 team_r=5.1891 eps=0.145 K=2000
    reward=-4.971 vio=0.815 pick_top=Box3
[action_pick/snr] dqn seed=1 snr=2
  [dqn] slot=0 team_r=4.3057 eps=1.000 K=2000
  [dqn] slot=50 team_r=3.2828 eps=0.905 K=2000
  [dqn] slot=100 team_r=5.0059 eps=0.810 K=2000
  [dqn] slot=150 team_r=1.7196 eps=0.715 K=2000
  [dqn] slot=200 team_r=5.1211 eps=0.620 K=2000
  [dqn] slot=250 team_r=-328.7966 eps=0.525 K=2000
  [dqn] slot=300 team_r=2.9861 eps=0.430 K=2000
  [dqn] slot=350 team_r=3.4186 eps=0.335 K=2000
  [dqn] slot=400 team_r=-328.6251 eps=0.240 K=2000
  [dqn] slot=450 team_r=4.6471 eps=0.145 K=2000
    reward=-3.292 vio=0.770 pick_top=Box3
[action_pick/snr] dqn seed=2 snr=2
  [dqn] slot=0 team_r=3.1399 eps=1.000 K=2000
  [dqn] slot=50 team_r=3.0048 eps=0.905 K=2000
  [dqn] slot=100 team_r=2.2936 eps=0.810 K=2000
  [dqn] slot=150 team_r=4.8055 eps=0.715 K=2000
  [dqn] slot=200 team_r=4.4444 eps=0.620 K=2000
  [dqn] slot=250 team_r=0.8420 eps=0.525 K=2000
  [dqn] slot=300 team_r=-19.7945 eps=0.430 K=2000
  [dqn] slot=350 team_r=2.8955 eps=0.335 K=2000
  [dqn] slot=400 team_r=5.1416 eps=0.240 K=2000
  [dqn] slot=450 team_r=3.6588 eps=0.145 K=2000
    reward=-1.937 vio=0.819 pick_top=Box6
[action_pick/snr] ppo seed=0 snr=2
  [ppo train] slot=0 team_r=5.8936
  [ppo train] slot=50 team_r=4.6463
  [ppo train] slot=100 team_r=-140.2482
  [ppo train] slot=150 team_r=1.2930
  [ppo train] slot=200 team_r=-32.5062
  [ppo train] slot=250 team_r=-20.2630
  [ppo train] slot=300 team_r=3.1177
  [ppo train] slot=350 team_r=2.2848
  [ppo train] slot=400 team_r=3.3106
  [ppo train] slot=450 team_r=1.9266
    reward=-4.679 vio=0.813 pick_top=Box3
[action_pick/snr] ppo seed=1 snr=2
  [ppo train] slot=0 team_r=4.1715
  [ppo train] slot=50 team_r=4.9334
  [ppo train] slot=100 team_r=2.6861
  [ppo train] slot=150 team_r=6.7020
  [ppo train] slot=200 team_r=3.2214
  [ppo train] slot=250 team_r=-164.8344
  [ppo train] slot=300 team_r=4.0560
  [ppo train] slot=350 team_r=3.6429
  [ppo train] slot=400 team_r=5.7178
  [ppo train] slot=450 team_r=2.4439
    reward=-6.082 vio=0.775 pick_top=Box12
[action_pick/snr] ppo seed=2 snr=2
  [ppo train] slot=0 team_r=3.1219
  [ppo train] slot=50 team_r=4.6577
  [ppo train] slot=100 team_r=3.4022
  [ppo train] slot=150 team_r=-43.8547
  [ppo train] slot=200 team_r=4.0273
  [ppo train] slot=250 team_r=-15.3485
  [ppo train] slot=300 team_r=-279.5649
  [ppo train] slot=350 team_r=2.4790
  [ppo train] slot=400 team_r=3.7026
  [ppo train] slot=450 team_r=4.0919
    reward=-5.272 vio=0.829 pick_top=Standard6
[action_pick/snr] mappo seed=0 snr=2
  [mappo train] slot=0 team_r=5.2069
  [mappo train] slot=50 team_r=3.9346
  [mappo train] slot=100 team_r=1.7275
  [mappo train] slot=150 team_r=5.3026
  [mappo train] slot=200 team_r=3.3422
  [mappo train] slot=250 team_r=-11.3528
  [mappo train] slot=300 team_r=5.2781
  [mappo train] slot=350 team_r=4.7556
  [mappo train] slot=400 team_r=-3.5039
  [mappo train] slot=450 team_r=3.9912
    reward=-5.854 vio=0.795 pick_top=Standard3
[action_pick/snr] mappo seed=1 snr=2
  [mappo train] slot=0 team_r=4.6967
  [mappo train] slot=50 team_r=4.1109
  [mappo train] slot=100 team_r=6.0495
  [mappo train] slot=150 team_r=1.7871
  [mappo train] slot=200 team_r=6.8321
  [mappo train] slot=250 team_r=2.8098
  [mappo train] slot=300 team_r=4.7173
  [mappo train] slot=350 team_r=4.5690
  [mappo train] slot=400 team_r=3.4270
  [mappo train] slot=450 team_r=1.7677
    reward=-6.863 vio=0.769 pick_top=Standard3
[action_pick/snr] mappo seed=2 snr=2
  [mappo train] slot=0 team_r=4.7384
  [mappo train] slot=50 team_r=3.6280
  [mappo train] slot=100 team_r=2.9614
  [mappo train] slot=150 team_r=2.9729
  [mappo train] slot=200 team_r=-1.7581
  [mappo train] slot=250 team_r=6.5995
  [mappo train] slot=300 team_r=5.0925
  [mappo train] slot=350 team_r=0.1260
  [mappo train] slot=400 team_r=2.4523
  [mappo train] slot=450 team_r=1.4758
    reward=-4.023 vio=0.821 pick_top=Standard3
[action_pick/snr] cto seed=0 snr=2
    reward=1.276 vio=0.560 pick_top=Box3
[action_pick/snr] cto seed=1 snr=2
    reward=1.609 vio=0.491 pick_top=Box3
[action_pick/snr] cto seed=2 snr=2
    reward=1.003 vio=0.613 pick_top=Box3
[action_pick/snr] causal seed=0 snr=4
    reward=6.721 vio=0.255 pick_top=Box3
[action_pick/snr] causal seed=1 snr=4
    reward=7.202 vio=0.236 pick_top=Box3
[action_pick/snr] causal seed=2 snr=4
    reward=6.843 vio=0.327 pick_top=Box3
[action_pick/snr] ucb seed=0 snr=4
    reward=3.609 vio=0.390 pick_top=Box3
[action_pick/snr] ucb seed=1 snr=4
    reward=3.184 vio=0.480 pick_top=Box3
[action_pick/snr] ucb seed=2 snr=4
    reward=2.624 vio=0.518 pick_top=Box3
[action_pick/snr] dts seed=0 snr=4
    reward=3.482 vio=0.462 pick_top=Box3
[action_pick/snr] dts seed=1 snr=4
    reward=1.977 vio=0.480 pick_top=Box3
[action_pick/snr] dts seed=2 snr=4
    reward=1.271 vio=0.622 pick_top=Box3
[action_pick/snr] gdo seed=0 snr=4
    reward=-10.736 vio=0.773 pick_top=Standard12
[action_pick/snr] gdo seed=1 snr=4
    reward=-11.121 vio=0.731 pick_top=Standard12
[action_pick/snr] gdo seed=2 snr=4
    reward=-11.891 vio=0.779 pick_top=Standard12
[action_pick/snr] rss seed=0 snr=4
    reward=-0.598 vio=0.704 pick_top=Standard3
[action_pick/snr] rss seed=1 snr=4
    reward=-1.872 vio=0.729 pick_top=Standard3
[action_pick/snr] rss seed=2 snr=4
    reward=-1.280 vio=0.727 pick_top=Box3
[action_pick/snr] dqn seed=0 snr=4
  [dqn] slot=0 team_r=5.2231 eps=1.000 K=2000
  [dqn] slot=50 team_r=2.3984 eps=0.905 K=2000
  [dqn] slot=100 team_r=6.5501 eps=0.810 K=2000
  [dqn] slot=150 team_r=4.7697 eps=0.715 K=2000
  [dqn] slot=200 team_r=3.4247 eps=0.620 K=2000
  [dqn] slot=250 team_r=3.7070 eps=0.525 K=2000
  [dqn] slot=300 team_r=-112.9767 eps=0.430 K=2000
  [dqn] slot=350 team_r=5.0221 eps=0.335 K=2000
  [dqn] slot=400 team_r=3.5140 eps=0.240 K=2000
  [dqn] slot=450 team_r=1.1163 eps=0.145 K=2000
    reward=-4.866 vio=0.773 pick_top=Standard3
[action_pick/snr] dqn seed=1 snr=4
  [dqn] slot=0 team_r=4.8612 eps=1.000 K=2000
  [dqn] slot=50 team_r=5.7460 eps=0.905 K=2000
  [dqn] slot=100 team_r=3.9602 eps=0.810 K=2000
  [dqn] slot=150 team_r=1.5526 eps=0.715 K=2000
  [dqn] slot=200 team_r=-127.1135 eps=0.620 K=2000
  [dqn] slot=250 team_r=-25.5715 eps=0.525 K=2000
  [dqn] slot=300 team_r=7.4585 eps=0.430 K=2000
  [dqn] slot=350 team_r=-34.5112 eps=0.335 K=2000
  [dqn] slot=400 team_r=-25.3083 eps=0.240 K=2000
  [dqn] slot=450 team_r=4.4690 eps=0.145 K=2000
    reward=-3.140 vio=0.720 pick_top=Box3
[action_pick/snr] dqn seed=2 snr=4
  [dqn] slot=0 team_r=3.1015 eps=1.000 K=2000
  [dqn] slot=50 team_r=4.9712 eps=0.905 K=2000
  [dqn] slot=100 team_r=-49.0302 eps=0.810 K=2000
  [dqn] slot=150 team_r=3.9396 eps=0.715 K=2000
  [dqn] slot=200 team_r=3.1526 eps=0.620 K=2000
  [dqn] slot=250 team_r=3.0101 eps=0.525 K=2000
  [dqn] slot=300 team_r=7.9785 eps=0.430 K=2000
  [dqn] slot=350 team_r=2.5847 eps=0.335 K=2000
  [dqn] slot=400 team_r=4.8319 eps=0.240 K=2000
  [dqn] slot=450 team_r=3.3173 eps=0.145 K=2000
    reward=-4.056 vio=0.792 pick_top=Box6
[action_pick/snr] ppo seed=0 snr=4
  [ppo train] slot=0 team_r=6.1340
  [ppo train] slot=50 team_r=2.7327
  [ppo train] slot=100 team_r=0.4555
  [ppo train] slot=150 team_r=4.5049
  [ppo train] slot=200 team_r=0.4012
  [ppo train] slot=250 team_r=-35.1565
  [ppo train] slot=300 team_r=3.9384
  [ppo train] slot=350 team_r=3.5200
  [ppo train] slot=400 team_r=3.4845
  [ppo train] slot=450 team_r=2.6706
    reward=-3.280 vio=0.766 pick_top=Box3
[action_pick/snr] ppo seed=1 snr=4
  [ppo train] slot=0 team_r=4.5954
  [ppo train] slot=50 team_r=3.7933
  [ppo train] slot=100 team_r=4.0645
  [ppo train] slot=150 team_r=3.9229
  [ppo train] slot=200 team_r=2.5558
  [ppo train] slot=250 team_r=1.6713
  [ppo train] slot=300 team_r=3.2029
  [ppo train] slot=350 team_r=3.6735
  [ppo train] slot=400 team_r=4.6351
  [ppo train] slot=450 team_r=2.3706
    reward=-6.082 vio=0.734 pick_top=Box12
[action_pick/snr] ppo seed=2 snr=4
  [ppo train] slot=0 team_r=4.8075
  [ppo train] slot=50 team_r=6.3329
  [ppo train] slot=100 team_r=2.6719
  [ppo train] slot=150 team_r=1.3744
  [ppo train] slot=200 team_r=4.7597
  [ppo train] slot=250 team_r=-3.6905
  [ppo train] slot=300 team_r=4.4651
  [ppo train] slot=350 team_r=3.0708
  [ppo train] slot=400 team_r=-2.3383
  [ppo train] slot=450 team_r=3.5016
    reward=-4.306 vio=0.790 pick_top=Box6
[action_pick/snr] mappo seed=0 snr=4
  [mappo train] slot=0 team_r=5.5556
  [mappo train] slot=50 team_r=4.8013
  [mappo train] slot=100 team_r=5.4217
  [mappo train] slot=150 team_r=3.2162
  [mappo train] slot=200 team_r=2.3951
  [mappo train] slot=250 team_r=2.0500
  [mappo train] slot=300 team_r=5.4149
  [mappo train] slot=350 team_r=6.4058
  [mappo train] slot=400 team_r=1.9369
  [mappo train] slot=450 team_r=3.8162
    reward=-3.179 vio=0.764 pick_top=Box6
[action_pick/snr] mappo seed=1 snr=4
  [mappo train] slot=0 team_r=5.3794
  [mappo train] slot=50 team_r=4.9279
  [mappo train] slot=100 team_r=4.2683
  [mappo train] slot=150 team_r=2.4397
  [mappo train] slot=200 team_r=5.6241
  [mappo train] slot=250 team_r=2.3473
  [mappo train] slot=300 team_r=4.9474
  [mappo train] slot=350 team_r=6.3710
  [mappo train] slot=400 team_r=-32.3109
  [mappo train] slot=450 team_r=5.2160
    reward=-3.501 vio=0.712 pick_top=Box3
[action_pick/snr] mappo seed=2 snr=4
  [mappo train] slot=0 team_r=5.4402
  [mappo train] slot=50 team_r=7.0190
  [mappo train] slot=100 team_r=4.4640
  [mappo train] slot=150 team_r=1.4639
  [mappo train] slot=200 team_r=3.7176
  [mappo train] slot=250 team_r=3.9192
  [mappo train] slot=300 team_r=4.2871
  [mappo train] slot=350 team_r=3.8959
  [mappo train] slot=400 team_r=-138.6519
  [mappo train] slot=450 team_r=2.4370
    reward=-3.632 vio=0.775 pick_top=Standard3
[action_pick/snr] cto seed=0 snr=4
    reward=2.780 vio=0.491 pick_top=Box3
[action_pick/snr] cto seed=1 snr=4
    reward=3.378 vio=0.464 pick_top=Box3
[action_pick/snr] cto seed=2 snr=4
    reward=2.368 vio=0.522 pick_top=Box3
[action_pick/snr] causal seed=0 snr=6
    reward=6.937 vio=0.217 pick_top=Box6
[action_pick/snr] causal seed=1 snr=6
    reward=7.380 vio=0.192 pick_top=Box6
[action_pick/snr] causal seed=2 snr=6
    reward=7.428 vio=0.284 pick_top=Box3
[action_pick/snr] ucb seed=0 snr=6
    reward=5.215 vio=0.360 pick_top=Box3
[action_pick/snr] ucb seed=1 snr=6
    reward=3.714 vio=0.427 pick_top=Box3
[action_pick/snr] ucb seed=2 snr=6
    reward=5.245 vio=0.436 pick_top=Box3
[action_pick/snr] dts seed=0 snr=6
    reward=4.387 vio=0.495 pick_top=Box3
[action_pick/snr] dts seed=1 snr=6
    reward=4.344 vio=0.426 pick_top=Box3
[action_pick/snr] dts seed=2 snr=6
    reward=4.016 vio=0.528 pick_top=Box3
[action_pick/snr] gdo seed=0 snr=6
    reward=-3.781 vio=0.704 pick_top=Standard12
[action_pick/snr] gdo seed=1 snr=6
    reward=-1.517 vio=0.625 pick_top=Standard12
[action_pick/snr] gdo seed=2 snr=6
    reward=-4.432 vio=0.714 pick_top=Standard12
[action_pick/snr] rss seed=0 snr=6
    reward=1.132 vio=0.659 pick_top=Standard3
[action_pick/snr] rss seed=1 snr=6
    reward=1.214 vio=0.670 pick_top=Standard3
[action_pick/snr] rss seed=2 snr=6
    reward=-1.945 vio=0.678 pick_top=Box3
[action_pick/snr] dqn seed=0 snr=6
  [dqn] slot=0 team_r=5.7051 eps=1.000 K=2000
  [dqn] slot=50 team_r=4.0499 eps=0.905 K=2000
  [dqn] slot=100 team_r=6.9688 eps=0.810 K=2000
  [dqn] slot=150 team_r=1.7257 eps=0.715 K=2000
  [dqn] slot=200 team_r=4.9580 eps=0.620 K=2000
  [dqn] slot=250 team_r=3.5225 eps=0.525 K=2000
  [dqn] slot=300 team_r=1.5886 eps=0.430 K=2000
  [dqn] slot=350 team_r=3.3670 eps=0.335 K=2000
  [dqn] slot=400 team_r=4.4175 eps=0.240 K=2000
  [dqn] slot=450 team_r=1.6085 eps=0.145 K=2000
    reward=-3.102 vio=0.711 pick_top=Box6
[action_pick/snr] dqn seed=1 snr=6
  [dqn] slot=0 team_r=5.1410 eps=1.000 K=2000
  [dqn] slot=50 team_r=5.9275 eps=0.905 K=2000
  [dqn] slot=100 team_r=6.0759 eps=0.810 K=2000
  [dqn] slot=150 team_r=6.2940 eps=0.715 K=2000
  [dqn] slot=200 team_r=7.6762 eps=0.620 K=2000
  [dqn] slot=250 team_r=8.4924 eps=0.525 K=2000
  [dqn] slot=300 team_r=8.2842 eps=0.430 K=2000
  [dqn] slot=350 team_r=3.5979 eps=0.335 K=2000
  [dqn] slot=400 team_r=3.0016 eps=0.240 K=2000
  [dqn] slot=450 team_r=6.6145 eps=0.145 K=2000
    reward=-0.102 vio=0.657 pick_top=Box3
[action_pick/snr] dqn seed=2 snr=6
  [dqn] slot=0 team_r=2.6553 eps=1.000 K=2000
  [dqn] slot=50 team_r=4.8935 eps=0.905 K=2000
  [dqn] slot=100 team_r=2.7364 eps=0.810 K=2000
  [dqn] slot=150 team_r=3.6548 eps=0.715 K=2000
  [dqn] slot=200 team_r=5.4035 eps=0.620 K=2000
  [dqn] slot=250 team_r=2.2306 eps=0.525 K=2000
  [dqn] slot=300 team_r=5.3821 eps=0.430 K=2000
  [dqn] slot=350 team_r=4.0754 eps=0.335 K=2000
  [dqn] slot=400 team_r=6.7667 eps=0.240 K=2000
  [dqn] slot=450 team_r=3.2728 eps=0.145 K=2000
    reward=0.049 vio=0.733 pick_top=Box6
[action_pick/snr] ppo seed=0 snr=6
  [ppo train] slot=0 team_r=5.7821
  [ppo train] slot=50 team_r=-4.1917
  [ppo train] slot=100 team_r=1.8224
  [ppo train] slot=150 team_r=4.7219
  [ppo train] slot=200 team_r=1.6918
  [ppo train] slot=250 team_r=-7.3509
  [ppo train] slot=300 team_r=4.1909
  [ppo train] slot=350 team_r=4.6024
  [ppo train] slot=400 team_r=4.3341
  [ppo train] slot=450 team_r=4.4919
    reward=0.137 vio=0.723 pick_top=Box3
[action_pick/snr] ppo seed=1 snr=6
  [ppo train] slot=0 team_r=5.2602
  [ppo train] slot=50 team_r=5.4297
  [ppo train] slot=100 team_r=2.7372
  [ppo train] slot=150 team_r=4.7062
  [ppo train] slot=200 team_r=5.7319
  [ppo train] slot=250 team_r=7.1529
  [ppo train] slot=300 team_r=6.6106
  [ppo train] slot=350 team_r=6.2710
  [ppo train] slot=400 team_r=6.2913
  [ppo train] slot=450 team_r=5.2704
    reward=-2.740 vio=0.664 pick_top=Box12
[action_pick/snr] ppo seed=2 snr=6
  [ppo train] slot=0 team_r=4.3167
  [ppo train] slot=50 team_r=4.1205
  [ppo train] slot=100 team_r=2.6645
  [ppo train] slot=150 team_r=5.5045
  [ppo train] slot=200 team_r=4.7001
  [ppo train] slot=250 team_r=3.3056
  [ppo train] slot=300 team_r=2.9275
  [ppo train] slot=350 team_r=0.7497
  [ppo train] slot=400 team_r=-11.5234
  [ppo train] slot=450 team_r=4.5834
    reward=1.558 vio=0.735 pick_top=Box6
[action_pick/snr] mappo seed=0 snr=6
  [mappo train] slot=0 team_r=5.0142
  [mappo train] slot=50 team_r=2.9539
  [mappo train] slot=100 team_r=3.3965
  [mappo train] slot=150 team_r=7.3809
  [mappo train] slot=200 team_r=4.7981
  [mappo train] slot=250 team_r=1.5204
  [mappo train] slot=300 team_r=0.6555
  [mappo train] slot=350 team_r=5.6074
  [mappo train] slot=400 team_r=-2.9475
  [mappo train] slot=450 team_r=-367.0633
    reward=-1.222 vio=0.726 pick_top=Standard3
[action_pick/snr] mappo seed=1 snr=6
  [mappo train] slot=0 team_r=5.8959
  [mappo train] slot=50 team_r=4.0595
  [mappo train] slot=100 team_r=5.2538
  [mappo train] slot=150 team_r=0.4129
  [mappo train] slot=200 team_r=5.4685
  [mappo train] slot=250 team_r=2.3024
  [mappo train] slot=300 team_r=3.6776
  [mappo train] slot=350 team_r=6.0048
  [mappo train] slot=400 team_r=5.8664
  [mappo train] slot=450 team_r=-31.2791
    reward=-1.802 vio=0.679 pick_top=Standard3
[action_pick/snr] mappo seed=2 snr=6
  [mappo train] slot=0 team_r=5.8471
  [mappo train] slot=50 team_r=7.1142
  [mappo train] slot=100 team_r=3.3880
  [mappo train] slot=150 team_r=6.6723
  [mappo train] slot=200 team_r=1.7233
  [mappo train] slot=250 team_r=4.6926
  [mappo train] slot=300 team_r=4.8553
  [mappo train] slot=350 team_r=2.8085
  [mappo train] slot=400 team_r=4.1693
  [mappo train] slot=450 team_r=4.2655
    reward=0.384 vio=0.727 pick_top=Standard3
[action_pick/snr] cto seed=0 snr=6
    reward=5.098 vio=0.369 pick_top=Box3
[action_pick/snr] cto seed=1 snr=6
    reward=4.821 vio=0.349 pick_top=Box3
[action_pick/snr] cto seed=2 snr=6
    reward=3.724 vio=0.523 pick_top=Box3
[action_pick/users] causal seed=0 users=10
[action_pick/users] causal seed=1 users=10
[action_pick/users] causal seed=2 users=10
[action_pick/users] ucb seed=0 users=10
[action_pick/users] ucb seed=1 users=10
[action_pick/users] ucb seed=2 users=10
[action_pick/users] dts seed=0 users=10
[action_pick/users] dts seed=1 users=10
[action_pick/users] dts seed=2 users=10
[action_pick/users] gdo seed=0 users=10
[action_pick/users] gdo seed=1 users=10
[action_pick/users] gdo seed=2 users=10
[action_pick/users] rss seed=0 users=10
[action_pick/users] rss seed=1 users=10
[action_pick/users] rss seed=2 users=10
[action_pick/users] dqn seed=0 users=10
  [dqn] slot=0 team_r=4.0969 eps=1.000 K=2000
  [dqn] slot=50 team_r=0.9506 eps=0.905 K=2000
  [dqn] slot=100 team_r=3.6054 eps=0.810 K=2000
  [dqn] slot=150 team_r=3.9394 eps=0.715 K=2000
  [dqn] slot=200 team_r=4.9953 eps=0.620 K=2000
  [dqn] slot=250 team_r=3.4785 eps=0.525 K=2000
  [dqn] slot=300 team_r=4.6088 eps=0.430 K=2000
  [dqn] slot=350 team_r=4.5964 eps=0.335 K=2000
  [dqn] slot=400 team_r=3.4782 eps=0.240 K=2000
  [dqn] slot=450 team_r=1.8279 eps=0.145 K=2000
[action_pick/users] dqn seed=1 users=10
  [dqn] slot=0 team_r=5.5837 eps=1.000 K=2000
  [dqn] slot=50 team_r=0.3306 eps=0.905 K=2000
  [dqn] slot=100 team_r=4.1059 eps=0.810 K=2000
  [dqn] slot=150 team_r=4.1270 eps=0.715 K=2000
  [dqn] slot=200 team_r=4.2950 eps=0.620 K=2000
  [dqn] slot=250 team_r=4.8181 eps=0.525 K=2000
  [dqn] slot=300 team_r=7.6434 eps=0.430 K=2000
  [dqn] slot=350 team_r=-12.0430 eps=0.335 K=2000
  [dqn] slot=400 team_r=4.5414 eps=0.240 K=2000
  [dqn] slot=450 team_r=-0.0003 eps=0.145 K=2000
[action_pick/users] dqn seed=2 users=10
  [dqn] slot=0 team_r=2.9915 eps=1.000 K=2000
  [dqn] slot=50 team_r=-541.3679 eps=0.905 K=2000
  [dqn] slot=100 team_r=3.1785 eps=0.810 K=2000
  [dqn] slot=150 team_r=5.2121 eps=0.715 K=2000
  [dqn] slot=200 team_r=3.6407 eps=0.620 K=2000
  [dqn] slot=250 team_r=-80.4261 eps=0.525 K=2000
  [dqn] slot=300 team_r=3.7531 eps=0.430 K=2000
  [dqn] slot=350 team_r=4.8599 eps=0.335 K=2000
  [dqn] slot=400 team_r=5.0768 eps=0.240 K=2000
  [dqn] slot=450 team_r=6.2028 eps=0.145 K=2000
[action_pick/users] ppo seed=0 users=10
  [ppo train] slot=0 team_r=5.9297
  [ppo train] slot=50 team_r=3.1977
  [ppo train] slot=100 team_r=-1.3781
  [ppo train] slot=150 team_r=4.6623
  [ppo train] slot=200 team_r=2.6489
  [ppo train] slot=250 team_r=2.0981
  [ppo train] slot=300 team_r=3.2960
  [ppo train] slot=350 team_r=4.1214
  [ppo train] slot=400 team_r=-27.2235
  [ppo train] slot=450 team_r=4.4988
[action_pick/users] ppo seed=1 users=10
  [ppo train] slot=0 team_r=4.3668
  [ppo train] slot=50 team_r=-8.4450
  [ppo train] slot=100 team_r=2.4513
  [ppo train] slot=150 team_r=3.6465
  [ppo train] slot=200 team_r=6.3711
  [ppo train] slot=250 team_r=7.0909
  [ppo train] slot=300 team_r=5.2765
  [ppo train] slot=350 team_r=-59.0804
  [ppo train] slot=400 team_r=5.5502
  [ppo train] slot=450 team_r=1.1868
[action_pick/users] ppo seed=2 users=10
  [ppo train] slot=0 team_r=5.7836
  [ppo train] slot=50 team_r=5.1066
  [ppo train] slot=100 team_r=-3.4685
  [ppo train] slot=150 team_r=-58.7458
  [ppo train] slot=200 team_r=4.0606
  [ppo train] slot=250 team_r=7.0609
  [ppo train] slot=300 team_r=4.7027
  [ppo train] slot=350 team_r=6.1610
  [ppo train] slot=400 team_r=4.1019
  [ppo train] slot=450 team_r=0.5014
[action_pick/users] mappo seed=0 users=10
  [mappo train] slot=0 team_r=5.7130
  [mappo train] slot=50 team_r=3.2941
  [mappo train] slot=100 team_r=2.7504
  [mappo train] slot=150 team_r=2.7570
  [mappo train] slot=200 team_r=5.0013
  [mappo train] slot=250 team_r=5.5676
  [mappo train] slot=300 team_r=4.1694
  [mappo train] slot=350 team_r=4.2982
  [mappo train] slot=400 team_r=2.7155
  [mappo train] slot=450 team_r=3.2858
[action_pick/users] mappo seed=1 users=10
  [mappo train] slot=0 team_r=4.4484
  [mappo train] slot=50 team_r=-44.7918
  [mappo train] slot=100 team_r=-44.7566
  [mappo train] slot=150 team_r=6.6855
  [mappo train] slot=200 team_r=-40.9449
  [mappo train] slot=250 team_r=3.8581
  [mappo train] slot=300 team_r=2.4267
  [mappo train] slot=350 team_r=5.8687
  [mappo train] slot=400 team_r=7.0698
  [mappo train] slot=450 team_r=-0.8017
[action_pick/users] mappo seed=2 users=10
  [mappo train] slot=0 team_r=5.8940
  [mappo train] slot=50 team_r=7.1710
  [mappo train] slot=100 team_r=3.4174
  [mappo train] slot=150 team_r=3.7734
  [mappo train] slot=200 team_r=3.0547
  [mappo train] slot=250 team_r=5.1398
  [mappo train] slot=300 team_r=5.9136
  [mappo train] slot=350 team_r=5.3799
  [mappo train] slot=400 team_r=-34.6118
  [mappo train] slot=450 team_r=4.3406
[action_pick/users] cto seed=0 users=10
[action_pick/users] cto seed=1 users=10
[action_pick/users] cto seed=2 users=10
[action_pick/users] causal seed=0 users=15
[action_pick/users] causal seed=1 users=15
[action_pick/users] causal seed=2 users=15
[action_pick/users] ucb seed=0 users=15
[action_pick/users] ucb seed=1 users=15
[action_pick/users] ucb seed=2 users=15
[action_pick/users] dts seed=0 users=15
[action_pick/users] dts seed=1 users=15
[action_pick/users] dts seed=2 users=15
[action_pick/users] gdo seed=0 users=15
[action_pick/users] gdo seed=1 users=15
[action_pick/users] gdo seed=2 users=15
[action_pick/users] rss seed=0 users=15
[action_pick/users] rss seed=1 users=15
[action_pick/users] rss seed=2 users=15
[action_pick/users] dqn seed=0 users=15
  [dqn] slot=0 team_r=2.8270 eps=1.000 K=2000
  [dqn] slot=50 team_r=2.2169 eps=0.905 K=2000
  [dqn] slot=100 team_r=-9.7343 eps=0.810 K=2000
  [dqn] slot=150 team_r=1.6503 eps=0.715 K=2000
  [dqn] slot=200 team_r=3.6669 eps=0.620 K=2000
  [dqn] slot=250 team_r=-5.9210 eps=0.525 K=2000
  [dqn] slot=300 team_r=2.9713 eps=0.430 K=2000
  [dqn] slot=350 team_r=4.2725 eps=0.335 K=2000
  [dqn] slot=400 team_r=4.0912 eps=0.240 K=2000
  [dqn] slot=450 team_r=-66.2885 eps=0.145 K=2000
[action_pick/users] dqn seed=1 users=15
  [dqn] slot=0 team_r=2.8284 eps=1.000 K=2000
  [dqn] slot=50 team_r=5.7523 eps=0.905 K=2000
  [dqn] slot=100 team_r=3.9580 eps=0.810 K=2000
  [dqn] slot=150 team_r=3.2238 eps=0.715 K=2000
  [dqn] slot=200 team_r=-207.7315 eps=0.620 K=2000
  [dqn] slot=250 team_r=-20.1267 eps=0.525 K=2000
  [dqn] slot=300 team_r=0.7394 eps=0.430 K=2000
  [dqn] slot=350 team_r=-3.1477 eps=0.335 K=2000
  [dqn] slot=400 team_r=4.0708 eps=0.240 K=2000
  [dqn] slot=450 team_r=3.1570 eps=0.145 K=2000
[action_pick/users] dqn seed=2 users=15
  [dqn] slot=0 team_r=4.1807 eps=1.000 K=2000
  [dqn] slot=50 team_r=3.3873 eps=0.905 K=2000
  [dqn] slot=100 team_r=5.7412 eps=0.810 K=2000
  [dqn] slot=150 team_r=-110.2789 eps=0.715 K=2000
  [dqn] slot=200 team_r=-6.1635 eps=0.620 K=2000
  [dqn] slot=250 team_r=-17.5850 eps=0.525 K=2000
  [dqn] slot=300 team_r=3.6023 eps=0.430 K=2000
  [dqn] slot=350 team_r=5.1847 eps=0.335 K=2000
  [dqn] slot=400 team_r=5.3212 eps=0.240 K=2000
  [dqn] slot=450 team_r=4.2634 eps=0.145 K=2000
[action_pick/users] ppo seed=0 users=15
  [ppo train] slot=0 team_r=2.8256
  [ppo train] slot=50 team_r=-15.8988
  [ppo train] slot=100 team_r=4.3796
  [ppo train] slot=150 team_r=3.3408
  [ppo train] slot=200 team_r=3.6567
  [ppo train] slot=250 team_r=-5.6485
  [ppo train] slot=300 team_r=0.9497
  [ppo train] slot=350 team_r=3.1950
  [ppo train] slot=400 team_r=2.5039
  [ppo train] slot=450 team_r=1.9746
[action_pick/users] ppo seed=1 users=15
  [ppo train] slot=0 team_r=4.8939
  [ppo train] slot=50 team_r=1.5384
  [ppo train] slot=100 team_r=1.4584
  [ppo train] slot=150 team_r=5.3235
  [ppo train] slot=200 team_r=1.3793
  [ppo train] slot=250 team_r=3.0353
  [ppo train] slot=300 team_r=-154.7048
  [ppo train] slot=350 team_r=3.4758
  [ppo train] slot=400 team_r=0.5031
  [ppo train] slot=450 team_r=0.9810
[action_pick/users] ppo seed=2 users=15
  [ppo train] slot=0 team_r=5.2555
  [ppo train] slot=50 team_r=2.6633
  [ppo train] slot=100 team_r=1.7620
  [ppo train] slot=150 team_r=4.3234
  [ppo train] slot=200 team_r=-20.9294
  [ppo train] slot=250 team_r=-3.4259
  [ppo train] slot=300 team_r=3.1230
  [ppo train] slot=350 team_r=3.9093
  [ppo train] slot=400 team_r=-2.7010
  [ppo train] slot=450 team_r=-1.3648
[action_pick/users] mappo seed=0 users=15
  [mappo train] slot=0 team_r=4.4558
  [mappo train] slot=50 team_r=1.7813
  [mappo train] slot=100 team_r=1.3000
  [mappo train] slot=150 team_r=2.3557
  [mappo train] slot=200 team_r=3.5614
  [mappo train] slot=250 team_r=-0.1929
  [mappo train] slot=300 team_r=4.3459
  [mappo train] slot=350 team_r=-0.2943
  [mappo train] slot=400 team_r=2.7630
  [mappo train] slot=450 team_r=4.0243
[action_pick/users] mappo seed=1 users=15
  [mappo train] slot=0 team_r=4.7554
  [mappo train] slot=50 team_r=3.3773
  [mappo train] slot=100 team_r=-171.0756
  [mappo train] slot=150 team_r=4.3712
  [mappo train] slot=200 team_r=-567.5041
  [mappo train] slot=250 team_r=2.0870
  [mappo train] slot=300 team_r=2.0969
  [mappo train] slot=350 team_r=5.3657
  [mappo train] slot=400 team_r=1.6698
  [mappo train] slot=450 team_r=2.0621
[action_pick/users] mappo seed=2 users=15
  [mappo train] slot=0 team_r=4.1301
  [mappo train] slot=50 team_r=4.5377
  [mappo train] slot=100 team_r=3.3844
  [mappo train] slot=150 team_r=2.2226
  [mappo train] slot=200 team_r=-0.7876
  [mappo train] slot=250 team_r=2.4894
  [mappo train] slot=300 team_r=3.6792
  [mappo train] slot=350 team_r=-0.0946
  [mappo train] slot=400 team_r=4.2327
  [mappo train] slot=450 team_r=2.6832
[action_pick/users] cto seed=0 users=15
[action_pick/users] cto seed=1 users=15
[action_pick/users] cto seed=2 users=15
[action_pick/users] causal seed=0 users=20
[action_pick/users] causal seed=1 users=20
[action_pick/users] causal seed=2 users=20
[action_pick/users] ucb seed=0 users=20
[action_pick/users] ucb seed=1 users=20
[action_pick/users] ucb seed=2 users=20
[action_pick/users] dts seed=0 users=20
[action_pick/users] dts seed=1 users=20
[action_pick/users] dts seed=2 users=20
[action_pick/users] gdo seed=0 users=20
[action_pick/users] gdo seed=1 users=20
[action_pick/users] gdo seed=2 users=20
[action_pick/users] rss seed=0 users=20
[action_pick/users] rss seed=1 users=20
[action_pick/users] rss seed=2 users=20
[action_pick/users] dqn seed=0 users=20
  [dqn] slot=0 team_r=1.9112 eps=1.000 K=2000
  [dqn] slot=50 team_r=-4.6041 eps=0.905 K=2000
  [dqn] slot=100 team_r=1.3207 eps=0.810 K=2000
  [dqn] slot=150 team_r=3.3514 eps=0.715 K=2000
  [dqn] slot=200 team_r=1.2630 eps=0.620 K=2000
  [dqn] slot=250 team_r=2.9971 eps=0.525 K=2000
  [dqn] slot=300 team_r=2.6113 eps=0.430 K=2000
  [dqn] slot=350 team_r=-138.8890 eps=0.335 K=2000
  [dqn] slot=400 team_r=3.4460 eps=0.240 K=2000
  [dqn] slot=450 team_r=-116.3642 eps=0.145 K=2000
[action_pick/users] dqn seed=1 users=20
  [dqn] slot=0 team_r=2.5489 eps=1.000 K=2000
  [dqn] slot=50 team_r=0.2568 eps=0.905 K=2000
  [dqn] slot=100 team_r=-11.9234 eps=0.810 K=2000
  [dqn] slot=150 team_r=3.8029 eps=0.715 K=2000
  [dqn] slot=200 team_r=-0.4797 eps=0.620 K=2000
  [dqn] slot=250 team_r=1.9705 eps=0.525 K=2000
  [dqn] slot=300 team_r=-0.0402 eps=0.430 K=2000
  [dqn] slot=350 team_r=-0.7752 eps=0.335 K=2000
  [dqn] slot=400 team_r=3.0258 eps=0.240 K=2000
  [dqn] slot=450 team_r=1.9140 eps=0.145 K=2000
[action_pick/users] dqn seed=2 users=20
  [dqn] slot=0 team_r=2.9562 eps=1.000 K=2000
  [dqn] slot=50 team_r=1.3327 eps=0.905 K=2000
  [dqn] slot=100 team_r=3.5133 eps=0.810 K=2000
  [dqn] slot=150 team_r=0.7803 eps=0.715 K=2000
  [dqn] slot=200 team_r=-120.4273 eps=0.620 K=2000
  [dqn] slot=250 team_r=-39.5430 eps=0.525 K=2000
  [dqn] slot=300 team_r=-17.9066 eps=0.430 K=2000
  [dqn] slot=350 team_r=2.4361 eps=0.335 K=2000
  [dqn] slot=400 team_r=-0.4373 eps=0.240 K=2000
  [dqn] slot=450 team_r=3.7044 eps=0.145 K=2000
[action_pick/users] ppo seed=0 users=20
  [ppo train] slot=0 team_r=4.2181
  [ppo train] slot=50 team_r=2.7085
  [ppo train] slot=100 team_r=1.3270
  [ppo train] slot=150 team_r=-374.3734
  [ppo train] slot=200 team_r=2.1593
  [ppo train] slot=250 team_r=-2.0671
  [ppo train] slot=300 team_r=1.9409
  [ppo train] slot=350 team_r=-9.6154
  [ppo train] slot=400 team_r=2.3514
  [ppo train] slot=450 team_r=-16.6740
[action_pick/users] ppo seed=1 users=20
  [ppo train] slot=0 team_r=2.8993
  [ppo train] slot=50 team_r=-0.4837
  [ppo train] slot=100 team_r=-20.1123
  [ppo train] slot=150 team_r=3.7792
  [ppo train] slot=200 team_r=3.0711
  [ppo train] slot=250 team_r=-335.3081
  [ppo train] slot=300 team_r=-7.5055
  [ppo train] slot=350 team_r=0.6650
  [ppo train] slot=400 team_r=-0.2413
  [ppo train] slot=450 team_r=1.8838
[action_pick/users] ppo seed=2 users=20
  [ppo train] slot=0 team_r=3.4803
  [ppo train] slot=50 team_r=-0.3967
  [ppo train] slot=100 team_r=-105.0758
  [ppo train] slot=150 team_r=1.7663
  [ppo train] slot=200 team_r=-11.8297
  [ppo train] slot=250 team_r=-0.4034
  [ppo train] slot=300 team_r=3.5728
  [ppo train] slot=350 team_r=0.0541
  [ppo train] slot=400 team_r=-146.8282
  [ppo train] slot=450 team_r=-0.3479
[action_pick/users] mappo seed=0 users=20
  [mappo train] slot=0 team_r=1.5795
  [mappo train] slot=50 team_r=-3.2971
  [mappo train] slot=100 team_r=3.4080
  [mappo train] slot=150 team_r=2.1258
  [mappo train] slot=200 team_r=2.0416
  [mappo train] slot=250 team_r=0.6953
  [mappo train] slot=300 team_r=2.7106
  [mappo train] slot=350 team_r=2.4533
  [mappo train] slot=400 team_r=-9.7713
  [mappo train] slot=450 team_r=1.2621
[action_pick/users] mappo seed=1 users=20
  [mappo train] slot=0 team_r=2.6313
  [mappo train] slot=50 team_r=-5.9700
  [mappo train] slot=100 team_r=-10.3226
  [mappo train] slot=150 team_r=-36.8086
  [mappo train] slot=200 team_r=-38.4155
  [mappo train] slot=250 team_r=2.8449
  [mappo train] slot=300 team_r=2.7149
  [mappo train] slot=350 team_r=2.7455
  [mappo train] slot=400 team_r=-32.0886
  [mappo train] slot=450 team_r=-16.0262
[action_pick/users] mappo seed=2 users=20
  [mappo train] slot=0 team_r=3.0665
  [mappo train] slot=50 team_r=3.8484
  [mappo train] slot=100 team_r=-3.6459
  [mappo train] slot=150 team_r=1.3976
  [mappo train] slot=200 team_r=-20.3479
  [mappo train] slot=250 team_r=2.7211
  [mappo train] slot=300 team_r=-18.3068
  [mappo train] slot=350 team_r=3.3242
  [mappo train] slot=400 team_r=1.9948
  [mappo train] slot=450 team_r=-18.8071
[action_pick/users] cto seed=0 users=20
[action_pick/users] cto seed=1 users=20
[action_pick/users] cto seed=2 users=20
[action_pick/beta] causal seed=0 beta=0.55
    reward=6.781 vio=0.242
[action_pick/beta] causal seed=1 beta=0.55
    reward=7.269 vio=0.193
[action_pick/beta] causal seed=2 beta=0.55
    reward=6.809 vio=0.292
[action_pick/beta] ucb seed=0 beta=0.55
    reward=4.857 vio=0.396
[action_pick/beta] ucb seed=1 beta=0.55
    reward=5.262 vio=0.341
[action_pick/beta] ucb seed=2 beta=0.55
    reward=5.538 vio=0.355
[action_pick/beta] dts seed=0 beta=0.55
    reward=1.620 vio=0.525
[action_pick/beta] dts seed=1 beta=0.55
    reward=3.460 vio=0.549
[action_pick/beta] dts seed=2 beta=0.55
    reward=2.108 vio=0.595
[action_pick/beta] gdo seed=0 beta=0.55
    reward=-7.481 vio=0.736
[action_pick/beta] gdo seed=1 beta=0.55
    reward=-7.322 vio=0.677
[action_pick/beta] gdo seed=2 beta=0.55
    reward=-9.428 vio=0.757
[action_pick/beta] rss seed=0 beta=0.55
    reward=0.248 vio=0.684
[action_pick/beta] rss seed=1 beta=0.55
    reward=-1.389 vio=0.701
[action_pick/beta] rss seed=2 beta=0.55
    reward=-2.029 vio=0.704
[action_pick/beta] dqn seed=0 beta=0.55
  [dqn] slot=0 team_r=4.0969 eps=1.000 K=2000
  [dqn] slot=50 team_r=0.9506 eps=0.914 K=2000
  [dqn] slot=100 team_r=4.3021 eps=0.828 K=2000
  [dqn] slot=150 team_r=4.9973 eps=0.741 K=2000
  [dqn] slot=200 team_r=2.8130 eps=0.655 K=2000
  [dqn] slot=250 team_r=5.8491 eps=0.569 K=2000
  [dqn] slot=300 team_r=1.9544 eps=0.483 K=2000
  [dqn] slot=350 team_r=-2.9865 eps=0.396 K=2000
  [dqn] slot=400 team_r=1.9206 eps=0.310 K=2000
  [dqn] slot=450 team_r=3.2403 eps=0.224 K=2000
    reward=-1.880 vio=0.751
[action_pick/beta] dqn seed=1 beta=0.55
  [dqn] slot=0 team_r=5.5837 eps=1.000 K=2000
  [dqn] slot=50 team_r=0.3306 eps=0.914 K=2000
  [dqn] slot=100 team_r=6.5385 eps=0.828 K=2000
  [dqn] slot=150 team_r=3.6393 eps=0.741 K=2000
  [dqn] slot=200 team_r=3.9844 eps=0.655 K=2000
  [dqn] slot=250 team_r=7.1715 eps=0.569 K=2000
  [dqn] slot=300 team_r=1.6057 eps=0.483 K=2000
  [dqn] slot=350 team_r=5.2405 eps=0.396 K=2000
  [dqn] slot=400 team_r=3.1777 eps=0.310 K=2000
  [dqn] slot=450 team_r=3.7457 eps=0.224 K=2000
    reward=-1.505 vio=0.680
[action_pick/beta] dqn seed=2 beta=0.55
  [dqn] slot=0 team_r=2.9915 eps=1.000 K=2000
  [dqn] slot=50 team_r=1.7787 eps=0.914 K=2000
  [dqn] slot=100 team_r=1.9016 eps=0.828 K=2000
  [dqn] slot=150 team_r=3.1917 eps=0.741 K=2000
  [dqn] slot=200 team_r=5.1041 eps=0.655 K=2000
  [dqn] slot=250 team_r=5.4850 eps=0.569 K=2000
  [dqn] slot=300 team_r=5.1460 eps=0.483 K=2000
  [dqn] slot=350 team_r=-35.4029 eps=0.396 K=2000
  [dqn] slot=400 team_r=5.0982 eps=0.310 K=2000
  [dqn] slot=450 team_r=5.3813 eps=0.224 K=2000
    reward=-2.839 vio=0.758
[action_pick/beta] ppo seed=0 beta=0.55
  [ppo train] slot=0 team_r=5.9297
  [ppo train] slot=50 team_r=3.1977
  [ppo train] slot=100 team_r=-1.3781
  [ppo train] slot=150 team_r=4.6623
  [ppo train] slot=200 team_r=2.6489
  [ppo train] slot=250 team_r=2.0981
  [ppo train] slot=300 team_r=3.2960
  [ppo train] slot=350 team_r=4.1214
  [ppo train] slot=400 team_r=-27.2235
  [ppo train] slot=450 team_r=4.4988
    reward=-3.823 vio=0.751
[action_pick/beta] ppo seed=1 beta=0.55
  [ppo train] slot=0 team_r=4.3668
  [ppo train] slot=50 team_r=-8.4450
  [ppo train] slot=100 team_r=2.4513
  [ppo train] slot=150 team_r=3.6465
  [ppo train] slot=200 team_r=6.3711
  [ppo train] slot=250 team_r=7.0909
  [ppo train] slot=300 team_r=5.2765
  [ppo train] slot=350 team_r=-59.0804
  [ppo train] slot=400 team_r=5.5502
  [ppo train] slot=450 team_r=1.1868
    reward=-2.655 vio=0.700
[action_pick/beta] ppo seed=2 beta=0.55
  [ppo train] slot=0 team_r=5.7836
  [ppo train] slot=50 team_r=5.1066
  [ppo train] slot=100 team_r=-3.4685
  [ppo train] slot=150 team_r=-58.7458
  [ppo train] slot=200 team_r=4.0606
  [ppo train] slot=250 team_r=7.0609
  [ppo train] slot=300 team_r=4.7027
  [ppo train] slot=350 team_r=6.1610
  [ppo train] slot=400 team_r=4.1019
  [ppo train] slot=450 team_r=0.5014
    reward=-0.843 vio=0.776
[action_pick/beta] mappo seed=0 beta=0.55
  [mappo train] slot=0 team_r=5.7130
  [mappo train] slot=50 team_r=3.2941
  [mappo train] slot=100 team_r=2.7504
  [mappo train] slot=150 team_r=2.7570
  [mappo train] slot=200 team_r=5.0013
  [mappo train] slot=250 team_r=5.5676
  [mappo train] slot=300 team_r=4.1694
  [mappo train] slot=350 team_r=4.2982
  [mappo train] slot=400 team_r=2.7155
  [mappo train] slot=450 team_r=3.2858
    reward=-2.782 vio=0.758
[action_pick/beta] mappo seed=1 beta=0.55
  [mappo train] slot=0 team_r=4.4484
  [mappo train] slot=50 team_r=-44.7918
  [mappo train] slot=100 team_r=-44.7566
  [mappo train] slot=150 team_r=6.6855
  [mappo train] slot=200 team_r=-40.9449
  [mappo train] slot=250 team_r=3.8581
  [mappo train] slot=300 team_r=2.4267
  [mappo train] slot=350 team_r=5.8687
  [mappo train] slot=400 team_r=7.0698
  [mappo train] slot=450 team_r=-0.8017
    reward=-3.402 vio=0.700
[action_pick/beta] mappo seed=2 beta=0.55
  [mappo train] slot=0 team_r=5.8940
  [mappo train] slot=50 team_r=7.1710
  [mappo train] slot=100 team_r=3.4174
  [mappo train] slot=150 team_r=3.7734
  [mappo train] slot=200 team_r=3.0547
  [mappo train] slot=250 team_r=5.1398
  [mappo train] slot=300 team_r=5.9136
  [mappo train] slot=350 team_r=5.3799
  [mappo train] slot=400 team_r=-34.6118
  [mappo train] slot=450 team_r=4.3406
    reward=-2.360 vio=0.755
[action_pick/beta] cto seed=0 beta=0.55
    reward=4.633 vio=0.399
[action_pick/beta] cto seed=1 beta=0.55
    reward=0.582 vio=0.510
[action_pick/beta] cto seed=2 beta=0.55
    reward=2.274 vio=0.509
[action_pick/beta] causal seed=0 beta=1.0
    reward=7.189 vio=0.225
[action_pick/beta] causal seed=1 beta=1.0
    reward=7.224 vio=0.208
[action_pick/beta] causal seed=2 beta=1.0
    reward=6.614 vio=0.296
[action_pick/beta] ucb seed=0 beta=1.0
    reward=4.850 vio=0.313
[action_pick/beta] ucb seed=1 beta=1.0
    reward=4.726 vio=0.363
[action_pick/beta] ucb seed=2 beta=1.0
    reward=4.384 vio=0.410
[action_pick/beta] dts seed=0 beta=1.0
    reward=1.620 vio=0.525
[action_pick/beta] dts seed=1 beta=1.0
    reward=3.460 vio=0.549
[action_pick/beta] dts seed=2 beta=1.0
    reward=2.108 vio=0.595
[action_pick/beta] gdo seed=0 beta=1.0
    reward=-7.481 vio=0.736
[action_pick/beta] gdo seed=1 beta=1.0
    reward=-7.322 vio=0.677
[action_pick/beta] gdo seed=2 beta=1.0
    reward=-9.428 vio=0.757
[action_pick/beta] rss seed=0 beta=1.0
    reward=0.248 vio=0.684
[action_pick/beta] rss seed=1 beta=1.0
    reward=-1.389 vio=0.701
[action_pick/beta] rss seed=2 beta=1.0
    reward=-2.029 vio=0.704
[action_pick/beta] dqn seed=0 beta=1.0
  [dqn] slot=0 team_r=4.0969 eps=1.000 K=2000
  [dqn] slot=50 team_r=0.9506 eps=0.925 K=2000
  [dqn] slot=100 team_r=4.3021 eps=0.850 K=2000
  [dqn] slot=150 team_r=5.2057 eps=0.775 K=2000
  [dqn] slot=200 team_r=1.0125 eps=0.700 K=2000
  [dqn] slot=250 team_r=4.1223 eps=0.625 K=2000
  [dqn] slot=300 team_r=4.8092 eps=0.550 K=2000
  [dqn] slot=350 team_r=1.7335 eps=0.475 K=2000
  [dqn] slot=400 team_r=4.6711 eps=0.400 K=2000
  [dqn] slot=450 team_r=-12.6293 eps=0.325 K=2000
    reward=-1.118 vio=0.749
[action_pick/beta] dqn seed=1 beta=1.0
  [dqn] slot=0 team_r=5.5837 eps=1.000 K=2000
  [dqn] slot=50 team_r=0.3306 eps=0.925 K=2000
  [dqn] slot=100 team_r=6.5385 eps=0.850 K=2000
  [dqn] slot=150 team_r=0.0795 eps=0.775 K=2000
  [dqn] slot=200 team_r=-66.1890 eps=0.700 K=2000
  [dqn] slot=250 team_r=5.0107 eps=0.625 K=2000
  [dqn] slot=300 team_r=4.1303 eps=0.550 K=2000
  [dqn] slot=350 team_r=4.3851 eps=0.475 K=2000
  [dqn] slot=400 team_r=2.7777 eps=0.400 K=2000
  [dqn] slot=450 team_r=4.9715 eps=0.325 K=2000
    reward=-1.690 vio=0.703
[action_pick/beta] dqn seed=2 beta=1.0
  [dqn] slot=0 team_r=2.9915 eps=1.000 K=2000
  [dqn] slot=50 team_r=1.7787 eps=0.925 K=2000
  [dqn] slot=100 team_r=1.9016 eps=0.850 K=2000
  [dqn] slot=150 team_r=6.0798 eps=0.775 K=2000
  [dqn] slot=200 team_r=3.2922 eps=0.700 K=2000
  [dqn] slot=250 team_r=7.7834 eps=0.625 K=2000
  [dqn] slot=300 team_r=3.9780 eps=0.550 K=2000
  [dqn] slot=350 team_r=3.9124 eps=0.475 K=2000
  [dqn] slot=400 team_r=5.6482 eps=0.400 K=2000
  [dqn] slot=450 team_r=5.2969 eps=0.325 K=2000
    reward=-4.028 vio=0.769
[action_pick/beta] ppo seed=0 beta=1.0
  [ppo train] slot=0 team_r=5.9297
  [ppo train] slot=50 team_r=3.1977
  [ppo train] slot=100 team_r=-1.3781
  [ppo train] slot=150 team_r=4.6623
  [ppo train] slot=200 team_r=2.6489
  [ppo train] slot=250 team_r=2.0981
  [ppo train] slot=300 team_r=3.2960
  [ppo train] slot=350 team_r=4.1214
  [ppo train] slot=400 team_r=-27.2235
  [ppo train] slot=450 team_r=4.4988
    reward=-3.823 vio=0.751
[action_pick/beta] ppo seed=1 beta=1.0
  [ppo train] slot=0 team_r=4.3668
  [ppo train] slot=50 team_r=-8.4450
  [ppo train] slot=100 team_r=2.4513
  [ppo train] slot=150 team_r=3.6465
  [ppo train] slot=200 team_r=6.3711
  [ppo train] slot=250 team_r=7.0909
  [ppo train] slot=300 team_r=5.2765
  [ppo train] slot=350 team_r=-59.0804
  [ppo train] slot=400 team_r=5.5502
  [ppo train] slot=450 team_r=1.1868
    reward=-2.655 vio=0.700
[action_pick/beta] ppo seed=2 beta=1.0
  [ppo train] slot=0 team_r=5.7836
  [ppo train] slot=50 team_r=5.1066
  [ppo train] slot=100 team_r=-3.4685
  [ppo train] slot=150 team_r=-58.7458
  [ppo train] slot=200 team_r=4.0606
  [ppo train] slot=250 team_r=7.0609
  [ppo train] slot=300 team_r=4.7027
  [ppo train] slot=350 team_r=6.1610
  [ppo train] slot=400 team_r=4.1019
  [ppo train] slot=450 team_r=0.5014
    reward=-0.843 vio=0.776
[action_pick/beta] mappo seed=0 beta=1.0
  [mappo train] slot=0 team_r=5.7130
  [mappo train] slot=50 team_r=3.2941
  [mappo train] slot=100 team_r=2.7504
  [mappo train] slot=150 team_r=2.7570
  [mappo train] slot=200 team_r=5.0013
  [mappo train] slot=250 team_r=5.5676
  [mappo train] slot=300 team_r=4.1694
  [mappo train] slot=350 team_r=4.2982
  [mappo train] slot=400 team_r=2.7155
  [mappo train] slot=450 team_r=3.2858
    reward=-2.782 vio=0.758
[action_pick/beta] mappo seed=1 beta=1.0
  [mappo train] slot=0 team_r=4.4484
  [mappo train] slot=50 team_r=-44.7918
  [mappo train] slot=100 team_r=-44.7566
  [mappo train] slot=150 team_r=6.6855
  [mappo train] slot=200 team_r=-40.9449
  [mappo train] slot=250 team_r=3.8581
  [mappo train] slot=300 team_r=2.4267
  [mappo train] slot=350 team_r=5.8687
  [mappo train] slot=400 team_r=7.0698
  [mappo train] slot=450 team_r=-0.8017
    reward=-3.402 vio=0.700
[action_pick/beta] mappo seed=2 beta=1.0
  [mappo train] slot=0 team_r=5.8940
  [mappo train] slot=50 team_r=7.1710
  [mappo train] slot=100 team_r=3.4174
  [mappo train] slot=150 team_r=3.7734
  [mappo train] slot=200 team_r=3.0547
  [mappo train] slot=250 team_r=5.1398
  [mappo train] slot=300 team_r=5.9136
  [mappo train] slot=350 team_r=5.3799
  [mappo train] slot=400 team_r=-34.6118
  [mappo train] slot=450 team_r=4.3406
    reward=-2.360 vio=0.755
[action_pick/beta] cto seed=0 beta=1.0
    reward=4.633 vio=0.399
[action_pick/beta] cto seed=1 beta=1.0
    reward=0.256 vio=0.507
[action_pick/beta] cto seed=2 beta=1.0
    reward=3.530 vio=0.483
[action_pick/beta] causal seed=0 beta=2.0
    reward=6.798 vio=0.249
[action_pick/beta] causal seed=1 beta=2.0
    reward=7.060 vio=0.235
[action_pick/beta] causal seed=2 beta=2.0
    reward=6.538 vio=0.322
[action_pick/beta] ucb seed=0 beta=2.0
    reward=4.497 vio=0.372
[action_pick/beta] ucb seed=1 beta=2.0
    reward=4.942 vio=0.370
[action_pick/beta] ucb seed=2 beta=2.0
    reward=2.928 vio=0.500
[action_pick/beta] dts seed=0 beta=2.0
    reward=1.620 vio=0.525
[action_pick/beta] dts seed=1 beta=2.0
    reward=3.460 vio=0.549
[action_pick/beta] dts seed=2 beta=2.0
    reward=2.108 vio=0.595
[action_pick/beta] gdo seed=0 beta=2.0
    reward=-7.481 vio=0.736
[action_pick/beta] gdo seed=1 beta=2.0
    reward=-7.322 vio=0.677
[action_pick/beta] gdo seed=2 beta=2.0
    reward=-9.428 vio=0.757
[action_pick/beta] rss seed=0 beta=2.0
    reward=0.248 vio=0.684
[action_pick/beta] rss seed=1 beta=2.0
    reward=-1.389 vio=0.701
[action_pick/beta] rss seed=2 beta=2.0
    reward=-2.029 vio=0.704
[action_pick/beta] dqn seed=0 beta=2.0
  [dqn] slot=0 team_r=4.0969 eps=1.000 K=2000
  [dqn] slot=50 team_r=3.9364 eps=0.950 K=2000
  [dqn] slot=100 team_r=-18.7625 eps=0.900 K=2000
  [dqn] slot=150 team_r=1.9486 eps=0.850 K=2000
  [dqn] slot=200 team_r=4.0578 eps=0.800 K=2000
  [dqn] slot=250 team_r=-47.3135 eps=0.750 K=2000
  [dqn] slot=300 team_r=5.2302 eps=0.700 K=2000
  [dqn] slot=350 team_r=3.3050 eps=0.650 K=2000
  [dqn] slot=400 team_r=3.5409 eps=0.600 K=2000
  [dqn] slot=450 team_r=4.7126 eps=0.550 K=2000
    reward=-3.978 vio=0.749
[action_pick/beta] dqn seed=1 beta=2.0
  [dqn] slot=0 team_r=5.5837 eps=1.000 K=2000
  [dqn] slot=50 team_r=0.3306 eps=0.950 K=2000
  [dqn] slot=100 team_r=4.8274 eps=0.900 K=2000
  [dqn] slot=150 team_r=3.6246 eps=0.850 K=2000
  [dqn] slot=200 team_r=2.1099 eps=0.800 K=2000
  [dqn] slot=250 team_r=3.8972 eps=0.750 K=2000
  [dqn] slot=300 team_r=5.6425 eps=0.700 K=2000
  [dqn] slot=350 team_r=-47.8937 eps=0.650 K=2000
  [dqn] slot=400 team_r=5.5215 eps=0.600 K=2000
  [dqn] slot=450 team_r=-0.1480 eps=0.550 K=2000
    reward=-2.058 vio=0.701
[action_pick/beta] dqn seed=2 beta=2.0
  [dqn] slot=0 team_r=2.9915 eps=1.000 K=2000
  [dqn] slot=50 team_r=6.3968 eps=0.950 K=2000
  [dqn] slot=100 team_r=3.9469 eps=0.900 K=2000
  [dqn] slot=150 team_r=2.0114 eps=0.850 K=2000
  [dqn] slot=200 team_r=5.5567 eps=0.800 K=2000
  [dqn] slot=250 team_r=2.6616 eps=0.750 K=2000
  [dqn] slot=300 team_r=-86.6928 eps=0.700 K=2000
  [dqn] slot=350 team_r=3.9128 eps=0.650 K=2000
  [dqn] slot=400 team_r=5.1000 eps=0.600 K=2000
  [dqn] slot=450 team_r=5.5966 eps=0.550 K=2000
    reward=-1.700 vio=0.773
[action_pick/beta] ppo seed=0 beta=2.0
  [ppo train] slot=0 team_r=5.9297
  [ppo train] slot=50 team_r=3.1977
  [ppo train] slot=100 team_r=-1.3781
  [ppo train] slot=150 team_r=4.6623
  [ppo train] slot=200 team_r=2.6489
  [ppo train] slot=250 team_r=2.0981
  [ppo train] slot=300 team_r=3.2960
  [ppo train] slot=350 team_r=4.1214
  [ppo train] slot=400 team_r=-27.2235
  [ppo train] slot=450 team_r=4.4988
    reward=-3.823 vio=0.751
[action_pick/beta] ppo seed=1 beta=2.0
  [ppo train] slot=0 team_r=4.3668
  [ppo train] slot=50 team_r=-8.4450
  [ppo train] slot=100 team_r=2.4513
  [ppo train] slot=150 team_r=3.6465
  [ppo train] slot=200 team_r=6.3711
  [ppo train] slot=250 team_r=7.0909
  [ppo train] slot=300 team_r=5.2765
  [ppo train] slot=350 team_r=-59.0804
  [ppo train] slot=400 team_r=5.5502
  [ppo train] slot=450 team_r=1.1868
    reward=-2.655 vio=0.700
[action_pick/beta] ppo seed=2 beta=2.0
  [ppo train] slot=0 team_r=5.7836
  [ppo train] slot=50 team_r=5.1066
  [ppo train] slot=100 team_r=-3.4685
  [ppo train] slot=150 team_r=-58.7458
  [ppo train] slot=200 team_r=4.0606
  [ppo train] slot=250 team_r=7.0609
  [ppo train] slot=300 team_r=4.7027
  [ppo train] slot=350 team_r=6.1610
  [ppo train] slot=400 team_r=4.1019
  [ppo train] slot=450 team_r=0.5014
    reward=-0.843 vio=0.776
[action_pick/beta] mappo seed=0 beta=2.0
  [mappo train] slot=0 team_r=5.7130
  [mappo train] slot=50 team_r=3.2941
  [mappo train] slot=100 team_r=2.7504
  [mappo train] slot=150 team_r=2.7570
  [mappo train] slot=200 team_r=5.0013
  [mappo train] slot=250 team_r=5.5676
  [mappo train] slot=300 team_r=4.1694
  [mappo train] slot=350 team_r=4.2982
  [mappo train] slot=400 team_r=2.7155
  [mappo train] slot=450 team_r=3.2858
    reward=-2.782 vio=0.758
[action_pick/beta] mappo seed=1 beta=2.0
  [mappo train] slot=0 team_r=4.4484
  [mappo train] slot=50 team_r=-44.7918
  [mappo train] slot=100 team_r=-44.7566
  [mappo train] slot=150 team_r=6.6855
  [mappo train] slot=200 team_r=-40.9449
  [mappo train] slot=250 team_r=3.8581
  [mappo train] slot=300 team_r=2.4267
  [mappo train] slot=350 team_r=5.8687
  [mappo train] slot=400 team_r=7.0698
  [mappo train] slot=450 team_r=-0.8017
    reward=-3.402 vio=0.700
[action_pick/beta] mappo seed=2 beta=2.0
  [mappo train] slot=0 team_r=5.8940
  [mappo train] slot=50 team_r=7.1710
  [mappo train] slot=100 team_r=3.4174
  [mappo train] slot=150 team_r=3.7734
  [mappo train] slot=200 team_r=3.0547
  [mappo train] slot=250 team_r=5.1398
  [mappo train] slot=300 team_r=5.9136
  [mappo train] slot=350 team_r=5.3799
  [mappo train] slot=400 team_r=-34.6118
  [mappo train] slot=450 team_r=4.3406
    reward=-2.360 vio=0.755
[action_pick/beta] cto seed=0 beta=2.0
    reward=4.633 vio=0.399
[action_pick/beta] cto seed=1 beta=2.0
    reward=4.089 vio=0.400
[action_pick/beta] cto seed=2 beta=2.0
    reward=3.460 vio=0.519
[action_pick] done → figures/sweeps/action_pick/
[2026-08-23 20:45:08] === finished action_pick ===
[2026-08-23 20:45:08] DONE wall=453.0 min finished=['`snr` → `figures/sweeps/snr/`', '`users` → `figures/sweeps/users/`', '`arrival` → `figures/sweeps/arrival/`', '`action_pick` → `figures/sweeps/action_pick/`'] failed=[]
