model,mcs_index,snr_db,bler,n_trials
Box3,0,-5.0,0.000000,600
Box3,0,-4.0,0.000000,600
Box3,0,-3.0,0.000000,600
Box3,0,-2.0,0.000000,600
Box3,0,-1.0,0.000000,600
Box3,0,0.0,0.000000,600
Box3,0,1.0,0.000000,600
Box3,0,2.0,0.000000,600
Box3,0,3.0,0.000000,600
Box3,0,4.0,0.000000,600
Box3,0,5.0,0.000000,600
Box3,0,6.0,0.000000,600
Box3,0,7.0,0.000000,600
Box3,0,8.0,0.000000,600
Box3,0,9.0,0.000000,600
Box3,0,10.0,0.000000,600
Box3,0,11.0,0.000000,600
Box3,0,12.0,0.000000,600
Box3,0,13.0,0.000000,600
Box3,0,14.0,0.000000,600
Box3,0,15.0,0.000000,600
Box3,0,16.0,0.000000,600
Box3,0,17.0,0.000000,600
Box3,0,18.0,0.000000,600
Box3,0,19.0,0.000000,600
Box3,0,20.0,0.000000,600
Box3,1,-5.0,0.996975,1200
Box3,1,-4.0,0.000000,1200
Box3,1,-3.0,0.000000,1200
Box3,1,-2.0,0.000000,1200
Box3,1,-1.0,0.000000,1200
Box3,1,0.0,0.000000,1200
Box3,1,1.0,0.000000,1200
Box3,1,2.0,0.000000,1200
Box3,1,3.0,0.000000,1200
Box3,1,4.0,0.000000,1200
Box3,1,5.0,0.000000,1200
Box3,1,6.0,0.000000,1200
Box3,1,7.0,0.000000,1200
Box3,1,8.0,0.000000,1200
Box3,1,9.0,0.000000,1200
Box3,1,10.0,0.000000,1200
Box3,1,11.0,0.000000,1200
Box3,1,12.0,0.000000,1200
Box3,1,13.0,0.000000,1200
Box3,1,14.0,0.000000,1200
Box3,1,15.0,0.000000,1200
Box3,1,16.0,0.000000,1200
Box3,1,17.0,0.000000,1200
Box3,1,18.0,0.000000,1200
Box3,1,19.0,0.000000,1200
Box3,1,20.0,0.000000,1200
Box3,2,-5.0,1.000000,1200
Box3,2,-4.0,0.866775,1200
Box3,2,-3.0,0.000000,1200
Box3,2,-2.0,0.000000,1200
Box3,2,-1.0,0.000000,1200
Box3,2,0.0,0.000000,1200
Box3,2,1.0,0.000000,1200
Box3,2,2.0,0.000000,1200
Box3,2,3.0,0.000000,1200
Box3,2,4.0,0.000000,1200
Box3,2,5.0,0.000000,1200
Box3,2,6.0,0.000000,1200
Box3,2,7.0,0.000000,1200
Box3,2,8.0,0.000000,1200
Box3,2,9.0,0.000000,1200
Box3,2,10.0,0.000000,1200
Box3,2,11.0,0.000000,1200
Box3,2,12.0,0.000000,1200
Box3,2,13.0,0.000000,1200
Box3,2,14.0,0.000000,1200
Box3,2,15.0,0.000000,1200
Box3,2,16.0,0.000000,1200
Box3,2,17.0,0.000000,1200
Box3,2,18.0,0.000000,1200
Box3,2,19.0,0.000000,1200
Box3,2,20.0,0.000000,1200
Box3,3,-5.0,1.000000,600
Box3,3,-4.0,0.888889,600
Box3,3,-3.0,0.555556,600
Box3,3,-2.0,0.000000,600
Box3,3,-1.0,0.000000,600
Box3,3,0.0,0.000000,600
Box3,3,1.0,0.000000,600
Box3,3,2.0,0.000000,600
Box3,3,3.0,0.000000,600
Box3,3,4.0,0.000000,600
Box3,3,5.0,0.000000,600
Box3,3,6.0,0.000000,600
Box3,3,7.0,0.000000,600
Box3,3,8.0,0.000000,600
Box3,3,9.0,0.000000,600
Box3,3,10.0,0.000000,600
Box3,3,11.0,0.000000,600
Box3,3,12.0,0.000000,600
Box3,3,13.0,0.000000,600
Box3,3,14.0,0.000000,600
Box3,3,15.0,0.000000,600
Box3,3,16.0,0.000000,600
Box3,3,17.0,0.000000,600
Box3,3,18.0,0.000000,600
Box3,3,19.0,0.000000,600
Box3,3,20.0,0.000000,600
Box3,4,-5.0,1.000000,1200
Box3,4,-4.0,1.000000,1200
Box3,4,-3.0,1.000000,1200
Box3,4,-2.0,0.750000,1200
Box3,4,-1.0,0.000000,1200
Box3,4,0.0,0.000000,1200
Box3,4,1.0,0.000000,1200
Box3,4,2.0,0.000000,1200
Box3,4,3.0,0.000000,1200
Box3,4,4.0,0.000000,1200
Box3,4,5.0,0.000000,1200
Box3,4,6.0,0.000000,1200
Box3,4,7.0,0.000000,1200
Box3,4,8.0,0.000000,1200
Box3,4,9.0,0.000000,1200
Box3,4,10.0,0.000000,1200
Box3,4,11.0,0.000000,1200
Box3,4,12.0,0.000000,1200
Box3,4,13.0,0.000000,1200
Box3,4,14.0,0.000000,1200
Box3,4,15.0,0.000000,1200
Box3,4,16.0,0.000000,1200
Box3,4,17.0,0.000000,1200
Box3,4,18.0,0.000000,1200
Box3,4,19.0,0.000000,1200
Box3,4,20.0,0.000000,1200
Box3,5,-5.0,1.000000,1200
Box3,5,-4.0,1.000000,1200
Box3,5,-3.0,1.000000,1200
Box3,5,-2.0,1.000000,1200
Box3,5,-1.0,1.000000,1200
Box3,5,0.0,0.500000,1200
Box3,5,1.0,0.000000,1200
Box3,5,2.0,0.000000,1200
Box3,5,3.0,0.000000,1200
Box3,5,4.0,0.000000,1200
Box3,5,5.0,0.000000,1200
Box3,5,6.0,0.000000,1200
Box3,5,7.0,0.000000,1200
Box3,5,8.0,0.000000,1200
Box3,5,9.0,0.000000,1200
Box3,5,10.0,0.000000,1200
Box3,5,11.0,0.000000,1200
Box3,5,12.0,0.000000,1200
Box3,5,13.0,0.000000,1200
Box3,5,14.0,0.000000,1200
Box3,5,15.0,0.000000,1200
Box3,5,16.0,0.000000,1200
Box3,5,17.0,0.000000,1200
Box3,5,18.0,0.000000,1200
Box3,5,19.0,0.000000,1200
Box3,5,20.0,0.000000,1200
Box3,6,-5.0,1.000000,1200
Box3,6,-4.0,1.000000,1200
Box3,6,-3.0,1.000000,1200
Box3,6,-2.0,1.000000,1200
Box3,6,-1.0,1.000000,1200
Box3,6,0.0,0.500000,1200
Box3,6,1.0,0.000000,1200
Box3,6,2.0,0.000000,1200
Box3,6,3.0,0.000000,1200
Box3,6,4.0,0.000000,1200
Box3,6,5.0,0.000000,1200
Box3,6,6.0,0.000000,1200
Box3,6,7.0,0.000000,1200
Box3,6,8.0,0.000000,1200
Box3,6,9.0,0.000000,1200
Box3,6,10.0,0.000000,1200
Box3,6,11.0,0.000000,1200
Box3,6,12.0,0.000000,1200
Box3,6,13.0,0.000000,1200
Box3,6,14.0,0.000000,1200
Box3,6,15.0,0.000000,1200
Box3,6,16.0,0.000000,1200
Box3,6,17.0,0.000000,1200
Box3,6,18.0,0.000000,1200
Box3,6,19.0,0.000000,1200
Box3,6,20.0,0.000000,1200
Box3,7,-5.0,1.000000,1200
Box3,7,-4.0,1.000000,1200
Box3,7,-3.0,1.000000,1200
Box3,7,-2.0,1.000000,1200
Box3,7,-1.0,1.000000,1200
Box3,7,0.0,1.000000,1200
Box3,7,1.0,1.000000,1200
Box3,7,2.0,0.500000,1200
Box3,7,3.0,0.000000,1200
Box3,7,4.0,0.000000,1200
Box3,7,5.0,0.000000,1200
Box3,7,6.0,0.000000,1200
Box3,7,7.0,0.000000,1200
Box3,7,8.0,0.000000,1200
Box3,7,9.0,0.000000,1200
Box3,7,10.0,0.000000,1200
Box3,7,11.0,0.000000,1200
Box3,7,12.0,0.000000,1200
Box3,7,13.0,0.000000,1200
Box3,7,14.0,0.000000,1200
Box3,7,15.0,0.000000,1200
Box3,7,16.0,0.000000,1200
Box3,7,17.0,0.000000,1200
Box3,7,18.0,0.000000,1200
Box3,7,19.0,0.000000,1200
Box3,7,20.0,0.000000,1200
Box3,8,-5.0,1.000000,1200
Box3,8,-4.0,1.000000,1200
Box3,8,-3.0,1.000000,1200
Box3,8,-2.0,1.000000,1200
Box3,8,-1.0,1.000000,1200
Box3,8,0.0,1.000000,1200
Box3,8,1.0,1.000000,1200
Box3,8,2.0,0.500000,1200
Box3,8,3.0,0.000000,1200
Box3,8,4.0,0.000000,1200
Box3,8,5.0,0.000000,1200
Box3,8,6.0,0.000000,1200
Box3,8,7.0,0.000000,1200
Box3,8,8.0,0.000000,1200
Box3,8,9.0,0.000000,1200
Box3,8,10.0,0.000000,1200
Box3,8,11.0,0.000000,1200
Box3,8,12.0,0.000000,1200
Box3,8,13.0,0.000000,1200
Box3,8,14.0,0.000000,1200
Box3,8,15.0,0.000000,1200
Box3,8,16.0,0.000000,1200
Box3,8,17.0,0.000000,1200
Box3,8,18.0,0.000000,1200
Box3,8,19.0,0.000000,1200
Box3,8,20.0,0.000000,1200
Box3,9,-5.0,1.000000,1200
Box3,9,-4.0,1.000000,1200
Box3,9,-3.0,1.000000,1200
Box3,9,-2.0,1.000000,1200
Box3,9,-1.0,1.000000,1200
Box3,9,0.0,1.000000,1200
Box3,9,1.0,1.000000,1200
Box3,9,2.0,0.947500,1200
Box3,9,3.0,0.895000,1200
Box3,9,4.0,0.447500,1200
Box3,9,5.0,0.000000,1200
Box3,9,6.0,0.000000,1200
Box3,9,7.0,0.000000,1200
Box3,9,8.0,0.000000,1200
Box3,9,9.0,0.000000,1200
Box3,9,10.0,0.000000,1200
Box3,9,11.0,0.000000,1200
Box3,9,12.0,0.000000,1200
Box3,9,13.0,0.000000,1200
Box3,9,14.0,0.000000,1200
Box3,9,15.0,0.000000,1200
Box3,9,16.0,0.000000,1200
Box3,9,17.0,0.000000,1200
Box3,9,18.0,0.000000,1200
Box3,9,19.0,0.000000,1200
Box3,9,20.0,0.000000,1200
Box3,10,-5.0,1.000000,1200
Box3,10,-4.0,1.000000,1200
Box3,10,-3.0,1.000000,1200
Box3,10,-2.0,1.000000,1200
Box3,10,-1.0,1.000000,1200
Box3,10,0.0,1.000000,1200
Box3,10,1.0,1.000000,1200
Box3,10,2.0,1.000000,1200
Box3,10,3.0,1.000000,1200
Box3,10,4.0,0.750000,1200
Box3,10,5.0,0.000000,1200
Box3,10,6.0,0.000000,1200
Box3,10,7.0,0.000000,1200
Box3,10,8.0,0.000000,1200
Box3,10,9.0,0.000000,1200
Box3,10,10.0,0.000000,1200
Box3,10,11.0,0.000000,1200
Box3,10,12.0,0.000000,1200
Box3,10,13.0,0.000000,1200
Box3,10,14.0,0.000000,1200
Box3,10,15.0,0.000000,1200
Box3,10,16.0,0.000000,1200
Box3,10,17.0,0.000000,1200
Box3,10,18.0,0.000000,1200
Box3,10,19.0,0.000000,1200
Box3,10,20.0,0.000000,1200
Box3,11,-5.0,1.000000,1200
Box3,11,-4.0,1.000000,1200
Box3,11,-3.0,1.000000,1200
Box3,11,-2.0,1.000000,1200
Box3,11,-1.0,1.000000,1200
Box3,11,0.0,1.000000,1200
Box3,11,1.0,1.000000,1200
Box3,11,2.0,1.000000,1200
Box3,11,3.0,1.000000,1200
Box3,11,4.0,0.500000,1200
Box3,11,5.0,0.000000,1200
Box3,11,6.0,0.000000,1200
Box3,11,7.0,0.000000,1200
Box3,11,8.0,0.000000,1200
Box3,11,9.0,0.000000,1200
Box3,11,10.0,0.000000,1200
Box3,11,11.0,0.000000,1200
Box3,11,12.0,0.000000,1200
Box3,11,13.0,0.000000,1200
Box3,11,14.0,0.000000,1200
Box3,11,15.0,0.000000,1200
Box3,11,16.0,0.000000,1200
Box3,11,17.0,0.000000,1200
Box3,11,18.0,0.000000,1200
Box3,11,19.0,0.000000,1200
Box3,11,20.0,0.000000,1200
Box3,12,-5.0,1.000000,1200
Box3,12,-4.0,1.000000,1200
Box3,12,-3.0,1.000000,1200
Box3,12,-2.0,1.000000,1200
Box3,12,-1.0,1.000000,1200
Box3,12,0.0,1.000000,1200
Box3,12,1.0,1.000000,1200
Box3,12,2.0,1.000000,1200
Box3,12,3.0,1.000000,1200
Box3,12,4.0,1.000000,1200
Box3,12,5.0,1.000000,1200
Box3,12,6.0,0.500000,1200
Box3,12,7.0,0.000000,1200
Box3,12,8.0,0.000000,1200
Box3,12,9.0,0.000000,1200
Box3,12,10.0,0.000000,1200
Box3,12,11.0,0.000000,1200
Box3,12,12.0,0.000000,1200
Box3,12,13.0,0.000000,1200
Box3,12,14.0,0.000000,1200
Box3,12,15.0,0.000000,1200
Box3,12,16.0,0.000000,1200
Box3,12,17.0,0.000000,1200
Box3,12,18.0,0.000000,1200
Box3,12,19.0,0.000000,1200
Box3,12,20.0,0.000000,1200
Box3,13,-5.0,1.000000,1200
Box3,13,-4.0,1.000000,1200
Box3,13,-3.0,1.000000,1200
Box3,13,-2.0,1.000000,1200
Box3,13,-1.0,1.000000,1200
Box3,13,0.0,1.000000,1200
Box3,13,1.0,1.000000,1200
Box3,13,2.0,1.000000,1200
Box3,13,3.0,1.000000,1200
Box3,13,4.0,1.000000,1200
Box3,13,5.0,1.000000,1200
Box3,13,6.0,0.500000,1200
Box3,13,7.0,0.000000,1200
Box3,13,8.0,0.000000,1200
Box3,13,9.0,0.000000,1200
Box3,13,10.0,0.000000,1200
Box3,13,11.0,0.000000,1200
Box3,13,12.0,0.000000,1200
Box3,13,13.0,0.000000,1200
Box3,13,14.0,0.000000,1200
Box3,13,15.0,0.000000,1200
Box3,13,16.0,0.000000,1200
Box3,13,17.0,0.000000,1200
Box3,13,18.0,0.000000,1200
Box3,13,19.0,0.000000,1200
Box3,13,20.0,0.000000,1200
Box3,14,-5.0,1.000000,1200
Box3,14,-4.0,1.000000,1200
Box3,14,-3.0,1.000000,1200
Box3,14,-2.0,1.000000,1200
Box3,14,-1.0,1.000000,1200
Box3,14,0.0,1.000000,1200
Box3,14,1.0,1.000000,1200
Box3,14,2.0,1.000000,1200
Box3,14,3.0,1.000000,1200
Box3,14,4.0,1.000000,1200
Box3,14,5.0,1.000000,1200
Box3,14,6.0,0.970000,1200
Box3,14,7.0,0.940000,1200
Box3,14,8.0,0.470000,1200
Box3,14,9.0,0.000000,1200
Box3,14,10.0,0.000000,1200
Box3,14,11.0,0.000000,1200
Box3,14,12.0,0.000000,1200
Box3,14,13.0,0.000000,1200
Box3,14,14.0,0.000000,1200
Box3,14,15.0,0.000000,1200
Box3,14,16.0,0.000000,1200
Box3,14,17.0,0.000000,1200
Box3,14,18.0,0.000000,1200
Box3,14,19.0,0.000000,1200
Box3,14,20.0,0.000000,1200
Box3,15,-5.0,1.000000,2100
Box3,15,-4.0,1.000000,2100
Box3,15,-3.0,1.000000,2100
Box3,15,-2.0,1.000000,2100
Box3,15,-1.0,1.000000,2100
Box3,15,0.0,1.000000,2100
Box3,15,1.0,1.000000,2100
Box3,15,2.0,1.000000,2100
Box3,15,3.0,1.000000,2100
Box3,15,4.0,1.000000,2100
Box3,15,5.0,1.000000,2100
Box3,15,6.0,1.000000,2100
Box3,15,7.0,1.000000,2100
Box3,15,8.0,0.136000,2100
Box3,15,9.0,0.000000,2100
Box3,15,10.0,0.000000,2100
Box3,15,11.0,0.000000,2100
Box3,15,12.0,0.000000,2100
Box3,15,13.0,0.000000,2100
Box3,15,14.0,0.000000,2100
Box3,15,15.0,0.000000,2100
Box3,15,16.0,0.000000,2100
Box3,15,17.0,0.000000,2100
Box3,15,18.0,0.000000,2100
Box3,15,19.0,0.000000,2100
Box3,15,20.0,0.000000,2100
Box3,16,-5.0,1.000000,1100
Box3,16,-4.0,1.000000,1100
Box3,16,-3.0,1.000000,1100
Box3,16,-2.0,1.000000,1100
Box3,16,-1.0,1.000000,1100
Box3,16,0.0,1.000000,1100
Box3,16,1.0,1.000000,1100
Box3,16,2.0,1.000000,1100
Box3,16,3.0,1.000000,1100
Box3,16,4.0,1.000000,1100
Box3,16,5.0,1.000000,1100
Box3,16,6.0,1.000000,1100
Box3,16,7.0,1.000000,1100
Box3,16,8.0,0.500000,1100
Box3,16,9.0,0.000000,1100
Box3,16,10.0,0.000000,1100
Box3,16,11.0,0.000000,1100
Box3,16,12.0,0.000000,1100
Box3,16,13.0,0.000000,1100
Box3,16,14.0,0.000000,1100
Box3,16,15.0,0.000000,1100
Box3,16,16.0,0.000000,1100
Box3,16,17.0,0.000000,1100
Box3,16,18.0,0.000000,1100
Box3,16,19.0,0.000000,1100
Box3,16,20.0,0.000000,1100
Box3,17,-5.0,1.000000,1100
Box3,17,-4.0,1.000000,1100
Box3,17,-3.0,1.000000,1100
Box3,17,-2.0,1.000000,1100
Box3,17,-1.0,1.000000,1100
Box3,17,0.0,1.000000,1100
Box3,17,1.0,1.000000,1100
Box3,17,2.0,1.000000,1100
Box3,17,3.0,1.000000,1100
Box3,17,4.0,1.000000,1100
Box3,17,5.0,1.000000,1100
Box3,17,6.0,1.000000,1100
Box3,17,7.0,1.000000,1100
Box3,17,8.0,1.000000,1100
Box3,17,9.0,1.000000,1100
Box3,17,10.0,0.000000,1100
Box3,17,11.0,0.000000,1100
Box3,17,12.0,0.000000,1100
Box3,17,13.0,0.000000,1100
Box3,17,14.0,0.000000,1100
Box3,17,15.0,0.000000,1100
Box3,17,16.0,0.000000,1100
Box3,17,17.0,0.000000,1100
Box3,17,18.0,0.000000,1100
Box3,17,19.0,0.000000,1100
Box3,17,20.0,0.000000,1100
Box3,18,-5.0,1.000000,600
Box3,18,-4.0,1.000000,600
Box3,18,-3.0,1.000000,600
Box3,18,-2.0,1.000000,600
Box3,18,-1.0,1.000000,600
Box3,18,0.0,1.000000,600
Box3,18,1.0,1.000000,600
Box3,18,2.0,1.000000,600
Box3,18,3.0,1.000000,600
Box3,18,4.0,1.000000,600
Box3,18,5.0,1.000000,600
Box3,18,6.0,1.000000,600
Box3,18,7.0,1.000000,600
Box3,18,8.0,0.991667,600
Box3,18,9.0,0.983333,600
Box3,18,10.0,0.975000,600
Box3,18,11.0,0.650000,600
Box3,18,12.0,0.325000,600
Box3,18,13.0,0.000000,600
Box3,18,14.0,0.000000,600
Box3,18,15.0,0.000000,600
Box3,18,16.0,0.000000,600
Box3,18,17.0,0.000000,600
Box3,18,18.0,0.000000,600
Box3,18,19.0,0.000000,600
Box3,18,20.0,0.000000,600
Box3,19,-5.0,1.000000,600
Box3,19,-4.0,1.000000,600
Box3,19,-3.0,1.000000,600
Box3,19,-2.0,1.000000,600
Box3,19,-1.0,1.000000,600
Box3,19,0.0,1.000000,600
Box3,19,1.0,1.000000,600
Box3,19,2.0,1.000000,600
Box3,19,3.0,1.000000,600
Box3,19,4.0,1.000000,600
Box3,19,5.0,1.000000,600
Box3,19,6.0,1.000000,600
Box3,19,7.0,1.000000,600
Box3,19,8.0,1.000000,600
Box3,19,9.0,1.000000,600
Box3,19,10.0,1.000000,600
Box3,19,11.0,0.666667,600
Box3,19,12.0,0.333333,600
Box3,19,13.0,0.000000,600
Box3,19,14.0,0.000000,600
Box3,19,15.0,0.000000,600
Box3,19,16.0,0.000000,600
Box3,19,17.0,0.000000,600
Box3,19,18.0,0.000000,600
Box3,19,19.0,0.000000,600
Box3,19,20.0,0.000000,600
Box3,20,-5.0,1.000000,600
Box3,20,-4.0,1.000000,600
Box3,20,-3.0,1.000000,600
Box3,20,-2.0,1.000000,600
Box3,20,-1.0,1.000000,600
Box3,20,0.0,1.000000,600
Box3,20,1.0,1.000000,600
Box3,20,2.0,1.000000,600
Box3,20,3.0,1.000000,600
Box3,20,4.0,1.000000,600
Box3,20,5.0,1.000000,600
Box3,20,6.0,1.000000,600
Box3,20,7.0,1.000000,600
Box3,20,8.0,1.000000,600
Box3,20,9.0,1.000000,600
Box3,20,10.0,1.000000,600
Box3,20,11.0,0.666667,600
Box3,20,12.0,0.333333,600
Box3,20,13.0,0.000000,600
Box3,20,14.0,0.000000,600
Box3,20,15.0,0.000000,600
Box3,20,16.0,0.000000,600
Box3,20,17.0,0.000000,600
Box3,20,18.0,0.000000,600
Box3,20,19.0,0.000000,600
Box3,20,20.0,0.000000,600
Box3,21,-5.0,1.000000,600
Box3,21,-4.0,1.000000,600
Box3,21,-3.0,1.000000,600
Box3,21,-2.0,1.000000,600
Box3,21,-1.0,1.000000,600
Box3,21,0.0,1.000000,600
Box3,21,1.0,1.000000,600
Box3,21,2.0,1.000000,600
Box3,21,3.0,1.000000,600
Box3,21,4.0,1.000000,600
Box3,21,5.0,1.000000,600
Box3,21,6.0,1.000000,600
Box3,21,7.0,1.000000,600
Box3,21,8.0,1.000000,600
Box3,21,9.0,1.000000,600
Box3,21,10.0,1.000000,600
Box3,21,11.0,0.823333,600
Box3,21,12.0,0.646667,600
Box3,21,13.0,0.470000,600
Box3,21,14.0,0.313333,600
Box3,21,15.0,0.156667,600
Box3,21,16.0,0.000000,600
Box3,21,17.0,0.000000,600
Box3,21,18.0,0.000000,600
Box3,21,19.0,0.000000,600
Box3,21,20.0,0.000000,600
Box3,22,-5.0,1.000000,600
Box3,22,-4.0,1.000000,600
Box3,22,-3.0,1.000000,600
Box3,22,-2.0,1.000000,600
Box3,22,-1.0,1.000000,600
Box3,22,0.0,1.000000,600
Box3,22,1.0,1.000000,600
Box3,22,2.0,1.000000,600
Box3,22,3.0,1.000000,600
Box3,22,4.0,1.000000,600
Box3,22,5.0,1.000000,600
Box3,22,6.0,1.000000,600
Box3,22,7.0,1.000000,600
Box3,22,8.0,1.000000,600
Box3,22,9.0,1.000000,600
Box3,22,10.0,1.000000,600
Box3,22,11.0,1.000000,600
Box3,22,12.0,1.000000,600
Box3,22,13.0,1.000000,600
Box3,22,14.0,0.666667,600
Box3,22,15.0,0.333333,600
Box3,22,16.0,0.000000,600
Box3,22,17.0,0.000000,600
Box3,22,18.0,0.000000,600
Box3,22,19.0,0.000000,600
Box3,22,20.0,0.000000,600
Box3,23,-5.0,1.000000,600
Box3,23,-4.0,1.000000,600
Box3,23,-3.0,1.000000,600
Box3,23,-2.0,1.000000,600
Box3,23,-1.0,1.000000,600
Box3,23,0.0,1.000000,600
Box3,23,1.0,1.000000,600
Box3,23,2.0,1.000000,600
Box3,23,3.0,1.000000,600
Box3,23,4.0,1.000000,600
Box3,23,5.0,1.000000,600
Box3,23,6.0,1.000000,600
Box3,23,7.0,1.000000,600
Box3,23,8.0,1.000000,600
Box3,23,9.0,1.000000,600
Box3,23,10.0,1.000000,600
Box3,23,11.0,1.000000,600
Box3,23,12.0,1.000000,600
Box3,23,13.0,1.000000,600
Box3,23,14.0,0.666667,600
Box3,23,15.0,0.333333,600
Box3,23,16.0,0.000000,600
Box3,23,17.0,0.000000,600
Box3,23,18.0,0.000000,600
Box3,23,19.0,0.000000,600
Box3,23,20.0,0.000000,600
Box3,24,-5.0,1.000000,800
Box3,24,-4.0,1.000000,800
Box3,24,-3.0,1.000000,800
Box3,24,-2.0,1.000000,800
Box3,24,-1.0,1.000000,800
Box3,24,0.0,1.000000,800
Box3,24,1.0,1.000000,800
Box3,24,2.0,1.000000,800
Box3,24,3.0,1.000000,800
Box3,24,4.0,1.000000,800
Box3,24,5.0,1.000000,800
Box3,24,6.0,1.000000,800
Box3,24,7.0,1.000000,800
Box3,24,8.0,1.000000,800
Box3,24,9.0,1.000000,800
Box3,24,10.0,1.000000,800
Box3,24,11.0,1.000000,800
Box3,24,12.0,1.000000,800
Box3,24,13.0,1.000000,800
Box3,24,14.0,0.672917,800
Box3,24,15.0,0.345833,800
Box3,24,16.0,0.018750,800
Box3,24,17.0,0.012500,800
Box3,24,18.0,0.006250,800
Box3,24,19.0,0.000000,800
Box3,24,20.0,0.000000,800
Box3,25,-5.0,1.000000,600
Box3,25,-4.0,1.000000,600
Box3,25,-3.0,1.000000,600
Box3,25,-2.0,1.000000,600
Box3,25,-1.0,1.000000,600
Box3,25,0.0,1.000000,600
Box3,25,1.0,1.000000,600
Box3,25,2.0,1.000000,600
Box3,25,3.0,1.000000,600
Box3,25,4.0,1.000000,600
Box3,25,5.0,1.000000,600
Box3,25,6.0,1.000000,600
Box3,25,7.0,1.000000,600
Box3,25,8.0,1.000000,600
Box3,25,9.0,1.000000,600
Box3,25,10.0,1.000000,600
Box3,25,11.0,1.000000,600
Box3,25,12.0,1.000000,600
Box3,25,13.0,1.000000,600
Box3,25,14.0,1.000000,600
Box3,25,15.0,1.000000,600
Box3,25,16.0,1.000000,600
Box3,25,17.0,0.666667,600
Box3,25,18.0,0.333333,600
Box3,25,19.0,0.000000,600
Box3,25,20.0,0.000000,600
Box3,26,-5.0,1.000000,600
Box3,26,-4.0,1.000000,600
Box3,26,-3.0,1.000000,600
Box3,26,-2.0,1.000000,600
Box3,26,-1.0,1.000000,600
Box3,26,0.0,1.000000,600
Box3,26,1.0,1.000000,600
Box3,26,2.0,1.000000,600
Box3,26,3.0,1.000000,600
Box3,26,4.0,1.000000,600
Box3,26,5.0,1.000000,600
Box3,26,6.0,1.000000,600
Box3,26,7.0,1.000000,600
Box3,26,8.0,1.000000,600
Box3,26,9.0,1.000000,600
Box3,26,10.0,1.000000,600
Box3,26,11.0,1.000000,600
Box3,26,12.0,1.000000,600
Box3,26,13.0,1.000000,600
Box3,26,14.0,1.000000,600
Box3,26,15.0,1.000000,600
Box3,26,16.0,1.000000,600
Box3,26,17.0,0.666667,600
Box3,26,18.0,0.333333,600
Box3,26,19.0,0.000000,600
Box3,26,20.0,0.000000,600
Box3,27,-5.0,1.000000,600
Box3,27,-4.0,1.000000,600
Box3,27,-3.0,1.000000,600
Box3,27,-2.0,1.000000,600
Box3,27,-1.0,1.000000,600
Box3,27,0.0,1.000000,600
Box3,27,1.0,1.000000,600
Box3,27,2.0,1.000000,600
Box3,27,3.0,1.000000,600
Box3,27,4.0,1.000000,600
Box3,27,5.0,1.000000,600
Box3,27,6.0,1.000000,600
Box3,27,7.0,1.000000,600
Box3,27,8.0,1.000000,600
Box3,27,9.0,1.000000,600
Box3,27,10.0,1.000000,600
Box3,27,11.0,1.000000,600
Box3,27,12.0,1.000000,600
Box3,27,13.0,1.000000,600
Box3,27,14.0,1.000000,600
Box3,27,15.0,1.000000,600
Box3,27,16.0,1.000000,600
Box3,27,17.0,0.666667,600
Box3,27,18.0,0.333333,600
Box3,27,19.0,0.000000,600
Box3,27,20.0,0.000000,600
Box3,28,-5.0,1.000000,200
Box3,28,-4.0,1.000000,200
Box3,28,-3.0,1.000000,200
Box3,28,-2.0,1.000000,200
Box3,28,-1.0,1.000000,200
Box3,28,0.0,1.000000,200
Box3,28,1.0,1.000000,200
Box3,28,2.0,1.000000,200
Box3,28,3.0,1.000000,200
Box3,28,4.0,1.000000,200
Box3,28,5.0,1.000000,200
Box3,28,6.0,1.000000,200
Box3,28,7.0,1.000000,200
Box3,28,8.0,1.000000,200
Box3,28,9.0,1.000000,200
Box3,28,10.0,1.000000,200
Box3,28,11.0,1.000000,200
Box3,28,12.0,1.000000,200
Box3,28,13.0,1.000000,200
Box3,28,14.0,1.000000,200
Box3,28,15.0,1.000000,200
Box3,28,16.0,1.000000,200
Box3,28,17.0,0.996667,200
Box3,28,18.0,0.993333,200
Box3,28,19.0,0.990000,200
Box3,28,20.0,0.990000,200
Box6,0,-5.0,0.000000,600
Box6,0,-4.0,0.000000,600
Box6,0,-3.0,0.000000,600
Box6,0,-2.0,0.000000,600
Box6,0,-1.0,0.000000,600
Box6,0,0.0,0.000000,600
Box6,0,1.0,0.000000,600
Box6,0,2.0,0.000000,600
Box6,0,3.0,0.000000,600
Box6,0,4.0,0.000000,600
Box6,0,5.0,0.000000,600
Box6,0,6.0,0.000000,600
Box6,0,7.0,0.000000,600
Box6,0,8.0,0.000000,600
Box6,0,9.0,0.000000,600
Box6,0,10.0,0.000000,600
Box6,0,11.0,0.000000,600
Box6,0,12.0,0.000000,600
Box6,0,13.0,0.000000,600
Box6,0,14.0,0.000000,600
Box6,0,15.0,0.000000,600
Box6,0,16.0,0.000000,600
Box6,0,17.0,0.000000,600
Box6,0,18.0,0.000000,600
Box6,0,19.0,0.000000,600
Box6,0,20.0,0.000000,600
Box6,1,-5.0,0.999991,1200
Box6,1,-4.0,0.000000,1200
Box6,1,-3.0,0.000000,1200
Box6,1,-2.0,0.000000,1200
Box6,1,-1.0,0.000000,1200
Box6,1,0.0,0.000000,1200
Box6,1,1.0,0.000000,1200
Box6,1,2.0,0.000000,1200
Box6,1,3.0,0.000000,1200
Box6,1,4.0,0.000000,1200
Box6,1,5.0,0.000000,1200
Box6,1,6.0,0.000000,1200
Box6,1,7.0,0.000000,1200
Box6,1,8.0,0.000000,1200
Box6,1,9.0,0.000000,1200
Box6,1,10.0,0.000000,1200
Box6,1,11.0,0.000000,1200
Box6,1,12.0,0.000000,1200
Box6,1,13.0,0.000000,1200
Box6,1,14.0,0.000000,1200
Box6,1,15.0,0.000000,1200
Box6,1,16.0,0.000000,1200
Box6,1,17.0,0.000000,1200
Box6,1,18.0,0.000000,1200
Box6,1,19.0,0.000000,1200
Box6,1,20.0,0.000000,1200
Box6,2,-5.0,1.000000,1200
Box6,2,-4.0,0.982251,1200
Box6,2,-3.0,0.000000,1200
Box6,2,-2.0,0.000000,1200
Box6,2,-1.0,0.000000,1200
Box6,2,0.0,0.000000,1200
Box6,2,1.0,0.000000,1200
Box6,2,2.0,0.000000,1200
Box6,2,3.0,0.000000,1200
Box6,2,4.0,0.000000,1200
Box6,2,5.0,0.000000,1200
Box6,2,6.0,0.000000,1200
Box6,2,7.0,0.000000,1200
Box6,2,8.0,0.000000,1200
Box6,2,9.0,0.000000,1200
Box6,2,10.0,0.000000,1200
Box6,2,11.0,0.000000,1200
Box6,2,12.0,0.000000,1200
Box6,2,13.0,0.000000,1200
Box6,2,14.0,0.000000,1200
Box6,2,15.0,0.000000,1200
Box6,2,16.0,0.000000,1200
Box6,2,17.0,0.000000,1200
Box6,2,18.0,0.000000,1200
Box6,2,19.0,0.000000,1200
Box6,2,20.0,0.000000,1200
Box6,3,-5.0,1.000000,600
Box6,3,-4.0,0.987654,600
Box6,3,-3.0,0.802469,600
Box6,3,-2.0,0.000000,600
Box6,3,-1.0,0.000000,600
Box6,3,0.0,0.000000,600
Box6,3,1.0,0.000000,600
Box6,3,2.0,0.000000,600
Box6,3,3.0,0.000000,600
Box6,3,4.0,0.000000,600
Box6,3,5.0,0.000000,600
Box6,3,6.0,0.000000,600
Box6,3,7.0,0.000000,600
Box6,3,8.0,0.000000,600
Box6,3,9.0,0.000000,600
Box6,3,10.0,0.000000,600
Box6,3,11.0,0.000000,600
Box6,3,12.0,0.000000,600
Box6,3,13.0,0.000000,600
Box6,3,14.0,0.000000,600
Box6,3,15.0,0.000000,600
Box6,3,16.0,0.000000,600
Box6,3,17.0,0.000000,600
Box6,3,18.0,0.000000,600
Box6,3,19.0,0.000000,600
Box6,3,20.0,0.000000,600
Box6,4,-5.0,1.000000,1200
Box6,4,-4.0,1.000000,1200
Box6,4,-3.0,1.000000,1200
Box6,4,-2.0,0.937500,1200
Box6,4,-1.0,0.000000,1200
Box6,4,0.0,0.000000,1200
Box6,4,1.0,0.000000,1200
Box6,4,2.0,0.000000,1200
Box6,4,3.0,0.000000,1200
Box6,4,4.0,0.000000,1200
Box6,4,5.0,0.000000,1200
Box6,4,6.0,0.000000,1200
Box6,4,7.0,0.000000,1200
Box6,4,8.0,0.000000,1200
Box6,4,9.0,0.000000,1200
Box6,4,10.0,0.000000,1200
Box6,4,11.0,0.000000,1200
Box6,4,12.0,0.000000,1200
Box6,4,13.0,0.000000,1200
Box6,4,14.0,0.000000,1200
Box6,4,15.0,0.000000,1200
Box6,4,16.0,0.000000,1200
Box6,4,17.0,0.000000,1200
Box6,4,18.0,0.000000,1200
Box6,4,19.0,0.000000,1200
Box6,4,20.0,0.000000,1200
Box6,5,-5.0,1.000000,1200
Box6,5,-4.0,1.000000,1200
Box6,5,-3.0,1.000000,1200
Box6,5,-2.0,1.000000,1200
Box6,5,-1.0,1.000000,1200
Box6,5,0.0,0.750000,1200
Box6,5,1.0,0.000000,1200
Box6,5,2.0,0.000000,1200
Box6,5,3.0,0.000000,1200
Box6,5,4.0,0.000000,1200
Box6,5,5.0,0.000000,1200
Box6,5,6.0,0.000000,1200
Box6,5,7.0,0.000000,1200
Box6,5,8.0,0.000000,1200
Box6,5,9.0,0.000000,1200
Box6,5,10.0,0.000000,1200
Box6,5,11.0,0.000000,1200
Box6,5,12.0,0.000000,1200
Box6,5,13.0,0.000000,1200
Box6,5,14.0,0.000000,1200
Box6,5,15.0,0.000000,1200
Box6,5,16.0,0.000000,1200
Box6,5,17.0,0.000000,1200
Box6,5,18.0,0.000000,1200
Box6,5,19.0,0.000000,1200
Box6,5,20.0,0.000000,1200
Box6,6,-5.0,1.000000,1200
Box6,6,-4.0,1.000000,1200
Box6,6,-3.0,1.000000,1200
Box6,6,-2.0,1.000000,1200
Box6,6,-1.0,1.000000,1200
Box6,6,0.0,0.750000,1200
Box6,6,1.0,0.000000,1200
Box6,6,2.0,0.000000,1200
Box6,6,3.0,0.000000,1200
Box6,6,4.0,0.000000,1200
Box6,6,5.0,0.000000,1200
Box6,6,6.0,0.000000,1200
Box6,6,7.0,0.000000,1200
Box6,6,8.0,0.000000,1200
Box6,6,9.0,0.000000,1200
Box6,6,10.0,0.000000,1200
Box6,6,11.0,0.000000,1200
Box6,6,12.0,0.000000,1200
Box6,6,13.0,0.000000,1200
Box6,6,14.0,0.000000,1200
Box6,6,15.0,0.000000,1200
Box6,6,16.0,0.000000,1200
Box6,6,17.0,0.000000,1200
Box6,6,18.0,0.000000,1200
Box6,6,19.0,0.000000,1200
Box6,6,20.0,0.000000,1200
Box6,7,-5.0,1.000000,1200
Box6,7,-4.0,1.000000,1200
Box6,7,-3.0,1.000000,1200
Box6,7,-2.0,1.000000,1200
Box6,7,-1.0,1.000000,1200
Box6,7,0.0,1.000000,1200
Box6,7,1.0,1.000000,1200
Box6,7,2.0,0.750000,1200
Box6,7,3.0,0.000000,1200
Box6,7,4.0,0.000000,1200
Box6,7,5.0,0.000000,1200
Box6,7,6.0,0.000000,1200
Box6,7,7.0,0.000000,1200
Box6,7,8.0,0.000000,1200
Box6,7,9.0,0.000000,1200
Box6,7,10.0,0.000000,1200
Box6,7,11.0,0.000000,1200
Box6,7,12.0,0.000000,1200
Box6,7,13.0,0.000000,1200
Box6,7,14.0,0.000000,1200
Box6,7,15.0,0.000000,1200
Box6,7,16.0,0.000000,1200
Box6,7,17.0,0.000000,1200
Box6,7,18.0,0.000000,1200
Box6,7,19.0,0.000000,1200
Box6,7,20.0,0.000000,1200
Box6,8,-5.0,1.000000,1200
Box6,8,-4.0,1.000000,1200
Box6,8,-3.0,1.000000,1200
Box6,8,-2.0,1.000000,1200
Box6,8,-1.0,1.000000,1200
Box6,8,0.0,1.000000,1200
Box6,8,1.0,1.000000,1200
Box6,8,2.0,0.750000,1200
Box6,8,3.0,0.000000,1200
Box6,8,4.0,0.000000,1200
Box6,8,5.0,0.000000,1200
Box6,8,6.0,0.000000,1200
Box6,8,7.0,0.000000,1200
Box6,8,8.0,0.000000,1200
Box6,8,9.0,0.000000,1200
Box6,8,10.0,0.000000,1200
Box6,8,11.0,0.000000,1200
Box6,8,12.0,0.000000,1200
Box6,8,13.0,0.000000,1200
Box6,8,14.0,0.000000,1200
Box6,8,15.0,0.000000,1200
Box6,8,16.0,0.000000,1200
Box6,8,17.0,0.000000,1200
Box6,8,18.0,0.000000,1200
Box6,8,19.0,0.000000,1200
Box6,8,20.0,0.000000,1200
Box6,9,-5.0,1.000000,1200
Box6,9,-4.0,1.000000,1200
Box6,9,-3.0,1.000000,1200
Box6,9,-2.0,1.000000,1200
Box6,9,-1.0,1.000000,1200
Box6,9,0.0,1.000000,1200
Box6,9,1.0,1.000000,1200
Box6,9,2.0,0.997244,1200
Box6,9,3.0,0.988975,1200
Box6,9,4.0,0.694744,1200
Box6,9,5.0,0.000000,1200
Box6,9,6.0,0.000000,1200
Box6,9,7.0,0.000000,1200
Box6,9,8.0,0.000000,1200
Box6,9,9.0,0.000000,1200
Box6,9,10.0,0.000000,1200
Box6,9,11.0,0.000000,1200
Box6,9,12.0,0.000000,1200
Box6,9,13.0,0.000000,1200
Box6,9,14.0,0.000000,1200
Box6,9,15.0,0.000000,1200
Box6,9,16.0,0.000000,1200
Box6,9,17.0,0.000000,1200
Box6,9,18.0,0.000000,1200
Box6,9,19.0,0.000000,1200
Box6,9,20.0,0.000000,1200
Box6,10,-5.0,1.000000,1200
Box6,10,-4.0,1.000000,1200
Box6,10,-3.0,1.000000,1200
Box6,10,-2.0,1.000000,1200
Box6,10,-1.0,1.000000,1200
Box6,10,0.0,1.000000,1200
Box6,10,1.0,1.000000,1200
Box6,10,2.0,1.000000,1200
Box6,10,3.0,1.000000,1200
Box6,10,4.0,0.937500,1200
Box6,10,5.0,0.000000,1200
Box6,10,6.0,0.000000,1200
Box6,10,7.0,0.000000,1200
Box6,10,8.0,0.000000,1200
Box6,10,9.0,0.000000,1200
Box6,10,10.0,0.000000,1200
Box6,10,11.0,0.000000,1200
Box6,10,12.0,0.000000,1200
Box6,10,13.0,0.000000,1200
Box6,10,14.0,0.000000,1200
Box6,10,15.0,0.000000,1200
Box6,10,16.0,0.000000,1200
Box6,10,17.0,0.000000,1200
Box6,10,18.0,0.000000,1200
Box6,10,19.0,0.000000,1200
Box6,10,20.0,0.000000,1200
Box6,11,-5.0,1.000000,1200
Box6,11,-4.0,1.000000,1200
Box6,11,-3.0,1.000000,1200
Box6,11,-2.0,1.000000,1200
Box6,11,-1.0,1.000000,1200
Box6,11,0.0,1.000000,1200
Box6,11,1.0,1.000000,1200
Box6,11,2.0,1.000000,1200
Box6,11,3.0,1.000000,1200
Box6,11,4.0,0.750000,1200
Box6,11,5.0,0.000000,1200
Box6,11,6.0,0.000000,1200
Box6,11,7.0,0.000000,1200
Box6,11,8.0,0.000000,1200
Box6,11,9.0,0.000000,1200
Box6,11,10.0,0.000000,1200
Box6,11,11.0,0.000000,1200
Box6,11,12.0,0.000000,1200
Box6,11,13.0,0.000000,1200
Box6,11,14.0,0.000000,1200
Box6,11,15.0,0.000000,1200
Box6,11,16.0,0.000000,1200
Box6,11,17.0,0.000000,1200
Box6,11,18.0,0.000000,1200
Box6,11,19.0,0.000000,1200
Box6,11,20.0,0.000000,1200
Box6,12,-5.0,1.000000,1200
Box6,12,-4.0,1.000000,1200
Box6,12,-3.0,1.000000,1200
Box6,12,-2.0,1.000000,1200
Box6,12,-1.0,1.000000,1200
Box6,12,0.0,1.000000,1200
Box6,12,1.0,1.000000,1200
Box6,12,2.0,1.000000,1200
Box6,12,3.0,1.000000,1200
Box6,12,4.0,1.000000,1200
Box6,12,5.0,1.000000,1200
Box6,12,6.0,0.750000,1200
Box6,12,7.0,0.000000,1200
Box6,12,8.0,0.000000,1200
Box6,12,9.0,0.000000,1200
Box6,12,10.0,0.000000,1200
Box6,12,11.0,0.000000,1200
Box6,12,12.0,0.000000,1200
Box6,12,13.0,0.000000,1200
Box6,12,14.0,0.000000,1200
Box6,12,15.0,0.000000,1200
Box6,12,16.0,0.000000,1200
Box6,12,17.0,0.000000,1200
Box6,12,18.0,0.000000,1200
Box6,12,19.0,0.000000,1200
Box6,12,20.0,0.000000,1200
Box6,13,-5.0,1.000000,1200
Box6,13,-4.0,1.000000,1200
Box6,13,-3.0,1.000000,1200
Box6,13,-2.0,1.000000,1200
Box6,13,-1.0,1.000000,1200
Box6,13,0.0,1.000000,1200
Box6,13,1.0,1.000000,1200
Box6,13,2.0,1.000000,1200
Box6,13,3.0,1.000000,1200
Box6,13,4.0,1.000000,1200
Box6,13,5.0,1.000000,1200
Box6,13,6.0,0.750000,1200
Box6,13,7.0,0.000000,1200
Box6,13,8.0,0.000000,1200
Box6,13,9.0,0.000000,1200
Box6,13,10.0,0.000000,1200
Box6,13,11.0,0.000000,1200
Box6,13,12.0,0.000000,1200
Box6,13,13.0,0.000000,1200
Box6,13,14.0,0.000000,1200
Box6,13,15.0,0.000000,1200
Box6,13,16.0,0.000000,1200
Box6,13,17.0,0.000000,1200
Box6,13,18.0,0.000000,1200
Box6,13,19.0,0.000000,1200
Box6,13,20.0,0.000000,1200
Box6,14,-5.0,1.000000,1200
Box6,14,-4.0,1.000000,1200
Box6,14,-3.0,1.000000,1200
Box6,14,-2.0,1.000000,1200
Box6,14,-1.0,1.000000,1200
Box6,14,0.0,1.000000,1200
Box6,14,1.0,1.000000,1200
Box6,14,2.0,1.000000,1200
Box6,14,3.0,1.000000,1200
Box6,14,4.0,1.000000,1200
Box6,14,5.0,1.000000,1200
Box6,14,6.0,0.999100,1200
Box6,14,7.0,0.996400,1200
Box6,14,8.0,0.719100,1200
Box6,14,9.0,0.000000,1200
Box6,14,10.0,0.000000,1200
Box6,14,11.0,0.000000,1200
Box6,14,12.0,0.000000,1200
Box6,14,13.0,0.000000,1200
Box6,14,14.0,0.000000,1200
Box6,14,15.0,0.000000,1200
Box6,14,16.0,0.000000,1200
Box6,14,17.0,0.000000,1200
Box6,14,18.0,0.000000,1200
Box6,14,19.0,0.000000,1200
Box6,14,20.0,0.000000,1200
Box6,15,-5.0,1.000000,2100
Box6,15,-4.0,1.000000,2100
Box6,15,-3.0,1.000000,2100
Box6,15,-2.0,1.000000,2100
Box6,15,-1.0,1.000000,2100
Box6,15,0.0,1.000000,2100
Box6,15,1.0,1.000000,2100
Box6,15,2.0,1.000000,2100
Box6,15,3.0,1.000000,2100
Box6,15,4.0,1.000000,2100
Box6,15,5.0,1.000000,2100
Box6,15,6.0,1.000000,2100
Box6,15,7.0,1.000000,2100
Box6,15,8.0,0.253504,2100
Box6,15,9.0,0.000000,2100
Box6,15,10.0,0.000000,2100
Box6,15,11.0,0.000000,2100
Box6,15,12.0,0.000000,2100
Box6,15,13.0,0.000000,2100
Box6,15,14.0,0.000000,2100
Box6,15,15.0,0.000000,2100
Box6,15,16.0,0.000000,2100
Box6,15,17.0,0.000000,2100
Box6,15,18.0,0.000000,2100
Box6,15,19.0,0.000000,2100
Box6,15,20.0,0.000000,2100
Box6,16,-5.0,1.000000,1100
Box6,16,-4.0,1.000000,1100
Box6,16,-3.0,1.000000,1100
Box6,16,-2.0,1.000000,1100
Box6,16,-1.0,1.000000,1100
Box6,16,0.0,1.000000,1100
Box6,16,1.0,1.000000,1100
Box6,16,2.0,1.000000,1100
Box6,16,3.0,1.000000,1100
Box6,16,4.0,1.000000,1100
Box6,16,5.0,1.000000,1100
Box6,16,6.0,1.000000,1100
Box6,16,7.0,1.000000,1100
Box6,16,8.0,0.750000,1100
Box6,16,9.0,0.000000,1100
Box6,16,10.0,0.000000,1100
Box6,16,11.0,0.000000,1100
Box6,16,12.0,0.000000,1100
Box6,16,13.0,0.000000,1100
Box6,16,14.0,0.000000,1100
Box6,16,15.0,0.000000,1100
Box6,16,16.0,0.000000,1100
Box6,16,17.0,0.000000,1100
Box6,16,18.0,0.000000,1100
Box6,16,19.0,0.000000,1100
Box6,16,20.0,0.000000,1100
Box6,17,-5.0,1.000000,1100
Box6,17,-4.0,1.000000,1100
Box6,17,-3.0,1.000000,1100
Box6,17,-2.0,1.000000,1100
Box6,17,-1.0,1.000000,1100
Box6,17,0.0,1.000000,1100
Box6,17,1.0,1.000000,1100
Box6,17,2.0,1.000000,1100
Box6,17,3.0,1.000000,1100
Box6,17,4.0,1.000000,1100
Box6,17,5.0,1.000000,1100
Box6,17,6.0,1.000000,1100
Box6,17,7.0,1.000000,1100
Box6,17,8.0,1.000000,1100
Box6,17,9.0,1.000000,1100
Box6,17,10.0,0.000000,1100
Box6,17,11.0,0.000000,1100
Box6,17,12.0,0.000000,1100
Box6,17,13.0,0.000000,1100
Box6,17,14.0,0.000000,1100
Box6,17,15.0,0.000000,1100
Box6,17,16.0,0.000000,1100
Box6,17,17.0,0.000000,1100
Box6,17,18.0,0.000000,1100
Box6,17,19.0,0.000000,1100
Box6,17,20.0,0.000000,1100
Box6,18,-5.0,1.000000,600
Box6,18,-4.0,1.000000,600
Box6,18,-3.0,1.000000,600
Box6,18,-2.0,1.000000,600
Box6,18,-1.0,1.000000,600
Box6,18,0.0,1.000000,600
Box6,18,1.0,1.000000,600
Box6,18,2.0,1.000000,600
Box6,18,3.0,1.000000,600
Box6,18,4.0,1.000000,600
Box6,18,5.0,1.000000,600
Box6,18,6.0,1.000000,600
Box6,18,7.0,1.000000,600
Box6,18,8.0,0.999931,600
Box6,18,9.0,0.999722,600
Box6,18,10.0,0.999375,600
Box6,18,11.0,0.877500,600
Box6,18,12.0,0.544375,600
Box6,18,13.0,0.000000,600
Box6,18,14.0,0.000000,600
Box6,18,15.0,0.000000,600
Box6,18,16.0,0.000000,600
Box6,18,17.0,0.000000,600
Box6,18,18.0,0.000000,600
Box6,18,19.0,0.000000,600
Box6,18,20.0,0.000000,600
Box6,19,-5.0,1.000000,600
Box6,19,-4.0,1.000000,600
Box6,19,-3.0,1.000000,600
Box6,19,-2.0,1.000000,600
Box6,19,-1.0,1.000000,600
Box6,19,0.0,1.000000,600
Box6,19,1.0,1.000000,600
Box6,19,2.0,1.000000,600
Box6,19,3.0,1.000000,600
Box6,19,4.0,1.000000,600
Box6,19,5.0,1.000000,600
Box6,19,6.0,1.000000,600
Box6,19,7.0,1.000000,600
Box6,19,8.0,1.000000,600
Box6,19,9.0,1.000000,600
Box6,19,10.0,1.000000,600
Box6,19,11.0,0.888889,600
Box6,19,12.0,0.555556,600
Box6,19,13.0,0.000000,600
Box6,19,14.0,0.000000,600
Box6,19,15.0,0.000000,600
Box6,19,16.0,0.000000,600
Box6,19,17.0,0.000000,600
Box6,19,18.0,0.000000,600
Box6,19,19.0,0.000000,600
Box6,19,20.0,0.000000,600
Box6,20,-5.0,1.000000,600
Box6,20,-4.0,1.000000,600
Box6,20,-3.0,1.000000,600
Box6,20,-2.0,1.000000,600
Box6,20,-1.0,1.000000,600
Box6,20,0.0,1.000000,600
Box6,20,1.0,1.000000,600
Box6,20,2.0,1.000000,600
Box6,20,3.0,1.000000,600
Box6,20,4.0,1.000000,600
Box6,20,5.0,1.000000,600
Box6,20,6.0,1.000000,600
Box6,20,7.0,1.000000,600
Box6,20,8.0,1.000000,600
Box6,20,9.0,1.000000,600
Box6,20,10.0,1.000000,600
Box6,20,11.0,0.888889,600
Box6,20,12.0,0.555556,600
Box6,20,13.0,0.000000,600
Box6,20,14.0,0.000000,600
Box6,20,15.0,0.000000,600
Box6,20,16.0,0.000000,600
Box6,20,17.0,0.000000,600
Box6,20,18.0,0.000000,600
Box6,20,19.0,0.000000,600
Box6,20,20.0,0.000000,600
Box6,21,-5.0,1.000000,600
Box6,21,-4.0,1.000000,600
Box6,21,-3.0,1.000000,600
Box6,21,-2.0,1.000000,600
Box6,21,-1.0,1.000000,600
Box6,21,0.0,1.000000,600
Box6,21,1.0,1.000000,600
Box6,21,2.0,1.000000,600
Box6,21,3.0,1.000000,600
Box6,21,4.0,1.000000,600
Box6,21,5.0,1.000000,600
Box6,21,6.0,1.000000,600
Box6,21,7.0,1.000000,600
Box6,21,8.0,1.000000,600
Box6,21,9.0,1.000000,600
Box6,21,10.0,1.000000,600
Box6,21,11.0,0.968789,600
Box6,21,12.0,0.875156,600
Box6,21,13.0,0.719100,600
Box6,21,14.0,0.528489,600
Box6,21,15.0,0.288789,600
Box6,21,16.0,0.000000,600
Box6,21,17.0,0.000000,600
Box6,21,18.0,0.000000,600
Box6,21,19.0,0.000000,600
Box6,21,20.0,0.000000,600
Box6,22,-5.0,1.000000,600
Box6,22,-4.0,1.000000,600
Box6,22,-3.0,1.000000,600
Box6,22,-2.0,1.000000,600
Box6,22,-1.0,1.000000,600
Box6,22,0.0,1.000000,600
Box6,22,1.0,1.000000,600
Box6,22,2.0,1.000000,600
Box6,22,3.0,1.000000,600
Box6,22,4.0,1.000000,600
Box6,22,5.0,1.000000,600
Box6,22,6.0,1.000000,600
Box6,22,7.0,1.000000,600
Box6,22,8.0,1.000000,600
Box6,22,9.0,1.000000,600
Box6,22,10.0,1.000000,600
Box6,22,11.0,1.000000,600
Box6,22,12.0,1.000000,600
Box6,22,13.0,1.000000,600
Box6,22,14.0,0.888889,600
Box6,22,15.0,0.555556,600
Box6,22,16.0,0.000000,600
Box6,22,17.0,0.000000,600
Box6,22,18.0,0.000000,600
Box6,22,19.0,0.000000,600
Box6,22,20.0,0.000000,600
Box6,23,-5.0,1.000000,600
Box6,23,-4.0,1.000000,600
Box6,23,-3.0,1.000000,600
Box6,23,-2.0,1.000000,600
Box6,23,-1.0,1.000000,600
Box6,23,0.0,1.000000,600
Box6,23,1.0,1.000000,600
Box6,23,2.0,1.000000,600
Box6,23,3.0,1.000000,600
Box6,23,4.0,1.000000,600
Box6,23,5.0,1.000000,600
Box6,23,6.0,1.000000,600
Box6,23,7.0,1.000000,600
Box6,23,8.0,1.000000,600
Box6,23,9.0,1.000000,600
Box6,23,10.0,1.000000,600
Box6,23,11.0,1.000000,600
Box6,23,12.0,1.000000,600
Box6,23,13.0,1.000000,600
Box6,23,14.0,0.888889,600
Box6,23,15.0,0.555556,600
Box6,23,16.0,0.000000,600
Box6,23,17.0,0.000000,600
Box6,23,18.0,0.000000,600
Box6,23,19.0,0.000000,600
Box6,23,20.0,0.000000,600
Box6,24,-5.0,1.000000,800
Box6,24,-4.0,1.000000,800
Box6,24,-3.0,1.000000,800
Box6,24,-2.0,1.000000,800
Box6,24,-1.0,1.000000,800
Box6,24,0.0,1.000000,800
Box6,24,1.0,1.000000,800
Box6,24,2.0,1.000000,800
Box6,24,3.0,1.000000,800
Box6,24,4.0,1.000000,800
Box6,24,5.0,1.000000,800
Box6,24,6.0,1.000000,800
Box6,24,7.0,1.000000,800
Box6,24,8.0,1.000000,800
Box6,24,9.0,1.000000,800
Box6,24,10.0,1.000000,800
Box6,24,11.0,1.000000,800
Box6,24,12.0,1.000000,800
Box6,24,13.0,1.000000,800
Box6,24,14.0,0.893016,800
Box6,24,15.0,0.572066,800
Box6,24,16.0,0.037148,800
Box6,24,17.0,0.024844,800
Box6,24,18.0,0.012461,800
Box6,24,19.0,0.000000,800
Box6,24,20.0,0.000000,800
Box6,25,-5.0,1.000000,600
Box6,25,-4.0,1.000000,600
Box6,25,-3.0,1.000000,600
Box6,25,-2.0,1.000000,600
Box6,25,-1.0,1.000000,600
Box6,25,0.0,1.000000,600
Box6,25,1.0,1.000000,600
Box6,25,2.0,1.000000,600
Box6,25,3.0,1.000000,600
Box6,25,4.0,1.000000,600
Box6,25,5.0,1.000000,600
Box6,25,6.0,1.000000,600
Box6,25,7.0,1.000000,600
Box6,25,8.0,1.000000,600
Box6,25,9.0,1.000000,600
Box6,25,10.0,1.000000,600
Box6,25,11.0,1.000000,600
Box6,25,12.0,1.000000,600
Box6,25,13.0,1.000000,600
Box6,25,14.0,1.000000,600
Box6,25,15.0,1.000000,600
Box6,25,16.0,1.000000,600
Box6,25,17.0,0.888889,600
Box6,25,18.0,0.555556,600
Box6,25,19.0,0.000000,600
Box6,25,20.0,0.000000,600
Box6,26,-5.0,1.000000,600
Box6,26,-4.0,1.000000,600
Box6,26,-3.0,1.000000,600
Box6,26,-2.0,1.000000,600
Box6,26,-1.0,1.000000,600
Box6,26,0.0,1.000000,600
Box6,26,1.0,1.000000,600
Box6,26,2.0,1.000000,600
Box6,26,3.0,1.000000,600
Box6,26,4.0,1.000000,600
Box6,26,5.0,1.000000,600
Box6,26,6.0,1.000000,600
Box6,26,7.0,1.000000,600
Box6,26,8.0,1.000000,600
Box6,26,9.0,1.000000,600
Box6,26,10.0,1.000000,600
Box6,26,11.0,1.000000,600
Box6,26,12.0,1.000000,600
Box6,26,13.0,1.000000,600
Box6,26,14.0,1.000000,600
Box6,26,15.0,1.000000,600
Box6,26,16.0,1.000000,600
Box6,26,17.0,0.888889,600
Box6,26,18.0,0.555556,600
Box6,26,19.0,0.000000,600
Box6,26,20.0,0.000000,600
Box6,27,-5.0,1.000000,600
Box6,27,-4.0,1.000000,600
Box6,27,-3.0,1.000000,600
Box6,27,-2.0,1.000000,600
Box6,27,-1.0,1.000000,600
Box6,27,0.0,1.000000,600
Box6,27,1.0,1.000000,600
Box6,27,2.0,1.000000,600
Box6,27,3.0,1.000000,600
Box6,27,4.0,1.000000,600
Box6,27,5.0,1.000000,600
Box6,27,6.0,1.000000,600
Box6,27,7.0,1.000000,600
Box6,27,8.0,1.000000,600
Box6,27,9.0,1.000000,600
Box6,27,10.0,1.000000,600
Box6,27,11.0,1.000000,600
Box6,27,12.0,1.000000,600
Box6,27,13.0,1.000000,600
Box6,27,14.0,1.000000,600
Box6,27,15.0,1.000000,600
Box6,27,16.0,1.000000,600
Box6,27,17.0,0.888889,600
Box6,27,18.0,0.555556,600
Box6,27,19.0,0.000000,600
Box6,27,20.0,0.000000,600
Box6,28,-5.0,1.000000,200
Box6,28,-4.0,1.000000,200
Box6,28,-3.0,1.000000,200
Box6,28,-2.0,1.000000,200
Box6,28,-1.0,1.000000,200
Box6,28,0.0,1.000000,200
Box6,28,1.0,1.000000,200
Box6,28,2.0,1.000000,200
Box6,28,3.0,1.000000,200
Box6,28,4.0,1.000000,200
Box6,28,5.0,1.000000,200
Box6,28,6.0,1.000000,200
Box6,28,7.0,1.000000,200
Box6,28,8.0,1.000000,200
Box6,28,9.0,1.000000,200
Box6,28,10.0,1.000000,200
Box6,28,11.0,1.000000,200
Box6,28,12.0,1.000000,200
Box6,28,13.0,1.000000,200
Box6,28,14.0,1.000000,200
Box6,28,15.0,1.000000,200
Box6,28,16.0,1.000000,200
Box6,28,17.0,0.999989,200
Box6,28,18.0,0.999956,200
Box6,28,19.0,0.999900,200
Box6,28,20.0,0.999900,200
Box12,0,-5.0,0.000000,600
Box12,0,-4.0,0.000000,600
Box12,0,-3.0,0.000000,600
Box12,0,-2.0,0.000000,600
Box12,0,-1.0,0.000000,600
Box12,0,0.0,0.000000,600
Box12,0,1.0,0.000000,600
Box12,0,2.0,0.000000,600
Box12,0,3.0,0.000000,600
Box12,0,4.0,0.000000,600
Box12,0,5.0,0.000000,600
Box12,0,6.0,0.000000,600
Box12,0,7.0,0.000000,600
Box12,0,8.0,0.000000,600
Box12,0,9.0,0.000000,600
Box12,0,10.0,0.000000,600
Box12,0,11.0,0.000000,600
Box12,0,12.0,0.000000,600
Box12,0,13.0,0.000000,600
Box12,0,14.0,0.000000,600
Box12,0,15.0,0.000000,600
Box12,0,16.0,0.000000,600
Box12,0,17.0,0.000000,600
Box12,0,18.0,0.000000,600
Box12,0,19.0,0.000000,600
Box12,0,20.0,0.000000,600
Box12,1,-5.0,1.000000,1200
Box12,1,-4.0,0.000000,1200
Box12,1,-3.0,0.000000,1200
Box12,1,-2.0,0.000000,1200
Box12,1,-1.0,0.000000,1200
Box12,1,0.0,0.000000,1200
Box12,1,1.0,0.000000,1200
Box12,1,2.0,0.000000,1200
Box12,1,3.0,0.000000,1200
Box12,1,4.0,0.000000,1200
Box12,1,5.0,0.000000,1200
Box12,1,6.0,0.000000,1200
Box12,1,7.0,0.000000,1200
Box12,1,8.0,0.000000,1200
Box12,1,9.0,0.000000,1200
Box12,1,10.0,0.000000,1200
Box12,1,11.0,0.000000,1200
Box12,1,12.0,0.000000,1200
Box12,1,13.0,0.000000,1200
Box12,1,14.0,0.000000,1200
Box12,1,15.0,0.000000,1200
Box12,1,16.0,0.000000,1200
Box12,1,17.0,0.000000,1200
Box12,1,18.0,0.000000,1200
Box12,1,19.0,0.000000,1200
Box12,1,20.0,0.000000,1200
Box12,2,-5.0,1.000000,1200
Box12,2,-4.0,0.999885,1200
Box12,2,-3.0,0.000000,1200
Box12,2,-2.0,0.000000,1200
Box12,2,-1.0,0.000000,1200
Box12,2,0.0,0.000000,1200
Box12,2,1.0,0.000000,1200
Box12,2,2.0,0.000000,1200
Box12,2,3.0,0.000000,1200
Box12,2,4.0,0.000000,1200
Box12,2,5.0,0.000000,1200
Box12,2,6.0,0.000000,1200
Box12,2,7.0,0.000000,1200
Box12,2,8.0,0.000000,1200
Box12,2,9.0,0.000000,1200
Box12,2,10.0,0.000000,1200
Box12,2,11.0,0.000000,1200
Box12,2,12.0,0.000000,1200
Box12,2,13.0,0.000000,1200
Box12,2,14.0,0.000000,1200
Box12,2,15.0,0.000000,1200
Box12,2,16.0,0.000000,1200
Box12,2,17.0,0.000000,1200
Box12,2,18.0,0.000000,1200
Box12,2,19.0,0.000000,1200
Box12,2,20.0,0.000000,1200
Box12,3,-5.0,1.000000,600
Box12,3,-4.0,0.999949,600
Box12,3,-3.0,0.973988,600
Box12,3,-2.0,0.000000,600
Box12,3,-1.0,0.000000,600
Box12,3,0.0,0.000000,600
Box12,3,1.0,0.000000,600
Box12,3,2.0,0.000000,600
Box12,3,3.0,0.000000,600
Box12,3,4.0,0.000000,600
Box12,3,5.0,0.000000,600
Box12,3,6.0,0.000000,600
Box12,3,7.0,0.000000,600
Box12,3,8.0,0.000000,600
Box12,3,9.0,0.000000,600
Box12,3,10.0,0.000000,600
Box12,3,11.0,0.000000,600
Box12,3,12.0,0.000000,600
Box12,3,13.0,0.000000,600
Box12,3,14.0,0.000000,600
Box12,3,15.0,0.000000,600
Box12,3,16.0,0.000000,600
Box12,3,17.0,0.000000,600
Box12,3,18.0,0.000000,600
Box12,3,19.0,0.000000,600
Box12,3,20.0,0.000000,600
Box12,4,-5.0,1.000000,1200
Box12,4,-4.0,1.000000,1200
Box12,4,-3.0,1.000000,1200
Box12,4,-2.0,0.998047,1200
Box12,4,-1.0,0.000000,1200
Box12,4,0.0,0.000000,1200
Box12,4,1.0,0.000000,1200
Box12,4,2.0,0.000000,1200
Box12,4,3.0,0.000000,1200
Box12,4,4.0,0.000000,1200
Box12,4,5.0,0.000000,1200
Box12,4,6.0,0.000000,1200
Box12,4,7.0,0.000000,1200
Box12,4,8.0,0.000000,1200
Box12,4,9.0,0.000000,1200
Box12,4,10.0,0.000000,1200
Box12,4,11.0,0.000000,1200
Box12,4,12.0,0.000000,1200
Box12,4,13.0,0.000000,1200
Box12,4,14.0,0.000000,1200
Box12,4,15.0,0.000000,1200
Box12,4,16.0,0.000000,1200
Box12,4,17.0,0.000000,1200
Box12,4,18.0,0.000000,1200
Box12,4,19.0,0.000000,1200
Box12,4,20.0,0.000000,1200
Box12,5,-5.0,1.000000,1200
Box12,5,-4.0,1.000000,1200
Box12,5,-3.0,1.000000,1200
Box12,5,-2.0,1.000000,1200
Box12,5,-1.0,1.000000,1200
Box12,5,0.0,0.937500,1200
Box12,5,1.0,0.000000,1200
Box12,5,2.0,0.000000,1200
Box12,5,3.0,0.000000,1200
Box12,5,4.0,0.000000,1200
Box12,5,5.0,0.000000,1200
Box12,5,6.0,0.000000,1200
Box12,5,7.0,0.000000,1200
Box12,5,8.0,0.000000,1200
Box12,5,9.0,0.000000,1200
Box12,5,10.0,0.000000,1200
Box12,5,11.0,0.000000,1200
Box12,5,12.0,0.000000,1200
Box12,5,13.0,0.000000,1200
Box12,5,14.0,0.000000,1200
Box12,5,15.0,0.000000,1200
Box12,5,16.0,0.000000,1200
Box12,5,17.0,0.000000,1200
Box12,5,18.0,0.000000,1200
Box12,5,19.0,0.000000,1200
Box12,5,20.0,0.000000,1200
Box12,6,-5.0,1.000000,1200
Box12,6,-4.0,1.000000,1200
Box12,6,-3.0,1.000000,1200
Box12,6,-2.0,1.000000,1200
Box12,6,-1.0,1.000000,1200
Box12,6,0.0,0.937500,1200
Box12,6,1.0,0.000000,1200
Box12,6,2.0,0.000000,1200
Box12,6,3.0,0.000000,1200
Box12,6,4.0,0.000000,1200
Box12,6,5.0,0.000000,1200
Box12,6,6.0,0.000000,1200
Box12,6,7.0,0.000000,1200
Box12,6,8.0,0.000000,1200
Box12,6,9.0,0.000000,1200
Box12,6,10.0,0.000000,1200
Box12,6,11.0,0.000000,1200
Box12,6,12.0,0.000000,1200
Box12,6,13.0,0.000000,1200
Box12,6,14.0,0.000000,1200
Box12,6,15.0,0.000000,1200
Box12,6,16.0,0.000000,1200
Box12,6,17.0,0.000000,1200
Box12,6,18.0,0.000000,1200
Box12,6,19.0,0.000000,1200
Box12,6,20.0,0.000000,1200
Box12,7,-5.0,1.000000,1200
Box12,7,-4.0,1.000000,1200
Box12,7,-3.0,1.000000,1200
Box12,7,-2.0,1.000000,1200
Box12,7,-1.0,1.000000,1200
Box12,7,0.0,1.000000,1200
Box12,7,1.0,1.000000,1200
Box12,7,2.0,0.937500,1200
Box12,7,3.0,0.000000,1200
Box12,7,4.0,0.000000,1200
Box12,7,5.0,0.000000,1200
Box12,7,6.0,0.000000,1200
Box12,7,7.0,0.000000,1200
Box12,7,8.0,0.000000,1200
Box12,7,9.0,0.000000,1200
Box12,7,10.0,0.000000,1200
Box12,7,11.0,0.000000,1200
Box12,7,12.0,0.000000,1200
Box12,7,13.0,0.000000,1200
Box12,7,14.0,0.000000,1200
Box12,7,15.0,0.000000,1200
Box12,7,16.0,0.000000,1200
Box12,7,17.0,0.000000,1200
Box12,7,18.0,0.000000,1200
Box12,7,19.0,0.000000,1200
Box12,7,20.0,0.000000,1200
Box12,8,-5.0,1.000000,1200
Box12,8,-4.0,1.000000,1200
Box12,8,-3.0,1.000000,1200
Box12,8,-2.0,1.000000,1200
Box12,8,-1.0,1.000000,1200
Box12,8,0.0,1.000000,1200
Box12,8,1.0,1.000000,1200
Box12,8,2.0,0.937500,1200
Box12,8,3.0,0.000000,1200
Box12,8,4.0,0.000000,1200
Box12,8,5.0,0.000000,1200
Box12,8,6.0,0.000000,1200
Box12,8,7.0,0.000000,1200
Box12,8,8.0,0.000000,1200
Box12,8,9.0,0.000000,1200
Box12,8,10.0,0.000000,1200
Box12,8,11.0,0.000000,1200
Box12,8,12.0,0.000000,1200
Box12,8,13.0,0.000000,1200
Box12,8,14.0,0.000000,1200
Box12,8,15.0,0.000000,1200
Box12,8,16.0,0.000000,1200
Box12,8,17.0,0.000000,1200
Box12,8,18.0,0.000000,1200
Box12,8,19.0,0.000000,1200
Box12,8,20.0,0.000000,1200
Box12,9,-5.0,1.000000,1200
Box12,9,-4.0,1.000000,1200
Box12,9,-3.0,1.000000,1200
Box12,9,-2.0,1.000000,1200
Box12,9,-1.0,1.000000,1200
Box12,9,0.0,1.000000,1200
Box12,9,1.0,1.000000,1200
Box12,9,2.0,0.999992,1200
Box12,9,3.0,0.999878,1200
Box12,9,4.0,0.906819,1200
Box12,9,5.0,0.000000,1200
Box12,9,6.0,0.000000,1200
Box12,9,7.0,0.000000,1200
Box12,9,8.0,0.000000,1200
Box12,9,9.0,0.000000,1200
Box12,9,10.0,0.000000,1200
Box12,9,11.0,0.000000,1200
Box12,9,12.0,0.000000,1200
Box12,9,13.0,0.000000,1200
Box12,9,14.0,0.000000,1200
Box12,9,15.0,0.000000,1200
Box12,9,16.0,0.000000,1200
Box12,9,17.0,0.000000,1200
Box12,9,18.0,0.000000,1200
Box12,9,19.0,0.000000,1200
Box12,9,20.0,0.000000,1200
Box12,10,-5.0,1.000000,1200
Box12,10,-4.0,1.000000,1200
Box12,10,-3.0,1.000000,1200
Box12,10,-2.0,1.000000,1200
Box12,10,-1.0,1.000000,1200
Box12,10,0.0,1.000000,1200
Box12,10,1.0,1.000000,1200
Box12,10,2.0,1.000000,1200
Box12,10,3.0,1.000000,1200
Box12,10,4.0,0.998047,1200
Box12,10,5.0,0.000000,1200
Box12,10,6.0,0.000000,1200
Box12,10,7.0,0.000000,1200
Box12,10,8.0,0.000000,1200
Box12,10,9.0,0.000000,1200
Box12,10,10.0,0.000000,1200
Box12,10,11.0,0.000000,1200
Box12,10,12.0,0.000000,1200
Box12,10,13.0,0.000000,1200
Box12,10,14.0,0.000000,1200
Box12,10,15.0,0.000000,1200
Box12,10,16.0,0.000000,1200
Box12,10,17.0,0.000000,1200
Box12,10,18.0,0.000000,1200
Box12,10,19.0,0.000000,1200
Box12,10,20.0,0.000000,1200
Box12,11,-5.0,1.000000,1200
Box12,11,-4.0,1.000000,1200
Box12,11,-3.0,1.000000,1200
Box12,11,-2.0,1.000000,1200
Box12,11,-1.0,1.000000,1200
Box12,11,0.0,1.000000,1200
Box12,11,1.0,1.000000,1200
Box12,11,2.0,1.000000,1200
Box12,11,3.0,1.000000,1200
Box12,11,4.0,0.937500,1200
Box12,11,5.0,0.000000,1200
Box12,11,6.0,0.000000,1200
Box12,11,7.0,0.000000,1200
Box12,11,8.0,0.000000,1200
Box12,11,9.0,0.000000,1200
Box12,11,10.0,0.000000,1200
Box12,11,11.0,0.000000,1200
Box12,11,12.0,0.000000,1200
Box12,11,13.0,0.000000,1200
Box12,11,14.0,0.000000,1200
Box12,11,15.0,0.000000,1200
Box12,11,16.0,0.000000,1200
Box12,11,17.0,0.000000,1200
Box12,11,18.0,0.000000,1200
Box12,11,19.0,0.000000,1200
Box12,11,20.0,0.000000,1200
Box12,12,-5.0,1.000000,1200
Box12,12,-4.0,1.000000,1200
Box12,12,-3.0,1.000000,1200
Box12,12,-2.0,1.000000,1200
Box12,12,-1.0,1.000000,1200
Box12,12,0.0,1.000000,1200
Box12,12,1.0,1.000000,1200
Box12,12,2.0,1.000000,1200
Box12,12,3.0,1.000000,1200
Box12,12,4.0,1.000000,1200
Box12,12,5.0,1.000000,1200
Box12,12,6.0,0.937500,1200
Box12,12,7.0,0.000000,1200
Box12,12,8.0,0.000000,1200
Box12,12,9.0,0.000000,1200
Box12,12,10.0,0.000000,1200
Box12,12,11.0,0.000000,1200
Box12,12,12.0,0.000000,1200
Box12,12,13.0,0.000000,1200
Box12,12,14.0,0.000000,1200
Box12,12,15.0,0.000000,1200
Box12,12,16.0,0.000000,1200
Box12,12,17.0,0.000000,1200
Box12,12,18.0,0.000000,1200
Box12,12,19.0,0.000000,1200
Box12,12,20.0,0.000000,1200
Box12,13,-5.0,1.000000,1200
Box12,13,-4.0,1.000000,1200
Box12,13,-3.0,1.000000,1200
Box12,13,-2.0,1.000000,1200
Box12,13,-1.0,1.000000,1200
Box12,13,0.0,1.000000,1200
Box12,13,1.0,1.000000,1200
Box12,13,2.0,1.000000,1200
Box12,13,3.0,1.000000,1200
Box12,13,4.0,1.000000,1200
Box12,13,5.0,1.000000,1200
Box12,13,6.0,0.937500,1200
Box12,13,7.0,0.000000,1200
Box12,13,8.0,0.000000,1200
Box12,13,9.0,0.000000,1200
Box12,13,10.0,0.000000,1200
Box12,13,11.0,0.000000,1200
Box12,13,12.0,0.000000,1200
Box12,13,13.0,0.000000,1200
Box12,13,14.0,0.000000,1200
Box12,13,15.0,0.000000,1200
Box12,13,16.0,0.000000,1200
Box12,13,17.0,0.000000,1200
Box12,13,18.0,0.000000,1200
Box12,13,19.0,0.000000,1200
Box12,13,20.0,0.000000,1200
Box12,14,-5.0,1.000000,1200
Box12,14,-4.0,1.000000,1200
Box12,14,-3.0,1.000000,1200
Box12,14,-2.0,1.000000,1200
Box12,14,-1.0,1.000000,1200
Box12,14,0.0,1.000000,1200
Box12,14,1.0,1.000000,1200
Box12,14,2.0,1.000000,1200
Box12,14,3.0,1.000000,1200
Box12,14,4.0,1.000000,1200
Box12,14,5.0,1.000000,1200
Box12,14,6.0,0.999999,1200
Box12,14,7.0,0.999987,1200
Box12,14,8.0,0.921095,1200
Box12,14,9.0,0.000000,1200
Box12,14,10.0,0.000000,1200
Box12,14,11.0,0.000000,1200
Box12,14,12.0,0.000000,1200
Box12,14,13.0,0.000000,1200
Box12,14,14.0,0.000000,1200
Box12,14,15.0,0.000000,1200
Box12,14,16.0,0.000000,1200
Box12,14,17.0,0.000000,1200
Box12,14,18.0,0.000000,1200
Box12,14,19.0,0.000000,1200
Box12,14,20.0,0.000000,1200
Box12,15,-5.0,1.000000,2100
Box12,15,-4.0,1.000000,2100
Box12,15,-3.0,1.000000,2100
Box12,15,-2.0,1.000000,2100
Box12,15,-1.0,1.000000,2100
Box12,15,0.0,1.000000,2100
Box12,15,1.0,1.000000,2100
Box12,15,2.0,1.000000,2100
Box12,15,3.0,1.000000,2100
Box12,15,4.0,1.000000,2100
Box12,15,5.0,1.000000,2100
Box12,15,6.0,1.000000,2100
Box12,15,7.0,1.000000,2100
Box12,15,8.0,0.442744,2100
Box12,15,9.0,0.000000,2100
Box12,15,10.0,0.000000,2100
Box12,15,11.0,0.000000,2100
Box12,15,12.0,0.000000,2100
Box12,15,13.0,0.000000,2100
Box12,15,14.0,0.000000,2100
Box12,15,15.0,0.000000,2100
Box12,15,16.0,0.000000,2100
Box12,15,17.0,0.000000,2100
Box12,15,18.0,0.000000,2100
Box12,15,19.0,0.000000,2100
Box12,15,20.0,0.000000,2100
Box12,16,-5.0,1.000000,1100
Box12,16,-4.0,1.000000,1100
Box12,16,-3.0,1.000000,1100
Box12,16,-2.0,1.000000,1100
Box12,16,-1.0,1.000000,1100
Box12,16,0.0,1.000000,1100
Box12,16,1.0,1.000000,1100
Box12,16,2.0,1.000000,1100
Box12,16,3.0,1.000000,1100
Box12,16,4.0,1.000000,1100
Box12,16,5.0,1.000000,1100
Box12,16,6.0,1.000000,1100
Box12,16,7.0,1.000000,1100
Box12,16,8.0,0.937500,1100
Box12,16,9.0,0.000000,1100
Box12,16,10.0,0.000000,1100
Box12,16,11.0,0.000000,1100
Box12,16,12.0,0.000000,1100
Box12,16,13.0,0.000000,1100
Box12,16,14.0,0.000000,1100
Box12,16,15.0,0.000000,1100
Box12,16,16.0,0.000000,1100
Box12,16,17.0,0.000000,1100
Box12,16,18.0,0.000000,1100
Box12,16,19.0,0.000000,1100
Box12,16,20.0,0.000000,1100
Box12,17,-5.0,1.000000,1100
Box12,17,-4.0,1.000000,1100
Box12,17,-3.0,1.000000,1100
Box12,17,-2.0,1.000000,1100
Box12,17,-1.0,1.000000,1100
Box12,17,0.0,1.000000,1100
Box12,17,1.0,1.000000,1100
Box12,17,2.0,1.000000,1100
Box12,17,3.0,1.000000,1100
Box12,17,4.0,1.000000,1100
Box12,17,5.0,1.000000,1100
Box12,17,6.0,1.000000,1100
Box12,17,7.0,1.000000,1100
Box12,17,8.0,1.000000,1100
Box12,17,9.0,1.000000,1100
Box12,17,10.0,0.000000,1100
Box12,17,11.0,0.000000,1100
Box12,17,12.0,0.000000,1100
Box12,17,13.0,0.000000,1100
Box12,17,14.0,0.000000,1100
Box12,17,15.0,0.000000,1100
Box12,17,16.0,0.000000,1100
Box12,17,17.0,0.000000,1100
Box12,17,18.0,0.000000,1100
Box12,17,19.0,0.000000,1100
Box12,17,20.0,0.000000,1100
Box12,18,-5.0,1.000000,600
Box12,18,-4.0,1.000000,600
Box12,18,-3.0,1.000000,600
Box12,18,-2.0,1.000000,600
Box12,18,-1.0,1.000000,600
Box12,18,0.0,1.000000,600
Box12,18,1.0,1.000000,600
Box12,18,2.0,1.000000,600
Box12,18,3.0,1.000000,600
Box12,18,4.0,1.000000,600
Box12,18,5.0,1.000000,600
Box12,18,6.0,1.000000,600
Box12,18,7.0,1.000000,600
Box12,18,8.0,1.000000,600
Box12,18,9.0,1.000000,600
Box12,18,10.0,1.000000,600
Box12,18,11.0,0.984994,600
Box12,18,12.0,0.792406,600
Box12,18,13.0,0.000000,600
Box12,18,14.0,0.000000,600
Box12,18,15.0,0.000000,600
Box12,18,16.0,0.000000,600
Box12,18,17.0,0.000000,600
Box12,18,18.0,0.000000,600
Box12,18,19.0,0.000000,600
Box12,18,20.0,0.000000,600
Box12,19,-5.0,1.000000,600
Box12,19,-4.0,1.000000,600
Box12,19,-3.0,1.000000,600
Box12,19,-2.0,1.000000,600
Box12,19,-1.0,1.000000,600
Box12,19,0.0,1.000000,600
Box12,19,1.0,1.000000,600
Box12,19,2.0,1.000000,600
Box12,19,3.0,1.000000,600
Box12,19,4.0,1.000000,600
Box12,19,5.0,1.000000,600
Box12,19,6.0,1.000000,600
Box12,19,7.0,1.000000,600
Box12,19,8.0,1.000000,600
Box12,19,9.0,1.000000,600
Box12,19,10.0,1.000000,600
Box12,19,11.0,0.987654,600
Box12,19,12.0,0.802469,600
Box12,19,13.0,0.000000,600
Box12,19,14.0,0.000000,600
Box12,19,15.0,0.000000,600
Box12,19,16.0,0.000000,600
Box12,19,17.0,0.000000,600
Box12,19,18.0,0.000000,600
Box12,19,19.0,0.000000,600
Box12,19,20.0,0.000000,600
Box12,20,-5.0,1.000000,600
Box12,20,-4.0,1.000000,600
Box12,20,-3.0,1.000000,600
Box12,20,-2.0,1.000000,600
Box12,20,-1.0,1.000000,600
Box12,20,0.0,1.000000,600
Box12,20,1.0,1.000000,600
Box12,20,2.0,1.000000,600
Box12,20,3.0,1.000000,600
Box12,20,4.0,1.000000,600
Box12,20,5.0,1.000000,600
Box12,20,6.0,1.000000,600
Box12,20,7.0,1.000000,600
Box12,20,8.0,1.000000,600
Box12,20,9.0,1.000000,600
Box12,20,10.0,1.000000,600
Box12,20,11.0,0.987654,600
Box12,20,12.0,0.802469,600
Box12,20,13.0,0.000000,600
Box12,20,14.0,0.000000,600
Box12,20,15.0,0.000000,600
Box12,20,16.0,0.000000,600
Box12,20,17.0,0.000000,600
Box12,20,18.0,0.000000,600
Box12,20,19.0,0.000000,600
Box12,20,20.0,0.000000,600
Box12,21,-5.0,1.000000,600
Box12,21,-4.0,1.000000,600
Box12,21,-3.0,1.000000,600
Box12,21,-2.0,1.000000,600
Box12,21,-1.0,1.000000,600
Box12,21,0.0,1.000000,600
Box12,21,1.0,1.000000,600
Box12,21,2.0,1.000000,600
Box12,21,3.0,1.000000,600
Box12,21,4.0,1.000000,600
Box12,21,5.0,1.000000,600
Box12,21,6.0,1.000000,600
Box12,21,7.0,1.000000,600
Box12,21,8.0,1.000000,600
Box12,21,9.0,1.000000,600
Box12,21,10.0,1.000000,600
Box12,21,11.0,0.999026,600
Box12,21,12.0,0.984414,600
Box12,21,13.0,0.921095,600
Box12,21,14.0,0.777677,600
Box12,21,15.0,0.494179,600
Box12,21,16.0,0.000000,600
Box12,21,17.0,0.000000,600
Box12,21,18.0,0.000000,600
Box12,21,19.0,0.000000,600
Box12,21,20.0,0.000000,600
Box12,22,-5.0,1.000000,600
Box12,22,-4.0,1.000000,600
Box12,22,-3.0,1.000000,600
Box12,22,-2.0,1.000000,600
Box12,22,-1.0,1.000000,600
Box12,22,0.0,1.000000,600
Box12,22,1.0,1.000000,600
Box12,22,2.0,1.000000,600
Box12,22,3.0,1.000000,600
Box12,22,4.0,1.000000,600
Box12,22,5.0,1.000000,600
Box12,22,6.0,1.000000,600
Box12,22,7.0,1.000000,600
Box12,22,8.0,1.000000,600
Box12,22,9.0,1.000000,600
Box12,22,10.0,1.000000,600
Box12,22,11.0,1.000000,600
Box12,22,12.0,1.000000,600
Box12,22,13.0,1.000000,600
Box12,22,14.0,0.987654,600
Box12,22,15.0,0.802469,600
Box12,22,16.0,0.000000,600
Box12,22,17.0,0.000000,600
Box12,22,18.0,0.000000,600
Box12,22,19.0,0.000000,600
Box12,22,20.0,0.000000,600
Box12,23,-5.0,1.000000,600
Box12,23,-4.0,1.000000,600
Box12,23,-3.0,1.000000,600
Box12,23,-2.0,1.000000,600
Box12,23,-1.0,1.000000,600
Box12,23,0.0,1.000000,600
Box12,23,1.0,1.000000,600
Box12,23,2.0,1.000000,600
Box12,23,3.0,1.000000,600
Box12,23,4.0,1.000000,600
Box12,23,5.0,1.000000,600
Box12,23,6.0,1.000000,600
Box12,23,7.0,1.000000,600
Box12,23,8.0,1.000000,600
Box12,23,9.0,1.000000,600
Box12,23,10.0,1.000000,600
Box12,23,11.0,1.000000,600
Box12,23,12.0,1.000000,600
Box12,23,13.0,1.000000,600
Box12,23,14.0,0.987654,600
Box12,23,15.0,0.802469,600
Box12,23,16.0,0.000000,600
Box12,23,17.0,0.000000,600
Box12,23,18.0,0.000000,600
Box12,23,19.0,0.000000,600
Box12,23,20.0,0.000000,600
Box12,24,-5.0,1.000000,800
Box12,24,-4.0,1.000000,800
Box12,24,-3.0,1.000000,800
Box12,24,-2.0,1.000000,800
Box12,24,-1.0,1.000000,800
Box12,24,0.0,1.000000,800
Box12,24,1.0,1.000000,800
Box12,24,2.0,1.000000,800
Box12,24,3.0,1.000000,800
Box12,24,4.0,1.000000,800
Box12,24,5.0,1.000000,800
Box12,24,6.0,1.000000,800
Box12,24,7.0,1.000000,800
Box12,24,8.0,1.000000,800
Box12,24,9.0,1.000000,800
Box12,24,10.0,1.000000,800
Box12,24,11.0,1.000000,800
Box12,24,12.0,1.000000,800
Box12,24,13.0,1.000000,800
Box12,24,14.0,0.988555,800
Box12,24,15.0,0.816872,800
Box12,24,16.0,0.072917,800
Box12,24,17.0,0.049070,800
Box12,24,18.0,0.024767,800
Box12,24,19.0,0.000000,800
Box12,24,20.0,0.000000,800
Box12,25,-5.0,1.000000,600
Box12,25,-4.0,1.000000,600
Box12,25,-3.0,1.000000,600
Box12,25,-2.0,1.000000,600
Box12,25,-1.0,1.000000,600
Box12,25,0.0,1.000000,600
Box12,25,1.0,1.000000,600
Box12,25,2.0,1.000000,600
Box12,25,3.0,1.000000,600
Box12,25,4.0,1.000000,600
Box12,25,5.0,1.000000,600
Box12,25,6.0,1.000000,600
Box12,25,7.0,1.000000,600
Box12,25,8.0,1.000000,600
Box12,25,9.0,1.000000,600
Box12,25,10.0,1.000000,600
Box12,25,11.0,1.000000,600
Box12,25,12.0,1.000000,600
Box12,25,13.0,1.000000,600
Box12,25,14.0,1.000000,600
Box12,25,15.0,1.000000,600
Box12,25,16.0,1.000000,600
Box12,25,17.0,0.987654,600
Box12,25,18.0,0.802469,600
Box12,25,19.0,0.000000,600
Box12,25,20.0,0.000000,600
Box12,26,-5.0,1.000000,600
Box12,26,-4.0,1.000000,600
Box12,26,-3.0,1.000000,600
Box12,26,-2.0,1.000000,600
Box12,26,-1.0,1.000000,600
Box12,26,0.0,1.000000,600
Box12,26,1.0,1.000000,600
Box12,26,2.0,1.000000,600
Box12,26,3.0,1.000000,600
Box12,26,4.0,1.000000,600
Box12,26,5.0,1.000000,600
Box12,26,6.0,1.000000,600
Box12,26,7.0,1.000000,600
Box12,26,8.0,1.000000,600
Box12,26,9.0,1.000000,600
Box12,26,10.0,1.000000,600
Box12,26,11.0,1.000000,600
Box12,26,12.0,1.000000,600
Box12,26,13.0,1.000000,600
Box12,26,14.0,1.000000,600
Box12,26,15.0,1.000000,600
Box12,26,16.0,1.000000,600
Box12,26,17.0,0.987654,600
Box12,26,18.0,0.802469,600
Box12,26,19.0,0.000000,600
Box12,26,20.0,0.000000,600
Box12,27,-5.0,1.000000,600
Box12,27,-4.0,1.000000,600
Box12,27,-3.0,1.000000,600
Box12,27,-2.0,1.000000,600
Box12,27,-1.0,1.000000,600
Box12,27,0.0,1.000000,600
Box12,27,1.0,1.000000,600
Box12,27,2.0,1.000000,600
Box12,27,3.0,1.000000,600
Box12,27,4.0,1.000000,600
Box12,27,5.0,1.000000,600
Box12,27,6.0,1.000000,600
Box12,27,7.0,1.000000,600
Box12,27,8.0,1.000000,600
Box12,27,9.0,1.000000,600
Box12,27,10.0,1.000000,600
Box12,27,11.0,1.000000,600
Box12,27,12.0,1.000000,600
Box12,27,13.0,1.000000,600
Box12,27,14.0,1.000000,600
Box12,27,15.0,1.000000,600
Box12,27,16.0,1.000000,600
Box12,27,17.0,0.987654,600
Box12,27,18.0,0.802469,600
Box12,27,19.0,0.000000,600
Box12,27,20.0,0.000000,600
Box12,28,-5.0,1.000000,200
Box12,28,-4.0,1.000000,200
Box12,28,-3.0,1.000000,200
Box12,28,-2.0,1.000000,200
Box12,28,-1.0,1.000000,200
Box12,28,0.0,1.000000,200
Box12,28,1.0,1.000000,200
Box12,28,2.0,1.000000,200
Box12,28,3.0,1.000000,200
Box12,28,4.0,1.000000,200
Box12,28,5.0,1.000000,200
Box12,28,6.0,1.000000,200
Box12,28,7.0,1.000000,200
Box12,28,8.0,1.000000,200
Box12,28,9.0,1.000000,200
Box12,28,10.0,1.000000,200
Box12,28,11.0,1.000000,200
Box12,28,12.0,1.000000,200
Box12,28,13.0,1.000000,200
Box12,28,14.0,1.000000,200
Box12,28,15.0,1.000000,200
Box12,28,16.0,1.000000,200
Box12,28,17.0,1.000000,200
Box12,28,18.0,1.000000,200
Box12,28,19.0,1.000000,200
Box12,28,20.0,1.000000,200
Standard3,0,-5.0,0.000000,600
Standard3,0,-4.0,0.000000,600
Standard3,0,-3.0,0.000000,600
Standard3,0,-2.0,0.000000,600
Standard3,0,-1.0,0.000000,600
Standard3,0,0.0,0.000000,600
Standard3,0,1.0,0.000000,600
Standard3,0,2.0,0.000000,600
Standard3,0,3.0,0.000000,600
Standard3,0,4.0,0.000000,600
Standard3,0,5.0,0.000000,600
Standard3,0,6.0,0.000000,600
Standard3,0,7.0,0.000000,600
Standard3,0,8.0,0.000000,600
Standard3,0,9.0,0.000000,600
Standard3,0,10.0,0.000000,600
Standard3,0,11.0,0.000000,600
Standard3,0,12.0,0.000000,600
Standard3,0,13.0,0.000000,600
Standard3,0,14.0,0.000000,600
Standard3,0,15.0,0.000000,600
Standard3,0,16.0,0.000000,600
Standard3,0,17.0,0.000000,600
Standard3,0,18.0,0.000000,600
Standard3,0,19.0,0.000000,600
Standard3,0,20.0,0.000000,600
Standard3,1,-5.0,0.999834,1200
Standard3,1,-4.0,0.000000,1200
Standard3,1,-3.0,0.000000,1200
Standard3,1,-2.0,0.000000,1200
Standard3,1,-1.0,0.000000,1200
Standard3,1,0.0,0.000000,1200
Standard3,1,1.0,0.000000,1200
Standard3,1,2.0,0.000000,1200
Standard3,1,3.0,0.000000,1200
Standard3,1,4.0,0.000000,1200
Standard3,1,5.0,0.000000,1200
Standard3,1,6.0,0.000000,1200
Standard3,1,7.0,0.000000,1200
Standard3,1,8.0,0.000000,1200
Standard3,1,9.0,0.000000,1200
Standard3,1,10.0,0.000000,1200
Standard3,1,11.0,0.000000,1200
Standard3,1,12.0,0.000000,1200
Standard3,1,13.0,0.000000,1200
Standard3,1,14.0,0.000000,1200
Standard3,1,15.0,0.000000,1200
Standard3,1,16.0,0.000000,1200
Standard3,1,17.0,0.000000,1200
Standard3,1,18.0,0.000000,1200
Standard3,1,19.0,0.000000,1200
Standard3,1,20.0,0.000000,1200
Standard3,2,-5.0,1.000000,1200
Standard3,2,-4.0,0.951373,1200
Standard3,2,-3.0,0.000000,1200
Standard3,2,-2.0,0.000000,1200
Standard3,2,-1.0,0.000000,1200
Standard3,2,0.0,0.000000,1200
Standard3,2,1.0,0.000000,1200
Standard3,2,2.0,0.000000,1200
Standard3,2,3.0,0.000000,1200
Standard3,2,4.0,0.000000,1200
Standard3,2,5.0,0.000000,1200
Standard3,2,6.0,0.000000,1200
Standard3,2,7.0,0.000000,1200
Standard3,2,8.0,0.000000,1200
Standard3,2,9.0,0.000000,1200
Standard3,2,10.0,0.000000,1200
Standard3,2,11.0,0.000000,1200
Standard3,2,12.0,0.000000,1200
Standard3,2,13.0,0.000000,1200
Standard3,2,14.0,0.000000,1200
Standard3,2,15.0,0.000000,1200
Standard3,2,16.0,0.000000,1200
Standard3,2,17.0,0.000000,1200
Standard3,2,18.0,0.000000,1200
Standard3,2,19.0,0.000000,1200
Standard3,2,20.0,0.000000,1200
Standard3,3,-5.0,1.000000,600
Standard3,3,-4.0,0.962963,600
Standard3,3,-3.0,0.703704,600
Standard3,3,-2.0,0.000000,600
Standard3,3,-1.0,0.000000,600
Standard3,3,0.0,0.000000,600
Standard3,3,1.0,0.000000,600
Standard3,3,2.0,0.000000,600
Standard3,3,3.0,0.000000,600
Standard3,3,4.0,0.000000,600
Standard3,3,5.0,0.000000,600
Standard3,3,6.0,0.000000,600
Standard3,3,7.0,0.000000,600
Standard3,3,8.0,0.000000,600
Standard3,3,9.0,0.000000,600
Standard3,3,10.0,0.000000,600
Standard3,3,11.0,0.000000,600
Standard3,3,12.0,0.000000,600
Standard3,3,13.0,0.000000,600
Standard3,3,14.0,0.000000,600
Standard3,3,15.0,0.000000,600
Standard3,3,16.0,0.000000,600
Standard3,3,17.0,0.000000,600
Standard3,3,18.0,0.000000,600
Standard3,3,19.0,0.000000,600
Standard3,3,20.0,0.000000,600
Standard3,4,-5.0,1.000000,1200
Standard3,4,-4.0,1.000000,1200
Standard3,4,-3.0,1.000000,1200
Standard3,4,-2.0,0.875000,1200
Standard3,4,-1.0,0.000000,1200
Standard3,4,0.0,0.000000,1200
Standard3,4,1.0,0.000000,1200
Standard3,4,2.0,0.000000,1200
Standard3,4,3.0,0.000000,1200
Standard3,4,4.0,0.000000,1200
Standard3,4,5.0,0.000000,1200
Standard3,4,6.0,0.000000,1200
Standard3,4,7.0,0.000000,1200
Standard3,4,8.0,0.000000,1200
Standard3,4,9.0,0.000000,1200
Standard3,4,10.0,0.000000,1200
Standard3,4,11.0,0.000000,1200
Standard3,4,12.0,0.000000,1200
Standard3,4,13.0,0.000000,1200
Standard3,4,14.0,0.000000,1200
Standard3,4,15.0,0.000000,1200
Standard3,4,16.0,0.000000,1200
Standard3,4,17.0,0.000000,1200
Standard3,4,18.0,0.000000,1200
Standard3,4,19.0,0.000000,1200
Standard3,4,20.0,0.000000,1200
Standard3,5,-5.0,1.000000,1200
Standard3,5,-4.0,1.000000,1200
Standard3,5,-3.0,1.000000,1200
Standard3,5,-2.0,1.000000,1200
Standard3,5,-1.0,1.000000,1200
Standard3,5,0.0,0.750000,1200
Standard3,5,1.0,0.000000,1200
Standard3,5,2.0,0.000000,1200
Standard3,5,3.0,0.000000,1200
Standard3,5,4.0,0.000000,1200
Standard3,5,5.0,0.000000,1200
Standard3,5,6.0,0.000000,1200
Standard3,5,7.0,0.000000,1200
Standard3,5,8.0,0.000000,1200
Standard3,5,9.0,0.000000,1200
Standard3,5,10.0,0.000000,1200
Standard3,5,11.0,0.000000,1200
Standard3,5,12.0,0.000000,1200
Standard3,5,13.0,0.000000,1200
Standard3,5,14.0,0.000000,1200
Standard3,5,15.0,0.000000,1200
Standard3,5,16.0,0.000000,1200
Standard3,5,17.0,0.000000,1200
Standard3,5,18.0,0.000000,1200
Standard3,5,19.0,0.000000,1200
Standard3,5,20.0,0.000000,1200
Standard3,6,-5.0,1.000000,1200
Standard3,6,-4.0,1.000000,1200
Standard3,6,-3.0,1.000000,1200
Standard3,6,-2.0,1.000000,1200
Standard3,6,-1.0,1.000000,1200
Standard3,6,0.0,0.750000,1200
Standard3,6,1.0,0.000000,1200
Standard3,6,2.0,0.000000,1200
Standard3,6,3.0,0.000000,1200
Standard3,6,4.0,0.000000,1200
Standard3,6,5.0,0.000000,1200
Standard3,6,6.0,0.000000,1200
Standard3,6,7.0,0.000000,1200
Standard3,6,8.0,0.000000,1200
Standard3,6,9.0,0.000000,1200
Standard3,6,10.0,0.000000,1200
Standard3,6,11.0,0.000000,1200
Standard3,6,12.0,0.000000,1200
Standard3,6,13.0,0.000000,1200
Standard3,6,14.0,0.000000,1200
Standard3,6,15.0,0.000000,1200
Standard3,6,16.0,0.000000,1200
Standard3,6,17.0,0.000000,1200
Standard3,6,18.0,0.000000,1200
Standard3,6,19.0,0.000000,1200
Standard3,6,20.0,0.000000,1200
Standard3,7,-5.0,1.000000,1200
Standard3,7,-4.0,1.000000,1200
Standard3,7,-3.0,1.000000,1200
Standard3,7,-2.0,1.000000,1200
Standard3,7,-1.0,1.000000,1200
Standard3,7,0.0,1.000000,1200
Standard3,7,1.0,1.000000,1200
Standard3,7,2.0,0.750000,1200
Standard3,7,3.0,0.000000,1200
Standard3,7,4.0,0.000000,1200
Standard3,7,5.0,0.000000,1200
Standard3,7,6.0,0.000000,1200
Standard3,7,7.0,0.000000,1200
Standard3,7,8.0,0.000000,1200
Standard3,7,9.0,0.000000,1200
Standard3,7,10.0,0.000000,1200
Standard3,7,11.0,0.000000,1200
Standard3,7,12.0,0.000000,1200
Standard3,7,13.0,0.000000,1200
Standard3,7,14.0,0.000000,1200
Standard3,7,15.0,0.000000,1200
Standard3,7,16.0,0.000000,1200
Standard3,7,17.0,0.000000,1200
Standard3,7,18.0,0.000000,1200
Standard3,7,19.0,0.000000,1200
Standard3,7,20.0,0.000000,1200
Standard3,8,-5.0,1.000000,1200
Standard3,8,-4.0,1.000000,1200
Standard3,8,-3.0,1.000000,1200
Standard3,8,-2.0,1.000000,1200
Standard3,8,-1.0,1.000000,1200
Standard3,8,0.0,1.000000,1200
Standard3,8,1.0,1.000000,1200
Standard3,8,2.0,0.750000,1200
Standard3,8,3.0,0.000000,1200
Standard3,8,4.0,0.000000,1200
Standard3,8,5.0,0.000000,1200
Standard3,8,6.0,0.000000,1200
Standard3,8,7.0,0.000000,1200
Standard3,8,8.0,0.000000,1200
Standard3,8,9.0,0.000000,1200
Standard3,8,10.0,0.000000,1200
Standard3,8,11.0,0.000000,1200
Standard3,8,12.0,0.000000,1200
Standard3,8,13.0,0.000000,1200
Standard3,8,14.0,0.000000,1200
Standard3,8,15.0,0.000000,1200
Standard3,8,16.0,0.000000,1200
Standard3,8,17.0,0.000000,1200
Standard3,8,18.0,0.000000,1200
Standard3,8,19.0,0.000000,1200
Standard3,8,20.0,0.000000,1200
Standard3,9,-5.0,1.000000,1200
Standard3,9,-4.0,1.000000,1200
Standard3,9,-3.0,1.000000,1200
Standard3,9,-2.0,1.000000,1200
Standard3,9,-1.0,1.000000,1200
Standard3,9,0.0,1.000000,1200
Standard3,9,1.0,1.000000,1200
Standard3,9,2.0,0.997244,1200
Standard3,9,3.0,0.988975,1200
Standard3,9,4.0,0.694744,1200
Standard3,9,5.0,0.000000,1200
Standard3,9,6.0,0.000000,1200
Standard3,9,7.0,0.000000,1200
Standard3,9,8.0,0.000000,1200
Standard3,9,9.0,0.000000,1200
Standard3,9,10.0,0.000000,1200
Standard3,9,11.0,0.000000,1200
Standard3,9,12.0,0.000000,1200
Standard3,9,13.0,0.000000,1200
Standard3,9,14.0,0.000000,1200
Standard3,9,15.0,0.000000,1200
Standard3,9,16.0,0.000000,1200
Standard3,9,17.0,0.000000,1200
Standard3,9,18.0,0.000000,1200
Standard3,9,19.0,0.000000,1200
Standard3,9,20.0,0.000000,1200
Standard3,10,-5.0,1.000000,1200
Standard3,10,-4.0,1.000000,1200
Standard3,10,-3.0,1.000000,1200
Standard3,10,-2.0,1.000000,1200
Standard3,10,-1.0,1.000000,1200
Standard3,10,0.0,1.000000,1200
Standard3,10,1.0,1.000000,1200
Standard3,10,2.0,1.000000,1200
Standard3,10,3.0,1.000000,1200
Standard3,10,4.0,0.875000,1200
Standard3,10,5.0,0.000000,1200
Standard3,10,6.0,0.000000,1200
Standard3,10,7.0,0.000000,1200
Standard3,10,8.0,0.000000,1200
Standard3,10,9.0,0.000000,1200
Standard3,10,10.0,0.000000,1200
Standard3,10,11.0,0.000000,1200
Standard3,10,12.0,0.000000,1200
Standard3,10,13.0,0.000000,1200
Standard3,10,14.0,0.000000,1200
Standard3,10,15.0,0.000000,1200
Standard3,10,16.0,0.000000,1200
Standard3,10,17.0,0.000000,1200
Standard3,10,18.0,0.000000,1200
Standard3,10,19.0,0.000000,1200
Standard3,10,20.0,0.000000,1200
Standard3,11,-5.0,1.000000,1200
Standard3,11,-4.0,1.000000,1200
Standard3,11,-3.0,1.000000,1200
Standard3,11,-2.0,1.000000,1200
Standard3,11,-1.0,1.000000,1200
Standard3,11,0.0,1.000000,1200
Standard3,11,1.0,1.000000,1200
Standard3,11,2.0,1.000000,1200
Standard3,11,3.0,1.000000,1200
Standard3,11,4.0,0.750000,1200
Standard3,11,5.0,0.000000,1200
Standard3,11,6.0,0.000000,1200
Standard3,11,7.0,0.000000,1200
Standard3,11,8.0,0.000000,1200
Standard3,11,9.0,0.000000,1200
Standard3,11,10.0,0.000000,1200
Standard3,11,11.0,0.000000,1200
Standard3,11,12.0,0.000000,1200
Standard3,11,13.0,0.000000,1200
Standard3,11,14.0,0.000000,1200
Standard3,11,15.0,0.000000,1200
Standard3,11,16.0,0.000000,1200
Standard3,11,17.0,0.000000,1200
Standard3,11,18.0,0.000000,1200
Standard3,11,19.0,0.000000,1200
Standard3,11,20.0,0.000000,1200
Standard3,12,-5.0,1.000000,1200
Standard3,12,-4.0,1.000000,1200
Standard3,12,-3.0,1.000000,1200
Standard3,12,-2.0,1.000000,1200
Standard3,12,-1.0,1.000000,1200
Standard3,12,0.0,1.000000,1200
Standard3,12,1.0,1.000000,1200
Standard3,12,2.0,1.000000,1200
Standard3,12,3.0,1.000000,1200
Standard3,12,4.0,1.000000,1200
Standard3,12,5.0,1.000000,1200
Standard3,12,6.0,0.750000,1200
Standard3,12,7.0,0.000000,1200
Standard3,12,8.0,0.000000,1200
Standard3,12,9.0,0.000000,1200
Standard3,12,10.0,0.000000,1200
Standard3,12,11.0,0.000000,1200
Standard3,12,12.0,0.000000,1200
Standard3,12,13.0,0.000000,1200
Standard3,12,14.0,0.000000,1200
Standard3,12,15.0,0.000000,1200
Standard3,12,16.0,0.000000,1200
Standard3,12,17.0,0.000000,1200
Standard3,12,18.0,0.000000,1200
Standard3,12,19.0,0.000000,1200
Standard3,12,20.0,0.000000,1200
Standard3,13,-5.0,1.000000,1200
Standard3,13,-4.0,1.000000,1200
Standard3,13,-3.0,1.000000,1200
Standard3,13,-2.0,1.000000,1200
Standard3,13,-1.0,1.000000,1200
Standard3,13,0.0,1.000000,1200
Standard3,13,1.0,1.000000,1200
Standard3,13,2.0,1.000000,1200
Standard3,13,3.0,1.000000,1200
Standard3,13,4.0,1.000000,1200
Standard3,13,5.0,1.000000,1200
Standard3,13,6.0,0.750000,1200
Standard3,13,7.0,0.000000,1200
Standard3,13,8.0,0.000000,1200
Standard3,13,9.0,0.000000,1200
Standard3,13,10.0,0.000000,1200
Standard3,13,11.0,0.000000,1200
Standard3,13,12.0,0.000000,1200
Standard3,13,13.0,0.000000,1200
Standard3,13,14.0,0.000000,1200
Standard3,13,15.0,0.000000,1200
Standard3,13,16.0,0.000000,1200
Standard3,13,17.0,0.000000,1200
Standard3,13,18.0,0.000000,1200
Standard3,13,19.0,0.000000,1200
Standard3,13,20.0,0.000000,1200
Standard3,14,-5.0,1.000000,1200
Standard3,14,-4.0,1.000000,1200
Standard3,14,-3.0,1.000000,1200
Standard3,14,-2.0,1.000000,1200
Standard3,14,-1.0,1.000000,1200
Standard3,14,0.0,1.000000,1200
Standard3,14,1.0,1.000000,1200
Standard3,14,2.0,1.000000,1200
Standard3,14,3.0,1.000000,1200
Standard3,14,4.0,1.000000,1200
Standard3,14,5.0,1.000000,1200
Standard3,14,6.0,0.999100,1200
Standard3,14,7.0,0.996400,1200
Standard3,14,8.0,0.719100,1200
Standard3,14,9.0,0.000000,1200
Standard3,14,10.0,0.000000,1200
Standard3,14,11.0,0.000000,1200
Standard3,14,12.0,0.000000,1200
Standard3,14,13.0,0.000000,1200
Standard3,14,14.0,0.000000,1200
Standard3,14,15.0,0.000000,1200
Standard3,14,16.0,0.000000,1200
Standard3,14,17.0,0.000000,1200
Standard3,14,18.0,0.000000,1200
Standard3,14,19.0,0.000000,1200
Standard3,14,20.0,0.000000,1200
Standard3,15,-5.0,1.000000,2100
Standard3,15,-4.0,1.000000,2100
Standard3,15,-3.0,1.000000,2100
Standard3,15,-2.0,1.000000,2100
Standard3,15,-1.0,1.000000,2100
Standard3,15,0.0,1.000000,2100
Standard3,15,1.0,1.000000,2100
Standard3,15,2.0,1.000000,2100
Standard3,15,3.0,1.000000,2100
Standard3,15,4.0,1.000000,2100
Standard3,15,5.0,1.000000,2100
Standard3,15,6.0,1.000000,2100
Standard3,15,7.0,1.000000,2100
Standard3,15,8.0,0.253504,2100
Standard3,15,9.0,0.000000,2100
Standard3,15,10.0,0.000000,2100
Standard3,15,11.0,0.000000,2100
Standard3,15,12.0,0.000000,2100
Standard3,15,13.0,0.000000,2100
Standard3,15,14.0,0.000000,2100
Standard3,15,15.0,0.000000,2100
Standard3,15,16.0,0.000000,2100
Standard3,15,17.0,0.000000,2100
Standard3,15,18.0,0.000000,2100
Standard3,15,19.0,0.000000,2100
Standard3,15,20.0,0.000000,2100
Standard3,16,-5.0,1.000000,1100
Standard3,16,-4.0,1.000000,1100
Standard3,16,-3.0,1.000000,1100
Standard3,16,-2.0,1.000000,1100
Standard3,16,-1.0,1.000000,1100
Standard3,16,0.0,1.000000,1100
Standard3,16,1.0,1.000000,1100
Standard3,16,2.0,1.000000,1100
Standard3,16,3.0,1.000000,1100
Standard3,16,4.0,1.000000,1100
Standard3,16,5.0,1.000000,1100
Standard3,16,6.0,1.000000,1100
Standard3,16,7.0,1.000000,1100
Standard3,16,8.0,0.750000,1100
Standard3,16,9.0,0.000000,1100
Standard3,16,10.0,0.000000,1100
Standard3,16,11.0,0.000000,1100
Standard3,16,12.0,0.000000,1100
Standard3,16,13.0,0.000000,1100
Standard3,16,14.0,0.000000,1100
Standard3,16,15.0,0.000000,1100
Standard3,16,16.0,0.000000,1100
Standard3,16,17.0,0.000000,1100
Standard3,16,18.0,0.000000,1100
Standard3,16,19.0,0.000000,1100
Standard3,16,20.0,0.000000,1100
Standard3,17,-5.0,1.000000,1100
Standard3,17,-4.0,1.000000,1100
Standard3,17,-3.0,1.000000,1100
Standard3,17,-2.0,1.000000,1100
Standard3,17,-1.0,1.000000,1100
Standard3,17,0.0,1.000000,1100
Standard3,17,1.0,1.000000,1100
Standard3,17,2.0,1.000000,1100
Standard3,17,3.0,1.000000,1100
Standard3,17,4.0,1.000000,1100
Standard3,17,5.0,1.000000,1100
Standard3,17,6.0,1.000000,1100
Standard3,17,7.0,1.000000,1100
Standard3,17,8.0,1.000000,1100
Standard3,17,9.0,1.000000,1100
Standard3,17,10.0,0.000000,1100
Standard3,17,11.0,0.000000,1100
Standard3,17,12.0,0.000000,1100
Standard3,17,13.0,0.000000,1100
Standard3,17,14.0,0.000000,1100
Standard3,17,15.0,0.000000,1100
Standard3,17,16.0,0.000000,1100
Standard3,17,17.0,0.000000,1100
Standard3,17,18.0,0.000000,1100
Standard3,17,19.0,0.000000,1100
Standard3,17,20.0,0.000000,1100
Standard3,18,-5.0,1.000000,600
Standard3,18,-4.0,1.000000,600
Standard3,18,-3.0,1.000000,600
Standard3,18,-2.0,1.000000,600
Standard3,18,-1.0,1.000000,600
Standard3,18,0.0,1.000000,600
Standard3,18,1.0,1.000000,600
Standard3,18,2.0,1.000000,600
Standard3,18,3.0,1.000000,600
Standard3,18,4.0,1.000000,600
Standard3,18,5.0,1.000000,600
Standard3,18,6.0,1.000000,600
Standard3,18,7.0,1.000000,600
Standard3,18,8.0,0.999931,600
Standard3,18,9.0,0.999722,600
Standard3,18,10.0,0.999375,600
Standard3,18,11.0,0.877500,600
Standard3,18,12.0,0.544375,600
Standard3,18,13.0,0.000000,600
Standard3,18,14.0,0.000000,600
Standard3,18,15.0,0.000000,600
Standard3,18,16.0,0.000000,600
Standard3,18,17.0,0.000000,600
Standard3,18,18.0,0.000000,600
Standard3,18,19.0,0.000000,600
Standard3,18,20.0,0.000000,600
Standard3,19,-5.0,1.000000,600
Standard3,19,-4.0,1.000000,600
Standard3,19,-3.0,1.000000,600
Standard3,19,-2.0,1.000000,600
Standard3,19,-1.0,1.000000,600
Standard3,19,0.0,1.000000,600
Standard3,19,1.0,1.000000,600
Standard3,19,2.0,1.000000,600
Standard3,19,3.0,1.000000,600
Standard3,19,4.0,1.000000,600
Standard3,19,5.0,1.000000,600
Standard3,19,6.0,1.000000,600
Standard3,19,7.0,1.000000,600
Standard3,19,8.0,1.000000,600
Standard3,19,9.0,1.000000,600
Standard3,19,10.0,1.000000,600
Standard3,19,11.0,0.888889,600
Standard3,19,12.0,0.555556,600
Standard3,19,13.0,0.000000,600
Standard3,19,14.0,0.000000,600
Standard3,19,15.0,0.000000,600
Standard3,19,16.0,0.000000,600
Standard3,19,17.0,0.000000,600
Standard3,19,18.0,0.000000,600
Standard3,19,19.0,0.000000,600
Standard3,19,20.0,0.000000,600
Standard3,20,-5.0,1.000000,600
Standard3,20,-4.0,1.000000,600
Standard3,20,-3.0,1.000000,600
Standard3,20,-2.0,1.000000,600
Standard3,20,-1.0,1.000000,600
Standard3,20,0.0,1.000000,600
Standard3,20,1.0,1.000000,600
Standard3,20,2.0,1.000000,600
Standard3,20,3.0,1.000000,600
Standard3,20,4.0,1.000000,600
Standard3,20,5.0,1.000000,600
Standard3,20,6.0,1.000000,600
Standard3,20,7.0,1.000000,600
Standard3,20,8.0,1.000000,600
Standard3,20,9.0,1.000000,600
Standard3,20,10.0,1.000000,600
Standard3,20,11.0,0.888889,600
Standard3,20,12.0,0.555556,600
Standard3,20,13.0,0.000000,600
Standard3,20,14.0,0.000000,600
Standard3,20,15.0,0.000000,600
Standard3,20,16.0,0.000000,600
Standard3,20,17.0,0.000000,600
Standard3,20,18.0,0.000000,600
Standard3,20,19.0,0.000000,600
Standard3,20,20.0,0.000000,600
Standard3,21,-5.0,1.000000,600
Standard3,21,-4.0,1.000000,600
Standard3,21,-3.0,1.000000,600
Standard3,21,-2.0,1.000000,600
Standard3,21,-1.0,1.000000,600
Standard3,21,0.0,1.000000,600
Standard3,21,1.0,1.000000,600
Standard3,21,2.0,1.000000,600
Standard3,21,3.0,1.000000,600
Standard3,21,4.0,1.000000,600
Standard3,21,5.0,1.000000,600
Standard3,21,6.0,1.000000,600
Standard3,21,7.0,1.000000,600
Standard3,21,8.0,1.000000,600
Standard3,21,9.0,1.000000,600
Standard3,21,10.0,1.000000,600
Standard3,21,11.0,0.968789,600
Standard3,21,12.0,0.875156,600
Standard3,21,13.0,0.719100,600
Standard3,21,14.0,0.528489,600
Standard3,21,15.0,0.288789,600
Standard3,21,16.0,0.000000,600
Standard3,21,17.0,0.000000,600
Standard3,21,18.0,0.000000,600
Standard3,21,19.0,0.000000,600
Standard3,21,20.0,0.000000,600
Standard3,22,-5.0,1.000000,600
Standard3,22,-4.0,1.000000,600
Standard3,22,-3.0,1.000000,600
Standard3,22,-2.0,1.000000,600
Standard3,22,-1.0,1.000000,600
Standard3,22,0.0,1.000000,600
Standard3,22,1.0,1.000000,600
Standard3,22,2.0,1.000000,600
Standard3,22,3.0,1.000000,600
Standard3,22,4.0,1.000000,600
Standard3,22,5.0,1.000000,600
Standard3,22,6.0,1.000000,600
Standard3,22,7.0,1.000000,600
Standard3,22,8.0,1.000000,600
Standard3,22,9.0,1.000000,600
Standard3,22,10.0,1.000000,600
Standard3,22,11.0,1.000000,600
Standard3,22,12.0,1.000000,600
Standard3,22,13.0,1.000000,600
Standard3,22,14.0,0.888889,600
Standard3,22,15.0,0.555556,600
Standard3,22,16.0,0.000000,600
Standard3,22,17.0,0.000000,600
Standard3,22,18.0,0.000000,600
Standard3,22,19.0,0.000000,600
Standard3,22,20.0,0.000000,600
Standard3,23,-5.0,1.000000,600
Standard3,23,-4.0,1.000000,600
Standard3,23,-3.0,1.000000,600
Standard3,23,-2.0,1.000000,600
Standard3,23,-1.0,1.000000,600
Standard3,23,0.0,1.000000,600
Standard3,23,1.0,1.000000,600
Standard3,23,2.0,1.000000,600
Standard3,23,3.0,1.000000,600
Standard3,23,4.0,1.000000,600
Standard3,23,5.0,1.000000,600
Standard3,23,6.0,1.000000,600
Standard3,23,7.0,1.000000,600
Standard3,23,8.0,1.000000,600
Standard3,23,9.0,1.000000,600
Standard3,23,10.0,1.000000,600
Standard3,23,11.0,1.000000,600
Standard3,23,12.0,1.000000,600
Standard3,23,13.0,1.000000,600
Standard3,23,14.0,0.888889,600
Standard3,23,15.0,0.555556,600
Standard3,23,16.0,0.000000,600
Standard3,23,17.0,0.000000,600
Standard3,23,18.0,0.000000,600
Standard3,23,19.0,0.000000,600
Standard3,23,20.0,0.000000,600
Standard3,24,-5.0,1.000000,800
Standard3,24,-4.0,1.000000,800
Standard3,24,-3.0,1.000000,800
Standard3,24,-2.0,1.000000,800
Standard3,24,-1.0,1.000000,800
Standard3,24,0.0,1.000000,800
Standard3,24,1.0,1.000000,800
Standard3,24,2.0,1.000000,800
Standard3,24,3.0,1.000000,800
Standard3,24,4.0,1.000000,800
Standard3,24,5.0,1.000000,800
Standard3,24,6.0,1.000000,800
Standard3,24,7.0,1.000000,800
Standard3,24,8.0,1.000000,800
Standard3,24,9.0,1.000000,800
Standard3,24,10.0,1.000000,800
Standard3,24,11.0,1.000000,800
Standard3,24,12.0,1.000000,800
Standard3,24,13.0,1.000000,800
Standard3,24,14.0,0.893016,800
Standard3,24,15.0,0.572066,800
Standard3,24,16.0,0.037148,800
Standard3,24,17.0,0.024844,800
Standard3,24,18.0,0.012461,800
Standard3,24,19.0,0.000000,800
Standard3,24,20.0,0.000000,800
Standard3,25,-5.0,1.000000,600
Standard3,25,-4.0,1.000000,600
Standard3,25,-3.0,1.000000,600
Standard3,25,-2.0,1.000000,600
Standard3,25,-1.0,1.000000,600
Standard3,25,0.0,1.000000,600
Standard3,25,1.0,1.000000,600
Standard3,25,2.0,1.000000,600
Standard3,25,3.0,1.000000,600
Standard3,25,4.0,1.000000,600
Standard3,25,5.0,1.000000,600
Standard3,25,6.0,1.000000,600
Standard3,25,7.0,1.000000,600
Standard3,25,8.0,1.000000,600
Standard3,25,9.0,1.000000,600
Standard3,25,10.0,1.000000,600
Standard3,25,11.0,1.000000,600
Standard3,25,12.0,1.000000,600
Standard3,25,13.0,1.000000,600
Standard3,25,14.0,1.000000,600
Standard3,25,15.0,1.000000,600
Standard3,25,16.0,1.000000,600
Standard3,25,17.0,0.888889,600
Standard3,25,18.0,0.555556,600
Standard3,25,19.0,0.000000,600
Standard3,25,20.0,0.000000,600
Standard3,26,-5.0,1.000000,600
Standard3,26,-4.0,1.000000,600
Standard3,26,-3.0,1.000000,600
Standard3,26,-2.0,1.000000,600
Standard3,26,-1.0,1.000000,600
Standard3,26,0.0,1.000000,600
Standard3,26,1.0,1.000000,600
Standard3,26,2.0,1.000000,600
Standard3,26,3.0,1.000000,600
Standard3,26,4.0,1.000000,600
Standard3,26,5.0,1.000000,600
Standard3,26,6.0,1.000000,600
Standard3,26,7.0,1.000000,600
Standard3,26,8.0,1.000000,600
Standard3,26,9.0,1.000000,600
Standard3,26,10.0,1.000000,600
Standard3,26,11.0,1.000000,600
Standard3,26,12.0,1.000000,600
Standard3,26,13.0,1.000000,600
Standard3,26,14.0,1.000000,600
Standard3,26,15.0,1.000000,600
Standard3,26,16.0,1.000000,600
Standard3,26,17.0,0.888889,600
Standard3,26,18.0,0.555556,600
Standard3,26,19.0,0.000000,600
Standard3,26,20.0,0.000000,600
Standard3,27,-5.0,1.000000,600
Standard3,27,-4.0,1.000000,600
Standard3,27,-3.0,1.000000,600
Standard3,27,-2.0,1.000000,600
Standard3,27,-1.0,1.000000,600
Standard3,27,0.0,1.000000,600
Standard3,27,1.0,1.000000,600
Standard3,27,2.0,1.000000,600
Standard3,27,3.0,1.000000,600
Standard3,27,4.0,1.000000,600
Standard3,27,5.0,1.000000,600
Standard3,27,6.0,1.000000,600
Standard3,27,7.0,1.000000,600
Standard3,27,8.0,1.000000,600
Standard3,27,9.0,1.000000,600
Standard3,27,10.0,1.000000,600
Standard3,27,11.0,1.000000,600
Standard3,27,12.0,1.000000,600
Standard3,27,13.0,1.000000,600
Standard3,27,14.0,1.000000,600
Standard3,27,15.0,1.000000,600
Standard3,27,16.0,1.000000,600
Standard3,27,17.0,0.888889,600
Standard3,27,18.0,0.555556,600
Standard3,27,19.0,0.000000,600
Standard3,27,20.0,0.000000,600
Standard3,28,-5.0,1.000000,200
Standard3,28,-4.0,1.000000,200
Standard3,28,-3.0,1.000000,200
Standard3,28,-2.0,1.000000,200
Standard3,28,-1.0,1.000000,200
Standard3,28,0.0,1.000000,200
Standard3,28,1.0,1.000000,200
Standard3,28,2.0,1.000000,200
Standard3,28,3.0,1.000000,200
Standard3,28,4.0,1.000000,200
Standard3,28,5.0,1.000000,200
Standard3,28,6.0,1.000000,200
Standard3,28,7.0,1.000000,200
Standard3,28,8.0,1.000000,200
Standard3,28,9.0,1.000000,200
Standard3,28,10.0,1.000000,200
Standard3,28,11.0,1.000000,200
Standard3,28,12.0,1.000000,200
Standard3,28,13.0,1.000000,200
Standard3,28,14.0,1.000000,200
Standard3,28,15.0,1.000000,200
Standard3,28,16.0,1.000000,200
Standard3,28,17.0,0.999989,200
Standard3,28,18.0,0.999956,200
Standard3,28,19.0,0.999900,200
Standard3,28,20.0,0.999900,200
Standard6,0,-5.0,0.000000,600
Standard6,0,-4.0,0.000000,600
Standard6,0,-3.0,0.000000,600
Standard6,0,-2.0,0.000000,600
Standard6,0,-1.0,0.000000,600
Standard6,0,0.0,0.000000,600
Standard6,0,1.0,0.000000,600
Standard6,0,2.0,0.000000,600
Standard6,0,3.0,0.000000,600
Standard6,0,4.0,0.000000,600
Standard6,0,5.0,0.000000,600
Standard6,0,6.0,0.000000,600
Standard6,0,7.0,0.000000,600
Standard6,0,8.0,0.000000,600
Standard6,0,9.0,0.000000,600
Standard6,0,10.0,0.000000,600
Standard6,0,11.0,0.000000,600
Standard6,0,12.0,0.000000,600
Standard6,0,13.0,0.000000,600
Standard6,0,14.0,0.000000,600
Standard6,0,15.0,0.000000,600
Standard6,0,16.0,0.000000,600
Standard6,0,17.0,0.000000,600
Standard6,0,18.0,0.000000,600
Standard6,0,19.0,0.000000,600
Standard6,0,20.0,0.000000,600
Standard6,1,-5.0,1.000000,1200
Standard6,1,-4.0,0.000000,1200
Standard6,1,-3.0,0.000000,1200
Standard6,1,-2.0,0.000000,1200
Standard6,1,-1.0,0.000000,1200
Standard6,1,0.0,0.000000,1200
Standard6,1,1.0,0.000000,1200
Standard6,1,2.0,0.000000,1200
Standard6,1,3.0,0.000000,1200
Standard6,1,4.0,0.000000,1200
Standard6,1,5.0,0.000000,1200
Standard6,1,6.0,0.000000,1200
Standard6,1,7.0,0.000000,1200
Standard6,1,8.0,0.000000,1200
Standard6,1,9.0,0.000000,1200
Standard6,1,10.0,0.000000,1200
Standard6,1,11.0,0.000000,1200
Standard6,1,12.0,0.000000,1200
Standard6,1,13.0,0.000000,1200
Standard6,1,14.0,0.000000,1200
Standard6,1,15.0,0.000000,1200
Standard6,1,16.0,0.000000,1200
Standard6,1,17.0,0.000000,1200
Standard6,1,18.0,0.000000,1200
Standard6,1,19.0,0.000000,1200
Standard6,1,20.0,0.000000,1200
Standard6,2,-5.0,1.000000,1200
Standard6,2,-4.0,0.997635,1200
Standard6,2,-3.0,0.000000,1200
Standard6,2,-2.0,0.000000,1200
Standard6,2,-1.0,0.000000,1200
Standard6,2,0.0,0.000000,1200
Standard6,2,1.0,0.000000,1200
Standard6,2,2.0,0.000000,1200
Standard6,2,3.0,0.000000,1200
Standard6,2,4.0,0.000000,1200
Standard6,2,5.0,0.000000,1200
Standard6,2,6.0,0.000000,1200
Standard6,2,7.0,0.000000,1200
Standard6,2,8.0,0.000000,1200
Standard6,2,9.0,0.000000,1200
Standard6,2,10.0,0.000000,1200
Standard6,2,11.0,0.000000,1200
Standard6,2,12.0,0.000000,1200
Standard6,2,13.0,0.000000,1200
Standard6,2,14.0,0.000000,1200
Standard6,2,15.0,0.000000,1200
Standard6,2,16.0,0.000000,1200
Standard6,2,17.0,0.000000,1200
Standard6,2,18.0,0.000000,1200
Standard6,2,19.0,0.000000,1200
Standard6,2,20.0,0.000000,1200
Standard6,3,-5.0,1.000000,600
Standard6,3,-4.0,0.998628,600
Standard6,3,-3.0,0.912209,600
Standard6,3,-2.0,0.000000,600
Standard6,3,-1.0,0.000000,600
Standard6,3,0.0,0.000000,600
Standard6,3,1.0,0.000000,600
Standard6,3,2.0,0.000000,600
Standard6,3,3.0,0.000000,600
Standard6,3,4.0,0.000000,600
Standard6,3,5.0,0.000000,600
Standard6,3,6.0,0.000000,600
Standard6,3,7.0,0.000000,600
Standard6,3,8.0,0.000000,600
Standard6,3,9.0,0.000000,600
Standard6,3,10.0,0.000000,600
Standard6,3,11.0,0.000000,600
Standard6,3,12.0,0.000000,600
Standard6,3,13.0,0.000000,600
Standard6,3,14.0,0.000000,600
Standard6,3,15.0,0.000000,600
Standard6,3,16.0,0.000000,600
Standard6,3,17.0,0.000000,600
Standard6,3,18.0,0.000000,600
Standard6,3,19.0,0.000000,600
Standard6,3,20.0,0.000000,600
Standard6,4,-5.0,1.000000,1200
Standard6,4,-4.0,1.000000,1200
Standard6,4,-3.0,1.000000,1200
Standard6,4,-2.0,0.984375,1200
Standard6,4,-1.0,0.000000,1200
Standard6,4,0.0,0.000000,1200
Standard6,4,1.0,0.000000,1200
Standard6,4,2.0,0.000000,1200
Standard6,4,3.0,0.000000,1200
Standard6,4,4.0,0.000000,1200
Standard6,4,5.0,0.000000,1200
Standard6,4,6.0,0.000000,1200
Standard6,4,7.0,0.000000,1200
Standard6,4,8.0,0.000000,1200
Standard6,4,9.0,0.000000,1200
Standard6,4,10.0,0.000000,1200
Standard6,4,11.0,0.000000,1200
Standard6,4,12.0,0.000000,1200
Standard6,4,13.0,0.000000,1200
Standard6,4,14.0,0.000000,1200
Standard6,4,15.0,0.000000,1200
Standard6,4,16.0,0.000000,1200
Standard6,4,17.0,0.000000,1200
Standard6,4,18.0,0.000000,1200
Standard6,4,19.0,0.000000,1200
Standard6,4,20.0,0.000000,1200
Standard6,5,-5.0,1.000000,1200
Standard6,5,-4.0,1.000000,1200
Standard6,5,-3.0,1.000000,1200
Standard6,5,-2.0,1.000000,1200
Standard6,5,-1.0,1.000000,1200
Standard6,5,0.0,0.875000,1200
Standard6,5,1.0,0.000000,1200
Standard6,5,2.0,0.000000,1200
Standard6,5,3.0,0.000000,1200
Standard6,5,4.0,0.000000,1200
Standard6,5,5.0,0.000000,1200
Standard6,5,6.0,0.000000,1200
Standard6,5,7.0,0.000000,1200
Standard6,5,8.0,0.000000,1200
Standard6,5,9.0,0.000000,1200
Standard6,5,10.0,0.000000,1200
Standard6,5,11.0,0.000000,1200
Standard6,5,12.0,0.000000,1200
Standard6,5,13.0,0.000000,1200
Standard6,5,14.0,0.000000,1200
Standard6,5,15.0,0.000000,1200
Standard6,5,16.0,0.000000,1200
Standard6,5,17.0,0.000000,1200
Standard6,5,18.0,0.000000,1200
Standard6,5,19.0,0.000000,1200
Standard6,5,20.0,0.000000,1200
Standard6,6,-5.0,1.000000,1200
Standard6,6,-4.0,1.000000,1200
Standard6,6,-3.0,1.000000,1200
Standard6,6,-2.0,1.000000,1200
Standard6,6,-1.0,1.000000,1200
Standard6,6,0.0,0.875000,1200
Standard6,6,1.0,0.000000,1200
Standard6,6,2.0,0.000000,1200
Standard6,6,3.0,0.000000,1200
Standard6,6,4.0,0.000000,1200
Standard6,6,5.0,0.000000,1200
Standard6,6,6.0,0.000000,1200
Standard6,6,7.0,0.000000,1200
Standard6,6,8.0,0.000000,1200
Standard6,6,9.0,0.000000,1200
Standard6,6,10.0,0.000000,1200
Standard6,6,11.0,0.000000,1200
Standard6,6,12.0,0.000000,1200
Standard6,6,13.0,0.000000,1200
Standard6,6,14.0,0.000000,1200
Standard6,6,15.0,0.000000,1200
Standard6,6,16.0,0.000000,1200
Standard6,6,17.0,0.000000,1200
Standard6,6,18.0,0.000000,1200
Standard6,6,19.0,0.000000,1200
Standard6,6,20.0,0.000000,1200
Standard6,7,-5.0,1.000000,1200
Standard6,7,-4.0,1.000000,1200
Standard6,7,-3.0,1.000000,1200
Standard6,7,-2.0,1.000000,1200
Standard6,7,-1.0,1.000000,1200
Standard6,7,0.0,1.000000,1200
Standard6,7,1.0,1.000000,1200
Standard6,7,2.0,0.875000,1200
Standard6,7,3.0,0.000000,1200
Standard6,7,4.0,0.000000,1200
Standard6,7,5.0,0.000000,1200
Standard6,7,6.0,0.000000,1200
Standard6,7,7.0,0.000000,1200
Standard6,7,8.0,0.000000,1200
Standard6,7,9.0,0.000000,1200
Standard6,7,10.0,0.000000,1200
Standard6,7,11.0,0.000000,1200
Standard6,7,12.0,0.000000,1200
Standard6,7,13.0,0.000000,1200
Standard6,7,14.0,0.000000,1200
Standard6,7,15.0,0.000000,1200
Standard6,7,16.0,0.000000,1200
Standard6,7,17.0,0.000000,1200
Standard6,7,18.0,0.000000,1200
Standard6,7,19.0,0.000000,1200
Standard6,7,20.0,0.000000,1200
Standard6,8,-5.0,1.000000,1200
Standard6,8,-4.0,1.000000,1200
Standard6,8,-3.0,1.000000,1200
Standard6,8,-2.0,1.000000,1200
Standard6,8,-1.0,1.000000,1200
Standard6,8,0.0,1.000000,1200
Standard6,8,1.0,1.000000,1200
Standard6,8,2.0,0.875000,1200
Standard6,8,3.0,0.000000,1200
Standard6,8,4.0,0.000000,1200
Standard6,8,5.0,0.000000,1200
Standard6,8,6.0,0.000000,1200
Standard6,8,7.0,0.000000,1200
Standard6,8,8.0,0.000000,1200
Standard6,8,9.0,0.000000,1200
Standard6,8,10.0,0.000000,1200
Standard6,8,11.0,0.000000,1200
Standard6,8,12.0,0.000000,1200
Standard6,8,13.0,0.000000,1200
Standard6,8,14.0,0.000000,1200
Standard6,8,15.0,0.000000,1200
Standard6,8,16.0,0.000000,1200
Standard6,8,17.0,0.000000,1200
Standard6,8,18.0,0.000000,1200
Standard6,8,19.0,0.000000,1200
Standard6,8,20.0,0.000000,1200
Standard6,9,-5.0,1.000000,1200
Standard6,9,-4.0,1.000000,1200
Standard6,9,-3.0,1.000000,1200
Standard6,9,-2.0,1.000000,1200
Standard6,9,-1.0,1.000000,1200
Standard6,9,0.0,1.000000,1200
Standard6,9,1.0,1.000000,1200
Standard6,9,2.0,0.999855,1200
Standard6,9,3.0,0.998842,1200
Standard6,9,4.0,0.831346,1200
Standard6,9,5.0,0.000000,1200
Standard6,9,6.0,0.000000,1200
Standard6,9,7.0,0.000000,1200
Standard6,9,8.0,0.000000,1200
Standard6,9,9.0,0.000000,1200
Standard6,9,10.0,0.000000,1200
Standard6,9,11.0,0.000000,1200
Standard6,9,12.0,0.000000,1200
Standard6,9,13.0,0.000000,1200
Standard6,9,14.0,0.000000,1200
Standard6,9,15.0,0.000000,1200
Standard6,9,16.0,0.000000,1200
Standard6,9,17.0,0.000000,1200
Standard6,9,18.0,0.000000,1200
Standard6,9,19.0,0.000000,1200
Standard6,9,20.0,0.000000,1200
Standard6,10,-5.0,1.000000,1200
Standard6,10,-4.0,1.000000,1200
Standard6,10,-3.0,1.000000,1200
Standard6,10,-2.0,1.000000,1200
Standard6,10,-1.0,1.000000,1200
Standard6,10,0.0,1.000000,1200
Standard6,10,1.0,1.000000,1200
Standard6,10,2.0,1.000000,1200
Standard6,10,3.0,1.000000,1200
Standard6,10,4.0,0.984375,1200
Standard6,10,5.0,0.000000,1200
Standard6,10,6.0,0.000000,1200
Standard6,10,7.0,0.000000,1200
Standard6,10,8.0,0.000000,1200
Standard6,10,9.0,0.000000,1200
Standard6,10,10.0,0.000000,1200
Standard6,10,11.0,0.000000,1200
Standard6,10,12.0,0.000000,1200
Standard6,10,13.0,0.000000,1200
Standard6,10,14.0,0.000000,1200
Standard6,10,15.0,0.000000,1200
Standard6,10,16.0,0.000000,1200
Standard6,10,17.0,0.000000,1200
Standard6,10,18.0,0.000000,1200
Standard6,10,19.0,0.000000,1200
Standard6,10,20.0,0.000000,1200
Standard6,11,-5.0,1.000000,1200
Standard6,11,-4.0,1.000000,1200
Standard6,11,-3.0,1.000000,1200
Standard6,11,-2.0,1.000000,1200
Standard6,11,-1.0,1.000000,1200
Standard6,11,0.0,1.000000,1200
Standard6,11,1.0,1.000000,1200
Standard6,11,2.0,1.000000,1200
Standard6,11,3.0,1.000000,1200
Standard6,11,4.0,0.875000,1200
Standard6,11,5.0,0.000000,1200
Standard6,11,6.0,0.000000,1200
Standard6,11,7.0,0.000000,1200
Standard6,11,8.0,0.000000,1200
Standard6,11,9.0,0.000000,1200
Standard6,11,10.0,0.000000,1200
Standard6,11,11.0,0.000000,1200
Standard6,11,12.0,0.000000,1200
Standard6,11,13.0,0.000000,1200
Standard6,11,14.0,0.000000,1200
Standard6,11,15.0,0.000000,1200
Standard6,11,16.0,0.000000,1200
Standard6,11,17.0,0.000000,1200
Standard6,11,18.0,0.000000,1200
Standard6,11,19.0,0.000000,1200
Standard6,11,20.0,0.000000,1200
Standard6,12,-5.0,1.000000,1200
Standard6,12,-4.0,1.000000,1200
Standard6,12,-3.0,1.000000,1200
Standard6,12,-2.0,1.000000,1200
Standard6,12,-1.0,1.000000,1200
Standard6,12,0.0,1.000000,1200
Standard6,12,1.0,1.000000,1200
Standard6,12,2.0,1.000000,1200
Standard6,12,3.0,1.000000,1200
Standard6,12,4.0,1.000000,1200
Standard6,12,5.0,1.000000,1200
Standard6,12,6.0,0.875000,1200
Standard6,12,7.0,0.000000,1200
Standard6,12,8.0,0.000000,1200
Standard6,12,9.0,0.000000,1200
Standard6,12,10.0,0.000000,1200
Standard6,12,11.0,0.000000,1200
Standard6,12,12.0,0.000000,1200
Standard6,12,13.0,0.000000,1200
Standard6,12,14.0,0.000000,1200
Standard6,12,15.0,0.000000,1200
Standard6,12,16.0,0.000000,1200
Standard6,12,17.0,0.000000,1200
Standard6,12,18.0,0.000000,1200
Standard6,12,19.0,0.000000,1200
Standard6,12,20.0,0.000000,1200
Standard6,13,-5.0,1.000000,1200
Standard6,13,-4.0,1.000000,1200
Standard6,13,-3.0,1.000000,1200
Standard6,13,-2.0,1.000000,1200
Standard6,13,-1.0,1.000000,1200
Standard6,13,0.0,1.000000,1200
Standard6,13,1.0,1.000000,1200
Standard6,13,2.0,1.000000,1200
Standard6,13,3.0,1.000000,1200
Standard6,13,4.0,1.000000,1200
Standard6,13,5.0,1.000000,1200
Standard6,13,6.0,0.875000,1200
Standard6,13,7.0,0.000000,1200
Standard6,13,8.0,0.000000,1200
Standard6,13,9.0,0.000000,1200
Standard6,13,10.0,0.000000,1200
Standard6,13,11.0,0.000000,1200
Standard6,13,12.0,0.000000,1200
Standard6,13,13.0,0.000000,1200
Standard6,13,14.0,0.000000,1200
Standard6,13,15.0,0.000000,1200
Standard6,13,16.0,0.000000,1200
Standard6,13,17.0,0.000000,1200
Standard6,13,18.0,0.000000,1200
Standard6,13,19.0,0.000000,1200
Standard6,13,20.0,0.000000,1200
Standard6,14,-5.0,1.000000,1200
Standard6,14,-4.0,1.000000,1200
Standard6,14,-3.0,1.000000,1200
Standard6,14,-2.0,1.000000,1200
Standard6,14,-1.0,1.000000,1200
Standard6,14,0.0,1.000000,1200
Standard6,14,1.0,1.000000,1200
Standard6,14,2.0,1.000000,1200
Standard6,14,3.0,1.000000,1200
Standard6,14,4.0,1.000000,1200
Standard6,14,5.0,1.000000,1200
Standard6,14,6.0,0.999973,1200
Standard6,14,7.0,0.999784,1200
Standard6,14,8.0,0.851123,1200
Standard6,14,9.0,0.000000,1200
Standard6,14,10.0,0.000000,1200
Standard6,14,11.0,0.000000,1200
Standard6,14,12.0,0.000000,1200
Standard6,14,13.0,0.000000,1200
Standard6,14,14.0,0.000000,1200
Standard6,14,15.0,0.000000,1200
Standard6,14,16.0,0.000000,1200
Standard6,14,17.0,0.000000,1200
Standard6,14,18.0,0.000000,1200
Standard6,14,19.0,0.000000,1200
Standard6,14,20.0,0.000000,1200
Standard6,15,-5.0,1.000000,2100
Standard6,15,-4.0,1.000000,2100
Standard6,15,-3.0,1.000000,2100
Standard6,15,-2.0,1.000000,2100
Standard6,15,-1.0,1.000000,2100
Standard6,15,0.0,1.000000,2100
Standard6,15,1.0,1.000000,2100
Standard6,15,2.0,1.000000,2100
Standard6,15,3.0,1.000000,2100
Standard6,15,4.0,1.000000,2100
Standard6,15,5.0,1.000000,2100
Standard6,15,6.0,1.000000,2100
Standard6,15,7.0,1.000000,2100
Standard6,15,8.0,0.355027,2100
Standard6,15,9.0,0.000000,2100
Standard6,15,10.0,0.000000,2100
Standard6,15,11.0,0.000000,2100
Standard6,15,12.0,0.000000,2100
Standard6,15,13.0,0.000000,2100
Standard6,15,14.0,0.000000,2100
Standard6,15,15.0,0.000000,2100
Standard6,15,16.0,0.000000,2100
Standard6,15,17.0,0.000000,2100
Standard6,15,18.0,0.000000,2100
Standard6,15,19.0,0.000000,2100
Standard6,15,20.0,0.000000,2100
Standard6,16,-5.0,1.000000,1100
Standard6,16,-4.0,1.000000,1100
Standard6,16,-3.0,1.000000,1100
Standard6,16,-2.0,1.000000,1100
Standard6,16,-1.0,1.000000,1100
Standard6,16,0.0,1.000000,1100
Standard6,16,1.0,1.000000,1100
Standard6,16,2.0,1.000000,1100
Standard6,16,3.0,1.000000,1100
Standard6,16,4.0,1.000000,1100
Standard6,16,5.0,1.000000,1100
Standard6,16,6.0,1.000000,1100
Standard6,16,7.0,1.000000,1100
Standard6,16,8.0,0.875000,1100
Standard6,16,9.0,0.000000,1100
Standard6,16,10.0,0.000000,1100
Standard6,16,11.0,0.000000,1100
Standard6,16,12.0,0.000000,1100
Standard6,16,13.0,0.000000,1100
Standard6,16,14.0,0.000000,1100
Standard6,16,15.0,0.000000,1100
Standard6,16,16.0,0.000000,1100
Standard6,16,17.0,0.000000,1100
Standard6,16,18.0,0.000000,1100
Standard6,16,19.0,0.000000,1100
Standard6,16,20.0,0.000000,1100
Standard6,17,-5.0,1.000000,1100
Standard6,17,-4.0,1.000000,1100
Standard6,17,-3.0,1.000000,1100
Standard6,17,-2.0,1.000000,1100
Standard6,17,-1.0,1.000000,1100
Standard6,17,0.0,1.000000,1100
Standard6,17,1.0,1.000000,1100
Standard6,17,2.0,1.000000,1100
Standard6,17,3.0,1.000000,1100
Standard6,17,4.0,1.000000,1100
Standard6,17,5.0,1.000000,1100
Standard6,17,6.0,1.000000,1100
Standard6,17,7.0,1.000000,1100
Standard6,17,8.0,1.000000,1100
Standard6,17,9.0,1.000000,1100
Standard6,17,10.0,0.000000,1100
Standard6,17,11.0,0.000000,1100
Standard6,17,12.0,0.000000,1100
Standard6,17,13.0,0.000000,1100
Standard6,17,14.0,0.000000,1100
Standard6,17,15.0,0.000000,1100
Standard6,17,16.0,0.000000,1100
Standard6,17,17.0,0.000000,1100
Standard6,17,18.0,0.000000,1100
Standard6,17,19.0,0.000000,1100
Standard6,17,20.0,0.000000,1100
Standard6,18,-5.0,1.000000,600
Standard6,18,-4.0,1.000000,600
Standard6,18,-3.0,1.000000,600
Standard6,18,-2.0,1.000000,600
Standard6,18,-1.0,1.000000,600
Standard6,18,0.0,1.000000,600
Standard6,18,1.0,1.000000,600
Standard6,18,2.0,1.000000,600
Standard6,18,3.0,1.000000,600
Standard6,18,4.0,1.000000,600
Standard6,18,5.0,1.000000,600
Standard6,18,6.0,1.000000,600
Standard6,18,7.0,1.000000,600
Standard6,18,8.0,0.999999,600
Standard6,18,9.0,0.999995,600
Standard6,18,10.0,0.999984,600
Standard6,18,11.0,0.957125,600
Standard6,18,12.0,0.692453,600
Standard6,18,13.0,0.000000,600
Standard6,18,14.0,0.000000,600
Standard6,18,15.0,0.000000,600
Standard6,18,16.0,0.000000,600
Standard6,18,17.0,0.000000,600
Standard6,18,18.0,0.000000,600
Standard6,18,19.0,0.000000,600
Standard6,18,20.0,0.000000,600
Standard6,19,-5.0,1.000000,600
Standard6,19,-4.0,1.000000,600
Standard6,19,-3.0,1.000000,600
Standard6,19,-2.0,1.000000,600
Standard6,19,-1.0,1.000000,600
Standard6,19,0.0,1.000000,600
Standard6,19,1.0,1.000000,600
Standard6,19,2.0,1.000000,600
Standard6,19,3.0,1.000000,600
Standard6,19,4.0,1.000000,600
Standard6,19,5.0,1.000000,600
Standard6,19,6.0,1.000000,600
Standard6,19,7.0,1.000000,600
Standard6,19,8.0,1.000000,600
Standard6,19,9.0,1.000000,600
Standard6,19,10.0,1.000000,600
Standard6,19,11.0,0.962963,600
Standard6,19,12.0,0.703704,600
Standard6,19,13.0,0.000000,600
Standard6,19,14.0,0.000000,600
Standard6,19,15.0,0.000000,600
Standard6,19,16.0,0.000000,600
Standard6,19,17.0,0.000000,600
Standard6,19,18.0,0.000000,600
Standard6,19,19.0,0.000000,600
Standard6,19,20.0,0.000000,600
Standard6,20,-5.0,1.000000,600
Standard6,20,-4.0,1.000000,600
Standard6,20,-3.0,1.000000,600
Standard6,20,-2.0,1.000000,600
Standard6,20,-1.0,1.000000,600
Standard6,20,0.0,1.000000,600
Standard6,20,1.0,1.000000,600
Standard6,20,2.0,1.000000,600
Standard6,20,3.0,1.000000,600
Standard6,20,4.0,1.000000,600
Standard6,20,5.0,1.000000,600
Standard6,20,6.0,1.000000,600
Standard6,20,7.0,1.000000,600
Standard6,20,8.0,1.000000,600
Standard6,20,9.0,1.000000,600
Standard6,20,10.0,1.000000,600
Standard6,20,11.0,0.962963,600
Standard6,20,12.0,0.703704,600
Standard6,20,13.0,0.000000,600
Standard6,20,14.0,0.000000,600
Standard6,20,15.0,0.000000,600
Standard6,20,16.0,0.000000,600
Standard6,20,17.0,0.000000,600
Standard6,20,18.0,0.000000,600
Standard6,20,19.0,0.000000,600
Standard6,20,20.0,0.000000,600
Standard6,21,-5.0,1.000000,600
Standard6,21,-4.0,1.000000,600
Standard6,21,-3.0,1.000000,600
Standard6,21,-2.0,1.000000,600
Standard6,21,-1.0,1.000000,600
Standard6,21,0.0,1.000000,600
Standard6,21,1.0,1.000000,600
Standard6,21,2.0,1.000000,600
Standard6,21,3.0,1.000000,600
Standard6,21,4.0,1.000000,600
Standard6,21,5.0,1.000000,600
Standard6,21,6.0,1.000000,600
Standard6,21,7.0,1.000000,600
Standard6,21,8.0,1.000000,600
Standard6,21,9.0,1.000000,600
Standard6,21,10.0,1.000000,600
Standard6,21,11.0,0.994486,600
Standard6,21,12.0,0.955888,600
Standard6,21,13.0,0.851123,600
Standard6,21,14.0,0.676229,600
Standard6,21,15.0,0.400212,600
Standard6,21,16.0,0.000000,600
Standard6,21,17.0,0.000000,600
Standard6,21,18.0,0.000000,600
Standard6,21,19.0,0.000000,600
Standard6,21,20.0,0.000000,600
Standard6,22,-5.0,1.000000,600
Standard6,22,-4.0,1.000000,600
Standard6,22,-3.0,1.000000,600
Standard6,22,-2.0,1.000000,600
Standard6,22,-1.0,1.000000,600
Standard6,22,0.0,1.000000,600
Standard6,22,1.0,1.000000,600
Standard6,22,2.0,1.000000,600
Standard6,22,3.0,1.000000,600
Standard6,22,4.0,1.000000,600
Standard6,22,5.0,1.000000,600
Standard6,22,6.0,1.000000,600
Standard6,22,7.0,1.000000,600
Standard6,22,8.0,1.000000,600
Standard6,22,9.0,1.000000,600
Standard6,22,10.0,1.000000,600
Standard6,22,11.0,1.000000,600
Standard6,22,12.0,1.000000,600
Standard6,22,13.0,1.000000,600
Standard6,22,14.0,0.962963,600
Standard6,22,15.0,0.703704,600
Standard6,22,16.0,0.000000,600
Standard6,22,17.0,0.000000,600
Standard6,22,18.0,0.000000,600
Standard6,22,19.0,0.000000,600
Standard6,22,20.0,0.000000,600
Standard6,23,-5.0,1.000000,600
Standard6,23,-4.0,1.000000,600
Standard6,23,-3.0,1.000000,600
Standard6,23,-2.0,1.000000,600
Standard6,23,-1.0,1.000000,600
Standard6,23,0.0,1.000000,600
Standard6,23,1.0,1.000000,600
Standard6,23,2.0,1.000000,600
Standard6,23,3.0,1.000000,600
Standard6,23,4.0,1.000000,600
Standard6,23,5.0,1.000000,600
Standard6,23,6.0,1.000000,600
Standard6,23,7.0,1.000000,600
Standard6,23,8.0,1.000000,600
Standard6,23,9.0,1.000000,600
Standard6,23,10.0,1.000000,600
Standard6,23,11.0,1.000000,600
Standard6,23,12.0,1.000000,600
Standard6,23,13.0,1.000000,600
Standard6,23,14.0,0.962963,600
Standard6,23,15.0,0.703704,600
Standard6,23,16.0,0.000000,600
Standard6,23,17.0,0.000000,600
Standard6,23,18.0,0.000000,600
Standard6,23,19.0,0.000000,600
Standard6,23,20.0,0.000000,600
Standard6,24,-5.0,1.000000,800
Standard6,24,-4.0,1.000000,800
Standard6,24,-3.0,1.000000,800
Standard6,24,-2.0,1.000000,800
Standard6,24,-1.0,1.000000,800
Standard6,24,0.0,1.000000,800
Standard6,24,1.0,1.000000,800
Standard6,24,2.0,1.000000,800
Standard6,24,3.0,1.000000,800
Standard6,24,4.0,1.000000,800
Standard6,24,5.0,1.000000,800
Standard6,24,6.0,1.000000,800
Standard6,24,7.0,1.000000,800
Standard6,24,8.0,1.000000,800
Standard6,24,9.0,1.000000,800
Standard6,24,10.0,1.000000,800
Standard6,24,11.0,1.000000,800
Standard6,24,12.0,1.000000,800
Standard6,24,13.0,1.000000,800
Standard6,24,14.0,0.965007,800
Standard6,24,15.0,0.720060,800
Standard6,24,16.0,0.055202,800
Standard6,24,17.0,0.037033,800
Standard6,24,18.0,0.018633,800
Standard6,24,19.0,0.000000,800
Standard6,24,20.0,0.000000,800
Standard6,25,-5.0,1.000000,600
Standard6,25,-4.0,1.000000,600
Standard6,25,-3.0,1.000000,600
Standard6,25,-2.0,1.000000,600
Standard6,25,-1.0,1.000000,600
Standard6,25,0.0,1.000000,600
Standard6,25,1.0,1.000000,600
Standard6,25,2.0,1.000000,600
Standard6,25,3.0,1.000000,600
Standard6,25,4.0,1.000000,600
Standard6,25,5.0,1.000000,600
Standard6,25,6.0,1.000000,600
Standard6,25,7.0,1.000000,600
Standard6,25,8.0,1.000000,600
Standard6,25,9.0,1.000000,600
Standard6,25,10.0,1.000000,600
Standard6,25,11.0,1.000000,600
Standard6,25,12.0,1.000000,600
Standard6,25,13.0,1.000000,600
Standard6,25,14.0,1.000000,600
Standard6,25,15.0,1.000000,600
Standard6,25,16.0,1.000000,600
Standard6,25,17.0,0.962963,600
Standard6,25,18.0,0.703704,600
Standard6,25,19.0,0.000000,600
Standard6,25,20.0,0.000000,600
Standard6,26,-5.0,1.000000,600
Standard6,26,-4.0,1.000000,600
Standard6,26,-3.0,1.000000,600
Standard6,26,-2.0,1.000000,600
Standard6,26,-1.0,1.000000,600
Standard6,26,0.0,1.000000,600
Standard6,26,1.0,1.000000,600
Standard6,26,2.0,1.000000,600
Standard6,26,3.0,1.000000,600
Standard6,26,4.0,1.000000,600
Standard6,26,5.0,1.000000,600
Standard6,26,6.0,1.000000,600
Standard6,26,7.0,1.000000,600
Standard6,26,8.0,1.000000,600
Standard6,26,9.0,1.000000,600
Standard6,26,10.0,1.000000,600
Standard6,26,11.0,1.000000,600
Standard6,26,12.0,1.000000,600
Standard6,26,13.0,1.000000,600
Standard6,26,14.0,1.000000,600
Standard6,26,15.0,1.000000,600
Standard6,26,16.0,1.000000,600
Standard6,26,17.0,0.962963,600
Standard6,26,18.0,0.703704,600
Standard6,26,19.0,0.000000,600
Standard6,26,20.0,0.000000,600
Standard6,27,-5.0,1.000000,600
Standard6,27,-4.0,1.000000,600
Standard6,27,-3.0,1.000000,600
Standard6,27,-2.0,1.000000,600
Standard6,27,-1.0,1.000000,600
Standard6,27,0.0,1.000000,600
Standard6,27,1.0,1.000000,600
Standard6,27,2.0,1.000000,600
Standard6,27,3.0,1.000000,600
Standard6,27,4.0,1.000000,600
Standard6,27,5.0,1.000000,600
Standard6,27,6.0,1.000000,600
Standard6,27,7.0,1.000000,600
Standard6,27,8.0,1.000000,600
Standard6,27,9.0,1.000000,600
Standard6,27,10.0,1.000000,600
Standard6,27,11.0,1.000000,600
Standard6,27,12.0,1.000000,600
Standard6,27,13.0,1.000000,600
Standard6,27,14.0,1.000000,600
Standard6,27,15.0,1.000000,600
Standard6,27,16.0,1.000000,600
Standard6,27,17.0,0.962963,600
Standard6,27,18.0,0.703704,600
Standard6,27,19.0,0.000000,600
Standard6,27,20.0,0.000000,600
Standard6,28,-5.0,1.000000,200
Standard6,28,-4.0,1.000000,200
Standard6,28,-3.0,1.000000,200
Standard6,28,-2.0,1.000000,200
Standard6,28,-1.0,1.000000,200
Standard6,28,0.0,1.000000,200
Standard6,28,1.0,1.000000,200
Standard6,28,2.0,1.000000,200
Standard6,28,3.0,1.000000,200
Standard6,28,4.0,1.000000,200
Standard6,28,5.0,1.000000,200
Standard6,28,6.0,1.000000,200
Standard6,28,7.0,1.000000,200
Standard6,28,8.0,1.000000,200
Standard6,28,9.0,1.000000,200
Standard6,28,10.0,1.000000,200
Standard6,28,11.0,1.000000,200
Standard6,28,12.0,1.000000,200
Standard6,28,13.0,1.000000,200
Standard6,28,14.0,1.000000,200
Standard6,28,15.0,1.000000,200
Standard6,28,16.0,1.000000,200
Standard6,28,17.0,1.000000,200
Standard6,28,18.0,1.000000,200
Standard6,28,19.0,0.999999,200
Standard6,28,20.0,0.999999,200
Standard12,0,-5.0,0.000000,600
Standard12,0,-4.0,0.000000,600
Standard12,0,-3.0,0.000000,600
Standard12,0,-2.0,0.000000,600
Standard12,0,-1.0,0.000000,600
Standard12,0,0.0,0.000000,600
Standard12,0,1.0,0.000000,600
Standard12,0,2.0,0.000000,600
Standard12,0,3.0,0.000000,600
Standard12,0,4.0,0.000000,600
Standard12,0,5.0,0.000000,600
Standard12,0,6.0,0.000000,600
Standard12,0,7.0,0.000000,600
Standard12,0,8.0,0.000000,600
Standard12,0,9.0,0.000000,600
Standard12,0,10.0,0.000000,600
Standard12,0,11.0,0.000000,600
Standard12,0,12.0,0.000000,600
Standard12,0,13.0,0.000000,600
Standard12,0,14.0,0.000000,600
Standard12,0,15.0,0.000000,600
Standard12,0,16.0,0.000000,600
Standard12,0,17.0,0.000000,600
Standard12,0,18.0,0.000000,600
Standard12,0,19.0,0.000000,600
Standard12,0,20.0,0.000000,600
Standard12,1,-5.0,1.000000,1200
Standard12,1,-4.0,0.000000,1200
Standard12,1,-3.0,0.000000,1200
Standard12,1,-2.0,0.000000,1200
Standard12,1,-1.0,0.000000,1200
Standard12,1,0.0,0.000000,1200
Standard12,1,1.0,0.000000,1200
Standard12,1,2.0,0.000000,1200
Standard12,1,3.0,0.000000,1200
Standard12,1,4.0,0.000000,1200
Standard12,1,5.0,0.000000,1200
Standard12,1,6.0,0.000000,1200
Standard12,1,7.0,0.000000,1200
Standard12,1,8.0,0.000000,1200
Standard12,1,9.0,0.000000,1200
Standard12,1,10.0,0.000000,1200
Standard12,1,11.0,0.000000,1200
Standard12,1,12.0,0.000000,1200
Standard12,1,13.0,0.000000,1200
Standard12,1,14.0,0.000000,1200
Standard12,1,15.0,0.000000,1200
Standard12,1,16.0,0.000000,1200
Standard12,1,17.0,0.000000,1200
Standard12,1,18.0,0.000000,1200
Standard12,1,19.0,0.000000,1200
Standard12,1,20.0,0.000000,1200
Standard12,2,-5.0,1.000000,1200
Standard12,2,-4.0,0.999994,1200
Standard12,2,-3.0,0.000000,1200
Standard12,2,-2.0,0.000000,1200
Standard12,2,-1.0,0.000000,1200
Standard12,2,0.0,0.000000,1200
Standard12,2,1.0,0.000000,1200
Standard12,2,2.0,0.000000,1200
Standard12,2,3.0,0.000000,1200
Standard12,2,4.0,0.000000,1200
Standard12,2,5.0,0.000000,1200
Standard12,2,6.0,0.000000,1200
Standard12,2,7.0,0.000000,1200
Standard12,2,8.0,0.000000,1200
Standard12,2,9.0,0.000000,1200
Standard12,2,10.0,0.000000,1200
Standard12,2,11.0,0.000000,1200
Standard12,2,12.0,0.000000,1200
Standard12,2,13.0,0.000000,1200
Standard12,2,14.0,0.000000,1200
Standard12,2,15.0,0.000000,1200
Standard12,2,16.0,0.000000,1200
Standard12,2,17.0,0.000000,1200
Standard12,2,18.0,0.000000,1200
Standard12,2,19.0,0.000000,1200
Standard12,2,20.0,0.000000,1200
Standard12,3,-5.0,1.000000,600
Standard12,3,-4.0,0.999998,600
Standard12,3,-3.0,0.992293,600
Standard12,3,-2.0,0.000000,600
Standard12,3,-1.0,0.000000,600
Standard12,3,0.0,0.000000,600
Standard12,3,1.0,0.000000,600
Standard12,3,2.0,0.000000,600
Standard12,3,3.0,0.000000,600
Standard12,3,4.0,0.000000,600
Standard12,3,5.0,0.000000,600
Standard12,3,6.0,0.000000,600
Standard12,3,7.0,0.000000,600
Standard12,3,8.0,0.000000,600
Standard12,3,9.0,0.000000,600
Standard12,3,10.0,0.000000,600
Standard12,3,11.0,0.000000,600
Standard12,3,12.0,0.000000,600
Standard12,3,13.0,0.000000,600
Standard12,3,14.0,0.000000,600
Standard12,3,15.0,0.000000,600
Standard12,3,16.0,0.000000,600
Standard12,3,17.0,0.000000,600
Standard12,3,18.0,0.000000,600
Standard12,3,19.0,0.000000,600
Standard12,3,20.0,0.000000,600
Standard12,4,-5.0,1.000000,1200
Standard12,4,-4.0,1.000000,1200
Standard12,4,-3.0,1.000000,1200
Standard12,4,-2.0,0.999756,1200
Standard12,4,-1.0,0.000000,1200
Standard12,4,0.0,0.000000,1200
Standard12,4,1.0,0.000000,1200
Standard12,4,2.0,0.000000,1200
Standard12,4,3.0,0.000000,1200
Standard12,4,4.0,0.000000,1200
Standard12,4,5.0,0.000000,1200
Standard12,4,6.0,0.000000,1200
Standard12,4,7.0,0.000000,1200
Standard12,4,8.0,0.000000,1200
Standard12,4,9.0,0.000000,1200
Standard12,4,10.0,0.000000,1200
Standard12,4,11.0,0.000000,1200
Standard12,4,12.0,0.000000,1200
Standard12,4,13.0,0.000000,1200
Standard12,4,14.0,0.000000,1200
Standard12,4,15.0,0.000000,1200
Standard12,4,16.0,0.000000,1200
Standard12,4,17.0,0.000000,1200
Standard12,4,18.0,0.000000,1200
Standard12,4,19.0,0.000000,1200
Standard12,4,20.0,0.000000,1200
Standard12,5,-5.0,1.000000,1200
Standard12,5,-4.0,1.000000,1200
Standard12,5,-3.0,1.000000,1200
Standard12,5,-2.0,1.000000,1200
Standard12,5,-1.0,1.000000,1200
Standard12,5,0.0,0.984375,1200
Standard12,5,1.0,0.000000,1200
Standard12,5,2.0,0.000000,1200
Standard12,5,3.0,0.000000,1200
Standard12,5,4.0,0.000000,1200
Standard12,5,5.0,0.000000,1200
Standard12,5,6.0,0.000000,1200
Standard12,5,7.0,0.000000,1200
Standard12,5,8.0,0.000000,1200
Standard12,5,9.0,0.000000,1200
Standard12,5,10.0,0.000000,1200
Standard12,5,11.0,0.000000,1200
Standard12,5,12.0,0.000000,1200
Standard12,5,13.0,0.000000,1200
Standard12,5,14.0,0.000000,1200
Standard12,5,15.0,0.000000,1200
Standard12,5,16.0,0.000000,1200
Standard12,5,17.0,0.000000,1200
Standard12,5,18.0,0.000000,1200
Standard12,5,19.0,0.000000,1200
Standard12,5,20.0,0.000000,1200
Standard12,6,-5.0,1.000000,1200
Standard12,6,-4.0,1.000000,1200
Standard12,6,-3.0,1.000000,1200
Standard12,6,-2.0,1.000000,1200
Standard12,6,-1.0,1.000000,1200
Standard12,6,0.0,0.984375,1200
Standard12,6,1.0,0.000000,1200
Standard12,6,2.0,0.000000,1200
Standard12,6,3.0,0.000000,1200
Standard12,6,4.0,0.000000,1200
Standard12,6,5.0,0.000000,1200
Standard12,6,6.0,0.000000,1200
Standard12,6,7.0,0.000000,1200
Standard12,6,8.0,0.000000,1200
Standard12,6,9.0,0.000000,1200
Standard12,6,10.0,0.000000,1200
Standard12,6,11.0,0.000000,1200
Standard12,6,12.0,0.000000,1200
Standard12,6,13.0,0.000000,1200
Standard12,6,14.0,0.000000,1200
Standard12,6,15.0,0.000000,1200
Standard12,6,16.0,0.000000,1200
Standard12,6,17.0,0.000000,1200
Standard12,6,18.0,0.000000,1200
Standard12,6,19.0,0.000000,1200
Standard12,6,20.0,0.000000,1200
Standard12,7,-5.0,1.000000,1200
Standard12,7,-4.0,1.000000,1200
Standard12,7,-3.0,1.000000,1200
Standard12,7,-2.0,1.000000,1200
Standard12,7,-1.0,1.000000,1200
Standard12,7,0.0,1.000000,1200
Standard12,7,1.0,1.000000,1200
Standard12,7,2.0,0.984375,1200
Standard12,7,3.0,0.000000,1200
Standard12,7,4.0,0.000000,1200
Standard12,7,5.0,0.000000,1200
Standard12,7,6.0,0.000000,1200
Standard12,7,7.0,0.000000,1200
Standard12,7,8.0,0.000000,1200
Standard12,7,9.0,0.000000,1200
Standard12,7,10.0,0.000000,1200
Standard12,7,11.0,0.000000,1200
Standard12,7,12.0,0.000000,1200
Standard12,7,13.0,0.000000,1200
Standard12,7,14.0,0.000000,1200
Standard12,7,15.0,0.000000,1200
Standard12,7,16.0,0.000000,1200
Standard12,7,17.0,0.000000,1200
Standard12,7,18.0,0.000000,1200
Standard12,7,19.0,0.000000,1200
Standard12,7,20.0,0.000000,1200
Standard12,8,-5.0,1.000000,1200
Standard12,8,-4.0,1.000000,1200
Standard12,8,-3.0,1.000000,1200
Standard12,8,-2.0,1.000000,1200
Standard12,8,-1.0,1.000000,1200
Standard12,8,0.0,1.000000,1200
Standard12,8,1.0,1.000000,1200
Standard12,8,2.0,0.984375,1200
Standard12,8,3.0,0.000000,1200
Standard12,8,4.0,0.000000,1200
Standard12,8,5.0,0.000000,1200
Standard12,8,6.0,0.000000,1200
Standard12,8,7.0,0.000000,1200
Standard12,8,8.0,0.000000,1200
Standard12,8,9.0,0.000000,1200
Standard12,8,10.0,0.000000,1200
Standard12,8,11.0,0.000000,1200
Standard12,8,12.0,0.000000,1200
Standard12,8,13.0,0.000000,1200
Standard12,8,14.0,0.000000,1200
Standard12,8,15.0,0.000000,1200
Standard12,8,16.0,0.000000,1200
Standard12,8,17.0,0.000000,1200
Standard12,8,18.0,0.000000,1200
Standard12,8,19.0,0.000000,1200
Standard12,8,20.0,0.000000,1200
Standard12,9,-5.0,1.000000,1200
Standard12,9,-4.0,1.000000,1200
Standard12,9,-3.0,1.000000,1200
Standard12,9,-2.0,1.000000,1200
Standard12,9,-1.0,1.000000,1200
Standard12,9,0.0,1.000000,1200
Standard12,9,1.0,1.000000,1200
Standard12,9,2.0,1.000000,1200
Standard12,9,3.0,0.999999,1200
Standard12,9,4.0,0.971556,1200
Standard12,9,5.0,0.000000,1200
Standard12,9,6.0,0.000000,1200
Standard12,9,7.0,0.000000,1200
Standard12,9,8.0,0.000000,1200
Standard12,9,9.0,0.000000,1200
Standard12,9,10.0,0.000000,1200
Standard12,9,11.0,0.000000,1200
Standard12,9,12.0,0.000000,1200
Standard12,9,13.0,0.000000,1200
Standard12,9,14.0,0.000000,1200
Standard12,9,15.0,0.000000,1200
Standard12,9,16.0,0.000000,1200
Standard12,9,17.0,0.000000,1200
Standard12,9,18.0,0.000000,1200
Standard12,9,19.0,0.000000,1200
Standard12,9,20.0,0.000000,1200
Standard12,10,-5.0,1.000000,1200
Standard12,10,-4.0,1.000000,1200
Standard12,10,-3.0,1.000000,1200
Standard12,10,-2.0,1.000000,1200
Standard12,10,-1.0,1.000000,1200
Standard12,10,0.0,1.000000,1200
Standard12,10,1.0,1.000000,1200
Standard12,10,2.0,1.000000,1200
Standard12,10,3.0,1.000000,1200
Standard12,10,4.0,0.999756,1200
Standard12,10,5.0,0.000000,1200
Standard12,10,6.0,0.000000,1200
Standard12,10,7.0,0.000000,1200
Standard12,10,8.0,0.000000,1200
Standard12,10,9.0,0.000000,1200
Standard12,10,10.0,0.000000,1200
Standard12,10,11.0,0.000000,1200
Standard12,10,12.0,0.000000,1200
Standard12,10,13.0,0.000000,1200
Standard12,10,14.0,0.000000,1200
Standard12,10,15.0,0.000000,1200
Standard12,10,16.0,0.000000,1200
Standard12,10,17.0,0.000000,1200
Standard12,10,18.0,0.000000,1200
Standard12,10,19.0,0.000000,1200
Standard12,10,20.0,0.000000,1200
Standard12,11,-5.0,1.000000,1200
Standard12,11,-4.0,1.000000,1200
Standard12,11,-3.0,1.000000,1200
Standard12,11,-2.0,1.000000,1200
Standard12,11,-1.0,1.000000,1200
Standard12,11,0.0,1.000000,1200
Standard12,11,1.0,1.000000,1200
Standard12,11,2.0,1.000000,1200
Standard12,11,3.0,1.000000,1200
Standard12,11,4.0,0.984375,1200
Standard12,11,5.0,0.000000,1200
Standard12,11,6.0,0.000000,1200
Standard12,11,7.0,0.000000,1200
Standard12,11,8.0,0.000000,1200
Standard12,11,9.0,0.000000,1200
Standard12,11,10.0,0.000000,1200
Standard12,11,11.0,0.000000,1200
Standard12,11,12.0,0.000000,1200
Standard12,11,13.0,0.000000,1200
Standard12,11,14.0,0.000000,1200
Standard12,11,15.0,0.000000,1200
Standard12,11,16.0,0.000000,1200
Standard12,11,17.0,0.000000,1200
Standard12,11,18.0,0.000000,1200
Standard12,11,19.0,0.000000,1200
Standard12,11,20.0,0.000000,1200
Standard12,12,-5.0,1.000000,1200
Standard12,12,-4.0,1.000000,1200
Standard12,12,-3.0,1.000000,1200
Standard12,12,-2.0,1.000000,1200
Standard12,12,-1.0,1.000000,1200
Standard12,12,0.0,1.000000,1200
Standard12,12,1.0,1.000000,1200
Standard12,12,2.0,1.000000,1200
Standard12,12,3.0,1.000000,1200
Standard12,12,4.0,1.000000,1200
Standard12,12,5.0,1.000000,1200
Standard12,12,6.0,0.984375,1200
Standard12,12,7.0,0.000000,1200
Standard12,12,8.0,0.000000,1200
Standard12,12,9.0,0.000000,1200
Standard12,12,10.0,0.000000,1200
Standard12,12,11.0,0.000000,1200
Standard12,12,12.0,0.000000,1200
Standard12,12,13.0,0.000000,1200
Standard12,12,14.0,0.000000,1200
Standard12,12,15.0,0.000000,1200
Standard12,12,16.0,0.000000,1200
Standard12,12,17.0,0.000000,1200
Standard12,12,18.0,0.000000,1200
Standard12,12,19.0,0.000000,1200
Standard12,12,20.0,0.000000,1200
Standard12,13,-5.0,1.000000,1200
Standard12,13,-4.0,1.000000,1200
Standard12,13,-3.0,1.000000,1200
Standard12,13,-2.0,1.000000,1200
Standard12,13,-1.0,1.000000,1200
Standard12,13,0.0,1.000000,1200
Standard12,13,1.0,1.000000,1200
Standard12,13,2.0,1.000000,1200
Standard12,13,3.0,1.000000,1200
Standard12,13,4.0,1.000000,1200
Standard12,13,5.0,1.000000,1200
Standard12,13,6.0,0.984375,1200
Standard12,13,7.0,0.000000,1200
Standard12,13,8.0,0.000000,1200
Standard12,13,9.0,0.000000,1200
Standard12,13,10.0,0.000000,1200
Standard12,13,11.0,0.000000,1200
Standard12,13,12.0,0.000000,1200
Standard12,13,13.0,0.000000,1200
Standard12,13,14.0,0.000000,1200
Standard12,13,15.0,0.000000,1200
Standard12,13,16.0,0.000000,1200
Standard12,13,17.0,0.000000,1200
Standard12,13,18.0,0.000000,1200
Standard12,13,19.0,0.000000,1200
Standard12,13,20.0,0.000000,1200
Standard12,14,-5.0,1.000000,1200
Standard12,14,-4.0,1.000000,1200
Standard12,14,-3.0,1.000000,1200
Standard12,14,-2.0,1.000000,1200
Standard12,14,-1.0,1.000000,1200
Standard12,14,0.0,1.000000,1200
Standard12,14,1.0,1.000000,1200
Standard12,14,2.0,1.000000,1200
Standard12,14,3.0,1.000000,1200
Standard12,14,4.0,1.000000,1200
Standard12,14,5.0,1.000000,1200
Standard12,14,6.0,1.000000,1200
Standard12,14,7.0,1.000000,1200
Standard12,14,8.0,0.977836,1200
Standard12,14,9.0,0.000000,1200
Standard12,14,10.0,0.000000,1200
Standard12,14,11.0,0.000000,1200
Standard12,14,12.0,0.000000,1200
Standard12,14,13.0,0.000000,1200
Standard12,14,14.0,0.000000,1200
Standard12,14,15.0,0.000000,1200
Standard12,14,16.0,0.000000,1200
Standard12,14,17.0,0.000000,1200
Standard12,14,18.0,0.000000,1200
Standard12,14,19.0,0.000000,1200
Standard12,14,20.0,0.000000,1200
Standard12,15,-5.0,1.000000,2100
Standard12,15,-4.0,1.000000,2100
Standard12,15,-3.0,1.000000,2100
Standard12,15,-2.0,1.000000,2100
Standard12,15,-1.0,1.000000,2100
Standard12,15,0.0,1.000000,2100
Standard12,15,1.0,1.000000,2100
Standard12,15,2.0,1.000000,2100
Standard12,15,3.0,1.000000,2100
Standard12,15,4.0,1.000000,2100
Standard12,15,5.0,1.000000,2100
Standard12,15,6.0,1.000000,2100
Standard12,15,7.0,1.000000,2100
Standard12,15,8.0,0.584010,2100
Standard12,15,9.0,0.000000,2100
Standard12,15,10.0,0.000000,2100
Standard12,15,11.0,0.000000,2100
Standard12,15,12.0,0.000000,2100
Standard12,15,13.0,0.000000,2100
Standard12,15,14.0,0.000000,2100
Standard12,15,15.0,0.000000,2100
Standard12,15,16.0,0.000000,2100
Standard12,15,17.0,0.000000,2100
Standard12,15,18.0,0.000000,2100
Standard12,15,19.0,0.000000,2100
Standard12,15,20.0,0.000000,2100
Standard12,16,-5.0,1.000000,1100
Standard12,16,-4.0,1.000000,1100
Standard12,16,-3.0,1.000000,1100
Standard12,16,-2.0,1.000000,1100
Standard12,16,-1.0,1.000000,1100
Standard12,16,0.0,1.000000,1100
Standard12,16,1.0,1.000000,1100
Standard12,16,2.0,1.000000,1100
Standard12,16,3.0,1.000000,1100
Standard12,16,4.0,1.000000,1100
Standard12,16,5.0,1.000000,1100
Standard12,16,6.0,1.000000,1100
Standard12,16,7.0,1.000000,1100
Standard12,16,8.0,0.984375,1100
Standard12,16,9.0,0.000000,1100
Standard12,16,10.0,0.000000,1100
Standard12,16,11.0,0.000000,1100
Standard12,16,12.0,0.000000,1100
Standard12,16,13.0,0.000000,1100
Standard12,16,14.0,0.000000,1100
Standard12,16,15.0,0.000000,1100
Standard12,16,16.0,0.000000,1100
Standard12,16,17.0,0.000000,1100
Standard12,16,18.0,0.000000,1100
Standard12,16,19.0,0.000000,1100
Standard12,16,20.0,0.000000,1100
Standard12,17,-5.0,1.000000,1100
Standard12,17,-4.0,1.000000,1100
Standard12,17,-3.0,1.000000,1100
Standard12,17,-2.0,1.000000,1100
Standard12,17,-1.0,1.000000,1100
Standard12,17,0.0,1.000000,1100
Standard12,17,1.0,1.000000,1100
Standard12,17,2.0,1.000000,1100
Standard12,17,3.0,1.000000,1100
Standard12,17,4.0,1.000000,1100
Standard12,17,5.0,1.000000,1100
Standard12,17,6.0,1.000000,1100
Standard12,17,7.0,1.000000,1100
Standard12,17,8.0,1.000000,1100
Standard12,17,9.0,1.000000,1100
Standard12,17,10.0,0.000000,1100
Standard12,17,11.0,0.000000,1100
Standard12,17,12.0,0.000000,1100
Standard12,17,13.0,0.000000,1100
Standard12,17,14.0,0.000000,1100
Standard12,17,15.0,0.000000,1100
Standard12,17,16.0,0.000000,1100
Standard12,17,17.0,0.000000,1100
Standard12,17,18.0,0.000000,1100
Standard12,17,19.0,0.000000,1100
Standard12,17,20.0,0.000000,1100
Standard12,18,-5.0,1.000000,600
Standard12,18,-4.0,1.000000,600
Standard12,18,-3.0,1.000000,600
Standard12,18,-2.0,1.000000,600
Standard12,18,-1.0,1.000000,600
Standard12,18,0.0,1.000000,600
Standard12,18,1.0,1.000000,600
Standard12,18,2.0,1.000000,600
Standard12,18,3.0,1.000000,600
Standard12,18,4.0,1.000000,600
Standard12,18,5.0,1.000000,600
Standard12,18,6.0,1.000000,600
Standard12,18,7.0,1.000000,600
Standard12,18,8.0,1.000000,600
Standard12,18,9.0,1.000000,600
Standard12,18,10.0,1.000000,600
Standard12,18,11.0,0.998162,600
Standard12,18,12.0,0.905415,600
Standard12,18,13.0,0.000000,600
Standard12,18,14.0,0.000000,600
Standard12,18,15.0,0.000000,600
Standard12,18,16.0,0.000000,600
Standard12,18,17.0,0.000000,600
Standard12,18,18.0,0.000000,600
Standard12,18,19.0,0.000000,600
Standard12,18,20.0,0.000000,600
Standard12,19,-5.0,1.000000,600
Standard12,19,-4.0,1.000000,600
Standard12,19,-3.0,1.000000,600
Standard12,19,-2.0,1.000000,600
Standard12,19,-1.0,1.000000,600
Standard12,19,0.0,1.000000,600
Standard12,19,1.0,1.000000,600
Standard12,19,2.0,1.000000,600
Standard12,19,3.0,1.000000,600
Standard12,19,4.0,1.000000,600
Standard12,19,5.0,1.000000,600
Standard12,19,6.0,1.000000,600
Standard12,19,7.0,1.000000,600
Standard12,19,8.0,1.000000,600
Standard12,19,9.0,1.000000,600
Standard12,19,10.0,1.000000,600
Standard12,19,11.0,0.998628,600
Standard12,19,12.0,0.912209,600
Standard12,19,13.0,0.000000,600
Standard12,19,14.0,0.000000,600
Standard12,19,15.0,0.000000,600
Standard12,19,16.0,0.000000,600
Standard12,19,17.0,0.000000,600
Standard12,19,18.0,0.000000,600
Standard12,19,19.0,0.000000,600
Standard12,19,20.0,0.000000,600
Standard12,20,-5.0,1.000000,600
Standard12,20,-4.0,1.000000,600
Standard12,20,-3.0,1.000000,600
Standard12,20,-2.0,1.000000,600
Standard12,20,-1.0,1.000000,600
Standard12,20,0.0,1.000000,600
Standard12,20,1.0,1.000000,600
Standard12,20,2.0,1.000000,600
Standard12,20,3.0,1.000000,600
Standard12,20,4.0,1.000000,600
Standard12,20,5.0,1.000000,600
Standard12,20,6.0,1.000000,600
Standard12,20,7.0,1.000000,600
Standard12,20,8.0,1.000000,600
Standard12,20,9.0,1.000000,600
Standard12,20,10.0,1.000000,600
Standard12,20,11.0,0.998628,600
Standard12,20,12.0,0.912209,600
Standard12,20,13.0,0.000000,600
Standard12,20,14.0,0.000000,600
Standard12,20,15.0,0.000000,600
Standard12,20,16.0,0.000000,600
Standard12,20,17.0,0.000000,600
Standard12,20,18.0,0.000000,600
Standard12,20,19.0,0.000000,600
Standard12,20,20.0,0.000000,600
Standard12,21,-5.0,1.000000,600
Standard12,21,-4.0,1.000000,600
Standard12,21,-3.0,1.000000,600
Standard12,21,-2.0,1.000000,600
Standard12,21,-1.0,1.000000,600
Standard12,21,0.0,1.000000,600
Standard12,21,1.0,1.000000,600
Standard12,21,2.0,1.000000,600
Standard12,21,3.0,1.000000,600
Standard12,21,4.0,1.000000,600
Standard12,21,5.0,1.000000,600
Standard12,21,6.0,1.000000,600
Standard12,21,7.0,1.000000,600
Standard12,21,8.0,1.000000,600
Standard12,21,9.0,1.000000,600
Standard12,21,10.0,1.000000,600
Standard12,21,11.0,0.999970,600
Standard12,21,12.0,0.998054,600
Standard12,21,13.0,0.977836,600
Standard12,21,14.0,0.895172,600
Standard12,21,15.0,0.640254,600
Standard12,21,16.0,0.000000,600
Standard12,21,17.0,0.000000,600
Standard12,21,18.0,0.000000,600
Standard12,21,19.0,0.000000,600
Standard12,21,20.0,0.000000,600
Standard12,22,-5.0,1.000000,600
Standard12,22,-4.0,1.000000,600
Standard12,22,-3.0,1.000000,600
Standard12,22,-2.0,1.000000,600
Standard12,22,-1.0,1.000000,600
Standard12,22,0.0,1.000000,600
Standard12,22,1.0,1.000000,600
Standard12,22,2.0,1.000000,600
Standard12,22,3.0,1.000000,600
Standard12,22,4.0,1.000000,600
Standard12,22,5.0,1.000000,600
Standard12,22,6.0,1.000000,600
Standard12,22,7.0,1.000000,600
Standard12,22,8.0,1.000000,600
Standard12,22,9.0,1.000000,600
Standard12,22,10.0,1.000000,600
Standard12,22,11.0,1.000000,600
Standard12,22,12.0,1.000000,600
Standard12,22,13.0,1.000000,600
Standard12,22,14.0,0.998628,600
Standard12,22,15.0,0.912209,600
Standard12,22,16.0,0.000000,600
Standard12,22,17.0,0.000000,600
Standard12,22,18.0,0.000000,600
Standard12,22,19.0,0.000000,600
Standard12,22,20.0,0.000000,600
Standard12,23,-5.0,1.000000,600
Standard12,23,-4.0,1.000000,600
Standard12,23,-3.0,1.000000,600
Standard12,23,-2.0,1.000000,600
Standard12,23,-1.0,1.000000,600
Standard12,23,0.0,1.000000,600
Standard12,23,1.0,1.000000,600
Standard12,23,2.0,1.000000,600
Standard12,23,3.0,1.000000,600
Standard12,23,4.0,1.000000,600
Standard12,23,5.0,1.000000,600
Standard12,23,6.0,1.000000,600
Standard12,23,7.0,1.000000,600
Standard12,23,8.0,1.000000,600
Standard12,23,9.0,1.000000,600
Standard12,23,10.0,1.000000,600
Standard12,23,11.0,1.000000,600
Standard12,23,12.0,1.000000,600
Standard12,23,13.0,1.000000,600
Standard12,23,14.0,0.998628,600
Standard12,23,15.0,0.912209,600
Standard12,23,16.0,0.000000,600
Standard12,23,17.0,0.000000,600
Standard12,23,18.0,0.000000,600
Standard12,23,19.0,0.000000,600
Standard12,23,20.0,0.000000,600
Standard12,24,-5.0,1.000000,800
Standard12,24,-4.0,1.000000,800
Standard12,24,-3.0,1.000000,800
Standard12,24,-2.0,1.000000,800
Standard12,24,-1.0,1.000000,800
Standard12,24,0.0,1.000000,800
Standard12,24,1.0,1.000000,800
Standard12,24,2.0,1.000000,800
Standard12,24,3.0,1.000000,800
Standard12,24,4.0,1.000000,800
Standard12,24,5.0,1.000000,800
Standard12,24,6.0,1.000000,800
Standard12,24,7.0,1.000000,800
Standard12,24,8.0,1.000000,800
Standard12,24,9.0,1.000000,800
Standard12,24,10.0,1.000000,800
Standard12,24,11.0,1.000000,800
Standard12,24,12.0,1.000000,800
Standard12,24,13.0,1.000000,800
Standard12,24,14.0,0.998776,800
Standard12,24,15.0,0.921633,800
Standard12,24,16.0,0.107357,800
Standard12,24,17.0,0.072695,800
Standard12,24,18.0,0.036919,800
Standard12,24,19.0,0.000000,800
Standard12,24,20.0,0.000000,800
Standard12,25,-5.0,1.000000,600
Standard12,25,-4.0,1.000000,600
Standard12,25,-3.0,1.000000,600
Standard12,25,-2.0,1.000000,600
Standard12,25,-1.0,1.000000,600
Standard12,25,0.0,1.000000,600
Standard12,25,1.0,1.000000,600
Standard12,25,2.0,1.000000,600
Standard12,25,3.0,1.000000,600
Standard12,25,4.0,1.000000,600
Standard12,25,5.0,1.000000,600
Standard12,25,6.0,1.000000,600
Standard12,25,7.0,1.000000,600
Standard12,25,8.0,1.000000,600
Standard12,25,9.0,1.000000,600
Standard12,25,10.0,1.000000,600
Standard12,25,11.0,1.000000,600
Standard12,25,12.0,1.000000,600
Standard12,25,13.0,1.000000,600
Standard12,25,14.0,1.000000,600
Standard12,25,15.0,1.000000,600
Standard12,25,16.0,1.000000,600
Standard12,25,17.0,0.998628,600
Standard12,25,18.0,0.912209,600
Standard12,25,19.0,0.000000,600
Standard12,25,20.0,0.000000,600
Standard12,26,-5.0,1.000000,600
Standard12,26,-4.0,1.000000,600
Standard12,26,-3.0,1.000000,600
Standard12,26,-2.0,1.000000,600
Standard12,26,-1.0,1.000000,600
Standard12,26,0.0,1.000000,600
Standard12,26,1.0,1.000000,600
Standard12,26,2.0,1.000000,600
Standard12,26,3.0,1.000000,600
Standard12,26,4.0,1.000000,600
Standard12,26,5.0,1.000000,600
Standard12,26,6.0,1.000000,600
Standard12,26,7.0,1.000000,600
Standard12,26,8.0,1.000000,600
Standard12,26,9.0,1.000000,600
Standard12,26,10.0,1.000000,600
Standard12,26,11.0,1.000000,600
Standard12,26,12.0,1.000000,600
Standard12,26,13.0,1.000000,600
Standard12,26,14.0,1.000000,600
Standard12,26,15.0,1.000000,600
Standard12,26,16.0,1.000000,600
Standard12,26,17.0,0.998628,600
Standard12,26,18.0,0.912209,600
Standard12,26,19.0,0.000000,600
Standard12,26,20.0,0.000000,600
Standard12,27,-5.0,1.000000,600
Standard12,27,-4.0,1.000000,600
Standard12,27,-3.0,1.000000,600
Standard12,27,-2.0,1.000000,600
Standard12,27,-1.0,1.000000,600
Standard12,27,0.0,1.000000,600
Standard12,27,1.0,1.000000,600
Standard12,27,2.0,1.000000,600
Standard12,27,3.0,1.000000,600
Standard12,27,4.0,1.000000,600
Standard12,27,5.0,1.000000,600
Standard12,27,6.0,1.000000,600
Standard12,27,7.0,1.000000,600
Standard12,27,8.0,1.000000,600
Standard12,27,9.0,1.000000,600
Standard12,27,10.0,1.000000,600
Standard12,27,11.0,1.000000,600
Standard12,27,12.0,1.000000,600
Standard12,27,13.0,1.000000,600
Standard12,27,14.0,1.000000,600
Standard12,27,15.0,1.000000,600
Standard12,27,16.0,1.000000,600
Standard12,27,17.0,0.998628,600
Standard12,27,18.0,0.912209,600
Standard12,27,19.0,0.000000,600
Standard12,27,20.0,0.000000,600
Standard12,28,-5.0,1.000000,200
Standard12,28,-4.0,1.000000,200
Standard12,28,-3.0,1.000000,200
Standard12,28,-2.0,1.000000,200
Standard12,28,-1.0,1.000000,200
Standard12,28,0.0,1.000000,200
Standard12,28,1.0,1.000000,200
Standard12,28,2.0,1.000000,200
Standard12,28,3.0,1.000000,200
Standard12,28,4.0,1.000000,200
Standard12,28,5.0,1.000000,200
Standard12,28,6.0,1.000000,200
Standard12,28,7.0,1.000000,200
Standard12,28,8.0,1.000000,200
Standard12,28,9.0,1.000000,200
Standard12,28,10.0,1.000000,200
Standard12,28,11.0,1.000000,200
Standard12,28,12.0,1.000000,200
Standard12,28,13.0,1.000000,200
Standard12,28,14.0,1.000000,200
Standard12,28,15.0,1.000000,200
Standard12,28,16.0,1.000000,200
Standard12,28,17.0,1.000000,200
Standard12,28,18.0,1.000000,200
Standard12,28,19.0,1.000000,200
Standard12,28,20.0,1.000000,200
