slot,cell_id,ue_id,sinr_db,se_bps_hz,n_layers
0,0,0,-5.62,0.3496,2
0,0,1,13.82,4.6482,2
0,0,2,-29.60,0.0016,2
0,0,3,-23.08,0.0071,2
0,0,4,8.86,3.1189,2
0,0,5,0.53,1.0907,2
0,0,6,-33.53,0.0006,2
0,0,7,-7.22,0.2505,2
0,0,8,-45.83,0.0000,2
0,0,9,-18.44,0.0205,2
0,0,10,-19.32,0.0168,2
0,0,11,11.64,3.9619,2
0,0,12,-14.56,0.0496,2
0,0,13,-20.42,0.0130,2
0,0,14,-16.10,0.0350,2
0,0,15,-21.42,0.0104,2
0,0,16,-20.01,0.0143,2
0,0,17,-10.03,0.1367,2
0,0,18,-10.45,0.1246,2
0,0,19,-38.45,0.0002,2
0,0,20,11.19,3.8243,2
0,0,21,3.64,1.7276,2
0,0,22,-25.98,0.0036,2
0,0,23,3.98,1.8082,2
0,0,24,-9.58,0.1509,2
0,0,25,-32.70,0.0008,2
0,0,26,-4.37,0.4500,2
0,0,27,-26.98,0.0029,2
0,0,28,-24.32,0.0053,2
0,0,29,-10.68,0.1184,2
0,0,30,-3.85,0.4982,2
0,0,31,-47.45,0.0000,2
0,0,32,-35.36,0.0004,2
0,0,33,-36.42,0.0003,2
0,0,34,-37.83,0.0002,2
0,0,35,-39.16,0.0002,2
0,0,36,-7.62,0.2304,2
0,0,37,-28.77,0.0019,2
0,0,38,-23.18,0.0069,2
0,0,39,-42.19,0.0001,2
0,0,40,-47.78,0.0000,2
0,0,41,-50.54,0.0000,2
0,1,0,9.54,3.3202,2
0,1,1,-31.53,0.0010,2
0,1,2,51.76,17.1952,2
0,1,3,-0.03,0.9948,2
0,1,4,13.29,4.4803,2
0,1,5,-27.76,0.0024,2
0,1,6,-12.44,0.0801,2
0,1,7,30.23,10.0427,2
0,1,8,-24.22,0.0055,2
0,1,9,-15.93,0.0364,2
0,1,10,-1.71,0.7440,2
0,1,11,-0.38,0.9384,2
0,1,12,-26.41,0.0033,2
0,1,13,-17.08,0.0280,2
0,1,14,-21.00,0.0114,2
0,1,15,-20.06,0.0142,2
0,1,16,-17.00,0.0285,2
0,1,17,-26.84,0.0030,2
0,1,18,-13.61,0.0615,2
0,1,19,-1.23,0.8103,2
0,1,20,-1.58,0.7617,2
0,1,21,-34.14,0.0006,2
0,1,22,-46.86,0.0000,2
0,1,23,-30.00,0.0014,2
0,1,24,-31.05,0.0011,2
0,1,25,-32.05,0.0009,2
0,1,26,-28.82,0.0019,2
0,1,27,-21.03,0.0113,2
0,1,28,-42.68,0.0001,2
0,1,29,-29.77,0.0015,2
0,1,30,9.53,3.3170,2
0,1,31,-20.82,0.0119,2
0,1,32,-31.95,0.0009,2
0,1,33,-15.84,0.0371,2
0,1,34,-39.30,0.0002,2
0,1,35,-18.57,0.0199,2
0,1,36,2.09,1.3892,2
0,1,37,-5.76,0.3399,2
0,1,38,-5.67,0.3456,2
0,1,39,-25.80,0.0038,2
0,1,40,11.42,3.8939,2
0,1,41,-18.31,0.0211,2
0,2,0,-27.54,0.0025,2
0,2,1,-4.08,0.4762,2
0,2,2,-23.38,0.0066,2
0,2,3,-8.80,0.1785,2
0,2,4,20.46,6.8095,2
0,2,5,-0.37,0.9391,2
0,2,6,-48.45,0.0000,2
0,2,7,-17.48,0.0256,2
0,2,8,-3.48,0.5347,2
0,2,9,-22.25,0.0086,2
0,2,10,-30.89,0.0012,2
0,2,11,-13.16,0.0681,2
0,2,12,-56.01,0.0000,2
0,2,13,-28.36,0.0021,2
0,2,14,-39.86,0.0001,2
0,2,15,-49.28,0.0000,2
0,2,16,-32.51,0.0008,2
0,2,17,-43.40,0.0001,2
0,2,18,-25.33,0.0042,2
0,2,19,-58.82,0.0000,2
0,2,20,24.70,8.2099,2
0,2,21,-36.14,0.0004,2
0,2,22,-16.79,0.0299,2
0,2,23,-9.24,0.1623,2
0,2,24,-1.98,0.7086,2
0,2,25,-28.31,0.0021,2
0,2,26,-14.02,0.0560,2
0,2,27,-12.10,0.0863,2
0,2,28,-25.30,0.0042,2
0,2,29,-58.10,0.0000,2
0,2,30,1.13,1.1992,2
0,2,31,-11.89,0.0905,2
0,2,32,-17.74,0.0241,2
0,2,33,-21.02,0.0114,2
0,2,34,-4.04,0.4793,2
0,2,35,-8.15,0.2056,2
0,2,36,-43.91,0.0001,2
0,2,37,-5.68,0.3451,2
0,2,38,-39.81,0.0002,2
0,2,39,-26.32,0.0034,2
0,2,40,-5.75,0.3402,2
0,2,41,-26.90,0.0029,2
0,3,0,-15.65,0.0388,2
0,3,1,-39.44,0.0002,2
0,3,2,-41.83,0.0001,2
0,3,3,-9.26,0.1617,2
0,3,4,-33.91,0.0006,2
0,3,5,-21.85,0.0094,2
0,3,6,5.14,2.0927,2
0,3,7,5.63,2.2199,2
0,3,8,0.08,1.0127,2
0,3,9,-17.43,0.0259,2
0,3,10,-23.73,0.0061,2
0,3,11,12.55,4.2470,2
0,3,12,-33.15,0.0007,2
0,3,13,-8.51,0.1904,2
0,3,14,-23.43,0.0065,2
0,3,15,1.02,1.1795,2
0,3,16,-30.87,0.0012,2
0,3,17,-21.04,0.0113,2
0,3,18,-29.47,0.0016,2
0,3,19,-20.31,0.0134,2
0,3,20,-7.63,0.2299,2
0,3,21,-31.45,0.0010,2
0,3,22,-300.00,0.0000,2
0,3,23,-17.85,0.0235,2
0,3,24,-34.59,0.0005,2
0,3,25,-20.98,0.0115,2
0,3,26,-8.89,0.1751,2
0,3,27,-25.85,0.0037,2
0,3,28,-23.70,0.0061,2
0,3,29,-9.39,0.1571,2
0,3,30,-1.03,0.8396,2
0,3,31,-15.71,0.0383,2
0,3,32,-23.02,0.0072,2
0,3,33,-22.46,0.0082,2
0,3,34,-23.54,0.0064,2
0,3,35,-9.44,0.1555,2
0,3,36,-42.57,0.0001,2
0,3,37,-54.77,0.0000,2
0,3,38,-59.69,0.0000,2
0,3,39,-44.99,0.0000,2
0,3,40,-29.90,0.0015,2
0,3,41,-39.49,0.0002,2
0,4,0,-41.00,0.0001,2
0,4,1,-46.50,0.0000,2
0,4,2,-45.81,0.0000,2
0,4,3,-30.46,0.0013,2
0,4,4,-22.48,0.0081,2
0,4,5,-18.21,0.0216,2
0,4,6,-32.21,0.0009,2
0,4,7,-8.90,0.1750,2
0,4,8,-22.64,0.0078,2
0,4,9,-16.41,0.0326,2
0,4,10,-33.06,0.0007,2
0,4,11,-1.46,0.7775,2
0,4,12,-47.51,0.0000,2
0,4,13,-59.24,0.0000,2
0,4,14,-24.06,0.0057,2
0,4,15,-64.47,0.0000,2
0,4,16,-34.19,0.0005,2
0,4,17,-41.94,0.0001,2
0,4,18,-21.72,0.0097,2
0,4,19,-14.52,0.0500,2
0,4,20,0.08,1.0126,2
0,4,21,-64.47,0.0000,2
0,4,22,-34.07,0.0006,2
0,4,23,-12.58,0.0775,2
0,4,24,-22.40,0.0083,2
0,4,25,-15.42,0.0408,2
0,4,26,-24.20,0.0055,2
0,4,27,-30.42,0.0013,2
0,4,28,-31.35,0.0011,2
0,4,29,-9.63,0.1490,2
0,4,30,11.02,3.7709,2
0,4,31,-5.11,0.3878,2
0,4,32,-30.08,0.0014,2
0,4,33,-25.22,0.0043,2
0,4,34,-11.27,0.1038,2
0,4,35,14.61,4.9039,2
0,4,36,-26.29,0.0034,2
0,4,37,-45.54,0.0000,2
0,4,38,-37.09,0.0003,2
0,4,39,-44.01,0.0001,2
0,4,40,-64.47,0.0000,2
0,4,41,-26.51,0.0032,2
0,5,0,7.19,2.6402,2
0,5,1,-31.27,0.0011,2
0,5,2,0.22,1.0367,2
0,5,3,-6.63,0.2839,2
0,5,4,-8.24,0.2015,2
0,5,5,-37.77,0.0002,2
0,5,6,-16.31,0.0333,2
0,5,7,4.92,2.0371,2
0,5,8,-8.86,0.1765,2
0,5,9,-14.29,0.0528,2
0,5,10,-6.47,0.2935,2
0,5,11,71.22,23.6595,2
0,5,12,-25.12,0.0044,2
0,5,13,-28.92,0.0019,2
0,5,14,-15.39,0.0411,2
0,5,15,-16.11,0.0349,2
0,5,16,-21.42,0.0104,2
0,5,17,-17.75,0.0240,2
0,5,18,-20.34,0.0133,2
0,5,19,-30.11,0.0014,2
0,5,20,-20.57,0.0126,2
0,5,21,-14.45,0.0508,2
0,5,22,-28.97,0.0018,2
0,5,23,-2.25,0.6740,2
0,5,24,-48.45,0.0000,2
0,5,25,-34.24,0.0005,2
0,5,26,-37.54,0.0003,2
0,5,27,-32.72,0.0008,2
0,5,28,-15.49,0.0402,2
0,5,29,-27.41,0.0026,2
0,5,30,-23.91,0.0059,2
0,5,31,-32.55,0.0008,2
0,5,32,-33.50,0.0006,2
0,5,33,-42.37,0.0001,2
0,5,34,-27.15,0.0028,2
0,5,35,-7.52,0.2351,2
0,5,36,-4.53,0.4354,2
0,5,37,-11.45,0.0999,2
0,5,38,-28.40,0.0021,2
0,5,39,-22.82,0.0075,2
0,5,40,-13.61,0.0615,2
0,5,41,-23.77,0.0060,2
0,6,0,-39.59,0.0002,2
0,6,1,-15.96,0.0361,2
0,6,2,-64.47,0.0000,2
0,6,3,-33.49,0.0006,2
0,6,4,-43.81,0.0001,2
0,6,5,-66.23,0.0000,2
0,6,6,-27.71,0.0024,2
0,6,7,-29.07,0.0018,2
0,6,8,-35.96,0.0004,2
0,6,9,-48.52,0.0000,2
0,6,10,-31.27,0.0011,2
0,6,11,-15.90,0.0366,2
0,6,12,10.60,3.6410,2
0,6,13,-28.96,0.0018,2
0,6,14,13.08,4.4146,2
0,6,15,-21.88,0.0093,2
0,6,16,-21.34,0.0106,2
0,6,17,-13.49,0.0632,2
0,6,18,-3.39,0.5437,2
0,6,19,-6.20,0.3100,2
0,6,20,-7.38,0.2421,2
0,6,21,-28.44,0.0021,2
0,6,22,-29.14,0.0018,2
0,6,23,-6.94,0.2658,2
0,6,24,-35.07,0.0004,2
0,6,25,-32.80,0.0008,2
0,6,26,-50.49,0.0000,2
0,6,27,-52.16,0.0000,2
0,6,28,-22.81,0.0075,2
0,6,29,-14.06,0.0556,2
0,6,30,-5.34,0.3697,2
0,6,31,-39.02,0.0002,2
0,6,32,-10.85,0.1139,2
0,6,33,-19.64,0.0156,2
0,6,34,-45.05,0.0000,2
0,6,35,3.27,1.6436,2
0,6,36,-45.36,0.0000,2
0,6,37,-36.86,0.0003,2
0,6,38,-31.97,0.0009,2
0,6,39,-28.40,0.0021,2
0,6,40,-7.97,0.2138,2
0,6,41,-11.07,0.1086,2
0,7,0,-19.07,0.0178,2
0,7,1,-16.19,0.0343,2
0,7,2,-15.60,0.0392,2
0,7,3,-4.90,0.4041,2
0,7,4,-35.38,0.0004,2
0,7,5,-40.09,0.0001,2
0,7,6,-10.47,0.1239,2
0,7,7,-9.16,0.1653,2
0,7,8,-7.33,0.2449,2
0,7,9,-13.71,0.0602,2
0,7,10,-26.12,0.0035,2
0,7,11,7.16,2.6322,2
0,7,12,-31.81,0.0010,2
0,7,13,-33.83,0.0006,2
0,7,14,22.50,7.4838,2
0,7,15,-6.15,0.3133,2
0,7,16,-28.19,0.0022,2
0,7,17,5.99,2.3143,2
0,7,18,-34.45,0.0005,2
0,7,19,-47.28,0.0000,2
0,7,20,-16.37,0.0329,2
0,7,21,-40.88,0.0001,2
0,7,22,-20.80,0.0119,2
0,7,23,-3.32,0.5514,2
0,7,24,-7.45,0.2388,2
0,7,25,-17.90,0.0232,2
0,7,26,-39.45,0.0002,2
0,7,27,-14.26,0.0531,2
0,7,28,-18.00,0.0227,2
0,7,29,19.59,6.5249,2
0,7,30,-15.66,0.0387,2
0,7,31,-39.99,0.0001,2
0,7,32,-36.07,0.0004,2
0,7,33,-37.74,0.0002,2
0,7,34,-21.25,0.0108,2
0,7,35,-12.84,0.0732,2
0,7,36,-10.84,0.1141,2
0,7,37,-35.07,0.0004,2
0,7,38,-12.69,0.0756,2
0,7,39,-5.00,0.3961,2
0,7,40,-44.13,0.0001,2
0,7,41,-27.59,0.0025,2
0,8,0,-27.87,0.0024,2
0,8,1,-7.48,0.2372,2
0,8,2,-30.38,0.0013,2
0,8,3,-49.15,0.0000,2
0,8,4,-23.00,0.0072,2
0,8,5,-32.52,0.0008,2
0,8,6,-55.26,0.0000,2
0,8,7,-19.83,0.0149,2
0,8,8,-27.69,0.0025,2
0,8,9,-23.26,0.0068,2
0,8,10,-31.08,0.0011,2
0,8,11,-3.72,0.5104,2
0,8,12,-0.13,0.9788,2
0,8,13,-31.49,0.0010,2
0,8,14,-10.73,0.1169,2
0,8,15,-53.67,0.0000,2
0,8,16,-12.88,0.0724,2
0,8,17,-5.69,0.3444,2
0,8,18,-22.14,0.0088,2
0,8,19,-39.19,0.0002,2
0,8,20,17.27,5.7627,2
0,8,21,5.65,2.2239,2
0,8,22,-40.72,0.0001,2
0,8,23,-32.01,0.0009,2
0,8,24,-22.54,0.0080,2
0,8,25,-41.85,0.0001,2
0,8,26,-69.24,0.0000,2
0,8,27,-40.69,0.0001,2
0,8,28,-34.11,0.0006,2
0,8,29,-42.53,0.0001,2
0,8,30,-17.32,0.0265,2
0,8,31,-39.03,0.0002,2
0,8,32,-49.89,0.0000,2
0,8,33,-43.61,0.0001,2
0,8,34,-62.25,0.0000,2
0,8,35,-2.21,0.6788,2
0,8,36,-49.46,0.0000,2
0,8,37,-300.00,0.0000,2
0,8,38,-58.10,0.0000,2
0,8,39,-30.68,0.0012,2
0,8,40,-42.73,0.0001,2
0,8,41,-43.50,0.0001,2
0,9,0,-28.71,0.0019,2
0,9,1,-15.81,0.0374,2
0,9,2,-12.92,0.0719,2
0,9,3,-56.68,0.0000,2
0,9,4,-48.67,0.0000,2
0,9,5,-6.81,0.2733,2
0,9,6,-39.05,0.0002,2
0,9,7,-11.19,0.1056,2
0,9,8,-18.68,0.0194,2
0,9,9,-15.00,0.0449,2
0,9,10,-37.58,0.0003,2
0,9,11,13.91,4.6775,2
0,9,12,-27.05,0.0028,2
0,9,13,-41.51,0.0001,2
0,9,14,-39.02,0.0002,2
0,9,15,-48.23,0.0000,2
0,9,16,-25.87,0.0037,2
0,9,17,2.76,1.5295,2
0,9,18,1.54,1.2788,2
0,9,19,12.70,4.2956,2
0,9,20,48.91,16.2490,2
0,9,21,-27.66,0.0025,2
0,9,22,-40.32,0.0001,2
0,9,23,15.01,5.0302,2
0,9,24,-6.98,0.2637,2
0,9,25,-24.94,0.0046,2
0,9,26,-51.18,0.0000,2
0,9,27,-44.47,0.0001,2
0,9,28,-31.17,0.0011,2
0,9,29,-48.10,0.0000,2
0,9,30,-14.57,0.0496,2
0,9,31,-2.15,0.6861,2
0,9,32,5.56,2.2021,2
0,9,33,1.11,1.1961,2
0,9,34,-10.43,0.1250,2
0,9,35,1.64,1.2978,2
0,9,36,-12.42,0.0804,2
0,9,37,-32.85,0.0007,2
0,9,38,-9.46,0.1548,2
0,9,39,-32.89,0.0007,2
0,9,40,-43.91,0.0001,2
0,9,41,-14.83,0.0467,2
0,10,0,-1.91,0.7174,2
0,10,1,-5.13,0.3865,2
0,10,2,-1.07,0.8333,2
0,10,3,-8.24,0.2014,2
0,10,4,-7.78,0.2223,2
0,10,5,-19.62,0.0157,2
0,10,6,-5.00,0.3966,2
0,10,7,-30.16,0.0014,2
0,10,8,-40.02,0.0001,2
0,10,9,-26.32,0.0034,2
0,10,10,-12.78,0.0741,2
0,10,11,-12.34,0.0818,2
0,10,12,-10.97,0.1110,2
0,10,13,-39.65,0.0002,2
0,10,14,-24.87,0.0047,2
0,10,15,-16.44,0.0324,2
0,10,16,-7.03,0.2608,2
0,10,17,-11.43,0.1002,2
0,10,18,-2.66,0.6251,2
0,10,19,-18.62,0.0197,2
0,10,20,13.70,4.6123,2
0,10,21,23.82,7.9199,2
0,10,22,-25.57,0.0040,2
0,10,23,-12.24,0.0837,2
0,10,24,-5.67,0.3462,2
0,10,25,-49.89,0.0000,2
0,10,26,-21.43,0.0103,2
0,10,27,-19.10,0.0176,2
0,10,28,-30.15,0.0014,2
0,10,29,-28.43,0.0021,2
0,10,30,-0.29,0.9533,2
0,10,31,-34.06,0.0006,2
0,10,32,-35.97,0.0004,2
0,10,33,-22.71,0.0077,2
0,10,34,-18.41,0.0206,2
0,10,35,-20.14,0.0139,2
0,10,36,-39.91,0.0001,2
0,10,37,-57.20,0.0000,2
0,10,38,-18.01,0.0226,2
0,10,39,-36.61,0.0003,2
0,10,40,-15.73,0.0381,2
0,10,41,-1.55,0.7658,2
0,11,0,-300.00,0.0000,2
0,11,1,-33.03,0.0007,2
0,11,2,-63.22,0.0000,2
0,11,3,-55.43,0.0000,2
0,11,4,-44.69,0.0000,2
0,11,5,-32.57,0.0008,2
0,11,6,-44.99,0.0000,2
0,11,7,-45.07,0.0000,2
0,11,8,-28.27,0.0021,2
0,11,9,-51.38,0.0000,2
0,11,10,-45.81,0.0000,2
0,11,11,-3.88,0.4954,2
0,11,12,-24.40,0.0052,2
0,11,13,-32.87,0.0007,2
0,11,14,-62.25,0.0000,2
0,11,15,-27.15,0.0028,2
0,11,16,-24.19,0.0055,2
0,11,17,-47.42,0.0000,2
0,11,18,-15.59,0.0393,2
0,11,19,-19.72,0.0153,2
0,11,20,4.76,1.9963,2
0,11,21,-11.01,0.1100,2
0,11,22,-20.27,0.0135,2
0,11,23,-8.18,0.2044,2
0,11,24,-11.59,0.0967,2
0,11,25,-34.88,0.0005,2
0,11,26,-8.62,0.1857,2
0,11,27,-18.85,0.0187,2
0,11,28,-37.15,0.0003,2
0,11,29,-10.29,0.1290,2
0,11,30,-40.58,0.0001,2
0,11,31,-64.47,0.0000,2
0,11,32,-63.22,0.0000,2
0,11,33,-46.57,0.0000,2
0,11,34,-41.94,0.0001,2
0,11,35,-2.78,0.6113,2
0,11,36,-26.01,0.0036,2
0,11,37,-28.16,0.0022,2
0,11,38,-54.32,0.0000,2
0,11,39,-36.77,0.0003,2
0,11,40,-31.71,0.0010,2
0,11,41,-15.08,0.0441,2
0,12,0,-45.60,0.0000,2
0,12,1,-36.72,0.0003,2
0,12,2,-55.81,0.0000,2
0,12,3,-34.30,0.0005,2
0,12,4,-46.59,0.0000,2
0,12,5,-38.74,0.0002,2
0,12,6,-44.25,0.0001,2
0,12,7,-39.95,0.0001,2
0,12,8,-61.46,0.0000,2
0,12,9,-54.19,0.0000,2
0,12,10,-45.77,0.0000,2
0,12,11,-25.20,0.0044,2
0,12,12,-47.09,0.0000,2
0,12,13,-20.16,0.0138,2
0,12,14,-40.30,0.0001,2
0,12,15,-30.96,0.0012,2
0,12,16,-54.61,0.0000,2
0,12,17,-38.63,0.0002,2
0,12,18,-18.47,0.0204,2
0,12,19,-300.00,0.0000,2
0,12,20,-18.92,0.0184,2
0,12,21,-34.64,0.0005,2
0,12,22,-27.18,0.0028,2
0,12,23,5.27,2.1254,2
0,12,24,-21.07,0.0112,2
0,12,25,-35.81,0.0004,2
0,12,26,-11.04,0.1093,2
0,12,27,-26.81,0.0030,2
0,12,28,-25.80,0.0038,2
0,12,29,-32.20,0.0009,2
0,12,30,-15.57,0.0394,2
0,12,31,-44.58,0.0001,2
0,12,32,-66.23,0.0000,2
0,12,33,-57.48,0.0000,2
0,12,34,-50.37,0.0000,2
0,12,35,-44.24,0.0001,2
0,12,36,0.40,1.0672,2
0,12,37,-38.23,0.0002,2
0,12,38,-25.22,0.0043,2
0,12,39,-16.10,0.0350,2
0,12,40,-38.41,0.0002,2
0,12,41,-26.75,0.0030,2
0,13,0,-22.17,0.0087,2
0,13,1,-31.85,0.0009,2
0,13,2,-28.26,0.0022,2
0,13,3,-8.38,0.1958,2
0,13,4,-24.46,0.0052,2
0,13,5,4.14,1.8462,2
0,13,6,-17.03,0.0283,2
0,13,7,-18.93,0.0183,2
0,13,8,-11.70,0.0945,2
0,13,9,-23.92,0.0058,2
0,13,10,-54.47,0.0000,2
0,13,11,-17.91,0.0232,2
0,13,12,-42.71,0.0001,2
0,13,13,-58.45,0.0000,2
0,13,14,-46.27,0.0000,2
0,13,15,-30.89,0.0012,2
0,13,16,-24.95,0.0046,2
0,13,17,-18.81,0.0188,2
0,13,18,-32.59,0.0008,2
0,13,19,-46.88,0.0000,2
0,13,20,-0.89,0.8594,2
0,13,21,-46.91,0.0000,2
0,13,22,-25.14,0.0044,2
0,13,23,-9.11,0.1670,2
0,13,24,-14.32,0.0524,2
0,13,25,-21.97,0.0091,2
0,13,26,-6.56,0.2881,2
0,13,27,-3.43,0.5404,2
0,13,28,-30.22,0.0014,2
0,13,29,-40.62,0.0001,2
0,13,30,-0.41,0.9340,2
0,13,31,-18.78,0.0190,2
0,13,32,-36.17,0.0003,2
0,13,33,-29.06,0.0018,2
0,13,34,-15.89,0.0367,2
0,13,35,2.42,1.4573,2
0,13,36,-40.90,0.0001,2
0,13,37,-50.21,0.0000,2
0,13,38,-46.43,0.0000,2
0,13,39,-40.06,0.0001,2
0,13,40,-31.39,0.0010,2
0,13,41,-47.93,0.0000,2
0,14,0,-69.24,0.0000,2
0,14,1,-55.09,0.0000,2
0,14,2,-29.97,0.0015,2
0,14,3,-57.78,0.0000,2
0,14,4,-37.36,0.0003,2
0,14,5,-55.26,0.0000,2
0,14,6,-29.55,0.0016,2
0,14,7,-23.85,0.0059,2
0,14,8,-26.71,0.0031,2
0,14,9,-45.93,0.0000,2
0,14,10,-28.34,0.0021,2
0,14,11,-0.61,0.9027,2
0,14,12,-27.64,0.0025,2
0,14,13,-24.79,0.0048,2
0,14,14,-36.63,0.0003,2
0,14,15,-30.58,0.0013,2
0,14,16,-29.69,0.0015,2
0,14,17,-44.81,0.0000,2
0,14,18,-38.75,0.0002,2
0,14,19,-31.49,0.0010,2
0,14,20,-40.59,0.0001,2
0,14,21,-21.16,0.0110,2
0,14,22,-48.13,0.0000,2
0,14,23,-24.47,0.0052,2
0,14,24,-39.10,0.0002,2
0,14,25,-17.30,0.0266,2
0,14,26,-54.32,0.0000,2
0,14,27,-27.99,0.0023,2
0,14,28,-36.39,0.0003,2
0,14,29,5.01,2.0597,2
0,14,30,-17.53,0.0252,2
0,14,31,-22.61,0.0079,2
0,14,32,-50.72,0.0000,2
0,14,33,-51.68,0.0000,2
0,14,34,-26.03,0.0036,2
0,14,35,-8.49,0.1910,2
0,14,36,-45.22,0.0000,2
0,14,37,-55.81,0.0000,2
0,14,38,-31.38,0.0010,2
0,14,39,-25.11,0.0044,2
0,14,40,-49.94,0.0000,2
0,14,41,-34.18,0.0006,2
0,15,0,-11.52,0.0983,2
0,15,1,-48.16,0.0000,2
0,15,2,-24.22,0.0054,2
0,15,3,-13.14,0.0684,2
0,15,4,-9.67,0.1478,2
0,15,5,-8.38,0.1956,2
0,15,6,-7.92,0.2159,2
0,15,7,-1.62,0.7563,2
0,15,8,-18.97,0.0182,2
0,15,9,-14.77,0.0473,2
0,15,10,-18.90,0.0185,2
0,15,11,3.47,1.6878,2
0,15,12,-18.32,0.0211,2
0,15,13,-20.68,0.0123,2
0,15,14,-10.22,0.1311,2
0,15,15,-47.39,0.0000,2
0,15,16,-38.05,0.0002,2
0,15,17,-34.94,0.0005,2
0,15,18,-24.78,0.0048,2
0,15,19,-29.32,0.0017,2
0,15,20,-5.06,0.3918,2
0,15,21,-36.36,0.0003,2
0,15,22,-29.30,0.0017,2
0,15,23,-9.48,0.1541,2
0,15,24,-15.84,0.0371,2
0,15,25,-31.15,0.0011,2
0,15,26,0.82,1.1427,2
0,15,27,-10.64,0.1194,2
0,15,28,-6.94,0.2660,2
0,15,29,-8.04,0.2103,2
0,15,30,94.18,31.2850,2
0,15,31,9.33,3.2585,2
0,15,32,9.15,3.2055,2
0,15,33,56.11,18.6402,2
0,15,34,-20.13,0.0139,2
0,15,35,43.22,14.3585,2
0,15,36,-17.35,0.0263,2
0,15,37,-18.85,0.0187,2
0,15,38,-19.30,0.0169,2
0,15,39,-6.95,0.2652,2
0,15,40,-10.64,0.1195,2
0,15,41,-20.64,0.0124,2
0,16,0,-56.23,0.0000,2
0,16,1,-44.01,0.0001,2
0,16,2,-47.42,0.0000,2
0,16,3,-38.82,0.0002,2
0,16,4,-53.22,0.0000,2
0,16,5,-60.21,0.0000,2
0,16,6,-49.51,0.0000,2
0,16,7,-28.08,0.0022,2
0,16,8,-55.09,0.0000,2
0,16,9,-46.31,0.0000,2
0,16,10,-43.97,0.0001,2
0,16,11,-16.28,0.0336,2
0,16,12,-37.50,0.0003,2
0,16,13,-34.86,0.0005,2
0,16,14,-42.44,0.0001,2
0,16,15,-32.07,0.0009,2
0,16,16,-24.30,0.0053,2
0,16,17,-29.74,0.0015,2
0,16,18,-40.69,0.0001,2
0,16,19,-4.69,0.4218,2
0,16,20,0.17,1.0289,2
0,16,21,-35.72,0.0004,2
0,16,22,-44.61,0.0000,2
0,16,23,-40.52,0.0001,2
0,16,24,-43.14,0.0001,2
0,16,25,-35.16,0.0004,2
0,16,26,-32.03,0.0009,2
0,16,27,-48.94,0.0000,2
0,16,28,-16.49,0.0320,2
0,16,29,-55.09,0.0000,2
0,16,30,-18.39,0.0208,2
0,16,31,-28.25,0.0022,2
0,16,32,-20.48,0.0129,2
0,16,33,12.75,4.3112,2
0,16,34,-48.52,0.0000,2
0,16,35,-15.07,0.0442,2
0,16,36,-12.76,0.0744,2
0,16,37,-39.26,0.0002,2
0,16,38,-29.70,0.0015,2
0,16,39,-15.88,0.0367,2
0,16,40,-25.92,0.0037,2
0,16,41,-19.97,0.0144,2
0,17,0,-60.79,0.0000,2
0,17,1,-38.66,0.0002,2
0,17,2,-40.36,0.0001,2
0,17,3,-25.16,0.0044,2
0,17,4,-43.27,0.0001,2
0,17,5,-42.85,0.0001,2
0,17,6,-34.59,0.0005,2
0,17,7,-1.40,0.7862,2
0,17,8,7.40,2.6987,2
0,17,9,-11.65,0.0955,2
0,17,10,-38.20,0.0002,2
0,17,11,-0.72,0.8859,2
0,17,12,-40.16,0.0001,2
0,17,13,-41.33,0.0001,2
0,17,14,-47.56,0.0000,2
0,17,15,-49.46,0.0000,2
0,17,16,-29.16,0.0018,2
0,17,17,-22.42,0.0082,2
0,17,18,-23.64,0.0062,2
0,17,19,0.58,1.0992,2
0,17,20,-10.80,0.1153,2
0,17,21,-22.60,0.0079,2
0,17,22,-28.79,0.0019,2
0,17,23,-11.06,0.1087,2
0,17,24,-43.32,0.0001,2
0,17,25,-30.17,0.0014,2
0,17,26,-28.29,0.0021,2
0,17,27,-32.58,0.0008,2
0,17,28,-11.14,0.1069,2
0,17,29,-36.37,0.0003,2
0,17,30,11.19,3.8229,2
0,17,31,-12.97,0.0710,2
0,17,32,-11.97,0.0888,2
0,17,33,27.64,9.1857,2
0,17,34,-4.57,0.4318,2
0,17,35,11.85,4.0269,2
0,17,36,-40.56,0.0001,2
0,17,37,-51.04,0.0000,2
0,17,38,-39.87,0.0001,2
0,17,39,-36.63,0.0003,2
0,17,40,-21.71,0.0097,2
0,17,41,-60.79,0.0000,2
0,18,0,-30.27,0.0014,2
0,18,1,-32.35,0.0008,2
0,18,2,-32.66,0.0008,2
0,18,3,-38.69,0.0002,2
0,18,4,-24.58,0.0050,2
0,18,5,-39.43,0.0002,2
0,18,6,-63.22,0.0000,2
0,18,7,0.23,1.0386,2
0,18,8,-47.09,0.0000,2
0,18,9,-41.81,0.0001,2
0,18,10,-33.64,0.0006,2
0,18,11,-8.30,0.1989,2
0,18,12,-60.21,0.0000,2
0,18,13,-30.49,0.0013,2
0,18,14,-56.93,0.0000,2
0,18,15,-58.82,0.0000,2
0,18,16,-57.48,0.0000,2
0,18,17,-66.23,0.0000,2
0,18,18,-47.53,0.0000,2
0,18,19,-35.16,0.0004,2
0,18,20,-43.43,0.0001,2
0,18,21,-57.78,0.0000,2
0,18,22,-57.78,0.0000,2
0,18,23,-12.58,0.0776,2
0,18,24,-61.46,0.0000,2
0,18,25,-300.00,0.0000,2
0,18,26,-69.24,0.0000,2
0,18,27,-56.93,0.0000,2
0,18,28,-57.48,0.0000,2
0,18,29,-60.21,0.0000,2
0,18,30,-22.53,0.0080,2
0,18,31,-41.78,0.0001,2
0,18,32,-32.39,0.0008,2
0,18,33,-300.00,0.0000,2
0,18,34,-40.87,0.0001,2
0,18,35,-31.03,0.0011,2
0,18,36,-4.91,0.4033,2
0,18,37,-9.15,0.1657,2
0,18,38,-24.77,0.0048,2
0,18,39,-23.40,0.0066,2
0,18,40,-26.30,0.0034,2
0,18,41,-38.89,0.0002,2
0,19,0,-300.00,0.0000,2
0,19,1,-300.00,0.0000,2
0,19,2,-53.67,0.0000,2
0,19,3,-300.00,0.0000,2
0,19,4,-44.34,0.0001,2
0,19,5,-300.00,0.0000,2
0,19,6,-48.16,0.0000,2
0,19,7,-40.97,0.0001,2
0,19,8,-46.98,0.0000,2
0,19,9,-50.15,0.0000,2
0,19,10,-38.04,0.0002,2
0,19,11,-5.82,0.3356,2
0,19,12,-45.22,0.0000,2
0,19,13,-33.16,0.0007,2
0,19,14,-46.14,0.0000,2
0,19,15,-11.56,0.0973,2
0,19,16,-300.00,0.0000,2
0,19,17,-38.86,0.0002,2
0,19,18,-43.42,0.0001,2
0,19,19,-18.60,0.0198,2
0,19,20,-0.19,0.9686,2
0,19,21,-41.12,0.0001,2
0,19,22,-32.09,0.0009,2
0,19,23,3.84,1.7739,2
0,19,24,-27.64,0.0025,2
0,19,25,-14.60,0.0491,2
0,19,26,-37.59,0.0003,2
0,19,27,-30.36,0.0013,2
0,19,28,-29.27,0.0017,2
0,19,29,-24.15,0.0055,2
0,19,30,-27.05,0.0028,2
0,19,31,-48.82,0.0000,2
0,19,32,-51.76,0.0000,2
0,19,33,-300.00,0.0000,2
0,19,34,-37.46,0.0003,2
0,19,35,-53.67,0.0000,2
0,19,36,-34.36,0.0005,2
0,19,37,-16.20,0.0342,2
0,19,38,-2.88,0.6001,2
0,19,39,-12.03,0.0877,2
0,19,40,-59.24,0.0000,2
0,19,41,-42.77,0.0001,2
0,20,0,-37.74,0.0002,2
0,20,1,-47.71,0.0000,2
0,20,2,-34.42,0.0005,2
0,20,3,-30.87,0.0012,2
0,20,4,-23.88,0.0059,2
0,20,5,-42.68,0.0001,2
0,20,6,-20.96,0.0115,2
0,20,7,-7.72,0.2252,2
0,20,8,-61.46,0.0000,2
0,20,9,-64.47,0.0000,2
0,20,10,-47.36,0.0000,2
0,20,11,-27.93,0.0023,2
0,20,12,-33.32,0.0007,2
0,20,13,-19.98,0.0144,2
0,20,14,-19.55,0.0159,2
0,20,15,-29.94,0.0015,2
0,20,16,-42.47,0.0001,2
0,20,17,-19.99,0.0144,2
0,20,18,-44.16,0.0001,2
0,20,19,-51.60,0.0000,2
0,20,20,-42.14,0.0001,2
0,20,21,-42.58,0.0001,2
0,20,22,-54.32,0.0000,2
0,20,23,-0.25,0.9588,2
0,20,24,-31.14,0.0011,2
0,20,25,-19.25,0.0171,2
0,20,26,-31.19,0.0011,2
0,20,27,-60.21,0.0000,2
0,20,28,-32.49,0.0008,2
0,20,29,-26.82,0.0030,2
0,20,30,-23.23,0.0068,2
0,20,31,-21.57,0.0100,2
0,20,32,-23.12,0.0070,2
0,20,33,-23.60,0.0063,2
0,20,34,-58.45,0.0000,2
0,20,35,-14.10,0.0551,2
0,20,36,-23.27,0.0068,2
0,20,37,1.32,1.2356,2
0,20,38,-19.28,0.0169,2
0,20,39,-44.77,0.0000,2
0,20,40,-4.67,0.4237,2
0,20,41,-7.25,0.2490,2
1,0,0,-5.62,0.3496,2
1,0,1,13.82,4.6482,2
1,0,2,-29.60,0.0016,2
1,0,3,-23.08,0.0071,2
1,0,4,8.86,3.1189,2
1,0,5,0.53,1.0907,2
1,0,6,-33.53,0.0006,2
1,0,7,-7.22,0.2505,2
1,0,8,-45.83,0.0000,2
1,0,9,-18.44,0.0205,2
1,0,10,-19.32,0.0168,2
1,0,11,11.64,3.9619,2
1,0,12,-14.56,0.0496,2
1,0,13,-20.42,0.0130,2
1,0,14,-16.10,0.0350,2
1,0,15,-21.42,0.0104,2
1,0,16,-20.01,0.0143,2
1,0,17,-10.03,0.1367,2
1,0,18,-10.45,0.1246,2
1,0,19,-38.45,0.0002,2
1,0,20,11.19,3.8243,2
1,0,21,3.64,1.7276,2
1,0,22,-25.98,0.0036,2
1,0,23,3.98,1.8082,2
1,0,24,-9.58,0.1509,2
1,0,25,-32.70,0.0008,2
1,0,26,-4.37,0.4500,2
1,0,27,-26.98,0.0029,2
1,0,28,-24.32,0.0053,2
1,0,29,-10.68,0.1184,2
1,0,30,-3.85,0.4982,2
1,0,31,-47.45,0.0000,2
1,0,32,-35.36,0.0004,2
1,0,33,-36.42,0.0003,2
1,0,34,-37.83,0.0002,2
1,0,35,-39.16,0.0002,2
1,0,36,-7.62,0.2304,2
1,0,37,-28.77,0.0019,2
1,0,38,-23.18,0.0069,2
1,0,39,-42.19,0.0001,2
1,0,40,-47.78,0.0000,2
1,0,41,-50.54,0.0000,2
1,1,0,9.54,3.3202,2
1,1,1,-31.53,0.0010,2
1,1,2,51.76,17.1952,2
1,1,3,-0.03,0.9948,2
1,1,4,13.29,4.4803,2
1,1,5,-27.76,0.0024,2
1,1,6,-12.44,0.0801,2
1,1,7,30.23,10.0427,2
1,1,8,-24.22,0.0055,2
1,1,9,-15.93,0.0364,2
1,1,10,-1.71,0.7440,2
1,1,11,-0.38,0.9384,2
1,1,12,-26.41,0.0033,2
1,1,13,-17.08,0.0280,2
1,1,14,-21.00,0.0114,2
1,1,15,-20.06,0.0142,2
1,1,16,-17.00,0.0285,2
1,1,17,-26.84,0.0030,2
1,1,18,-13.61,0.0615,2
1,1,19,-1.23,0.8103,2
1,1,20,-1.58,0.7617,2
1,1,21,-34.14,0.0006,2
1,1,22,-46.86,0.0000,2
1,1,23,-30.00,0.0014,2
1,1,24,-31.05,0.0011,2
1,1,25,-32.05,0.0009,2
1,1,26,-28.82,0.0019,2
1,1,27,-21.03,0.0113,2
1,1,28,-42.68,0.0001,2
1,1,29,-29.77,0.0015,2
1,1,30,9.53,3.3170,2
1,1,31,-20.82,0.0119,2
1,1,32,-31.95,0.0009,2
1,1,33,-15.84,0.0371,2
1,1,34,-39.30,0.0002,2
1,1,35,-18.57,0.0199,2
1,1,36,2.09,1.3892,2
1,1,37,-5.76,0.3399,2
1,1,38,-5.67,0.3456,2
1,1,39,-25.80,0.0038,2
1,1,40,11.42,3.8939,2
1,1,41,-18.31,0.0211,2
1,2,0,-27.54,0.0025,2
1,2,1,-4.08,0.4762,2
1,2,2,-23.38,0.0066,2
1,2,3,-8.80,0.1785,2
1,2,4,20.46,6.8095,2
1,2,5,-0.37,0.9391,2
1,2,6,-48.45,0.0000,2
1,2,7,-17.48,0.0256,2
1,2,8,-3.48,0.5347,2
1,2,9,-22.25,0.0086,2
1,2,10,-30.89,0.0012,2
1,2,11,-13.16,0.0681,2
1,2,12,-56.01,0.0000,2
1,2,13,-28.36,0.0021,2
1,2,14,-39.86,0.0001,2
1,2,15,-49.28,0.0000,2
1,2,16,-32.51,0.0008,2
1,2,17,-43.40,0.0001,2
1,2,18,-25.33,0.0042,2
1,2,19,-58.82,0.0000,2
1,2,20,24.70,8.2099,2
1,2,21,-36.14,0.0004,2
1,2,22,-16.79,0.0299,2
1,2,23,-9.24,0.1623,2
1,2,24,-1.98,0.7086,2
1,2,25,-28.31,0.0021,2
1,2,26,-14.02,0.0560,2
1,2,27,-12.10,0.0863,2
1,2,28,-25.30,0.0042,2
1,2,29,-58.10,0.0000,2
1,2,30,1.13,1.1992,2
1,2,31,-11.89,0.0905,2
1,2,32,-17.74,0.0241,2
1,2,33,-21.02,0.0114,2
1,2,34,-4.04,0.4793,2
1,2,35,-8.15,0.2056,2
1,2,36,-43.91,0.0001,2
1,2,37,-5.68,0.3451,2
1,2,38,-39.81,0.0002,2
1,2,39,-26.32,0.0034,2
1,2,40,-5.75,0.3402,2
1,2,41,-26.90,0.0029,2
1,3,0,-15.65,0.0388,2
1,3,1,-39.44,0.0002,2
1,3,2,-41.83,0.0001,2
1,3,3,-9.26,0.1617,2
1,3,4,-33.91,0.0006,2
1,3,5,-21.85,0.0094,2
1,3,6,5.14,2.0927,2
1,3,7,5.63,2.2199,2
1,3,8,0.08,1.0127,2
1,3,9,-17.43,0.0259,2
1,3,10,-23.73,0.0061,2
1,3,11,12.55,4.2470,2
1,3,12,-33.15,0.0007,2
1,3,13,-8.51,0.1904,2
1,3,14,-23.43,0.0065,2
1,3,15,1.02,1.1795,2
1,3,16,-30.87,0.0012,2
1,3,17,-21.04,0.0113,2
1,3,18,-29.47,0.0016,2
1,3,19,-20.31,0.0134,2
1,3,20,-7.63,0.2299,2
1,3,21,-31.45,0.0010,2
1,3,22,-300.00,0.0000,2
1,3,23,-17.85,0.0235,2
1,3,24,-34.59,0.0005,2
1,3,25,-20.98,0.0115,2
1,3,26,-8.89,0.1751,2
1,3,27,-25.85,0.0037,2
1,3,28,-23.70,0.0061,2
1,3,29,-9.39,0.1571,2
1,3,30,-1.03,0.8396,2
1,3,31,-15.71,0.0383,2
1,3,32,-23.02,0.0072,2
1,3,33,-22.46,0.0082,2
1,3,34,-23.54,0.0064,2
1,3,35,-9.44,0.1555,2
1,3,36,-42.57,0.0001,2
1,3,37,-54.77,0.0000,2
1,3,38,-59.69,0.0000,2
1,3,39,-44.99,0.0000,2
1,3,40,-29.90,0.0015,2
1,3,41,-39.49,0.0002,2
1,4,0,-41.00,0.0001,2
1,4,1,-46.50,0.0000,2
1,4,2,-45.81,0.0000,2
1,4,3,-30.46,0.0013,2
1,4,4,-22.48,0.0081,2
1,4,5,-18.21,0.0216,2
1,4,6,-32.21,0.0009,2
1,4,7,-8.90,0.1750,2
1,4,8,-22.64,0.0078,2
1,4,9,-16.41,0.0326,2
1,4,10,-33.06,0.0007,2
1,4,11,-1.46,0.7775,2
1,4,12,-47.51,0.0000,2
1,4,13,-59.24,0.0000,2
1,4,14,-24.06,0.0057,2
1,4,15,-64.47,0.0000,2
1,4,16,-34.19,0.0005,2
1,4,17,-41.94,0.0001,2
1,4,18,-21.72,0.0097,2
1,4,19,-14.52,0.0500,2
1,4,20,0.08,1.0126,2
1,4,21,-64.47,0.0000,2
1,4,22,-34.07,0.0006,2
1,4,23,-12.58,0.0775,2
1,4,24,-22.40,0.0083,2
1,4,25,-15.42,0.0408,2
1,4,26,-24.20,0.0055,2
1,4,27,-30.42,0.0013,2
1,4,28,-31.35,0.0011,2
1,4,29,-9.63,0.1490,2
1,4,30,11.02,3.7709,2
1,4,31,-5.11,0.3878,2
1,4,32,-30.08,0.0014,2
1,4,33,-25.22,0.0043,2
1,4,34,-11.27,0.1038,2
1,4,35,14.61,4.9039,2
1,4,36,-26.29,0.0034,2
1,4,37,-45.54,0.0000,2
1,4,38,-37.09,0.0003,2
1,4,39,-44.01,0.0001,2
1,4,40,-64.47,0.0000,2
1,4,41,-26.51,0.0032,2
1,5,0,7.19,2.6402,2
1,5,1,-31.27,0.0011,2
1,5,2,0.22,1.0367,2
1,5,3,-6.63,0.2839,2
1,5,4,-8.24,0.2015,2
1,5,5,-37.77,0.0002,2
1,5,6,-16.31,0.0333,2
1,5,7,4.92,2.0371,2
1,5,8,-8.86,0.1765,2
1,5,9,-14.29,0.0528,2
1,5,10,-6.47,0.2935,2
1,5,11,71.22,23.6595,2
1,5,12,-25.12,0.0044,2
1,5,13,-28.92,0.0019,2
1,5,14,-15.39,0.0411,2
1,5,15,-16.11,0.0349,2
1,5,16,-21.42,0.0104,2
1,5,17,-17.75,0.0240,2
1,5,18,-20.34,0.0133,2
1,5,19,-30.11,0.0014,2
1,5,20,-20.57,0.0126,2
1,5,21,-14.45,0.0508,2
1,5,22,-28.97,0.0018,2
1,5,23,-2.25,0.6740,2
1,5,24,-48.45,0.0000,2
1,5,25,-34.24,0.0005,2
1,5,26,-37.54,0.0003,2
1,5,27,-32.72,0.0008,2
1,5,28,-15.49,0.0402,2
1,5,29,-27.41,0.0026,2
1,5,30,-23.91,0.0059,2
1,5,31,-32.55,0.0008,2
1,5,32,-33.50,0.0006,2
1,5,33,-42.37,0.0001,2
1,5,34,-27.15,0.0028,2
1,5,35,-7.52,0.2351,2
1,5,36,-4.53,0.4354,2
1,5,37,-11.45,0.0999,2
1,5,38,-28.40,0.0021,2
1,5,39,-22.82,0.0075,2
1,5,40,-13.61,0.0615,2
1,5,41,-23.77,0.0060,2
1,6,0,-39.59,0.0002,2
1,6,1,-15.96,0.0361,2
1,6,2,-64.47,0.0000,2
1,6,3,-33.49,0.0006,2
1,6,4,-43.81,0.0001,2
1,6,5,-66.23,0.0000,2
1,6,6,-27.71,0.0024,2
1,6,7,-29.07,0.0018,2
1,6,8,-35.96,0.0004,2
1,6,9,-48.52,0.0000,2
1,6,10,-31.27,0.0011,2
1,6,11,-15.90,0.0366,2
1,6,12,10.60,3.6410,2
1,6,13,-28.96,0.0018,2
1,6,14,13.08,4.4146,2
1,6,15,-21.88,0.0093,2
1,6,16,-21.34,0.0106,2
1,6,17,-13.49,0.0632,2
1,6,18,-3.39,0.5437,2
1,6,19,-6.20,0.3100,2
1,6,20,-7.38,0.2421,2
1,6,21,-28.44,0.0021,2
1,6,22,-29.14,0.0018,2
1,6,23,-6.94,0.2658,2
1,6,24,-35.07,0.0004,2
1,6,25,-32.80,0.0008,2
1,6,26,-50.49,0.0000,2
1,6,27,-52.16,0.0000,2
1,6,28,-22.81,0.0075,2
1,6,29,-14.06,0.0556,2
1,6,30,-5.34,0.3697,2
1,6,31,-39.02,0.0002,2
1,6,32,-10.85,0.1139,2
1,6,33,-19.64,0.0156,2
1,6,34,-45.05,0.0000,2
1,6,35,3.27,1.6436,2
1,6,36,-45.36,0.0000,2
1,6,37,-36.86,0.0003,2
1,6,38,-31.97,0.0009,2
1,6,39,-28.40,0.0021,2
1,6,40,-7.97,0.2138,2
1,6,41,-11.07,0.1086,2
1,7,0,-19.07,0.0178,2
1,7,1,-16.19,0.0343,2
1,7,2,-15.60,0.0392,2
1,7,3,-4.90,0.4041,2
1,7,4,-35.38,0.0004,2
1,7,5,-40.09,0.0001,2
1,7,6,-10.47,0.1239,2
1,7,7,-9.16,0.1653,2
1,7,8,-7.33,0.2449,2
1,7,9,-13.71,0.0602,2
1,7,10,-26.12,0.0035,2
1,7,11,7.16,2.6322,2
1,7,12,-31.81,0.0010,2
1,7,13,-33.83,0.0006,2
1,7,14,22.50,7.4838,2
1,7,15,-6.15,0.3133,2
1,7,16,-28.19,0.0022,2
1,7,17,5.99,2.3143,2
1,7,18,-34.45,0.0005,2
1,7,19,-47.28,0.0000,2
1,7,20,-16.37,0.0329,2
1,7,21,-40.88,0.0001,2
1,7,22,-20.80,0.0119,2
1,7,23,-3.32,0.5514,2
1,7,24,-7.45,0.2388,2
1,7,25,-17.90,0.0232,2
1,7,26,-39.45,0.0002,2
1,7,27,-14.26,0.0531,2
1,7,28,-18.00,0.0227,2
1,7,29,19.59,6.5249,2
1,7,30,-15.66,0.0387,2
1,7,31,-39.99,0.0001,2
1,7,32,-36.07,0.0004,2
1,7,33,-37.74,0.0002,2
1,7,34,-21.25,0.0108,2
1,7,35,-12.84,0.0732,2
1,7,36,-10.84,0.1141,2
1,7,37,-35.07,0.0004,2
1,7,38,-12.69,0.0756,2
1,7,39,-5.00,0.3961,2
1,7,40,-44.13,0.0001,2
1,7,41,-27.59,0.0025,2
1,8,0,-27.87,0.0024,2
1,8,1,-7.48,0.2372,2
1,8,2,-30.38,0.0013,2
1,8,3,-49.15,0.0000,2
1,8,4,-23.00,0.0072,2
1,8,5,-32.52,0.0008,2
1,8,6,-55.26,0.0000,2
1,8,7,-19.83,0.0149,2
1,8,8,-27.69,0.0025,2
1,8,9,-23.26,0.0068,2
1,8,10,-31.08,0.0011,2
1,8,11,-3.72,0.5104,2
1,8,12,-0.13,0.9788,2
1,8,13,-31.49,0.0010,2
1,8,14,-10.73,0.1169,2
1,8,15,-53.67,0.0000,2
1,8,16,-12.88,0.0724,2
1,8,17,-5.69,0.3444,2
1,8,18,-22.14,0.0088,2
1,8,19,-39.19,0.0002,2
1,8,20,17.27,5.7627,2
1,8,21,5.65,2.2239,2
1,8,22,-40.72,0.0001,2
1,8,23,-32.01,0.0009,2
1,8,24,-22.54,0.0080,2
1,8,25,-41.85,0.0001,2
1,8,26,-69.24,0.0000,2
1,8,27,-40.69,0.0001,2
1,8,28,-34.11,0.0006,2
1,8,29,-42.53,0.0001,2
1,8,30,-17.32,0.0265,2
1,8,31,-39.03,0.0002,2
1,8,32,-49.89,0.0000,2
1,8,33,-43.61,0.0001,2
1,8,34,-62.25,0.0000,2
1,8,35,-2.21,0.6788,2
1,8,36,-49.46,0.0000,2
1,8,37,-300.00,0.0000,2
1,8,38,-58.10,0.0000,2
1,8,39,-30.68,0.0012,2
1,8,40,-42.73,0.0001,2
1,8,41,-43.50,0.0001,2
1,9,0,-28.71,0.0019,2
1,9,1,-15.81,0.0374,2
1,9,2,-12.92,0.0719,2
1,9,3,-56.68,0.0000,2
1,9,4,-48.67,0.0000,2
1,9,5,-6.81,0.2733,2
1,9,6,-39.05,0.0002,2
1,9,7,-11.19,0.1056,2
1,9,8,-18.68,0.0194,2
1,9,9,-15.00,0.0449,2
1,9,10,-37.58,0.0003,2
1,9,11,13.91,4.6775,2
1,9,12,-27.05,0.0028,2
1,9,13,-41.51,0.0001,2
1,9,14,-39.02,0.0002,2
1,9,15,-48.23,0.0000,2
1,9,16,-25.87,0.0037,2
1,9,17,2.76,1.5295,2
1,9,18,1.54,1.2788,2
1,9,19,12.70,4.2956,2
1,9,20,48.91,16.2490,2
1,9,21,-27.66,0.0025,2
1,9,22,-40.32,0.0001,2
1,9,23,15.01,5.0302,2
1,9,24,-6.98,0.2637,2
1,9,25,-24.94,0.0046,2
1,9,26,-51.18,0.0000,2
1,9,27,-44.47,0.0001,2
1,9,28,-31.17,0.0011,2
1,9,29,-48.10,0.0000,2
1,9,30,-14.57,0.0496,2
1,9,31,-2.15,0.6861,2
1,9,32,5.56,2.2021,2
1,9,33,1.11,1.1961,2
1,9,34,-10.43,0.1250,2
1,9,35,1.64,1.2978,2
1,9,36,-12.42,0.0804,2
1,9,37,-32.85,0.0007,2
1,9,38,-9.46,0.1548,2
1,9,39,-32.89,0.0007,2
1,9,40,-43.91,0.0001,2
1,9,41,-14.83,0.0467,2
1,10,0,-1.91,0.7174,2
1,10,1,-5.13,0.3865,2
1,10,2,-1.07,0.8333,2
1,10,3,-8.24,0.2014,2
1,10,4,-7.78,0.2223,2
1,10,5,-19.62,0.0157,2
1,10,6,-5.00,0.3966,2
1,10,7,-30.16,0.0014,2
1,10,8,-40.02,0.0001,2
1,10,9,-26.32,0.0034,2
1,10,10,-12.78,0.0741,2
1,10,11,-12.34,0.0818,2
1,10,12,-10.97,0.1110,2
1,10,13,-39.65,0.0002,2
1,10,14,-24.87,0.0047,2
1,10,15,-16.44,0.0324,2
1,10,16,-7.03,0.2608,2
1,10,17,-11.43,0.1002,2
1,10,18,-2.66,0.6251,2
1,10,19,-18.62,0.0197,2
1,10,20,13.70,4.6123,2
1,10,21,23.82,7.9199,2
1,10,22,-25.57,0.0040,2
1,10,23,-12.24,0.0837,2
1,10,24,-5.67,0.3462,2
1,10,25,-49.89,0.0000,2
1,10,26,-21.43,0.0103,2
1,10,27,-19.10,0.0176,2
1,10,28,-30.15,0.0014,2
1,10,29,-28.43,0.0021,2
1,10,30,-0.29,0.9533,2
1,10,31,-34.06,0.0006,2
1,10,32,-35.97,0.0004,2
1,10,33,-22.71,0.0077,2
1,10,34,-18.41,0.0206,2
1,10,35,-20.14,0.0139,2
1,10,36,-39.91,0.0001,2
1,10,37,-57.20,0.0000,2
1,10,38,-18.01,0.0226,2
1,10,39,-36.61,0.0003,2
1,10,40,-15.73,0.0381,2
1,10,41,-1.55,0.7658,2
1,11,0,-300.00,0.0000,2
1,11,1,-33.03,0.0007,2
1,11,2,-63.22,0.0000,2
1,11,3,-55.43,0.0000,2
1,11,4,-44.69,0.0000,2
1,11,5,-32.57,0.0008,2
1,11,6,-44.99,0.0000,2
1,11,7,-45.07,0.0000,2
1,11,8,-28.27,0.0021,2
1,11,9,-51.38,0.0000,2
1,11,10,-45.81,0.0000,2
1,11,11,-3.88,0.4954,2
1,11,12,-24.40,0.0052,2
1,11,13,-32.87,0.0007,2
1,11,14,-62.25,0.0000,2
1,11,15,-27.15,0.0028,2
1,11,16,-24.19,0.0055,2
1,11,17,-47.42,0.0000,2
1,11,18,-15.59,0.0393,2
1,11,19,-19.72,0.0153,2
1,11,20,4.76,1.9963,2
1,11,21,-11.01,0.1100,2
1,11,22,-20.27,0.0135,2
1,11,23,-8.18,0.2044,2
1,11,24,-11.59,0.0967,2
1,11,25,-34.88,0.0005,2
1,11,26,-8.62,0.1857,2
1,11,27,-18.85,0.0187,2
1,11,28,-37.15,0.0003,2
1,11,29,-10.29,0.1290,2
1,11,30,-40.58,0.0001,2
1,11,31,-64.47,0.0000,2
1,11,32,-63.22,0.0000,2
1,11,33,-46.57,0.0000,2
1,11,34,-41.94,0.0001,2
1,11,35,-2.78,0.6113,2
1,11,36,-26.01,0.0036,2
1,11,37,-28.16,0.0022,2
1,11,38,-54.32,0.0000,2
1,11,39,-36.77,0.0003,2
1,11,40,-31.71,0.0010,2
1,11,41,-15.08,0.0441,2
1,12,0,-45.60,0.0000,2
1,12,1,-36.72,0.0003,2
1,12,2,-55.81,0.0000,2
1,12,3,-34.30,0.0005,2
1,12,4,-46.59,0.0000,2
1,12,5,-38.74,0.0002,2
1,12,6,-44.25,0.0001,2
1,12,7,-39.95,0.0001,2
1,12,8,-61.46,0.0000,2
1,12,9,-54.19,0.0000,2
1,12,10,-45.77,0.0000,2
1,12,11,-25.20,0.0044,2
1,12,12,-47.09,0.0000,2
1,12,13,-20.16,0.0138,2
1,12,14,-40.30,0.0001,2
1,12,15,-30.96,0.0012,2
1,12,16,-54.61,0.0000,2
1,12,17,-38.63,0.0002,2
1,12,18,-18.47,0.0204,2
1,12,19,-300.00,0.0000,2
1,12,20,-18.92,0.0184,2
1,12,21,-34.64,0.0005,2
1,12,22,-27.18,0.0028,2
1,12,23,5.27,2.1254,2
1,12,24,-21.07,0.0112,2
1,12,25,-35.81,0.0004,2
1,12,26,-11.04,0.1093,2
1,12,27,-26.81,0.0030,2
1,12,28,-25.80,0.0038,2
1,12,29,-32.20,0.0009,2
1,12,30,-15.57,0.0394,2
1,12,31,-44.58,0.0001,2
1,12,32,-66.23,0.0000,2
1,12,33,-57.48,0.0000,2
1,12,34,-50.37,0.0000,2
1,12,35,-44.24,0.0001,2
1,12,36,0.40,1.0672,2
1,12,37,-38.23,0.0002,2
1,12,38,-25.22,0.0043,2
1,12,39,-16.10,0.0350,2
1,12,40,-38.41,0.0002,2
1,12,41,-26.75,0.0030,2
1,13,0,-22.17,0.0087,2
1,13,1,-31.85,0.0009,2
1,13,2,-28.26,0.0022,2
1,13,3,-8.38,0.1958,2
1,13,4,-24.46,0.0052,2
1,13,5,4.14,1.8462,2
1,13,6,-17.03,0.0283,2
1,13,7,-18.93,0.0183,2
1,13,8,-11.70,0.0945,2
1,13,9,-23.92,0.0058,2
1,13,10,-54.47,0.0000,2
1,13,11,-17.91,0.0232,2
1,13,12,-42.71,0.0001,2
1,13,13,-58.45,0.0000,2
1,13,14,-46.27,0.0000,2
1,13,15,-30.89,0.0012,2
1,13,16,-24.95,0.0046,2
1,13,17,-18.81,0.0188,2
1,13,18,-32.59,0.0008,2
1,13,19,-46.88,0.0000,2
1,13,20,-0.89,0.8594,2
1,13,21,-46.91,0.0000,2
1,13,22,-25.14,0.0044,2
1,13,23,-9.11,0.1670,2
1,13,24,-14.32,0.0524,2
1,13,25,-21.97,0.0091,2
1,13,26,-6.56,0.2881,2
1,13,27,-3.43,0.5404,2
1,13,28,-30.22,0.0014,2
1,13,29,-40.62,0.0001,2
1,13,30,-0.41,0.9340,2
1,13,31,-18.78,0.0190,2
1,13,32,-36.17,0.0003,2
1,13,33,-29.06,0.0018,2
1,13,34,-15.89,0.0367,2
1,13,35,2.42,1.4573,2
1,13,36,-40.90,0.0001,2
1,13,37,-50.21,0.0000,2
1,13,38,-46.43,0.0000,2
1,13,39,-40.06,0.0001,2
1,13,40,-31.39,0.0010,2
1,13,41,-47.93,0.0000,2
1,14,0,-69.24,0.0000,2
1,14,1,-55.09,0.0000,2
1,14,2,-29.97,0.0015,2
1,14,3,-57.78,0.0000,2
1,14,4,-37.36,0.0003,2
1,14,5,-55.26,0.0000,2
1,14,6,-29.55,0.0016,2
1,14,7,-23.85,0.0059,2
1,14,8,-26.71,0.0031,2
1,14,9,-45.93,0.0000,2
1,14,10,-28.34,0.0021,2
1,14,11,-0.61,0.9027,2
1,14,12,-27.64,0.0025,2
1,14,13,-24.79,0.0048,2
1,14,14,-36.63,0.0003,2
1,14,15,-30.58,0.0013,2
1,14,16,-29.69,0.0015,2
1,14,17,-44.81,0.0000,2
1,14,18,-38.75,0.0002,2
1,14,19,-31.49,0.0010,2
1,14,20,-40.59,0.0001,2
1,14,21,-21.16,0.0110,2
1,14,22,-48.13,0.0000,2
1,14,23,-24.47,0.0052,2
1,14,24,-39.10,0.0002,2
1,14,25,-17.30,0.0266,2
1,14,26,-54.32,0.0000,2
1,14,27,-27.99,0.0023,2
1,14,28,-36.39,0.0003,2
1,14,29,5.01,2.0597,2
1,14,30,-17.53,0.0252,2
1,14,31,-22.61,0.0079,2
1,14,32,-50.72,0.0000,2
1,14,33,-51.68,0.0000,2
1,14,34,-26.03,0.0036,2
1,14,35,-8.49,0.1910,2
1,14,36,-45.22,0.0000,2
1,14,37,-55.81,0.0000,2
1,14,38,-31.38,0.0010,2
1,14,39,-25.11,0.0044,2
1,14,40,-49.94,0.0000,2
1,14,41,-34.18,0.0006,2
1,15,0,-11.52,0.0983,2
1,15,1,-48.16,0.0000,2
1,15,2,-24.22,0.0054,2
1,15,3,-13.14,0.0684,2
1,15,4,-9.67,0.1478,2
1,15,5,-8.38,0.1956,2
1,15,6,-7.92,0.2159,2
1,15,7,-1.62,0.7563,2
1,15,8,-18.97,0.0182,2
1,15,9,-14.77,0.0473,2
1,15,10,-18.90,0.0185,2
1,15,11,3.47,1.6878,2
1,15,12,-18.32,0.0211,2
1,15,13,-20.68,0.0123,2
1,15,14,-10.22,0.1311,2
1,15,15,-47.39,0.0000,2
1,15,16,-38.05,0.0002,2
1,15,17,-34.94,0.0005,2
1,15,18,-24.78,0.0048,2
1,15,19,-29.32,0.0017,2
1,15,20,-5.06,0.3918,2
1,15,21,-36.36,0.0003,2
1,15,22,-29.30,0.0017,2
1,15,23,-9.48,0.1541,2
1,15,24,-15.84,0.0371,2
1,15,25,-31.15,0.0011,2
1,15,26,0.82,1.1427,2
1,15,27,-10.64,0.1194,2
1,15,28,-6.94,0.2660,2
1,15,29,-8.04,0.2103,2
1,15,30,94.18,31.2850,2
1,15,31,9.33,3.2585,2
1,15,32,9.15,3.2055,2
1,15,33,56.11,18.6402,2
1,15,34,-20.13,0.0139,2
1,15,35,43.22,14.3585,2
1,15,36,-17.35,0.0263,2
1,15,37,-18.85,0.0187,2
1,15,38,-19.30,0.0169,2
1,15,39,-6.95,0.2652,2
1,15,40,-10.64,0.1195,2
1,15,41,-20.64,0.0124,2
1,16,0,-56.23,0.0000,2
1,16,1,-44.01,0.0001,2
1,16,2,-47.42,0.0000,2
1,16,3,-38.82,0.0002,2
1,16,4,-53.22,0.0000,2
1,16,5,-60.21,0.0000,2
1,16,6,-49.51,0.0000,2
1,16,7,-28.08,0.0022,2
1,16,8,-55.09,0.0000,2
1,16,9,-46.31,0.0000,2
1,16,10,-43.97,0.0001,2
1,16,11,-16.28,0.0336,2
1,16,12,-37.50,0.0003,2
1,16,13,-34.86,0.0005,2
1,16,14,-42.44,0.0001,2
1,16,15,-32.07,0.0009,2
1,16,16,-24.30,0.0053,2
1,16,17,-29.74,0.0015,2
1,16,18,-40.69,0.0001,2
1,16,19,-4.69,0.4218,2
1,16,20,0.17,1.0289,2
1,16,21,-35.72,0.0004,2
1,16,22,-44.61,0.0000,2
1,16,23,-40.52,0.0001,2
1,16,24,-43.14,0.0001,2
1,16,25,-35.16,0.0004,2
1,16,26,-32.03,0.0009,2
1,16,27,-48.94,0.0000,2
1,16,28,-16.49,0.0320,2
1,16,29,-55.09,0.0000,2
1,16,30,-18.39,0.0208,2
1,16,31,-28.25,0.0022,2
1,16,32,-20.48,0.0129,2
1,16,33,12.75,4.3112,2
1,16,34,-48.52,0.0000,2
1,16,35,-15.07,0.0442,2
1,16,36,-12.76,0.0744,2
1,16,37,-39.26,0.0002,2
1,16,38,-29.70,0.0015,2
1,16,39,-15.88,0.0367,2
1,16,40,-25.92,0.0037,2
1,16,41,-19.97,0.0144,2
1,17,0,-60.79,0.0000,2
1,17,1,-38.66,0.0002,2
1,17,2,-40.36,0.0001,2
1,17,3,-25.16,0.0044,2
1,17,4,-43.27,0.0001,2
1,17,5,-42.85,0.0001,2
1,17,6,-34.59,0.0005,2
1,17,7,-1.40,0.7862,2
1,17,8,7.40,2.6987,2
1,17,9,-11.65,0.0955,2
1,17,10,-38.20,0.0002,2
1,17,11,-0.72,0.8859,2
1,17,12,-40.16,0.0001,2
1,17,13,-41.33,0.0001,2
1,17,14,-47.56,0.0000,2
1,17,15,-49.46,0.0000,2
1,17,16,-29.16,0.0018,2
1,17,17,-22.42,0.0082,2
1,17,18,-23.64,0.0062,2
1,17,19,0.58,1.0992,2
1,17,20,-10.80,0.1153,2
1,17,21,-22.60,0.0079,2
1,17,22,-28.79,0.0019,2
1,17,23,-11.06,0.1087,2
1,17,24,-43.32,0.0001,2
1,17,25,-30.17,0.0014,2
1,17,26,-28.29,0.0021,2
1,17,27,-32.58,0.0008,2
1,17,28,-11.14,0.1069,2
1,17,29,-36.37,0.0003,2
1,17,30,11.19,3.8229,2
1,17,31,-12.97,0.0710,2
1,17,32,-11.97,0.0888,2
1,17,33,27.64,9.1857,2
1,17,34,-4.57,0.4318,2
1,17,35,11.85,4.0269,2
1,17,36,-40.56,0.0001,2
1,17,37,-51.04,0.0000,2
1,17,38,-39.87,0.0001,2
1,17,39,-36.63,0.0003,2
1,17,40,-21.71,0.0097,2
1,17,41,-60.79,0.0000,2
1,18,0,-30.27,0.0014,2
1,18,1,-32.35,0.0008,2
1,18,2,-32.66,0.0008,2
1,18,3,-38.69,0.0002,2
1,18,4,-24.58,0.0050,2
1,18,5,-39.43,0.0002,2
1,18,6,-63.22,0.0000,2
1,18,7,0.23,1.0386,2
1,18,8,-47.09,0.0000,2
1,18,9,-41.81,0.0001,2
1,18,10,-33.64,0.0006,2
1,18,11,-8.30,0.1989,2
1,18,12,-60.21,0.0000,2
1,18,13,-30.49,0.0013,2
1,18,14,-56.93,0.0000,2
1,18,15,-58.82,0.0000,2
1,18,16,-57.48,0.0000,2
1,18,17,-66.23,0.0000,2
1,18,18,-47.53,0.0000,2
1,18,19,-35.16,0.0004,2
1,18,20,-43.43,0.0001,2
1,18,21,-57.78,0.0000,2
1,18,22,-57.78,0.0000,2
1,18,23,-12.58,0.0776,2
1,18,24,-61.46,0.0000,2
1,18,25,-300.00,0.0000,2
1,18,26,-69.24,0.0000,2
1,18,27,-56.93,0.0000,2
1,18,28,-57.48,0.0000,2
1,18,29,-60.21,0.0000,2
1,18,30,-22.53,0.0080,2
1,18,31,-41.78,0.0001,2
1,18,32,-32.39,0.0008,2
1,18,33,-300.00,0.0000,2
1,18,34,-40.87,0.0001,2
1,18,35,-31.03,0.0011,2
1,18,36,-4.91,0.4033,2
1,18,37,-9.15,0.1657,2
1,18,38,-24.77,0.0048,2
1,18,39,-23.40,0.0066,2
1,18,40,-26.30,0.0034,2
1,18,41,-38.89,0.0002,2
1,19,0,-300.00,0.0000,2
1,19,1,-300.00,0.0000,2
1,19,2,-53.67,0.0000,2
1,19,3,-300.00,0.0000,2
1,19,4,-44.34,0.0001,2
1,19,5,-300.00,0.0000,2
1,19,6,-48.16,0.0000,2
1,19,7,-40.97,0.0001,2
1,19,8,-46.98,0.0000,2
1,19,9,-50.15,0.0000,2
1,19,10,-38.04,0.0002,2
1,19,11,-5.82,0.3356,2
1,19,12,-45.22,0.0000,2
1,19,13,-33.16,0.0007,2
1,19,14,-46.14,0.0000,2
1,19,15,-11.56,0.0973,2
1,19,16,-300.00,0.0000,2
1,19,17,-38.86,0.0002,2
1,19,18,-43.42,0.0001,2
1,19,19,-18.60,0.0198,2
1,19,20,-0.19,0.9686,2
1,19,21,-41.12,0.0001,2
1,19,22,-32.09,0.0009,2
1,19,23,3.84,1.7739,2
1,19,24,-27.64,0.0025,2
1,19,25,-14.60,0.0491,2
1,19,26,-37.59,0.0003,2
1,19,27,-30.36,0.0013,2
1,19,28,-29.27,0.0017,2
1,19,29,-24.15,0.0055,2
1,19,30,-27.05,0.0028,2
1,19,31,-48.82,0.0000,2
1,19,32,-51.76,0.0000,2
1,19,33,-300.00,0.0000,2
1,19,34,-37.46,0.0003,2
1,19,35,-53.67,0.0000,2
1,19,36,-34.36,0.0005,2
1,19,37,-16.20,0.0342,2
1,19,38,-2.88,0.6001,2
1,19,39,-12.03,0.0877,2
1,19,40,-59.24,0.0000,2
1,19,41,-42.77,0.0001,2
1,20,0,-37.74,0.0002,2
1,20,1,-47.71,0.0000,2
1,20,2,-34.42,0.0005,2
1,20,3,-30.87,0.0012,2
1,20,4,-23.88,0.0059,2
1,20,5,-42.68,0.0001,2
1,20,6,-20.96,0.0115,2
1,20,7,-7.72,0.2252,2
1,20,8,-61.46,0.0000,2
1,20,9,-64.47,0.0000,2
1,20,10,-47.36,0.0000,2
1,20,11,-27.93,0.0023,2
1,20,12,-33.32,0.0007,2
1,20,13,-19.98,0.0144,2
1,20,14,-19.55,0.0159,2
1,20,15,-29.94,0.0015,2
1,20,16,-42.47,0.0001,2
1,20,17,-19.99,0.0144,2
1,20,18,-44.16,0.0001,2
1,20,19,-51.60,0.0000,2
1,20,20,-42.14,0.0001,2
1,20,21,-42.58,0.0001,2
1,20,22,-54.32,0.0000,2
1,20,23,-0.25,0.9588,2
1,20,24,-31.14,0.0011,2
1,20,25,-19.25,0.0171,2
1,20,26,-31.19,0.0011,2
1,20,27,-60.21,0.0000,2
1,20,28,-32.49,0.0008,2
1,20,29,-26.82,0.0030,2
1,20,30,-23.23,0.0068,2
1,20,31,-21.57,0.0100,2
1,20,32,-23.12,0.0070,2
1,20,33,-23.60,0.0063,2
1,20,34,-58.45,0.0000,2
1,20,35,-14.10,0.0551,2
1,20,36,-23.27,0.0068,2
1,20,37,1.32,1.2356,2
1,20,38,-19.28,0.0169,2
1,20,39,-44.77,0.0000,2
1,20,40,-4.67,0.4237,2
1,20,41,-7.25,0.2490,2
2,0,0,-5.62,0.3496,2
2,0,1,13.82,4.6482,2
2,0,2,-29.60,0.0016,2
2,0,3,-23.08,0.0071,2
2,0,4,8.86,3.1189,2
2,0,5,0.53,1.0907,2
2,0,6,-33.53,0.0006,2
2,0,7,-7.22,0.2505,2
2,0,8,-45.83,0.0000,2
2,0,9,-18.44,0.0205,2
2,0,10,-19.32,0.0168,2
2,0,11,11.64,3.9619,2
2,0,12,-14.56,0.0496,2
2,0,13,-20.42,0.0130,2
2,0,14,-16.10,0.0350,2
2,0,15,-21.42,0.0104,2
2,0,16,-20.01,0.0143,2
2,0,17,-10.03,0.1367,2
2,0,18,-10.45,0.1246,2
2,0,19,-38.45,0.0002,2
2,0,20,11.19,3.8243,2
2,0,21,3.64,1.7276,2
2,0,22,-25.98,0.0036,2
2,0,23,3.98,1.8082,2
2,0,24,-9.58,0.1509,2
2,0,25,-32.70,0.0008,2
2,0,26,-4.37,0.4500,2
2,0,27,-26.98,0.0029,2
2,0,28,-24.32,0.0053,2
2,0,29,-10.68,0.1184,2
2,0,30,-3.85,0.4982,2
2,0,31,-47.45,0.0000,2
2,0,32,-35.36,0.0004,2
2,0,33,-36.42,0.0003,2
2,0,34,-37.83,0.0002,2
2,0,35,-39.16,0.0002,2
2,0,36,-7.62,0.2304,2
2,0,37,-28.77,0.0019,2
2,0,38,-23.18,0.0069,2
2,0,39,-42.19,0.0001,2
2,0,40,-47.78,0.0000,2
2,0,41,-50.54,0.0000,2
2,1,0,9.54,3.3202,2
2,1,1,-31.53,0.0010,2
2,1,2,51.76,17.1952,2
2,1,3,-0.03,0.9948,2
2,1,4,13.29,4.4803,2
2,1,5,-27.76,0.0024,2
2,1,6,-12.44,0.0801,2
2,1,7,30.23,10.0427,2
2,1,8,-24.22,0.0055,2
2,1,9,-15.93,0.0364,2
2,1,10,-1.71,0.7440,2
2,1,11,-0.38,0.9384,2
2,1,12,-26.41,0.0033,2
2,1,13,-17.08,0.0280,2
2,1,14,-21.00,0.0114,2
2,1,15,-20.06,0.0142,2
2,1,16,-17.00,0.0285,2
2,1,17,-26.84,0.0030,2
2,1,18,-13.61,0.0615,2
2,1,19,-1.23,0.8103,2
2,1,20,-1.58,0.7617,2
2,1,21,-34.14,0.0006,2
2,1,22,-46.86,0.0000,2
2,1,23,-30.00,0.0014,2
2,1,24,-31.05,0.0011,2
2,1,25,-32.05,0.0009,2
2,1,26,-28.82,0.0019,2
2,1,27,-21.03,0.0113,2
2,1,28,-42.68,0.0001,2
2,1,29,-29.77,0.0015,2
2,1,30,9.53,3.3170,2
2,1,31,-20.82,0.0119,2
2,1,32,-31.95,0.0009,2
2,1,33,-15.84,0.0371,2
2,1,34,-39.30,0.0002,2
2,1,35,-18.57,0.0199,2
2,1,36,2.09,1.3892,2
2,1,37,-5.76,0.3399,2
2,1,38,-5.67,0.3456,2
2,1,39,-25.80,0.0038,2
2,1,40,11.42,3.8939,2
2,1,41,-18.31,0.0211,2
2,2,0,-27.54,0.0025,2
2,2,1,-4.08,0.4762,2
2,2,2,-23.38,0.0066,2
2,2,3,-8.80,0.1785,2
2,2,4,20.46,6.8095,2
2,2,5,-0.37,0.9391,2
2,2,6,-48.45,0.0000,2
2,2,7,-17.48,0.0256,2
2,2,8,-3.48,0.5347,2
2,2,9,-22.25,0.0086,2
2,2,10,-30.89,0.0012,2
2,2,11,-13.16,0.0681,2
2,2,12,-56.01,0.0000,2
2,2,13,-28.36,0.0021,2
2,2,14,-39.86,0.0001,2
2,2,15,-49.28,0.0000,2
2,2,16,-32.51,0.0008,2
2,2,17,-43.40,0.0001,2
2,2,18,-25.33,0.0042,2
2,2,19,-58.82,0.0000,2
2,2,20,24.70,8.2099,2
2,2,21,-36.14,0.0004,2
2,2,22,-16.79,0.0299,2
2,2,23,-9.24,0.1623,2
2,2,24,-1.98,0.7086,2
2,2,25,-28.31,0.0021,2
2,2,26,-14.02,0.0560,2
2,2,27,-12.10,0.0863,2
2,2,28,-25.30,0.0042,2
2,2,29,-58.10,0.0000,2
2,2,30,1.13,1.1992,2
2,2,31,-11.89,0.0905,2
2,2,32,-17.74,0.0241,2
2,2,33,-21.02,0.0114,2
2,2,34,-4.04,0.4793,2
2,2,35,-8.15,0.2056,2
2,2,36,-43.91,0.0001,2
2,2,37,-5.68,0.3451,2
2,2,38,-39.81,0.0002,2
2,2,39,-26.32,0.0034,2
2,2,40,-5.75,0.3402,2
2,2,41,-26.90,0.0029,2
2,3,0,-15.65,0.0388,2
2,3,1,-39.44,0.0002,2
2,3,2,-41.83,0.0001,2
2,3,3,-9.26,0.1617,2
2,3,4,-33.91,0.0006,2
2,3,5,-21.85,0.0094,2
2,3,6,5.14,2.0927,2
2,3,7,5.63,2.2199,2
2,3,8,0.08,1.0127,2
2,3,9,-17.43,0.0259,2
2,3,10,-23.73,0.0061,2
2,3,11,12.55,4.2470,2
2,3,12,-33.15,0.0007,2
2,3,13,-8.51,0.1904,2
2,3,14,-23.43,0.0065,2
2,3,15,1.02,1.1795,2
2,3,16,-30.87,0.0012,2
2,3,17,-21.04,0.0113,2
2,3,18,-29.47,0.0016,2
2,3,19,-20.31,0.0134,2
2,3,20,-7.63,0.2299,2
2,3,21,-31.45,0.0010,2
2,3,22,-300.00,0.0000,2
2,3,23,-17.85,0.0235,2
2,3,24,-34.59,0.0005,2
2,3,25,-20.98,0.0115,2
2,3,26,-8.89,0.1751,2
2,3,27,-25.85,0.0037,2
2,3,28,-23.70,0.0061,2
2,3,29,-9.39,0.1571,2
2,3,30,-1.03,0.8396,2
2,3,31,-15.71,0.0383,2
2,3,32,-23.02,0.0072,2
2,3,33,-22.46,0.0082,2
2,3,34,-23.54,0.0064,2
2,3,35,-9.44,0.1555,2
2,3,36,-42.57,0.0001,2
2,3,37,-54.77,0.0000,2
2,3,38,-59.69,0.0000,2
2,3,39,-44.99,0.0000,2
2,3,40,-29.90,0.0015,2
2,3,41,-39.49,0.0002,2
2,4,0,-41.00,0.0001,2
2,4,1,-46.50,0.0000,2
2,4,2,-45.81,0.0000,2
2,4,3,-30.46,0.0013,2
2,4,4,-22.48,0.0081,2
2,4,5,-18.21,0.0216,2
2,4,6,-32.21,0.0009,2
2,4,7,-8.90,0.1750,2
2,4,8,-22.64,0.0078,2
2,4,9,-16.41,0.0326,2
2,4,10,-33.06,0.0007,2
2,4,11,-1.46,0.7775,2
2,4,12,-47.51,0.0000,2
2,4,13,-59.24,0.0000,2
2,4,14,-24.06,0.0057,2
2,4,15,-64.47,0.0000,2
2,4,16,-34.19,0.0005,2
2,4,17,-41.94,0.0001,2
2,4,18,-21.72,0.0097,2
2,4,19,-14.52,0.0500,2
2,4,20,0.08,1.0126,2
2,4,21,-64.47,0.0000,2
2,4,22,-34.07,0.0006,2
2,4,23,-12.58,0.0775,2
2,4,24,-22.40,0.0083,2
2,4,25,-15.42,0.0408,2
2,4,26,-24.20,0.0055,2
2,4,27,-30.42,0.0013,2
2,4,28,-31.35,0.0011,2
2,4,29,-9.63,0.1490,2
2,4,30,11.02,3.7709,2
2,4,31,-5.11,0.3878,2
2,4,32,-30.08,0.0014,2
2,4,33,-25.22,0.0043,2
2,4,34,-11.27,0.1038,2
2,4,35,14.61,4.9039,2
2,4,36,-26.29,0.0034,2
2,4,37,-45.54,0.0000,2
2,4,38,-37.09,0.0003,2
2,4,39,-44.01,0.0001,2
2,4,40,-64.47,0.0000,2
2,4,41,-26.51,0.0032,2
2,5,0,7.19,2.6402,2
2,5,1,-31.27,0.0011,2
2,5,2,0.22,1.0367,2
2,5,3,-6.63,0.2839,2
2,5,4,-8.24,0.2015,2
2,5,5,-37.77,0.0002,2
2,5,6,-16.31,0.0333,2
2,5,7,4.92,2.0371,2
2,5,8,-8.86,0.1765,2
2,5,9,-14.29,0.0528,2
2,5,10,-6.47,0.2935,2
2,5,11,71.22,23.6595,2
2,5,12,-25.12,0.0044,2
2,5,13,-28.92,0.0019,2
2,5,14,-15.39,0.0411,2
2,5,15,-16.11,0.0349,2
2,5,16,-21.42,0.0104,2
2,5,17,-17.75,0.0240,2
2,5,18,-20.34,0.0133,2
2,5,19,-30.11,0.0014,2
2,5,20,-20.57,0.0126,2
2,5,21,-14.45,0.0508,2
2,5,22,-28.97,0.0018,2
2,5,23,-2.25,0.6740,2
2,5,24,-48.45,0.0000,2
2,5,25,-34.24,0.0005,2
2,5,26,-37.54,0.0003,2
2,5,27,-32.72,0.0008,2
2,5,28,-15.49,0.0402,2
2,5,29,-27.41,0.0026,2
2,5,30,-23.91,0.0059,2
2,5,31,-32.55,0.0008,2
2,5,32,-33.50,0.0006,2
2,5,33,-42.37,0.0001,2
2,5,34,-27.15,0.0028,2
2,5,35,-7.52,0.2351,2
2,5,36,-4.53,0.4354,2
2,5,37,-11.45,0.0999,2
2,5,38,-28.40,0.0021,2
2,5,39,-22.82,0.0075,2
2,5,40,-13.61,0.0615,2
2,5,41,-23.77,0.0060,2
2,6,0,-39.59,0.0002,2
2,6,1,-15.96,0.0361,2
2,6,2,-64.47,0.0000,2
2,6,3,-33.49,0.0006,2
2,6,4,-43.81,0.0001,2
2,6,5,-66.23,0.0000,2
2,6,6,-27.71,0.0024,2
2,6,7,-29.07,0.0018,2
2,6,8,-35.96,0.0004,2
2,6,9,-48.52,0.0000,2
2,6,10,-31.27,0.0011,2
2,6,11,-15.90,0.0366,2
2,6,12,10.60,3.6410,2
2,6,13,-28.96,0.0018,2
2,6,14,13.08,4.4146,2
2,6,15,-21.88,0.0093,2
2,6,16,-21.34,0.0106,2
2,6,17,-13.49,0.0632,2
2,6,18,-3.39,0.5437,2
2,6,19,-6.20,0.3100,2
2,6,20,-7.38,0.2421,2
2,6,21,-28.44,0.0021,2
2,6,22,-29.14,0.0018,2
2,6,23,-6.94,0.2658,2
2,6,24,-35.07,0.0004,2
2,6,25,-32.80,0.0008,2
2,6,26,-50.49,0.0000,2
2,6,27,-52.16,0.0000,2
2,6,28,-22.81,0.0075,2
2,6,29,-14.06,0.0556,2
2,6,30,-5.34,0.3697,2
2,6,31,-39.02,0.0002,2
2,6,32,-10.85,0.1139,2
2,6,33,-19.64,0.0156,2
2,6,34,-45.05,0.0000,2
2,6,35,3.27,1.6436,2
2,6,36,-45.36,0.0000,2
2,6,37,-36.86,0.0003,2
2,6,38,-31.97,0.0009,2
2,6,39,-28.40,0.0021,2
2,6,40,-7.97,0.2138,2
2,6,41,-11.07,0.1086,2
2,7,0,-19.07,0.0178,2
2,7,1,-16.19,0.0343,2
2,7,2,-15.60,0.0392,2
2,7,3,-4.90,0.4041,2
2,7,4,-35.38,0.0004,2
2,7,5,-40.09,0.0001,2
2,7,6,-10.47,0.1239,2
2,7,7,-9.16,0.1653,2
2,7,8,-7.33,0.2449,2
2,7,9,-13.71,0.0602,2
2,7,10,-26.12,0.0035,2
2,7,11,7.16,2.6322,2
2,7,12,-31.81,0.0010,2
2,7,13,-33.83,0.0006,2
2,7,14,22.50,7.4838,2
2,7,15,-6.15,0.3133,2
2,7,16,-28.19,0.0022,2
2,7,17,5.99,2.3143,2
2,7,18,-34.45,0.0005,2
2,7,19,-47.28,0.0000,2
2,7,20,-16.37,0.0329,2
2,7,21,-40.88,0.0001,2
2,7,22,-20.80,0.0119,2
2,7,23,-3.32,0.5514,2
2,7,24,-7.45,0.2388,2
2,7,25,-17.90,0.0232,2
2,7,26,-39.45,0.0002,2
2,7,27,-14.26,0.0531,2
2,7,28,-18.00,0.0227,2
2,7,29,19.59,6.5249,2
2,7,30,-15.66,0.0387,2
2,7,31,-39.99,0.0001,2
2,7,32,-36.07,0.0004,2
2,7,33,-37.74,0.0002,2
2,7,34,-21.25,0.0108,2
2,7,35,-12.84,0.0732,2
2,7,36,-10.84,0.1141,2
2,7,37,-35.07,0.0004,2
2,7,38,-12.69,0.0756,2
2,7,39,-5.00,0.3961,2
2,7,40,-44.13,0.0001,2
2,7,41,-27.59,0.0025,2
2,8,0,-27.87,0.0024,2
2,8,1,-7.48,0.2372,2
2,8,2,-30.38,0.0013,2
2,8,3,-49.15,0.0000,2
2,8,4,-23.00,0.0072,2
2,8,5,-32.52,0.0008,2
2,8,6,-55.26,0.0000,2
2,8,7,-19.83,0.0149,2
2,8,8,-27.69,0.0025,2
2,8,9,-23.26,0.0068,2
2,8,10,-31.08,0.0011,2
2,8,11,-3.72,0.5104,2
2,8,12,-0.13,0.9788,2
2,8,13,-31.49,0.0010,2
2,8,14,-10.73,0.1169,2
2,8,15,-53.67,0.0000,2
2,8,16,-12.88,0.0724,2
2,8,17,-5.69,0.3444,2
2,8,18,-22.14,0.0088,2
2,8,19,-39.19,0.0002,2
2,8,20,17.27,5.7627,2
2,8,21,5.65,2.2239,2
2,8,22,-40.72,0.0001,2
2,8,23,-32.01,0.0009,2
2,8,24,-22.54,0.0080,2
2,8,25,-41.85,0.0001,2
2,8,26,-69.24,0.0000,2
2,8,27,-40.69,0.0001,2
2,8,28,-34.11,0.0006,2
2,8,29,-42.53,0.0001,2
2,8,30,-17.32,0.0265,2
2,8,31,-39.03,0.0002,2
2,8,32,-49.89,0.0000,2
2,8,33,-43.61,0.0001,2
2,8,34,-62.25,0.0000,2
2,8,35,-2.21,0.6788,2
2,8,36,-49.46,0.0000,2
2,8,37,-300.00,0.0000,2
2,8,38,-58.10,0.0000,2
2,8,39,-30.68,0.0012,2
2,8,40,-42.73,0.0001,2
2,8,41,-43.50,0.0001,2
2,9,0,-28.71,0.0019,2
2,9,1,-15.81,0.0374,2
2,9,2,-12.92,0.0719,2
2,9,3,-56.68,0.0000,2
2,9,4,-48.67,0.0000,2
2,9,5,-6.81,0.2733,2
2,9,6,-39.05,0.0002,2
2,9,7,-11.19,0.1056,2
2,9,8,-18.68,0.0194,2
2,9,9,-15.00,0.0449,2
2,9,10,-37.58,0.0003,2
2,9,11,13.91,4.6775,2
2,9,12,-27.05,0.0028,2
2,9,13,-41.51,0.0001,2
2,9,14,-39.02,0.0002,2
2,9,15,-48.23,0.0000,2
2,9,16,-25.87,0.0037,2
2,9,17,2.76,1.5295,2
2,9,18,1.54,1.2788,2
2,9,19,12.70,4.2956,2
2,9,20,48.91,16.2490,2
2,9,21,-27.66,0.0025,2
2,9,22,-40.32,0.0001,2
2,9,23,15.01,5.0302,2
2,9,24,-6.98,0.2637,2
2,9,25,-24.94,0.0046,2
2,9,26,-51.18,0.0000,2
2,9,27,-44.47,0.0001,2
2,9,28,-31.17,0.0011,2
2,9,29,-48.10,0.0000,2
2,9,30,-14.57,0.0496,2
2,9,31,-2.15,0.6861,2
2,9,32,5.56,2.2021,2
2,9,33,1.11,1.1961,2
2,9,34,-10.43,0.1250,2
2,9,35,1.64,1.2978,2
2,9,36,-12.42,0.0804,2
2,9,37,-32.85,0.0007,2
2,9,38,-9.46,0.1548,2
2,9,39,-32.89,0.0007,2
2,9,40,-43.91,0.0001,2
2,9,41,-14.83,0.0467,2
2,10,0,-1.91,0.7174,2
2,10,1,-5.13,0.3865,2
2,10,2,-1.07,0.8333,2
2,10,3,-8.24,0.2014,2
2,10,4,-7.78,0.2223,2
2,10,5,-19.62,0.0157,2
2,10,6,-5.00,0.3966,2
2,10,7,-30.16,0.0014,2
2,10,8,-40.02,0.0001,2
2,10,9,-26.32,0.0034,2
2,10,10,-12.78,0.0741,2
2,10,11,-12.34,0.0818,2
2,10,12,-10.97,0.1110,2
2,10,13,-39.65,0.0002,2
2,10,14,-24.87,0.0047,2
2,10,15,-16.44,0.0324,2
2,10,16,-7.03,0.2608,2
2,10,17,-11.43,0.1002,2
2,10,18,-2.66,0.6251,2
2,10,19,-18.62,0.0197,2
2,10,20,13.70,4.6123,2
2,10,21,23.82,7.9199,2
2,10,22,-25.57,0.0040,2
2,10,23,-12.24,0.0837,2
2,10,24,-5.67,0.3462,2
2,10,25,-49.89,0.0000,2
2,10,26,-21.43,0.0103,2
2,10,27,-19.10,0.0176,2
2,10,28,-30.15,0.0014,2
2,10,29,-28.43,0.0021,2
2,10,30,-0.29,0.9533,2
2,10,31,-34.06,0.0006,2
2,10,32,-35.97,0.0004,2
2,10,33,-22.71,0.0077,2
2,10,34,-18.41,0.0206,2
2,10,35,-20.14,0.0139,2
2,10,36,-39.91,0.0001,2
2,10,37,-57.20,0.0000,2
2,10,38,-18.01,0.0226,2
2,10,39,-36.61,0.0003,2
2,10,40,-15.73,0.0381,2
2,10,41,-1.55,0.7658,2
2,11,0,-300.00,0.0000,2
2,11,1,-33.03,0.0007,2
2,11,2,-63.22,0.0000,2
2,11,3,-55.43,0.0000,2
2,11,4,-44.69,0.0000,2
2,11,5,-32.57,0.0008,2
2,11,6,-44.99,0.0000,2
2,11,7,-45.07,0.0000,2
2,11,8,-28.27,0.0021,2
2,11,9,-51.38,0.0000,2
2,11,10,-45.81,0.0000,2
2,11,11,-3.88,0.4954,2
2,11,12,-24.40,0.0052,2
2,11,13,-32.87,0.0007,2
2,11,14,-62.25,0.0000,2
2,11,15,-27.15,0.0028,2
2,11,16,-24.19,0.0055,2
2,11,17,-47.42,0.0000,2
2,11,18,-15.59,0.0393,2
2,11,19,-19.72,0.0153,2
2,11,20,4.76,1.9963,2
2,11,21,-11.01,0.1100,2
2,11,22,-20.27,0.0135,2
2,11,23,-8.18,0.2044,2
2,11,24,-11.59,0.0967,2
2,11,25,-34.88,0.0005,2
2,11,26,-8.62,0.1857,2
2,11,27,-18.85,0.0187,2
2,11,28,-37.15,0.0003,2
2,11,29,-10.29,0.1290,2
2,11,30,-40.58,0.0001,2
2,11,31,-64.47,0.0000,2
2,11,32,-63.22,0.0000,2
2,11,33,-46.57,0.0000,2
2,11,34,-41.94,0.0001,2
2,11,35,-2.78,0.6113,2
2,11,36,-26.01,0.0036,2
2,11,37,-28.16,0.0022,2
2,11,38,-54.32,0.0000,2
2,11,39,-36.77,0.0003,2
2,11,40,-31.71,0.0010,2
2,11,41,-15.08,0.0441,2
2,12,0,-45.60,0.0000,2
2,12,1,-36.72,0.0003,2
2,12,2,-55.81,0.0000,2
2,12,3,-34.30,0.0005,2
2,12,4,-46.59,0.0000,2
2,12,5,-38.74,0.0002,2
2,12,6,-44.25,0.0001,2
2,12,7,-39.95,0.0001,2
2,12,8,-61.46,0.0000,2
2,12,9,-54.19,0.0000,2
2,12,10,-45.77,0.0000,2
2,12,11,-25.20,0.0044,2
2,12,12,-47.09,0.0000,2
2,12,13,-20.16,0.0138,2
2,12,14,-40.30,0.0001,2
2,12,15,-30.96,0.0012,2
2,12,16,-54.61,0.0000,2
2,12,17,-38.63,0.0002,2
2,12,18,-18.47,0.0204,2
2,12,19,-300.00,0.0000,2
2,12,20,-18.92,0.0184,2
2,12,21,-34.64,0.0005,2
2,12,22,-27.18,0.0028,2
2,12,23,5.27,2.1254,2
2,12,24,-21.07,0.0112,2
2,12,25,-35.81,0.0004,2
2,12,26,-11.04,0.1093,2
2,12,27,-26.81,0.0030,2
2,12,28,-25.80,0.0038,2
2,12,29,-32.20,0.0009,2
2,12,30,-15.57,0.0394,2
2,12,31,-44.58,0.0001,2
2,12,32,-66.23,0.0000,2
2,12,33,-57.48,0.0000,2
2,12,34,-50.37,0.0000,2
2,12,35,-44.24,0.0001,2
2,12,36,0.40,1.0672,2
2,12,37,-38.23,0.0002,2
2,12,38,-25.22,0.0043,2
2,12,39,-16.10,0.0350,2
2,12,40,-38.41,0.0002,2
2,12,41,-26.75,0.0030,2
2,13,0,-22.17,0.0087,2
2,13,1,-31.85,0.0009,2
2,13,2,-28.26,0.0022,2
2,13,3,-8.38,0.1958,2
2,13,4,-24.46,0.0052,2
2,13,5,4.14,1.8462,2
2,13,6,-17.03,0.0283,2
2,13,7,-18.93,0.0183,2
2,13,8,-11.70,0.0945,2
2,13,9,-23.92,0.0058,2
2,13,10,-54.47,0.0000,2
2,13,11,-17.91,0.0232,2
2,13,12,-42.71,0.0001,2
2,13,13,-58.45,0.0000,2
2,13,14,-46.27,0.0000,2
2,13,15,-30.89,0.0012,2
2,13,16,-24.95,0.0046,2
2,13,17,-18.81,0.0188,2
2,13,18,-32.59,0.0008,2
2,13,19,-46.88,0.0000,2
2,13,20,-0.89,0.8594,2
2,13,21,-46.91,0.0000,2
2,13,22,-25.14,0.0044,2
2,13,23,-9.11,0.1670,2
2,13,24,-14.32,0.0524,2
2,13,25,-21.97,0.0091,2
2,13,26,-6.56,0.2881,2
2,13,27,-3.43,0.5404,2
2,13,28,-30.22,0.0014,2
2,13,29,-40.62,0.0001,2
2,13,30,-0.41,0.9340,2
2,13,31,-18.78,0.0190,2
2,13,32,-36.17,0.0003,2
2,13,33,-29.06,0.0018,2
2,13,34,-15.89,0.0367,2
2,13,35,2.42,1.4573,2
2,13,36,-40.90,0.0001,2
2,13,37,-50.21,0.0000,2
2,13,38,-46.43,0.0000,2
2,13,39,-40.06,0.0001,2
2,13,40,-31.39,0.0010,2
2,13,41,-47.93,0.0000,2
2,14,0,-69.24,0.0000,2
2,14,1,-55.09,0.0000,2
2,14,2,-29.97,0.0015,2
2,14,3,-57.78,0.0000,2
2,14,4,-37.36,0.0003,2
2,14,5,-55.26,0.0000,2
2,14,6,-29.55,0.0016,2
2,14,7,-23.85,0.0059,2
2,14,8,-26.71,0.0031,2
2,14,9,-45.93,0.0000,2
2,14,10,-28.34,0.0021,2
2,14,11,-0.61,0.9027,2
2,14,12,-27.64,0.0025,2
2,14,13,-24.79,0.0048,2
2,14,14,-36.63,0.0003,2
2,14,15,-30.58,0.0013,2
2,14,16,-29.69,0.0015,2
2,14,17,-44.81,0.0000,2
2,14,18,-38.75,0.0002,2
2,14,19,-31.49,0.0010,2
2,14,20,-40.59,0.0001,2
2,14,21,-21.16,0.0110,2
2,14,22,-48.13,0.0000,2
2,14,23,-24.47,0.0052,2
2,14,24,-39.10,0.0002,2
2,14,25,-17.30,0.0266,2
2,14,26,-54.32,0.0000,2
2,14,27,-27.99,0.0023,2
2,14,28,-36.39,0.0003,2
2,14,29,5.01,2.0597,2
2,14,30,-17.53,0.0252,2
2,14,31,-22.61,0.0079,2
2,14,32,-50.72,0.0000,2
2,14,33,-51.68,0.0000,2
2,14,34,-26.03,0.0036,2
2,14,35,-8.49,0.1910,2
2,14,36,-45.22,0.0000,2
2,14,37,-55.81,0.0000,2
2,14,38,-31.38,0.0010,2
2,14,39,-25.11,0.0044,2
2,14,40,-49.94,0.0000,2
2,14,41,-34.18,0.0006,2
2,15,0,-11.52,0.0983,2
2,15,1,-48.16,0.0000,2
2,15,2,-24.22,0.0054,2
2,15,3,-13.14,0.0684,2
2,15,4,-9.67,0.1478,2
2,15,5,-8.38,0.1956,2
2,15,6,-7.92,0.2159,2
2,15,7,-1.62,0.7563,2
2,15,8,-18.97,0.0182,2
2,15,9,-14.77,0.0473,2
2,15,10,-18.90,0.0185,2
2,15,11,3.47,1.6878,2
2,15,12,-18.32,0.0211,2
2,15,13,-20.68,0.0123,2
2,15,14,-10.22,0.1311,2
2,15,15,-47.39,0.0000,2
2,15,16,-38.05,0.0002,2
2,15,17,-34.94,0.0005,2
2,15,18,-24.78,0.0048,2
2,15,19,-29.32,0.0017,2
2,15,20,-5.06,0.3918,2
2,15,21,-36.36,0.0003,2
2,15,22,-29.30,0.0017,2
2,15,23,-9.48,0.1541,2
2,15,24,-15.84,0.0371,2
2,15,25,-31.15,0.0011,2
2,15,26,0.82,1.1427,2
2,15,27,-10.64,0.1194,2
2,15,28,-6.94,0.2660,2
2,15,29,-8.04,0.2103,2
2,15,30,94.18,31.2850,2
2,15,31,9.33,3.2585,2
2,15,32,9.15,3.2055,2
2,15,33,56.11,18.6402,2
2,15,34,-20.13,0.0139,2
2,15,35,43.22,14.3585,2
2,15,36,-17.35,0.0263,2
2,15,37,-18.85,0.0187,2
2,15,38,-19.30,0.0169,2
2,15,39,-6.95,0.2652,2
2,15,40,-10.64,0.1195,2
2,15,41,-20.64,0.0124,2
2,16,0,-56.23,0.0000,2
2,16,1,-44.01,0.0001,2
2,16,2,-47.42,0.0000,2
2,16,3,-38.82,0.0002,2
2,16,4,-53.22,0.0000,2
2,16,5,-60.21,0.0000,2
2,16,6,-49.51,0.0000,2
2,16,7,-28.08,0.0022,2
2,16,8,-55.09,0.0000,2
2,16,9,-46.31,0.0000,2
2,16,10,-43.97,0.0001,2
2,16,11,-16.28,0.0336,2
2,16,12,-37.50,0.0003,2
2,16,13,-34.86,0.0005,2
2,16,14,-42.44,0.0001,2
2,16,15,-32.07,0.0009,2
2,16,16,-24.30,0.0053,2
2,16,17,-29.74,0.0015,2
2,16,18,-40.69,0.0001,2
2,16,19,-4.69,0.4218,2
2,16,20,0.17,1.0289,2
2,16,21,-35.72,0.0004,2
2,16,22,-44.61,0.0000,2
2,16,23,-40.52,0.0001,2
2,16,24,-43.14,0.0001,2
2,16,25,-35.16,0.0004,2
2,16,26,-32.03,0.0009,2
2,16,27,-48.94,0.0000,2
2,16,28,-16.49,0.0320,2
2,16,29,-55.09,0.0000,2
2,16,30,-18.39,0.0208,2
2,16,31,-28.25,0.0022,2
2,16,32,-20.48,0.0129,2
2,16,33,12.75,4.3112,2
2,16,34,-48.52,0.0000,2
2,16,35,-15.07,0.0442,2
2,16,36,-12.76,0.0744,2
2,16,37,-39.26,0.0002,2
2,16,38,-29.70,0.0015,2
2,16,39,-15.88,0.0367,2
2,16,40,-25.92,0.0037,2
2,16,41,-19.97,0.0144,2
2,17,0,-60.79,0.0000,2
2,17,1,-38.66,0.0002,2
2,17,2,-40.36,0.0001,2
2,17,3,-25.16,0.0044,2
2,17,4,-43.27,0.0001,2
2,17,5,-42.85,0.0001,2
2,17,6,-34.59,0.0005,2
2,17,7,-1.40,0.7862,2
2,17,8,7.40,2.6987,2
2,17,9,-11.65,0.0955,2
2,17,10,-38.20,0.0002,2
2,17,11,-0.72,0.8859,2
2,17,12,-40.16,0.0001,2
2,17,13,-41.33,0.0001,2
2,17,14,-47.56,0.0000,2
2,17,15,-49.46,0.0000,2
2,17,16,-29.16,0.0018,2
2,17,17,-22.42,0.0082,2
2,17,18,-23.64,0.0062,2
2,17,19,0.58,1.0992,2
2,17,20,-10.80,0.1153,2
2,17,21,-22.60,0.0079,2
2,17,22,-28.79,0.0019,2
2,17,23,-11.06,0.1087,2
2,17,24,-43.32,0.0001,2
2,17,25,-30.17,0.0014,2
2,17,26,-28.29,0.0021,2
2,17,27,-32.58,0.0008,2
2,17,28,-11.14,0.1069,2
2,17,29,-36.37,0.0003,2
2,17,30,11.19,3.8229,2
2,17,31,-12.97,0.0710,2
2,17,32,-11.97,0.0888,2
2,17,33,27.64,9.1857,2
2,17,34,-4.57,0.4318,2
2,17,35,11.85,4.0269,2
2,17,36,-40.56,0.0001,2
2,17,37,-51.04,0.0000,2
2,17,38,-39.87,0.0001,2
2,17,39,-36.63,0.0003,2
2,17,40,-21.71,0.0097,2
2,17,41,-60.79,0.0000,2
2,18,0,-30.27,0.0014,2
2,18,1,-32.35,0.0008,2
2,18,2,-32.66,0.0008,2
2,18,3,-38.69,0.0002,2
2,18,4,-24.58,0.0050,2
2,18,5,-39.43,0.0002,2
2,18,6,-63.22,0.0000,2
2,18,7,0.23,1.0386,2
2,18,8,-47.09,0.0000,2
2,18,9,-41.81,0.0001,2
2,18,10,-33.64,0.0006,2
2,18,11,-8.30,0.1989,2
2,18,12,-60.21,0.0000,2
2,18,13,-30.49,0.0013,2
2,18,14,-56.93,0.0000,2
2,18,15,-58.82,0.0000,2
2,18,16,-57.48,0.0000,2
2,18,17,-66.23,0.0000,2
2,18,18,-47.53,0.0000,2
2,18,19,-35.16,0.0004,2
2,18,20,-43.43,0.0001,2
2,18,21,-57.78,0.0000,2
2,18,22,-57.78,0.0000,2
2,18,23,-12.58,0.0776,2
2,18,24,-61.46,0.0000,2
2,18,25,-300.00,0.0000,2
2,18,26,-69.24,0.0000,2
2,18,27,-56.93,0.0000,2
2,18,28,-57.48,0.0000,2
2,18,29,-60.21,0.0000,2
2,18,30,-22.53,0.0080,2
2,18,31,-41.78,0.0001,2
2,18,32,-32.39,0.0008,2
2,18,33,-300.00,0.0000,2
2,18,34,-40.87,0.0001,2
2,18,35,-31.03,0.0011,2
2,18,36,-4.91,0.4033,2
2,18,37,-9.15,0.1657,2
2,18,38,-24.77,0.0048,2
2,18,39,-23.40,0.0066,2
2,18,40,-26.30,0.0034,2
2,18,41,-38.89,0.0002,2
2,19,0,-300.00,0.0000,2
2,19,1,-300.00,0.0000,2
2,19,2,-53.67,0.0000,2
2,19,3,-300.00,0.0000,2
2,19,4,-44.34,0.0001,2
2,19,5,-300.00,0.0000,2
2,19,6,-48.16,0.0000,2
2,19,7,-40.97,0.0001,2
2,19,8,-46.98,0.0000,2
2,19,9,-50.15,0.0000,2
2,19,10,-38.04,0.0002,2
2,19,11,-5.82,0.3356,2
2,19,12,-45.22,0.0000,2
2,19,13,-33.16,0.0007,2
2,19,14,-46.14,0.0000,2
2,19,15,-11.56,0.0973,2
2,19,16,-300.00,0.0000,2
2,19,17,-38.86,0.0002,2
2,19,18,-43.42,0.0001,2
2,19,19,-18.60,0.0198,2
2,19,20,-0.19,0.9686,2
2,19,21,-41.12,0.0001,2
2,19,22,-32.09,0.0009,2
2,19,23,3.84,1.7739,2
2,19,24,-27.64,0.0025,2
2,19,25,-14.60,0.0491,2
2,19,26,-37.59,0.0003,2
2,19,27,-30.36,0.0013,2
2,19,28,-29.27,0.0017,2
2,19,29,-24.15,0.0055,2
2,19,30,-27.05,0.0028,2
2,19,31,-48.82,0.0000,2
2,19,32,-51.76,0.0000,2
2,19,33,-300.00,0.0000,2
2,19,34,-37.46,0.0003,2
2,19,35,-53.67,0.0000,2
2,19,36,-34.36,0.0005,2
2,19,37,-16.20,0.0342,2
2,19,38,-2.88,0.6001,2
2,19,39,-12.03,0.0877,2
2,19,40,-59.24,0.0000,2
2,19,41,-42.77,0.0001,2
2,20,0,-37.74,0.0002,2
2,20,1,-47.71,0.0000,2
2,20,2,-34.42,0.0005,2
2,20,3,-30.87,0.0012,2
2,20,4,-23.88,0.0059,2
2,20,5,-42.68,0.0001,2
2,20,6,-20.96,0.0115,2
2,20,7,-7.72,0.2252,2
2,20,8,-61.46,0.0000,2
2,20,9,-64.47,0.0000,2
2,20,10,-47.36,0.0000,2
2,20,11,-27.93,0.0023,2
2,20,12,-33.32,0.0007,2
2,20,13,-19.98,0.0144,2
2,20,14,-19.55,0.0159,2
2,20,15,-29.94,0.0015,2
2,20,16,-42.47,0.0001,2
2,20,17,-19.99,0.0144,2
2,20,18,-44.16,0.0001,2
2,20,19,-51.60,0.0000,2
2,20,20,-42.14,0.0001,2
2,20,21,-42.58,0.0001,2
2,20,22,-54.32,0.0000,2
2,20,23,-0.25,0.9588,2
2,20,24,-31.14,0.0011,2
2,20,25,-19.25,0.0171,2
2,20,26,-31.19,0.0011,2
2,20,27,-60.21,0.0000,2
2,20,28,-32.49,0.0008,2
2,20,29,-26.82,0.0030,2
2,20,30,-23.23,0.0068,2
2,20,31,-21.57,0.0100,2
2,20,32,-23.12,0.0070,2
2,20,33,-23.60,0.0063,2
2,20,34,-58.45,0.0000,2
2,20,35,-14.10,0.0551,2
2,20,36,-23.27,0.0068,2
2,20,37,1.32,1.2356,2
2,20,38,-19.28,0.0169,2
2,20,39,-44.77,0.0000,2
2,20,40,-4.67,0.4237,2
2,20,41,-7.25,0.2490,2
3,0,0,-5.62,0.3496,2
3,0,1,13.82,4.6482,2
3,0,2,-29.60,0.0016,2
3,0,3,-23.08,0.0071,2
3,0,4,8.86,3.1189,2
3,0,5,0.53,1.0907,2
3,0,6,-33.53,0.0006,2
3,0,7,-7.22,0.2505,2
3,0,8,-45.83,0.0000,2
3,0,9,-18.44,0.0205,2
3,0,10,-19.32,0.0168,2
3,0,11,11.64,3.9619,2
3,0,12,-14.56,0.0496,2
3,0,13,-20.42,0.0130,2
3,0,14,-16.10,0.0350,2
3,0,15,-21.42,0.0104,2
3,0,16,-20.01,0.0143,2
3,0,17,-10.03,0.1367,2
3,0,18,-10.45,0.1246,2
3,0,19,-38.45,0.0002,2
3,0,20,11.19,3.8243,2
3,0,21,3.64,1.7276,2
3,0,22,-25.98,0.0036,2
3,0,23,3.98,1.8082,2
3,0,24,-9.58,0.1509,2
3,0,25,-32.70,0.0008,2
3,0,26,-4.37,0.4500,2
3,0,27,-26.98,0.0029,2
3,0,28,-24.32,0.0053,2
3,0,29,-10.68,0.1184,2
3,0,30,-3.85,0.4982,2
3,0,31,-47.45,0.0000,2
3,0,32,-35.36,0.0004,2
3,0,33,-36.42,0.0003,2
3,0,34,-37.83,0.0002,2
3,0,35,-39.16,0.0002,2
3,0,36,-7.62,0.2304,2
3,0,37,-28.77,0.0019,2
3,0,38,-23.18,0.0069,2
3,0,39,-42.19,0.0001,2
3,0,40,-47.78,0.0000,2
3,0,41,-50.54,0.0000,2
3,1,0,9.54,3.3202,2
3,1,1,-31.53,0.0010,2
3,1,2,51.76,17.1952,2
3,1,3,-0.03,0.9948,2
3,1,4,13.29,4.4803,2
3,1,5,-27.76,0.0024,2
3,1,6,-12.44,0.0801,2
3,1,7,30.23,10.0427,2
3,1,8,-24.22,0.0055,2
3,1,9,-15.93,0.0364,2
3,1,10,-1.71,0.7440,2
3,1,11,-0.38,0.9384,2
3,1,12,-26.41,0.0033,2
3,1,13,-17.08,0.0280,2
3,1,14,-21.00,0.0114,2
3,1,15,-20.06,0.0142,2
3,1,16,-17.00,0.0285,2
3,1,17,-26.84,0.0030,2
3,1,18,-13.61,0.0615,2
3,1,19,-1.23,0.8103,2
3,1,20,-1.58,0.7617,2
3,1,21,-34.14,0.0006,2
3,1,22,-46.86,0.0000,2
3,1,23,-30.00,0.0014,2
3,1,24,-31.05,0.0011,2
3,1,25,-32.05,0.0009,2
3,1,26,-28.82,0.0019,2
3,1,27,-21.03,0.0113,2
3,1,28,-42.68,0.0001,2
3,1,29,-29.77,0.0015,2
3,1,30,9.53,3.3170,2
3,1,31,-20.82,0.0119,2
3,1,32,-31.95,0.0009,2
3,1,33,-15.84,0.0371,2
3,1,34,-39.30,0.0002,2
3,1,35,-18.57,0.0199,2
3,1,36,2.09,1.3892,2
3,1,37,-5.76,0.3399,2
3,1,38,-5.67,0.3456,2
3,1,39,-25.80,0.0038,2
3,1,40,11.42,3.8939,2
3,1,41,-18.31,0.0211,2
3,2,0,-27.54,0.0025,2
3,2,1,-4.08,0.4762,2
3,2,2,-23.38,0.0066,2
3,2,3,-8.80,0.1785,2
3,2,4,20.46,6.8095,2
3,2,5,-0.37,0.9391,2
3,2,6,-48.45,0.0000,2
3,2,7,-17.48,0.0256,2
3,2,8,-3.48,0.5347,2
3,2,9,-22.25,0.0086,2
3,2,10,-30.89,0.0012,2
3,2,11,-13.16,0.0681,2
3,2,12,-56.01,0.0000,2
3,2,13,-28.36,0.0021,2
3,2,14,-39.86,0.0001,2
3,2,15,-49.28,0.0000,2
3,2,16,-32.51,0.0008,2
3,2,17,-43.40,0.0001,2
3,2,18,-25.33,0.0042,2
3,2,19,-58.82,0.0000,2
3,2,20,24.70,8.2099,2
3,2,21,-36.14,0.0004,2
3,2,22,-16.79,0.0299,2
3,2,23,-9.24,0.1623,2
3,2,24,-1.98,0.7086,2
3,2,25,-28.31,0.0021,2
3,2,26,-14.02,0.0560,2
3,2,27,-12.10,0.0863,2
3,2,28,-25.30,0.0042,2
3,2,29,-58.10,0.0000,2
3,2,30,1.13,1.1992,2
3,2,31,-11.89,0.0905,2
3,2,32,-17.74,0.0241,2
3,2,33,-21.02,0.0114,2
3,2,34,-4.04,0.4793,2
3,2,35,-8.15,0.2056,2
3,2,36,-43.91,0.0001,2
3,2,37,-5.68,0.3451,2
3,2,38,-39.81,0.0002,2
3,2,39,-26.32,0.0034,2
3,2,40,-5.75,0.3402,2
3,2,41,-26.90,0.0029,2
3,3,0,-15.65,0.0388,2
3,3,1,-39.44,0.0002,2
3,3,2,-41.83,0.0001,2
3,3,3,-9.26,0.1617,2
3,3,4,-33.91,0.0006,2
3,3,5,-21.85,0.0094,2
3,3,6,5.14,2.0927,2
3,3,7,5.63,2.2199,2
3,3,8,0.08,1.0127,2
3,3,9,-17.43,0.0259,2
3,3,10,-23.73,0.0061,2
3,3,11,12.55,4.2470,2
3,3,12,-33.15,0.0007,2
3,3,13,-8.51,0.1904,2
3,3,14,-23.43,0.0065,2
3,3,15,1.02,1.1795,2
3,3,16,-30.87,0.0012,2
3,3,17,-21.04,0.0113,2
3,3,18,-29.47,0.0016,2
3,3,19,-20.31,0.0134,2
3,3,20,-7.63,0.2299,2
3,3,21,-31.45,0.0010,2
3,3,22,-300.00,0.0000,2
3,3,23,-17.85,0.0235,2
3,3,24,-34.59,0.0005,2
3,3,25,-20.98,0.0115,2
3,3,26,-8.89,0.1751,2
3,3,27,-25.85,0.0037,2
3,3,28,-23.70,0.0061,2
3,3,29,-9.39,0.1571,2
3,3,30,-1.03,0.8396,2
3,3,31,-15.71,0.0383,2
3,3,32,-23.02,0.0072,2
3,3,33,-22.46,0.0082,2
3,3,34,-23.54,0.0064,2
3,3,35,-9.44,0.1555,2
3,3,36,-42.57,0.0001,2
3,3,37,-54.77,0.0000,2
3,3,38,-59.69,0.0000,2
3,3,39,-44.99,0.0000,2
3,3,40,-29.90,0.0015,2
3,3,41,-39.49,0.0002,2
3,4,0,-41.00,0.0001,2
3,4,1,-46.50,0.0000,2
3,4,2,-45.81,0.0000,2
3,4,3,-30.46,0.0013,2
3,4,4,-22.48,0.0081,2
3,4,5,-18.21,0.0216,2
3,4,6,-32.21,0.0009,2
3,4,7,-8.90,0.1750,2
3,4,8,-22.64,0.0078,2
3,4,9,-16.41,0.0326,2
3,4,10,-33.06,0.0007,2
3,4,11,-1.46,0.7775,2
3,4,12,-47.51,0.0000,2
3,4,13,-59.24,0.0000,2
3,4,14,-24.06,0.0057,2
3,4,15,-64.47,0.0000,2
3,4,16,-34.19,0.0005,2
3,4,17,-41.94,0.0001,2
3,4,18,-21.72,0.0097,2
3,4,19,-14.52,0.0500,2
3,4,20,0.08,1.0126,2
3,4,21,-64.47,0.0000,2
3,4,22,-34.07,0.0006,2
3,4,23,-12.58,0.0775,2
3,4,24,-22.40,0.0083,2
3,4,25,-15.42,0.0408,2
3,4,26,-24.20,0.0055,2
3,4,27,-30.42,0.0013,2
3,4,28,-31.35,0.0011,2
3,4,29,-9.63,0.1490,2
3,4,30,11.02,3.7709,2
3,4,31,-5.11,0.3878,2
3,4,32,-30.08,0.0014,2
3,4,33,-25.22,0.0043,2
3,4,34,-11.27,0.1038,2
3,4,35,14.61,4.9039,2
3,4,36,-26.29,0.0034,2
3,4,37,-45.54,0.0000,2
3,4,38,-37.09,0.0003,2
3,4,39,-44.01,0.0001,2
3,4,40,-64.47,0.0000,2
3,4,41,-26.51,0.0032,2
3,5,0,7.19,2.6402,2
3,5,1,-31.27,0.0011,2
3,5,2,0.22,1.0367,2
3,5,3,-6.63,0.2839,2
3,5,4,-8.24,0.2015,2
3,5,5,-37.77,0.0002,2
3,5,6,-16.31,0.0333,2
3,5,7,4.92,2.0371,2
3,5,8,-8.86,0.1765,2
3,5,9,-14.29,0.0528,2
3,5,10,-6.47,0.2935,2
3,5,11,71.22,23.6595,2
3,5,12,-25.12,0.0044,2
3,5,13,-28.92,0.0019,2
3,5,14,-15.39,0.0411,2
3,5,15,-16.11,0.0349,2
3,5,16,-21.42,0.0104,2
3,5,17,-17.75,0.0240,2
3,5,18,-20.34,0.0133,2
3,5,19,-30.11,0.0014,2
3,5,20,-20.57,0.0126,2
3,5,21,-14.45,0.0508,2
3,5,22,-28.97,0.0018,2
3,5,23,-2.25,0.6740,2
3,5,24,-48.45,0.0000,2
3,5,25,-34.24,0.0005,2
3,5,26,-37.54,0.0003,2
3,5,27,-32.72,0.0008,2
3,5,28,-15.49,0.0402,2
3,5,29,-27.41,0.0026,2
3,5,30,-23.91,0.0059,2
3,5,31,-32.55,0.0008,2
3,5,32,-33.50,0.0006,2
3,5,33,-42.37,0.0001,2
3,5,34,-27.15,0.0028,2
3,5,35,-7.52,0.2351,2
3,5,36,-4.53,0.4354,2
3,5,37,-11.45,0.0999,2
3,5,38,-28.40,0.0021,2
3,5,39,-22.82,0.0075,2
3,5,40,-13.61,0.0615,2
3,5,41,-23.77,0.0060,2
3,6,0,-39.59,0.0002,2
3,6,1,-15.96,0.0361,2
3,6,2,-64.47,0.0000,2
3,6,3,-33.49,0.0006,2
3,6,4,-43.81,0.0001,2
3,6,5,-66.23,0.0000,2
3,6,6,-27.71,0.0024,2
3,6,7,-29.07,0.0018,2
3,6,8,-35.96,0.0004,2
3,6,9,-48.52,0.0000,2
3,6,10,-31.27,0.0011,2
3,6,11,-15.90,0.0366,2
3,6,12,10.60,3.6410,2
3,6,13,-28.96,0.0018,2
3,6,14,13.08,4.4146,2
3,6,15,-21.88,0.0093,2
3,6,16,-21.34,0.0106,2
3,6,17,-13.49,0.0632,2
3,6,18,-3.39,0.5437,2
3,6,19,-6.20,0.3100,2
3,6,20,-7.38,0.2421,2
3,6,21,-28.44,0.0021,2
3,6,22,-29.14,0.0018,2
3,6,23,-6.94,0.2658,2
3,6,24,-35.07,0.0004,2
3,6,25,-32.80,0.0008,2
3,6,26,-50.49,0.0000,2
3,6,27,-52.16,0.0000,2
3,6,28,-22.81,0.0075,2
3,6,29,-14.06,0.0556,2
3,6,30,-5.34,0.3697,2
3,6,31,-39.02,0.0002,2
3,6,32,-10.85,0.1139,2
3,6,33,-19.64,0.0156,2
3,6,34,-45.05,0.0000,2
3,6,35,3.27,1.6436,2
3,6,36,-45.36,0.0000,2
3,6,37,-36.86,0.0003,2
3,6,38,-31.97,0.0009,2
3,6,39,-28.40,0.0021,2
3,6,40,-7.97,0.2138,2
3,6,41,-11.07,0.1086,2
3,7,0,-19.07,0.0178,2
3,7,1,-16.19,0.0343,2
3,7,2,-15.60,0.0392,2
3,7,3,-4.90,0.4041,2
3,7,4,-35.38,0.0004,2
3,7,5,-40.09,0.0001,2
3,7,6,-10.47,0.1239,2
3,7,7,-9.16,0.1653,2
3,7,8,-7.33,0.2449,2
3,7,9,-13.71,0.0602,2
3,7,10,-26.12,0.0035,2
3,7,11,7.16,2.6322,2
3,7,12,-31.81,0.0010,2
3,7,13,-33.83,0.0006,2
3,7,14,22.50,7.4838,2
3,7,15,-6.15,0.3133,2
3,7,16,-28.19,0.0022,2
3,7,17,5.99,2.3143,2
3,7,18,-34.45,0.0005,2
3,7,19,-47.28,0.0000,2
3,7,20,-16.37,0.0329,2
3,7,21,-40.88,0.0001,2
3,7,22,-20.80,0.0119,2
3,7,23,-3.32,0.5514,2
3,7,24,-7.45,0.2388,2
3,7,25,-17.90,0.0232,2
3,7,26,-39.45,0.0002,2
3,7,27,-14.26,0.0531,2
3,7,28,-18.00,0.0227,2
3,7,29,19.59,6.5249,2
3,7,30,-15.66,0.0387,2
3,7,31,-39.99,0.0001,2
3,7,32,-36.07,0.0004,2
3,7,33,-37.74,0.0002,2
3,7,34,-21.25,0.0108,2
3,7,35,-12.84,0.0732,2
3,7,36,-10.84,0.1141,2
3,7,37,-35.07,0.0004,2
3,7,38,-12.69,0.0756,2
3,7,39,-5.00,0.3961,2
3,7,40,-44.13,0.0001,2
3,7,41,-27.59,0.0025,2
3,8,0,-27.87,0.0024,2
3,8,1,-7.48,0.2372,2
3,8,2,-30.38,0.0013,2
3,8,3,-49.15,0.0000,2
3,8,4,-23.00,0.0072,2
3,8,5,-32.52,0.0008,2
3,8,6,-55.26,0.0000,2
3,8,7,-19.83,0.0149,2
3,8,8,-27.69,0.0025,2
3,8,9,-23.26,0.0068,2
3,8,10,-31.08,0.0011,2
3,8,11,-3.72,0.5104,2
3,8,12,-0.13,0.9788,2
3,8,13,-31.49,0.0010,2
3,8,14,-10.73,0.1169,2
3,8,15,-53.67,0.0000,2
3,8,16,-12.88,0.0724,2
3,8,17,-5.69,0.3444,2
3,8,18,-22.14,0.0088,2
3,8,19,-39.19,0.0002,2
3,8,20,17.27,5.7627,2
3,8,21,5.65,2.2239,2
3,8,22,-40.72,0.0001,2
3,8,23,-32.01,0.0009,2
3,8,24,-22.54,0.0080,2
3,8,25,-41.85,0.0001,2
3,8,26,-69.24,0.0000,2
3,8,27,-40.69,0.0001,2
3,8,28,-34.11,0.0006,2
3,8,29,-42.53,0.0001,2
3,8,30,-17.32,0.0265,2
3,8,31,-39.03,0.0002,2
3,8,32,-49.89,0.0000,2
3,8,33,-43.61,0.0001,2
3,8,34,-62.25,0.0000,2
3,8,35,-2.21,0.6788,2
3,8,36,-49.46,0.0000,2
3,8,37,-300.00,0.0000,2
3,8,38,-58.10,0.0000,2
3,8,39,-30.68,0.0012,2
3,8,40,-42.73,0.0001,2
3,8,41,-43.50,0.0001,2
3,9,0,-28.71,0.0019,2
3,9,1,-15.81,0.0374,2
3,9,2,-12.92,0.0719,2
3,9,3,-56.68,0.0000,2
3,9,4,-48.67,0.0000,2
3,9,5,-6.81,0.2733,2
3,9,6,-39.05,0.0002,2
3,9,7,-11.19,0.1056,2
3,9,8,-18.68,0.0194,2
3,9,9,-15.00,0.0449,2
3,9,10,-37.58,0.0003,2
3,9,11,13.91,4.6775,2
3,9,12,-27.05,0.0028,2
3,9,13,-41.51,0.0001,2
3,9,14,-39.02,0.0002,2
3,9,15,-48.23,0.0000,2
3,9,16,-25.87,0.0037,2
3,9,17,2.76,1.5295,2
3,9,18,1.54,1.2788,2
3,9,19,12.70,4.2956,2
3,9,20,48.91,16.2490,2
3,9,21,-27.66,0.0025,2
3,9,22,-40.32,0.0001,2
3,9,23,15.01,5.0302,2
3,9,24,-6.98,0.2637,2
3,9,25,-24.94,0.0046,2
3,9,26,-51.18,0.0000,2
3,9,27,-44.47,0.0001,2
3,9,28,-31.17,0.0011,2
3,9,29,-48.10,0.0000,2
3,9,30,-14.57,0.0496,2
3,9,31,-2.15,0.6861,2
3,9,32,5.56,2.2021,2
3,9,33,1.11,1.1961,2
3,9,34,-10.43,0.1250,2
3,9,35,1.64,1.2978,2
3,9,36,-12.42,0.0804,2
3,9,37,-32.85,0.0007,2
3,9,38,-9.46,0.1548,2
3,9,39,-32.89,0.0007,2
3,9,40,-43.91,0.0001,2
3,9,41,-14.83,0.0467,2
3,10,0,-1.91,0.7174,2
3,10,1,-5.13,0.3865,2
3,10,2,-1.07,0.8333,2
3,10,3,-8.24,0.2014,2
3,10,4,-7.78,0.2223,2
3,10,5,-19.62,0.0157,2
3,10,6,-5.00,0.3966,2
3,10,7,-30.16,0.0014,2
3,10,8,-40.02,0.0001,2
3,10,9,-26.32,0.0034,2
3,10,10,-12.78,0.0741,2
3,10,11,-12.34,0.0818,2
3,10,12,-10.97,0.1110,2
3,10,13,-39.65,0.0002,2
3,10,14,-24.87,0.0047,2
3,10,15,-16.44,0.0324,2
3,10,16,-7.03,0.2608,2
3,10,17,-11.43,0.1002,2
3,10,18,-2.66,0.6251,2
3,10,19,-18.62,0.0197,2
3,10,20,13.70,4.6123,2
3,10,21,23.82,7.9199,2
3,10,22,-25.57,0.0040,2
3,10,23,-12.24,0.0837,2
3,10,24,-5.67,0.3462,2
3,10,25,-49.89,0.0000,2
3,10,26,-21.43,0.0103,2
3,10,27,-19.10,0.0176,2
3,10,28,-30.15,0.0014,2
3,10,29,-28.43,0.0021,2
3,10,30,-0.29,0.9533,2
3,10,31,-34.06,0.0006,2
3,10,32,-35.97,0.0004,2
3,10,33,-22.71,0.0077,2
3,10,34,-18.41,0.0206,2
3,10,35,-20.14,0.0139,2
3,10,36,-39.91,0.0001,2
3,10,37,-57.20,0.0000,2
3,10,38,-18.01,0.0226,2
3,10,39,-36.61,0.0003,2
3,10,40,-15.73,0.0381,2
3,10,41,-1.55,0.7658,2
3,11,0,-300.00,0.0000,2
3,11,1,-33.03,0.0007,2
3,11,2,-63.22,0.0000,2
3,11,3,-55.43,0.0000,2
3,11,4,-44.69,0.0000,2
3,11,5,-32.57,0.0008,2
3,11,6,-44.99,0.0000,2
3,11,7,-45.07,0.0000,2
3,11,8,-28.27,0.0021,2
3,11,9,-51.38,0.0000,2
3,11,10,-45.81,0.0000,2
3,11,11,-3.88,0.4954,2
3,11,12,-24.40,0.0052,2
3,11,13,-32.87,0.0007,2
3,11,14,-62.25,0.0000,2
3,11,15,-27.15,0.0028,2
3,11,16,-24.19,0.0055,2
3,11,17,-47.42,0.0000,2
3,11,18,-15.59,0.0393,2
3,11,19,-19.72,0.0153,2
3,11,20,4.76,1.9963,2
3,11,21,-11.01,0.1100,2
3,11,22,-20.27,0.0135,2
3,11,23,-8.18,0.2044,2
3,11,24,-11.59,0.0967,2
3,11,25,-34.88,0.0005,2
3,11,26,-8.62,0.1857,2
3,11,27,-18.85,0.0187,2
3,11,28,-37.15,0.0003,2
3,11,29,-10.29,0.1290,2
3,11,30,-40.58,0.0001,2
3,11,31,-64.47,0.0000,2
3,11,32,-63.22,0.0000,2
3,11,33,-46.57,0.0000,2
3,11,34,-41.94,0.0001,2
3,11,35,-2.78,0.6113,2
3,11,36,-26.01,0.0036,2
3,11,37,-28.16,0.0022,2
3,11,38,-54.32,0.0000,2
3,11,39,-36.77,0.0003,2
3,11,40,-31.71,0.0010,2
3,11,41,-15.08,0.0441,2
3,12,0,-45.60,0.0000,2
3,12,1,-36.72,0.0003,2
3,12,2,-55.81,0.0000,2
3,12,3,-34.30,0.0005,2
3,12,4,-46.59,0.0000,2
3,12,5,-38.74,0.0002,2
3,12,6,-44.25,0.0001,2
3,12,7,-39.95,0.0001,2
3,12,8,-61.46,0.0000,2
3,12,9,-54.19,0.0000,2
3,12,10,-45.77,0.0000,2
3,12,11,-25.20,0.0044,2
3,12,12,-47.09,0.0000,2
3,12,13,-20.16,0.0138,2
3,12,14,-40.30,0.0001,2
3,12,15,-30.96,0.0012,2
3,12,16,-54.61,0.0000,2
3,12,17,-38.63,0.0002,2
3,12,18,-18.47,0.0204,2
3,12,19,-300.00,0.0000,2
3,12,20,-18.92,0.0184,2
3,12,21,-34.64,0.0005,2
3,12,22,-27.18,0.0028,2
3,12,23,5.27,2.1254,2
3,12,24,-21.07,0.0112,2
3,12,25,-35.81,0.0004,2
3,12,26,-11.04,0.1093,2
3,12,27,-26.81,0.0030,2
3,12,28,-25.80,0.0038,2
3,12,29,-32.20,0.0009,2
3,12,30,-15.57,0.0394,2
3,12,31,-44.58,0.0001,2
3,12,32,-66.23,0.0000,2
3,12,33,-57.48,0.0000,2
3,12,34,-50.37,0.0000,2
3,12,35,-44.24,0.0001,2
3,12,36,0.40,1.0672,2
3,12,37,-38.23,0.0002,2
3,12,38,-25.22,0.0043,2
3,12,39,-16.10,0.0350,2
3,12,40,-38.41,0.0002,2
3,12,41,-26.75,0.0030,2
3,13,0,-22.17,0.0087,2
3,13,1,-31.85,0.0009,2
3,13,2,-28.26,0.0022,2
3,13,3,-8.38,0.1958,2
3,13,4,-24.46,0.0052,2
3,13,5,4.14,1.8462,2
3,13,6,-17.03,0.0283,2
3,13,7,-18.93,0.0183,2
3,13,8,-11.70,0.0945,2
3,13,9,-23.92,0.0058,2
3,13,10,-54.47,0.0000,2
3,13,11,-17.91,0.0232,2
3,13,12,-42.71,0.0001,2
3,13,13,-58.45,0.0000,2
3,13,14,-46.27,0.0000,2
3,13,15,-30.89,0.0012,2
3,13,16,-24.95,0.0046,2
3,13,17,-18.81,0.0188,2
3,13,18,-32.59,0.0008,2
3,13,19,-46.88,0.0000,2
3,13,20,-0.89,0.8594,2
3,13,21,-46.91,0.0000,2
3,13,22,-25.14,0.0044,2
3,13,23,-9.11,0.1670,2
3,13,24,-14.32,0.0524,2
3,13,25,-21.97,0.0091,2
3,13,26,-6.56,0.2881,2
3,13,27,-3.43,0.5404,2
3,13,28,-30.22,0.0014,2
3,13,29,-40.62,0.0001,2
3,13,30,-0.41,0.9340,2
3,13,31,-18.78,0.0190,2
3,13,32,-36.17,0.0003,2
3,13,33,-29.06,0.0018,2
3,13,34,-15.89,0.0367,2
3,13,35,2.42,1.4573,2
3,13,36,-40.90,0.0001,2
3,13,37,-50.21,0.0000,2
3,13,38,-46.43,0.0000,2
3,13,39,-40.06,0.0001,2
3,13,40,-31.39,0.0010,2
3,13,41,-47.93,0.0000,2
3,14,0,-69.24,0.0000,2
3,14,1,-55.09,0.0000,2
3,14,2,-29.97,0.0015,2
3,14,3,-57.78,0.0000,2
3,14,4,-37.36,0.0003,2
3,14,5,-55.26,0.0000,2
3,14,6,-29.55,0.0016,2
3,14,7,-23.85,0.0059,2
3,14,8,-26.71,0.0031,2
3,14,9,-45.93,0.0000,2
3,14,10,-28.34,0.0021,2
3,14,11,-0.61,0.9027,2
3,14,12,-27.64,0.0025,2
3,14,13,-24.79,0.0048,2
3,14,14,-36.63,0.0003,2
3,14,15,-30.58,0.0013,2
3,14,16,-29.69,0.0015,2
3,14,17,-44.81,0.0000,2
3,14,18,-38.75,0.0002,2
3,14,19,-31.49,0.0010,2
3,14,20,-40.59,0.0001,2
3,14,21,-21.16,0.0110,2
3,14,22,-48.13,0.0000,2
3,14,23,-24.47,0.0052,2
3,14,24,-39.10,0.0002,2
3,14,25,-17.30,0.0266,2
3,14,26,-54.32,0.0000,2
3,14,27,-27.99,0.0023,2
3,14,28,-36.39,0.0003,2
3,14,29,5.01,2.0597,2
3,14,30,-17.53,0.0252,2
3,14,31,-22.61,0.0079,2
3,14,32,-50.72,0.0000,2
3,14,33,-51.68,0.0000,2
3,14,34,-26.03,0.0036,2
3,14,35,-8.49,0.1910,2
3,14,36,-45.22,0.0000,2
3,14,37,-55.81,0.0000,2
3,14,38,-31.38,0.0010,2
3,14,39,-25.11,0.0044,2
3,14,40,-49.94,0.0000,2
3,14,41,-34.18,0.0006,2
3,15,0,-11.52,0.0983,2
3,15,1,-48.16,0.0000,2
3,15,2,-24.22,0.0054,2
3,15,3,-13.14,0.0684,2
3,15,4,-9.67,0.1478,2
3,15,5,-8.38,0.1956,2
3,15,6,-7.92,0.2159,2
3,15,7,-1.62,0.7563,2
3,15,8,-18.97,0.0182,2
3,15,9,-14.77,0.0473,2
3,15,10,-18.90,0.0185,2
3,15,11,3.47,1.6878,2
3,15,12,-18.32,0.0211,2
3,15,13,-20.68,0.0123,2
3,15,14,-10.22,0.1311,2
3,15,15,-47.39,0.0000,2
3,15,16,-38.05,0.0002,2
3,15,17,-34.94,0.0005,2
3,15,18,-24.78,0.0048,2
3,15,19,-29.32,0.0017,2
3,15,20,-5.06,0.3918,2
3,15,21,-36.36,0.0003,2
3,15,22,-29.30,0.0017,2
3,15,23,-9.48,0.1541,2
3,15,24,-15.84,0.0371,2
3,15,25,-31.15,0.0011,2
3,15,26,0.82,1.1427,2
3,15,27,-10.64,0.1194,2
3,15,28,-6.94,0.2660,2
3,15,29,-8.04,0.2103,2
3,15,30,94.18,31.2850,2
3,15,31,9.33,3.2585,2
3,15,32,9.15,3.2055,2
3,15,33,56.11,18.6402,2
3,15,34,-20.13,0.0139,2
3,15,35,43.22,14.3585,2
3,15,36,-17.35,0.0263,2
3,15,37,-18.85,0.0187,2
3,15,38,-19.30,0.0169,2
3,15,39,-6.95,0.2652,2
3,15,40,-10.64,0.1195,2
3,15,41,-20.64,0.0124,2
3,16,0,-56.23,0.0000,2
3,16,1,-44.01,0.0001,2
3,16,2,-47.42,0.0000,2
3,16,3,-38.82,0.0002,2
3,16,4,-53.22,0.0000,2
3,16,5,-60.21,0.0000,2
3,16,6,-49.51,0.0000,2
3,16,7,-28.08,0.0022,2
3,16,8,-55.09,0.0000,2
3,16,9,-46.31,0.0000,2
3,16,10,-43.97,0.0001,2
3,16,11,-16.28,0.0336,2
3,16,12,-37.50,0.0003,2
3,16,13,-34.86,0.0005,2
3,16,14,-42.44,0.0001,2
3,16,15,-32.07,0.0009,2
3,16,16,-24.30,0.0053,2
3,16,17,-29.74,0.0015,2
3,16,18,-40.69,0.0001,2
3,16,19,-4.69,0.4218,2
3,16,20,0.17,1.0289,2
3,16,21,-35.72,0.0004,2
3,16,22,-44.61,0.0000,2
3,16,23,-40.52,0.0001,2
3,16,24,-43.14,0.0001,2
3,16,25,-35.16,0.0004,2
3,16,26,-32.03,0.0009,2
3,16,27,-48.94,0.0000,2
3,16,28,-16.49,0.0320,2
3,16,29,-55.09,0.0000,2
3,16,30,-18.39,0.0208,2
3,16,31,-28.25,0.0022,2
3,16,32,-20.48,0.0129,2
3,16,33,12.75,4.3112,2
3,16,34,-48.52,0.0000,2
3,16,35,-15.07,0.0442,2
3,16,36,-12.76,0.0744,2
3,16,37,-39.26,0.0002,2
3,16,38,-29.70,0.0015,2
3,16,39,-15.88,0.0367,2
3,16,40,-25.92,0.0037,2
3,16,41,-19.97,0.0144,2
3,17,0,-60.79,0.0000,2
3,17,1,-38.66,0.0002,2
3,17,2,-40.36,0.0001,2
3,17,3,-25.16,0.0044,2
3,17,4,-43.27,0.0001,2
3,17,5,-42.85,0.0001,2
3,17,6,-34.59,0.0005,2
3,17,7,-1.40,0.7862,2
3,17,8,7.40,2.6987,2
3,17,9,-11.65,0.0955,2
3,17,10,-38.20,0.0002,2
3,17,11,-0.72,0.8859,2
3,17,12,-40.16,0.0001,2
3,17,13,-41.33,0.0001,2
3,17,14,-47.56,0.0000,2
3,17,15,-49.46,0.0000,2
3,17,16,-29.16,0.0018,2
3,17,17,-22.42,0.0082,2
3,17,18,-23.64,0.0062,2
3,17,19,0.58,1.0992,2
3,17,20,-10.80,0.1153,2
3,17,21,-22.60,0.0079,2
3,17,22,-28.79,0.0019,2
3,17,23,-11.06,0.1087,2
3,17,24,-43.32,0.0001,2
3,17,25,-30.17,0.0014,2
3,17,26,-28.29,0.0021,2
3,17,27,-32.58,0.0008,2
3,17,28,-11.14,0.1069,2
3,17,29,-36.37,0.0003,2
3,17,30,11.19,3.8229,2
3,17,31,-12.97,0.0710,2
3,17,32,-11.97,0.0888,2
3,17,33,27.64,9.1857,2
3,17,34,-4.57,0.4318,2
3,17,35,11.85,4.0269,2
3,17,36,-40.56,0.0001,2
3,17,37,-51.04,0.0000,2
3,17,38,-39.87,0.0001,2
3,17,39,-36.63,0.0003,2
3,17,40,-21.71,0.0097,2
3,17,41,-60.79,0.0000,2
3,18,0,-30.27,0.0014,2
3,18,1,-32.35,0.0008,2
3,18,2,-32.66,0.0008,2
3,18,3,-38.69,0.0002,2
3,18,4,-24.58,0.0050,2
3,18,5,-39.43,0.0002,2
3,18,6,-63.22,0.0000,2
3,18,7,0.23,1.0386,2
3,18,8,-47.09,0.0000,2
3,18,9,-41.81,0.0001,2
3,18,10,-33.64,0.0006,2
3,18,11,-8.30,0.1989,2
3,18,12,-60.21,0.0000,2
3,18,13,-30.49,0.0013,2
3,18,14,-56.93,0.0000,2
3,18,15,-58.82,0.0000,2
3,18,16,-57.48,0.0000,2
3,18,17,-66.23,0.0000,2
3,18,18,-47.53,0.0000,2
3,18,19,-35.16,0.0004,2
3,18,20,-43.43,0.0001,2
3,18,21,-57.78,0.0000,2
3,18,22,-57.78,0.0000,2
3,18,23,-12.58,0.0776,2
3,18,24,-61.46,0.0000,2
3,18,25,-300.00,0.0000,2
3,18,26,-69.24,0.0000,2
3,18,27,-56.93,0.0000,2
3,18,28,-57.48,0.0000,2
3,18,29,-60.21,0.0000,2
3,18,30,-22.53,0.0080,2
3,18,31,-41.78,0.0001,2
3,18,32,-32.39,0.0008,2
3,18,33,-300.00,0.0000,2
3,18,34,-40.87,0.0001,2
3,18,35,-31.03,0.0011,2
3,18,36,-4.91,0.4033,2
3,18,37,-9.15,0.1657,2
3,18,38,-24.77,0.0048,2
3,18,39,-23.40,0.0066,2
3,18,40,-26.30,0.0034,2
3,18,41,-38.89,0.0002,2
3,19,0,-300.00,0.0000,2
3,19,1,-300.00,0.0000,2
3,19,2,-53.67,0.0000,2
3,19,3,-300.00,0.0000,2
3,19,4,-44.34,0.0001,2
3,19,5,-300.00,0.0000,2
3,19,6,-48.16,0.0000,2
3,19,7,-40.97,0.0001,2
3,19,8,-46.98,0.0000,2
3,19,9,-50.15,0.0000,2
3,19,10,-38.04,0.0002,2
3,19,11,-5.82,0.3356,2
3,19,12,-45.22,0.0000,2
3,19,13,-33.16,0.0007,2
3,19,14,-46.14,0.0000,2
3,19,15,-11.56,0.0973,2
3,19,16,-300.00,0.0000,2
3,19,17,-38.86,0.0002,2
3,19,18,-43.42,0.0001,2
3,19,19,-18.60,0.0198,2
3,19,20,-0.19,0.9686,2
3,19,21,-41.12,0.0001,2
3,19,22,-32.09,0.0009,2
3,19,23,3.84,1.7739,2
3,19,24,-27.64,0.0025,2
3,19,25,-14.60,0.0491,2
3,19,26,-37.59,0.0003,2
3,19,27,-30.36,0.0013,2
3,19,28,-29.27,0.0017,2
3,19,29,-24.15,0.0055,2
3,19,30,-27.05,0.0028,2
3,19,31,-48.82,0.0000,2
3,19,32,-51.76,0.0000,2
3,19,33,-300.00,0.0000,2
3,19,34,-37.46,0.0003,2
3,19,35,-53.67,0.0000,2
3,19,36,-34.36,0.0005,2
3,19,37,-16.20,0.0342,2
3,19,38,-2.88,0.6001,2
3,19,39,-12.03,0.0877,2
3,19,40,-59.24,0.0000,2
3,19,41,-42.77,0.0001,2
3,20,0,-37.74,0.0002,2
3,20,1,-47.71,0.0000,2
3,20,2,-34.42,0.0005,2
3,20,3,-30.87,0.0012,2
3,20,4,-23.88,0.0059,2
3,20,5,-42.68,0.0001,2
3,20,6,-20.96,0.0115,2
3,20,7,-7.72,0.2252,2
3,20,8,-61.46,0.0000,2
3,20,9,-64.47,0.0000,2
3,20,10,-47.36,0.0000,2
3,20,11,-27.93,0.0023,2
3,20,12,-33.32,0.0007,2
3,20,13,-19.98,0.0144,2
3,20,14,-19.55,0.0159,2
3,20,15,-29.94,0.0015,2
3,20,16,-42.47,0.0001,2
3,20,17,-19.99,0.0144,2
3,20,18,-44.16,0.0001,2
3,20,19,-51.60,0.0000,2
3,20,20,-42.14,0.0001,2
3,20,21,-42.58,0.0001,2
3,20,22,-54.32,0.0000,2
3,20,23,-0.25,0.9588,2
3,20,24,-31.14,0.0011,2
3,20,25,-19.25,0.0171,2
3,20,26,-31.19,0.0011,2
3,20,27,-60.21,0.0000,2
3,20,28,-32.49,0.0008,2
3,20,29,-26.82,0.0030,2
3,20,30,-23.23,0.0068,2
3,20,31,-21.57,0.0100,2
3,20,32,-23.12,0.0070,2
3,20,33,-23.60,0.0063,2
3,20,34,-58.45,0.0000,2
3,20,35,-14.10,0.0551,2
3,20,36,-23.27,0.0068,2
3,20,37,1.32,1.2356,2
3,20,38,-19.28,0.0169,2
3,20,39,-44.77,0.0000,2
3,20,40,-4.67,0.4237,2
3,20,41,-7.25,0.2490,2
4,0,0,-5.62,0.3496,2
4,0,1,13.82,4.6482,2
4,0,2,-29.60,0.0016,2
4,0,3,-23.08,0.0071,2
4,0,4,8.86,3.1189,2
4,0,5,0.53,1.0907,2
4,0,6,-33.53,0.0006,2
4,0,7,-7.22,0.2505,2
4,0,8,-45.83,0.0000,2
4,0,9,-18.44,0.0205,2
4,0,10,-19.32,0.0168,2
4,0,11,11.64,3.9619,2
4,0,12,-14.56,0.0496,2
4,0,13,-20.42,0.0130,2
4,0,14,-16.10,0.0350,2
4,0,15,-21.42,0.0104,2
4,0,16,-20.01,0.0143,2
4,0,17,-10.03,0.1367,2
4,0,18,-10.45,0.1246,2
4,0,19,-38.45,0.0002,2
4,0,20,11.19,3.8243,2
4,0,21,3.64,1.7276,2
4,0,22,-25.98,0.0036,2
4,0,23,3.98,1.8082,2
4,0,24,-9.58,0.1509,2
4,0,25,-32.70,0.0008,2
4,0,26,-4.37,0.4500,2
4,0,27,-26.98,0.0029,2
4,0,28,-24.32,0.0053,2
4,0,29,-10.68,0.1184,2
4,0,30,-3.85,0.4982,2
4,0,31,-47.45,0.0000,2
4,0,32,-35.36,0.0004,2
4,0,33,-36.42,0.0003,2
4,0,34,-37.83,0.0002,2
4,0,35,-39.16,0.0002,2
4,0,36,-7.62,0.2304,2
4,0,37,-28.77,0.0019,2
4,0,38,-23.18,0.0069,2
4,0,39,-42.19,0.0001,2
4,0,40,-47.78,0.0000,2
4,0,41,-50.54,0.0000,2
4,1,0,9.54,3.3202,2
4,1,1,-31.53,0.0010,2
4,1,2,51.76,17.1952,2
4,1,3,-0.03,0.9948,2
4,1,4,13.29,4.4803,2
4,1,5,-27.76,0.0024,2
4,1,6,-12.44,0.0801,2
4,1,7,30.23,10.0427,2
4,1,8,-24.22,0.0055,2
4,1,9,-15.93,0.0364,2
4,1,10,-1.71,0.7440,2
4,1,11,-0.38,0.9384,2
4,1,12,-26.41,0.0033,2
4,1,13,-17.08,0.0280,2
4,1,14,-21.00,0.0114,2
4,1,15,-20.06,0.0142,2
4,1,16,-17.00,0.0285,2
4,1,17,-26.84,0.0030,2
4,1,18,-13.61,0.0615,2
4,1,19,-1.23,0.8103,2
4,1,20,-1.58,0.7617,2
4,1,21,-34.14,0.0006,2
4,1,22,-46.86,0.0000,2
4,1,23,-30.00,0.0014,2
4,1,24,-31.05,0.0011,2
4,1,25,-32.05,0.0009,2
4,1,26,-28.82,0.0019,2
4,1,27,-21.03,0.0113,2
4,1,28,-42.68,0.0001,2
4,1,29,-29.77,0.0015,2
4,1,30,9.53,3.3170,2
4,1,31,-20.82,0.0119,2
4,1,32,-31.95,0.0009,2
4,1,33,-15.84,0.0371,2
4,1,34,-39.30,0.0002,2
4,1,35,-18.57,0.0199,2
4,1,36,2.09,1.3892,2
4,1,37,-5.76,0.3399,2
4,1,38,-5.67,0.3456,2
4,1,39,-25.80,0.0038,2
4,1,40,11.42,3.8939,2
4,1,41,-18.31,0.0211,2
4,2,0,-27.54,0.0025,2
4,2,1,-4.08,0.4762,2
4,2,2,-23.38,0.0066,2
4,2,3,-8.80,0.1785,2
4,2,4,20.46,6.8095,2
4,2,5,-0.37,0.9391,2
4,2,6,-48.45,0.0000,2
4,2,7,-17.48,0.0256,2
4,2,8,-3.48,0.5347,2
4,2,9,-22.25,0.0086,2
4,2,10,-30.89,0.0012,2
4,2,11,-13.16,0.0681,2
4,2,12,-56.01,0.0000,2
4,2,13,-28.36,0.0021,2
4,2,14,-39.86,0.0001,2
4,2,15,-49.28,0.0000,2
4,2,16,-32.51,0.0008,2
4,2,17,-43.40,0.0001,2
4,2,18,-25.33,0.0042,2
4,2,19,-58.82,0.0000,2
4,2,20,24.70,8.2099,2
4,2,21,-36.14,0.0004,2
4,2,22,-16.79,0.0299,2
4,2,23,-9.24,0.1623,2
4,2,24,-1.98,0.7086,2
4,2,25,-28.31,0.0021,2
4,2,26,-14.02,0.0560,2
4,2,27,-12.10,0.0863,2
4,2,28,-25.30,0.0042,2
4,2,29,-58.10,0.0000,2
4,2,30,1.13,1.1992,2
4,2,31,-11.89,0.0905,2
4,2,32,-17.74,0.0241,2
4,2,33,-21.02,0.0114,2
4,2,34,-4.04,0.4793,2
4,2,35,-8.15,0.2056,2
4,2,36,-43.91,0.0001,2
4,2,37,-5.68,0.3451,2
4,2,38,-39.81,0.0002,2
4,2,39,-26.32,0.0034,2
4,2,40,-5.75,0.3402,2
4,2,41,-26.90,0.0029,2
4,3,0,-15.65,0.0388,2
4,3,1,-39.44,0.0002,2
4,3,2,-41.83,0.0001,2
4,3,3,-9.26,0.1617,2
4,3,4,-33.91,0.0006,2
4,3,5,-21.85,0.0094,2
4,3,6,5.14,2.0927,2
4,3,7,5.63,2.2199,2
4,3,8,0.08,1.0127,2
4,3,9,-17.43,0.0259,2
4,3,10,-23.73,0.0061,2
4,3,11,12.55,4.2470,2
4,3,12,-33.15,0.0007,2
4,3,13,-8.51,0.1904,2
4,3,14,-23.43,0.0065,2
4,3,15,1.02,1.1795,2
4,3,16,-30.87,0.0012,2
4,3,17,-21.04,0.0113,2
4,3,18,-29.47,0.0016,2
4,3,19,-20.31,0.0134,2
4,3,20,-7.63,0.2299,2
4,3,21,-31.45,0.0010,2
4,3,22,-300.00,0.0000,2
4,3,23,-17.85,0.0235,2
4,3,24,-34.59,0.0005,2
4,3,25,-20.98,0.0115,2
4,3,26,-8.89,0.1751,2
4,3,27,-25.85,0.0037,2
4,3,28,-23.70,0.0061,2
4,3,29,-9.39,0.1571,2
4,3,30,-1.03,0.8396,2
4,3,31,-15.71,0.0383,2
4,3,32,-23.02,0.0072,2
4,3,33,-22.46,0.0082,2
4,3,34,-23.54,0.0064,2
4,3,35,-9.44,0.1555,2
4,3,36,-42.57,0.0001,2
4,3,37,-54.77,0.0000,2
4,3,38,-59.69,0.0000,2
4,3,39,-44.99,0.0000,2
4,3,40,-29.90,0.0015,2
4,3,41,-39.49,0.0002,2
4,4,0,-41.00,0.0001,2
4,4,1,-46.50,0.0000,2
4,4,2,-45.81,0.0000,2
4,4,3,-30.46,0.0013,2
4,4,4,-22.48,0.0081,2
4,4,5,-18.21,0.0216,2
4,4,6,-32.21,0.0009,2
4,4,7,-8.90,0.1750,2
4,4,8,-22.64,0.0078,2
4,4,9,-16.41,0.0326,2
4,4,10,-33.06,0.0007,2
4,4,11,-1.46,0.7775,2
4,4,12,-47.51,0.0000,2
4,4,13,-59.24,0.0000,2
4,4,14,-24.06,0.0057,2
4,4,15,-64.47,0.0000,2
4,4,16,-34.19,0.0005,2
4,4,17,-41.94,0.0001,2
4,4,18,-21.72,0.0097,2
4,4,19,-14.52,0.0500,2
4,4,20,0.08,1.0126,2
4,4,21,-64.47,0.0000,2
4,4,22,-34.07,0.0006,2
4,4,23,-12.58,0.0775,2
4,4,24,-22.40,0.0083,2
4,4,25,-15.42,0.0408,2
4,4,26,-24.20,0.0055,2
4,4,27,-30.42,0.0013,2
4,4,28,-31.35,0.0011,2
4,4,29,-9.63,0.1490,2
4,4,30,11.02,3.7709,2
4,4,31,-5.11,0.3878,2
4,4,32,-30.08,0.0014,2
4,4,33,-25.22,0.0043,2
4,4,34,-11.27,0.1038,2
4,4,35,14.61,4.9039,2
4,4,36,-26.29,0.0034,2
4,4,37,-45.54,0.0000,2
4,4,38,-37.09,0.0003,2
4,4,39,-44.01,0.0001,2
4,4,40,-64.47,0.0000,2
4,4,41,-26.51,0.0032,2
4,5,0,7.19,2.6402,2
4,5,1,-31.27,0.0011,2
4,5,2,0.22,1.0367,2
4,5,3,-6.63,0.2839,2
4,5,4,-8.24,0.2015,2
4,5,5,-37.77,0.0002,2
4,5,6,-16.31,0.0333,2
4,5,7,4.92,2.0371,2
4,5,8,-8.86,0.1765,2
4,5,9,-14.29,0.0528,2
4,5,10,-6.47,0.2935,2
4,5,11,71.22,23.6595,2
4,5,12,-25.12,0.0044,2
4,5,13,-28.92,0.0019,2
4,5,14,-15.39,0.0411,2
4,5,15,-16.11,0.0349,2
4,5,16,-21.42,0.0104,2
4,5,17,-17.75,0.0240,2
4,5,18,-20.34,0.0133,2
4,5,19,-30.11,0.0014,2
4,5,20,-20.57,0.0126,2
4,5,21,-14.45,0.0508,2
4,5,22,-28.97,0.0018,2
4,5,23,-2.25,0.6740,2
4,5,24,-48.45,0.0000,2
4,5,25,-34.24,0.0005,2
4,5,26,-37.54,0.0003,2
4,5,27,-32.72,0.0008,2
4,5,28,-15.49,0.0402,2
4,5,29,-27.41,0.0026,2
4,5,30,-23.91,0.0059,2
4,5,31,-32.55,0.0008,2
4,5,32,-33.50,0.0006,2
4,5,33,-42.37,0.0001,2
4,5,34,-27.15,0.0028,2
4,5,35,-7.52,0.2351,2
4,5,36,-4.53,0.4354,2
4,5,37,-11.45,0.0999,2
4,5,38,-28.40,0.0021,2
4,5,39,-22.82,0.0075,2
4,5,40,-13.61,0.0615,2
4,5,41,-23.77,0.0060,2
4,6,0,-39.59,0.0002,2
4,6,1,-15.96,0.0361,2
4,6,2,-64.47,0.0000,2
4,6,3,-33.49,0.0006,2
4,6,4,-43.81,0.0001,2
4,6,5,-66.23,0.0000,2
4,6,6,-27.71,0.0024,2
4,6,7,-29.07,0.0018,2
4,6,8,-35.96,0.0004,2
4,6,9,-48.52,0.0000,2
4,6,10,-31.27,0.0011,2
4,6,11,-15.90,0.0366,2
4,6,12,10.60,3.6410,2
4,6,13,-28.96,0.0018,2
4,6,14,13.08,4.4146,2
4,6,15,-21.88,0.0093,2
4,6,16,-21.34,0.0106,2
4,6,17,-13.49,0.0632,2
4,6,18,-3.39,0.5437,2
4,6,19,-6.20,0.3100,2
4,6,20,-7.38,0.2421,2
4,6,21,-28.44,0.0021,2
4,6,22,-29.14,0.0018,2
4,6,23,-6.94,0.2658,2
4,6,24,-35.07,0.0004,2
4,6,25,-32.80,0.0008,2
4,6,26,-50.49,0.0000,2
4,6,27,-52.16,0.0000,2
4,6,28,-22.81,0.0075,2
4,6,29,-14.06,0.0556,2
4,6,30,-5.34,0.3697,2
4,6,31,-39.02,0.0002,2
4,6,32,-10.85,0.1139,2
4,6,33,-19.64,0.0156,2
4,6,34,-45.05,0.0000,2
4,6,35,3.27,1.6436,2
4,6,36,-45.36,0.0000,2
4,6,37,-36.86,0.0003,2
4,6,38,-31.97,0.0009,2
4,6,39,-28.40,0.0021,2
4,6,40,-7.97,0.2138,2
4,6,41,-11.07,0.1086,2
4,7,0,-19.07,0.0178,2
4,7,1,-16.19,0.0343,2
4,7,2,-15.60,0.0392,2
4,7,3,-4.90,0.4041,2
4,7,4,-35.38,0.0004,2
4,7,5,-40.09,0.0001,2
4,7,6,-10.47,0.1239,2
4,7,7,-9.16,0.1653,2
4,7,8,-7.33,0.2449,2
4,7,9,-13.71,0.0602,2
4,7,10,-26.12,0.0035,2
4,7,11,7.16,2.6322,2
4,7,12,-31.81,0.0010,2
4,7,13,-33.83,0.0006,2
4,7,14,22.50,7.4838,2
4,7,15,-6.15,0.3133,2
4,7,16,-28.19,0.0022,2
4,7,17,5.99,2.3143,2
4,7,18,-34.45,0.0005,2
4,7,19,-47.28,0.0000,2
4,7,20,-16.37,0.0329,2
4,7,21,-40.88,0.0001,2
4,7,22,-20.80,0.0119,2
4,7,23,-3.32,0.5514,2
4,7,24,-7.45,0.2388,2
4,7,25,-17.90,0.0232,2
4,7,26,-39.45,0.0002,2
4,7,27,-14.26,0.0531,2
4,7,28,-18.00,0.0227,2
4,7,29,19.59,6.5249,2
4,7,30,-15.66,0.0387,2
4,7,31,-39.99,0.0001,2
4,7,32,-36.07,0.0004,2
4,7,33,-37.74,0.0002,2
4,7,34,-21.25,0.0108,2
4,7,35,-12.84,0.0732,2
4,7,36,-10.84,0.1141,2
4,7,37,-35.07,0.0004,2
4,7,38,-12.69,0.0756,2
4,7,39,-5.00,0.3961,2
4,7,40,-44.13,0.0001,2
4,7,41,-27.59,0.0025,2
4,8,0,-27.87,0.0024,2
4,8,1,-7.48,0.2372,2
4,8,2,-30.38,0.0013,2
4,8,3,-49.15,0.0000,2
4,8,4,-23.00,0.0072,2
4,8,5,-32.52,0.0008,2
4,8,6,-55.26,0.0000,2
4,8,7,-19.83,0.0149,2
4,8,8,-27.69,0.0025,2
4,8,9,-23.26,0.0068,2
4,8,10,-31.08,0.0011,2
4,8,11,-3.72,0.5104,2
4,8,12,-0.13,0.9788,2
4,8,13,-31.49,0.0010,2
4,8,14,-10.73,0.1169,2
4,8,15,-53.67,0.0000,2
4,8,16,-12.88,0.0724,2
4,8,17,-5.69,0.3444,2
4,8,18,-22.14,0.0088,2
4,8,19,-39.19,0.0002,2
4,8,20,17.27,5.7627,2
4,8,21,5.65,2.2239,2
4,8,22,-40.72,0.0001,2
4,8,23,-32.01,0.0009,2
4,8,24,-22.54,0.0080,2
4,8,25,-41.85,0.0001,2
4,8,26,-69.24,0.0000,2
4,8,27,-40.69,0.0001,2
4,8,28,-34.11,0.0006,2
4,8,29,-42.53,0.0001,2
4,8,30,-17.32,0.0265,2
4,8,31,-39.03,0.0002,2
4,8,32,-49.89,0.0000,2
4,8,33,-43.61,0.0001,2
4,8,34,-62.25,0.0000,2
4,8,35,-2.21,0.6788,2
4,8,36,-49.46,0.0000,2
4,8,37,-300.00,0.0000,2
4,8,38,-58.10,0.0000,2
4,8,39,-30.68,0.0012,2
4,8,40,-42.73,0.0001,2
4,8,41,-43.50,0.0001,2
4,9,0,-28.71,0.0019,2
4,9,1,-15.81,0.0374,2
4,9,2,-12.92,0.0719,2
4,9,3,-56.68,0.0000,2
4,9,4,-48.67,0.0000,2
4,9,5,-6.81,0.2733,2
4,9,6,-39.05,0.0002,2
4,9,7,-11.19,0.1056,2
4,9,8,-18.68,0.0194,2
4,9,9,-15.00,0.0449,2
4,9,10,-37.58,0.0003,2
4,9,11,13.91,4.6775,2
4,9,12,-27.05,0.0028,2
4,9,13,-41.51,0.0001,2
4,9,14,-39.02,0.0002,2
4,9,15,-48.23,0.0000,2
4,9,16,-25.87,0.0037,2
4,9,17,2.76,1.5295,2
4,9,18,1.54,1.2788,2
4,9,19,12.70,4.2956,2
4,9,20,48.91,16.2490,2
4,9,21,-27.66,0.0025,2
4,9,22,-40.32,0.0001,2
4,9,23,15.01,5.0302,2
4,9,24,-6.98,0.2637,2
4,9,25,-24.94,0.0046,2
4,9,26,-51.18,0.0000,2
4,9,27,-44.47,0.0001,2
4,9,28,-31.17,0.0011,2
4,9,29,-48.10,0.0000,2
4,9,30,-14.57,0.0496,2
4,9,31,-2.15,0.6861,2
4,9,32,5.56,2.2021,2
4,9,33,1.11,1.1961,2
4,9,34,-10.43,0.1250,2
4,9,35,1.64,1.2978,2
4,9,36,-12.42,0.0804,2
4,9,37,-32.85,0.0007,2
4,9,38,-9.46,0.1548,2
4,9,39,-32.89,0.0007,2
4,9,40,-43.91,0.0001,2
4,9,41,-14.83,0.0467,2
4,10,0,-1.91,0.7174,2
4,10,1,-5.13,0.3865,2
4,10,2,-1.07,0.8333,2
4,10,3,-8.24,0.2014,2
4,10,4,-7.78,0.2223,2
4,10,5,-19.62,0.0157,2
4,10,6,-5.00,0.3966,2
4,10,7,-30.16,0.0014,2
4,10,8,-40.02,0.0001,2
4,10,9,-26.32,0.0034,2
4,10,10,-12.78,0.0741,2
4,10,11,-12.34,0.0818,2
4,10,12,-10.97,0.1110,2
4,10,13,-39.65,0.0002,2
4,10,14,-24.87,0.0047,2
4,10,15,-16.44,0.0324,2
4,10,16,-7.03,0.2608,2
4,10,17,-11.43,0.1002,2
4,10,18,-2.66,0.6251,2
4,10,19,-18.62,0.0197,2
4,10,20,13.70,4.6123,2
4,10,21,23.82,7.9199,2
4,10,22,-25.57,0.0040,2
4,10,23,-12.24,0.0837,2
4,10,24,-5.67,0.3462,2
4,10,25,-49.89,0.0000,2
4,10,26,-21.43,0.0103,2
4,10,27,-19.10,0.0176,2
4,10,28,-30.15,0.0014,2
4,10,29,-28.43,0.0021,2
4,10,30,-0.29,0.9533,2
4,10,31,-34.06,0.0006,2
4,10,32,-35.97,0.0004,2
4,10,33,-22.71,0.0077,2
4,10,34,-18.41,0.0206,2
4,10,35,-20.14,0.0139,2
4,10,36,-39.91,0.0001,2
4,10,37,-57.20,0.0000,2
4,10,38,-18.01,0.0226,2
4,10,39,-36.61,0.0003,2
4,10,40,-15.73,0.0381,2
4,10,41,-1.55,0.7658,2
4,11,0,-300.00,0.0000,2
4,11,1,-33.03,0.0007,2
4,11,2,-63.22,0.0000,2
4,11,3,-55.43,0.0000,2
4,11,4,-44.69,0.0000,2
4,11,5,-32.57,0.0008,2
4,11,6,-44.99,0.0000,2
4,11,7,-45.07,0.0000,2
4,11,8,-28.27,0.0021,2
4,11,9,-51.38,0.0000,2
4,11,10,-45.81,0.0000,2
4,11,11,-3.88,0.4954,2
4,11,12,-24.40,0.0052,2
4,11,13,-32.87,0.0007,2
4,11,14,-62.25,0.0000,2
4,11,15,-27.15,0.0028,2
4,11,16,-24.19,0.0055,2
4,11,17,-47.42,0.0000,2
4,11,18,-15.59,0.0393,2
4,11,19,-19.72,0.0153,2
4,11,20,4.76,1.9963,2
4,11,21,-11.01,0.1100,2
4,11,22,-20.27,0.0135,2
4,11,23,-8.18,0.2044,2
4,11,24,-11.59,0.0967,2
4,11,25,-34.88,0.0005,2
4,11,26,-8.62,0.1857,2
4,11,27,-18.85,0.0187,2
4,11,28,-37.15,0.0003,2
4,11,29,-10.29,0.1290,2
4,11,30,-40.58,0.0001,2
4,11,31,-64.47,0.0000,2
4,11,32,-63.22,0.0000,2
4,11,33,-46.57,0.0000,2
4,11,34,-41.94,0.0001,2
4,11,35,-2.78,0.6113,2
4,11,36,-26.01,0.0036,2
4,11,37,-28.16,0.0022,2
4,11,38,-54.32,0.0000,2
4,11,39,-36.77,0.0003,2
4,11,40,-31.71,0.0010,2
4,11,41,-15.08,0.0441,2
4,12,0,-45.60,0.0000,2
4,12,1,-36.72,0.0003,2
4,12,2,-55.81,0.0000,2
4,12,3,-34.30,0.0005,2
4,12,4,-46.59,0.0000,2
4,12,5,-38.74,0.0002,2
4,12,6,-44.25,0.0001,2
4,12,7,-39.95,0.0001,2
4,12,8,-61.46,0.0000,2
4,12,9,-54.19,0.0000,2
4,12,10,-45.77,0.0000,2
4,12,11,-25.20,0.0044,2
4,12,12,-47.09,0.0000,2
4,12,13,-20.16,0.0138,2
4,12,14,-40.30,0.0001,2
4,12,15,-30.96,0.0012,2
4,12,16,-54.61,0.0000,2
4,12,17,-38.63,0.0002,2
4,12,18,-18.47,0.0204,2
4,12,19,-300.00,0.0000,2
4,12,20,-18.92,0.0184,2
4,12,21,-34.64,0.0005,2
4,12,22,-27.18,0.0028,2
4,12,23,5.27,2.1254,2
4,12,24,-21.07,0.0112,2
4,12,25,-35.81,0.0004,2
4,12,26,-11.04,0.1093,2
4,12,27,-26.81,0.0030,2
4,12,28,-25.80,0.0038,2
4,12,29,-32.20,0.0009,2
4,12,30,-15.57,0.0394,2
4,12,31,-44.58,0.0001,2
4,12,32,-66.23,0.0000,2
4,12,33,-57.48,0.0000,2
4,12,34,-50.37,0.0000,2
4,12,35,-44.24,0.0001,2
4,12,36,0.40,1.0672,2
4,12,37,-38.23,0.0002,2
4,12,38,-25.22,0.0043,2
4,12,39,-16.10,0.0350,2
4,12,40,-38.41,0.0002,2
4,12,41,-26.75,0.0030,2
4,13,0,-22.17,0.0087,2
4,13,1,-31.85,0.0009,2
4,13,2,-28.26,0.0022,2
4,13,3,-8.38,0.1958,2
4,13,4,-24.46,0.0052,2
4,13,5,4.14,1.8462,2
4,13,6,-17.03,0.0283,2
4,13,7,-18.93,0.0183,2
4,13,8,-11.70,0.0945,2
4,13,9,-23.92,0.0058,2
4,13,10,-54.47,0.0000,2
4,13,11,-17.91,0.0232,2
4,13,12,-42.71,0.0001,2
4,13,13,-58.45,0.0000,2
4,13,14,-46.27,0.0000,2
4,13,15,-30.89,0.0012,2
4,13,16,-24.95,0.0046,2
4,13,17,-18.81,0.0188,2
4,13,18,-32.59,0.0008,2
4,13,19,-46.88,0.0000,2
4,13,20,-0.89,0.8594,2
4,13,21,-46.91,0.0000,2
4,13,22,-25.14,0.0044,2
4,13,23,-9.11,0.1670,2
4,13,24,-14.32,0.0524,2
4,13,25,-21.97,0.0091,2
4,13,26,-6.56,0.2881,2
4,13,27,-3.43,0.5404,2
4,13,28,-30.22,0.0014,2
4,13,29,-40.62,0.0001,2
4,13,30,-0.41,0.9340,2
4,13,31,-18.78,0.0190,2
4,13,32,-36.17,0.0003,2
4,13,33,-29.06,0.0018,2
4,13,34,-15.89,0.0367,2
4,13,35,2.42,1.4573,2
4,13,36,-40.90,0.0001,2
4,13,37,-50.21,0.0000,2
4,13,38,-46.43,0.0000,2
4,13,39,-40.06,0.0001,2
4,13,40,-31.39,0.0010,2
4,13,41,-47.93,0.0000,2
4,14,0,-69.24,0.0000,2
4,14,1,-55.09,0.0000,2
4,14,2,-29.97,0.0015,2
4,14,3,-57.78,0.0000,2
4,14,4,-37.36,0.0003,2
4,14,5,-55.26,0.0000,2
4,14,6,-29.55,0.0016,2
4,14,7,-23.85,0.0059,2
4,14,8,-26.71,0.0031,2
4,14,9,-45.93,0.0000,2
4,14,10,-28.34,0.0021,2
4,14,11,-0.61,0.9027,2
4,14,12,-27.64,0.0025,2
4,14,13,-24.79,0.0048,2
4,14,14,-36.63,0.0003,2
4,14,15,-30.58,0.0013,2
4,14,16,-29.69,0.0015,2
4,14,17,-44.81,0.0000,2
4,14,18,-38.75,0.0002,2
4,14,19,-31.49,0.0010,2
4,14,20,-40.59,0.0001,2
4,14,21,-21.16,0.0110,2
4,14,22,-48.13,0.0000,2
4,14,23,-24.47,0.0052,2
4,14,24,-39.10,0.0002,2
4,14,25,-17.30,0.0266,2
4,14,26,-54.32,0.0000,2
4,14,27,-27.99,0.0023,2
4,14,28,-36.39,0.0003,2
4,14,29,5.01,2.0597,2
4,14,30,-17.53,0.0252,2
4,14,31,-22.61,0.0079,2
4,14,32,-50.72,0.0000,2
4,14,33,-51.68,0.0000,2
4,14,34,-26.03,0.0036,2
4,14,35,-8.49,0.1910,2
4,14,36,-45.22,0.0000,2
4,14,37,-55.81,0.0000,2
4,14,38,-31.38,0.0010,2
4,14,39,-25.11,0.0044,2
4,14,40,-49.94,0.0000,2
4,14,41,-34.18,0.0006,2
4,15,0,-11.52,0.0983,2
4,15,1,-48.16,0.0000,2
4,15,2,-24.22,0.0054,2
4,15,3,-13.14,0.0684,2
4,15,4,-9.67,0.1478,2
4,15,5,-8.38,0.1956,2
4,15,6,-7.92,0.2159,2
4,15,7,-1.62,0.7563,2
4,15,8,-18.97,0.0182,2
4,15,9,-14.77,0.0473,2
4,15,10,-18.90,0.0185,2
4,15,11,3.47,1.6878,2
4,15,12,-18.32,0.0211,2
4,15,13,-20.68,0.0123,2
4,15,14,-10.22,0.1311,2
4,15,15,-47.39,0.0000,2
4,15,16,-38.05,0.0002,2
4,15,17,-34.94,0.0005,2
4,15,18,-24.78,0.0048,2
4,15,19,-29.32,0.0017,2
4,15,20,-5.06,0.3918,2
4,15,21,-36.36,0.0003,2
4,15,22,-29.30,0.0017,2
4,15,23,-9.48,0.1541,2
4,15,24,-15.84,0.0371,2
4,15,25,-31.15,0.0011,2
4,15,26,0.82,1.1427,2
4,15,27,-10.64,0.1194,2
4,15,28,-6.94,0.2660,2
4,15,29,-8.04,0.2103,2
4,15,30,94.18,31.2850,2
4,15,31,9.33,3.2585,2
4,15,32,9.15,3.2055,2
4,15,33,56.11,18.6402,2
4,15,34,-20.13,0.0139,2
4,15,35,43.22,14.3585,2
4,15,36,-17.35,0.0263,2
4,15,37,-18.85,0.0187,2
4,15,38,-19.30,0.0169,2
4,15,39,-6.95,0.2652,2
4,15,40,-10.64,0.1195,2
4,15,41,-20.64,0.0124,2
4,16,0,-56.23,0.0000,2
4,16,1,-44.01,0.0001,2
4,16,2,-47.42,0.0000,2
4,16,3,-38.82,0.0002,2
4,16,4,-53.22,0.0000,2
4,16,5,-60.21,0.0000,2
4,16,6,-49.51,0.0000,2
4,16,7,-28.08,0.0022,2
4,16,8,-55.09,0.0000,2
4,16,9,-46.31,0.0000,2
4,16,10,-43.97,0.0001,2
4,16,11,-16.28,0.0336,2
4,16,12,-37.50,0.0003,2
4,16,13,-34.86,0.0005,2
4,16,14,-42.44,0.0001,2
4,16,15,-32.07,0.0009,2
4,16,16,-24.30,0.0053,2
4,16,17,-29.74,0.0015,2
4,16,18,-40.69,0.0001,2
4,16,19,-4.69,0.4218,2
4,16,20,0.17,1.0289,2
4,16,21,-35.72,0.0004,2
4,16,22,-44.61,0.0000,2
4,16,23,-40.52,0.0001,2
4,16,24,-43.14,0.0001,2
4,16,25,-35.16,0.0004,2
4,16,26,-32.03,0.0009,2
4,16,27,-48.94,0.0000,2
4,16,28,-16.49,0.0320,2
4,16,29,-55.09,0.0000,2
4,16,30,-18.39,0.0208,2
4,16,31,-28.25,0.0022,2
4,16,32,-20.48,0.0129,2
4,16,33,12.75,4.3112,2
4,16,34,-48.52,0.0000,2
4,16,35,-15.07,0.0442,2
4,16,36,-12.76,0.0744,2
4,16,37,-39.26,0.0002,2
4,16,38,-29.70,0.0015,2
4,16,39,-15.88,0.0367,2
4,16,40,-25.92,0.0037,2
4,16,41,-19.97,0.0144,2
4,17,0,-60.79,0.0000,2
4,17,1,-38.66,0.0002,2
4,17,2,-40.36,0.0001,2
4,17,3,-25.16,0.0044,2
4,17,4,-43.27,0.0001,2
4,17,5,-42.85,0.0001,2
4,17,6,-34.59,0.0005,2
4,17,7,-1.40,0.7862,2
4,17,8,7.40,2.6987,2
4,17,9,-11.65,0.0955,2
4,17,10,-38.20,0.0002,2
4,17,11,-0.72,0.8859,2
4,17,12,-40.16,0.0001,2
4,17,13,-41.33,0.0001,2
4,17,14,-47.56,0.0000,2
4,17,15,-49.46,0.0000,2
4,17,16,-29.16,0.0018,2
4,17,17,-22.42,0.0082,2
4,17,18,-23.64,0.0062,2
4,17,19,0.58,1.0992,2
4,17,20,-10.80,0.1153,2
4,17,21,-22.60,0.0079,2
4,17,22,-28.79,0.0019,2
4,17,23,-11.06,0.1087,2
4,17,24,-43.32,0.0001,2
4,17,25,-30.17,0.0014,2
4,17,26,-28.29,0.0021,2
4,17,27,-32.58,0.0008,2
4,17,28,-11.14,0.1069,2
4,17,29,-36.37,0.0003,2
4,17,30,11.19,3.8229,2
4,17,31,-12.97,0.0710,2
4,17,32,-11.97,0.0888,2
4,17,33,27.64,9.1857,2
4,17,34,-4.57,0.4318,2
4,17,35,11.85,4.0269,2
4,17,36,-40.56,0.0001,2
4,17,37,-51.04,0.0000,2
4,17,38,-39.87,0.0001,2
4,17,39,-36.63,0.0003,2
4,17,40,-21.71,0.0097,2
4,17,41,-60.79,0.0000,2
4,18,0,-30.27,0.0014,2
4,18,1,-32.35,0.0008,2
4,18,2,-32.66,0.0008,2
4,18,3,-38.69,0.0002,2
4,18,4,-24.58,0.0050,2
4,18,5,-39.43,0.0002,2
4,18,6,-63.22,0.0000,2
4,18,7,0.23,1.0386,2
4,18,8,-47.09,0.0000,2
4,18,9,-41.81,0.0001,2
4,18,10,-33.64,0.0006,2
4,18,11,-8.30,0.1989,2
4,18,12,-60.21,0.0000,2
4,18,13,-30.49,0.0013,2
4,18,14,-56.93,0.0000,2
4,18,15,-58.82,0.0000,2
4,18,16,-57.48,0.0000,2
4,18,17,-66.23,0.0000,2
4,18,18,-47.53,0.0000,2
4,18,19,-35.16,0.0004,2
4,18,20,-43.43,0.0001,2
4,18,21,-57.78,0.0000,2
4,18,22,-57.78,0.0000,2
4,18,23,-12.58,0.0776,2
4,18,24,-61.46,0.0000,2
4,18,25,-300.00,0.0000,2
4,18,26,-69.24,0.0000,2
4,18,27,-56.93,0.0000,2
4,18,28,-57.48,0.0000,2
4,18,29,-60.21,0.0000,2
4,18,30,-22.53,0.0080,2
4,18,31,-41.78,0.0001,2
4,18,32,-32.39,0.0008,2
4,18,33,-300.00,0.0000,2
4,18,34,-40.87,0.0001,2
4,18,35,-31.03,0.0011,2
4,18,36,-4.91,0.4033,2
4,18,37,-9.15,0.1657,2
4,18,38,-24.77,0.0048,2
4,18,39,-23.40,0.0066,2
4,18,40,-26.30,0.0034,2
4,18,41,-38.89,0.0002,2
4,19,0,-300.00,0.0000,2
4,19,1,-300.00,0.0000,2
4,19,2,-53.67,0.0000,2
4,19,3,-300.00,0.0000,2
4,19,4,-44.34,0.0001,2
4,19,5,-300.00,0.0000,2
4,19,6,-48.16,0.0000,2
4,19,7,-40.97,0.0001,2
4,19,8,-46.98,0.0000,2
4,19,9,-50.15,0.0000,2
4,19,10,-38.04,0.0002,2
4,19,11,-5.82,0.3356,2
4,19,12,-45.22,0.0000,2
4,19,13,-33.16,0.0007,2
4,19,14,-46.14,0.0000,2
4,19,15,-11.56,0.0973,2
4,19,16,-300.00,0.0000,2
4,19,17,-38.86,0.0002,2
4,19,18,-43.42,0.0001,2
4,19,19,-18.60,0.0198,2
4,19,20,-0.19,0.9686,2
4,19,21,-41.12,0.0001,2
4,19,22,-32.09,0.0009,2
4,19,23,3.84,1.7739,2
4,19,24,-27.64,0.0025,2
4,19,25,-14.60,0.0491,2
4,19,26,-37.59,0.0003,2
4,19,27,-30.36,0.0013,2
4,19,28,-29.27,0.0017,2
4,19,29,-24.15,0.0055,2
4,19,30,-27.05,0.0028,2
4,19,31,-48.82,0.0000,2
4,19,32,-51.76,0.0000,2
4,19,33,-300.00,0.0000,2
4,19,34,-37.46,0.0003,2
4,19,35,-53.67,0.0000,2
4,19,36,-34.36,0.0005,2
4,19,37,-16.20,0.0342,2
4,19,38,-2.88,0.6001,2
4,19,39,-12.03,0.0877,2
4,19,40,-59.24,0.0000,2
4,19,41,-42.77,0.0001,2
4,20,0,-37.74,0.0002,2
4,20,1,-47.71,0.0000,2
4,20,2,-34.42,0.0005,2
4,20,3,-30.87,0.0012,2
4,20,4,-23.88,0.0059,2
4,20,5,-42.68,0.0001,2
4,20,6,-20.96,0.0115,2
4,20,7,-7.72,0.2252,2
4,20,8,-61.46,0.0000,2
4,20,9,-64.47,0.0000,2
4,20,10,-47.36,0.0000,2
4,20,11,-27.93,0.0023,2
4,20,12,-33.32,0.0007,2
4,20,13,-19.98,0.0144,2
4,20,14,-19.55,0.0159,2
4,20,15,-29.94,0.0015,2
4,20,16,-42.47,0.0001,2
4,20,17,-19.99,0.0144,2
4,20,18,-44.16,0.0001,2
4,20,19,-51.60,0.0000,2
4,20,20,-42.14,0.0001,2
4,20,21,-42.58,0.0001,2
4,20,22,-54.32,0.0000,2
4,20,23,-0.25,0.9588,2
4,20,24,-31.14,0.0011,2
4,20,25,-19.25,0.0171,2
4,20,26,-31.19,0.0011,2
4,20,27,-60.21,0.0000,2
4,20,28,-32.49,0.0008,2
4,20,29,-26.82,0.0030,2
4,20,30,-23.23,0.0068,2
4,20,31,-21.57,0.0100,2
4,20,32,-23.12,0.0070,2
4,20,33,-23.60,0.0063,2
4,20,34,-58.45,0.0000,2
4,20,35,-14.10,0.0551,2
4,20,36,-23.27,0.0068,2
4,20,37,1.32,1.2356,2
4,20,38,-19.28,0.0169,2
4,20,39,-44.77,0.0000,2
4,20,40,-4.67,0.4237,2
4,20,41,-7.25,0.2490,2
5,0,0,-5.62,0.3496,2
5,0,1,13.82,4.6482,2
5,0,2,-29.60,0.0016,2
5,0,3,-23.08,0.0071,2
5,0,4,8.86,3.1189,2
5,0,5,0.53,1.0907,2
5,0,6,-33.53,0.0006,2
5,0,7,-7.22,0.2505,2
5,0,8,-45.83,0.0000,2
5,0,9,-18.44,0.0205,2
5,0,10,-19.32,0.0168,2
5,0,11,11.64,3.9619,2
5,0,12,-14.56,0.0496,2
5,0,13,-20.42,0.0130,2
5,0,14,-16.10,0.0350,2
5,0,15,-21.42,0.0104,2
5,0,16,-20.01,0.0143,2
5,0,17,-10.03,0.1367,2
5,0,18,-10.45,0.1246,2
5,0,19,-38.45,0.0002,2
5,0,20,11.19,3.8243,2
5,0,21,3.64,1.7276,2
5,0,22,-25.98,0.0036,2
5,0,23,3.98,1.8082,2
5,0,24,-9.58,0.1509,2
5,0,25,-32.70,0.0008,2
5,0,26,-4.37,0.4500,2
5,0,27,-26.98,0.0029,2
5,0,28,-24.32,0.0053,2
5,0,29,-10.68,0.1184,2
5,0,30,-3.85,0.4982,2
5,0,31,-47.45,0.0000,2
5,0,32,-35.36,0.0004,2
5,0,33,-36.42,0.0003,2
5,0,34,-37.83,0.0002,2
5,0,35,-39.16,0.0002,2
5,0,36,-7.62,0.2304,2
5,0,37,-28.77,0.0019,2
5,0,38,-23.18,0.0069,2
5,0,39,-42.19,0.0001,2
5,0,40,-47.78,0.0000,2
5,0,41,-50.54,0.0000,2
5,1,0,9.54,3.3202,2
5,1,1,-31.53,0.0010,2
5,1,2,51.76,17.1952,2
5,1,3,-0.03,0.9948,2
5,1,4,13.29,4.4803,2
5,1,5,-27.76,0.0024,2
5,1,6,-12.44,0.0801,2
5,1,7,30.23,10.0427,2
5,1,8,-24.22,0.0055,2
5,1,9,-15.93,0.0364,2
5,1,10,-1.71,0.7440,2
5,1,11,-0.38,0.9384,2
5,1,12,-26.41,0.0033,2
5,1,13,-17.08,0.0280,2
5,1,14,-21.00,0.0114,2
5,1,15,-20.06,0.0142,2
5,1,16,-17.00,0.0285,2
5,1,17,-26.84,0.0030,2
5,1,18,-13.61,0.0615,2
5,1,19,-1.23,0.8103,2
5,1,20,-1.58,0.7617,2
5,1,21,-34.14,0.0006,2
5,1,22,-46.86,0.0000,2
5,1,23,-30.00,0.0014,2
5,1,24,-31.05,0.0011,2
5,1,25,-32.05,0.0009,2
5,1,26,-28.82,0.0019,2
5,1,27,-21.03,0.0113,2
5,1,28,-42.68,0.0001,2
5,1,29,-29.77,0.0015,2
5,1,30,9.53,3.3170,2
5,1,31,-20.82,0.0119,2
5,1,32,-31.95,0.0009,2
5,1,33,-15.84,0.0371,2
5,1,34,-39.30,0.0002,2
5,1,35,-18.57,0.0199,2
5,1,36,2.09,1.3892,2
5,1,37,-5.76,0.3399,2
5,1,38,-5.67,0.3456,2
5,1,39,-25.80,0.0038,2
5,1,40,11.42,3.8939,2
5,1,41,-18.31,0.0211,2
5,2,0,-27.54,0.0025,2
5,2,1,-4.08,0.4762,2
5,2,2,-23.38,0.0066,2
5,2,3,-8.80,0.1785,2
5,2,4,20.46,6.8095,2
5,2,5,-0.37,0.9391,2
5,2,6,-48.45,0.0000,2
5,2,7,-17.48,0.0256,2
5,2,8,-3.48,0.5347,2
5,2,9,-22.25,0.0086,2
5,2,10,-30.89,0.0012,2
5,2,11,-13.16,0.0681,2
5,2,12,-56.01,0.0000,2
5,2,13,-28.36,0.0021,2
5,2,14,-39.86,0.0001,2
5,2,15,-49.28,0.0000,2
5,2,16,-32.51,0.0008,2
5,2,17,-43.40,0.0001,2
5,2,18,-25.33,0.0042,2
5,2,19,-58.82,0.0000,2
5,2,20,24.70,8.2099,2
5,2,21,-36.14,0.0004,2
5,2,22,-16.79,0.0299,2
5,2,23,-9.24,0.1623,2
5,2,24,-1.98,0.7086,2
5,2,25,-28.31,0.0021,2
5,2,26,-14.02,0.0560,2
5,2,27,-12.10,0.0863,2
5,2,28,-25.30,0.0042,2
5,2,29,-58.10,0.0000,2
5,2,30,1.13,1.1992,2
5,2,31,-11.89,0.0905,2
5,2,32,-17.74,0.0241,2
5,2,33,-21.02,0.0114,2
5,2,34,-4.04,0.4793,2
5,2,35,-8.15,0.2056,2
5,2,36,-43.91,0.0001,2
5,2,37,-5.68,0.3451,2
5,2,38,-39.81,0.0002,2
5,2,39,-26.32,0.0034,2
5,2,40,-5.75,0.3402,2
5,2,41,-26.90,0.0029,2
5,3,0,-15.65,0.0388,2
5,3,1,-39.44,0.0002,2
5,3,2,-41.83,0.0001,2
5,3,3,-9.26,0.1617,2
5,3,4,-33.91,0.0006,2
5,3,5,-21.85,0.0094,2
5,3,6,5.14,2.0927,2
5,3,7,5.63,2.2199,2
5,3,8,0.08,1.0127,2
5,3,9,-17.43,0.0259,2
5,3,10,-23.73,0.0061,2
5,3,11,12.55,4.2470,2
5,3,12,-33.15,0.0007,2
5,3,13,-8.51,0.1904,2
5,3,14,-23.43,0.0065,2
5,3,15,1.02,1.1795,2
5,3,16,-30.87,0.0012,2
5,3,17,-21.04,0.0113,2
5,3,18,-29.47,0.0016,2
5,3,19,-20.31,0.0134,2
5,3,20,-7.63,0.2299,2
5,3,21,-31.45,0.0010,2
5,3,22,-300.00,0.0000,2
5,3,23,-17.85,0.0235,2
5,3,24,-34.59,0.0005,2
5,3,25,-20.98,0.0115,2
5,3,26,-8.89,0.1751,2
5,3,27,-25.85,0.0037,2
5,3,28,-23.70,0.0061,2
5,3,29,-9.39,0.1571,2
5,3,30,-1.03,0.8396,2
5,3,31,-15.71,0.0383,2
5,3,32,-23.02,0.0072,2
5,3,33,-22.46,0.0082,2
5,3,34,-23.54,0.0064,2
5,3,35,-9.44,0.1555,2
5,3,36,-42.57,0.0001,2
5,3,37,-54.77,0.0000,2
5,3,38,-59.69,0.0000,2
5,3,39,-44.99,0.0000,2
5,3,40,-29.90,0.0015,2
5,3,41,-39.49,0.0002,2
5,4,0,-41.00,0.0001,2
5,4,1,-46.50,0.0000,2
5,4,2,-45.81,0.0000,2
5,4,3,-30.46,0.0013,2
5,4,4,-22.48,0.0081,2
5,4,5,-18.21,0.0216,2
5,4,6,-32.21,0.0009,2
5,4,7,-8.90,0.1750,2
5,4,8,-22.64,0.0078,2
5,4,9,-16.41,0.0326,2
5,4,10,-33.06,0.0007,2
5,4,11,-1.46,0.7775,2
5,4,12,-47.51,0.0000,2
5,4,13,-59.24,0.0000,2
5,4,14,-24.06,0.0057,2
5,4,15,-64.47,0.0000,2
5,4,16,-34.19,0.0005,2
5,4,17,-41.94,0.0001,2
5,4,18,-21.72,0.0097,2
5,4,19,-14.52,0.0500,2
5,4,20,0.08,1.0126,2
5,4,21,-64.47,0.0000,2
5,4,22,-34.07,0.0006,2
5,4,23,-12.58,0.0775,2
5,4,24,-22.40,0.0083,2
5,4,25,-15.42,0.0408,2
5,4,26,-24.20,0.0055,2
5,4,27,-30.42,0.0013,2
5,4,28,-31.35,0.0011,2
5,4,29,-9.63,0.1490,2
5,4,30,11.02,3.7709,2
5,4,31,-5.11,0.3878,2
5,4,32,-30.08,0.0014,2
5,4,33,-25.22,0.0043,2
5,4,34,-11.27,0.1038,2
5,4,35,14.61,4.9039,2
5,4,36,-26.29,0.0034,2
5,4,37,-45.54,0.0000,2
5,4,38,-37.09,0.0003,2
5,4,39,-44.01,0.0001,2
5,4,40,-64.47,0.0000,2
5,4,41,-26.51,0.0032,2
5,5,0,7.19,2.6402,2
5,5,1,-31.27,0.0011,2
5,5,2,0.22,1.0367,2
5,5,3,-6.63,0.2839,2
5,5,4,-8.24,0.2015,2
5,5,5,-37.77,0.0002,2
5,5,6,-16.31,0.0333,2
5,5,7,4.92,2.0371,2
5,5,8,-8.86,0.1765,2
5,5,9,-14.29,0.0528,2
5,5,10,-6.47,0.2935,2
5,5,11,71.22,23.6595,2
5,5,12,-25.12,0.0044,2
5,5,13,-28.92,0.0019,2
5,5,14,-15.39,0.0411,2
5,5,15,-16.11,0.0349,2
5,5,16,-21.42,0.0104,2
5,5,17,-17.75,0.0240,2
5,5,18,-20.34,0.0133,2
5,5,19,-30.11,0.0014,2
5,5,20,-20.57,0.0126,2
5,5,21,-14.45,0.0508,2
5,5,22,-28.97,0.0018,2
5,5,23,-2.25,0.6740,2
5,5,24,-48.45,0.0000,2
5,5,25,-34.24,0.0005,2
5,5,26,-37.54,0.0003,2
5,5,27,-32.72,0.0008,2
5,5,28,-15.49,0.0402,2
5,5,29,-27.41,0.0026,2
5,5,30,-23.91,0.0059,2
5,5,31,-32.55,0.0008,2
5,5,32,-33.50,0.0006,2
5,5,33,-42.37,0.0001,2
5,5,34,-27.15,0.0028,2
5,5,35,-7.52,0.2351,2
5,5,36,-4.53,0.4354,2
5,5,37,-11.45,0.0999,2
5,5,38,-28.40,0.0021,2
5,5,39,-22.82,0.0075,2
5,5,40,-13.61,0.0615,2
5,5,41,-23.77,0.0060,2
5,6,0,-39.59,0.0002,2
5,6,1,-15.96,0.0361,2
5,6,2,-64.47,0.0000,2
5,6,3,-33.49,0.0006,2
5,6,4,-43.81,0.0001,2
5,6,5,-66.23,0.0000,2
5,6,6,-27.71,0.0024,2
5,6,7,-29.07,0.0018,2
5,6,8,-35.96,0.0004,2
5,6,9,-48.52,0.0000,2
5,6,10,-31.27,0.0011,2
5,6,11,-15.90,0.0366,2
5,6,12,10.60,3.6410,2
5,6,13,-28.96,0.0018,2
5,6,14,13.08,4.4146,2
5,6,15,-21.88,0.0093,2
5,6,16,-21.34,0.0106,2
5,6,17,-13.49,0.0632,2
5,6,18,-3.39,0.5437,2
5,6,19,-6.20,0.3100,2
5,6,20,-7.38,0.2421,2
5,6,21,-28.44,0.0021,2
5,6,22,-29.14,0.0018,2
5,6,23,-6.94,0.2658,2
5,6,24,-35.07,0.0004,2
5,6,25,-32.80,0.0008,2
5,6,26,-50.49,0.0000,2
5,6,27,-52.16,0.0000,2
5,6,28,-22.81,0.0075,2
5,6,29,-14.06,0.0556,2
5,6,30,-5.34,0.3697,2
5,6,31,-39.02,0.0002,2
5,6,32,-10.85,0.1139,2
5,6,33,-19.64,0.0156,2
5,6,34,-45.05,0.0000,2
5,6,35,3.27,1.6436,2
5,6,36,-45.36,0.0000,2
5,6,37,-36.86,0.0003,2
5,6,38,-31.97,0.0009,2
5,6,39,-28.40,0.0021,2
5,6,40,-7.97,0.2138,2
5,6,41,-11.07,0.1086,2
5,7,0,-19.07,0.0178,2
5,7,1,-16.19,0.0343,2
5,7,2,-15.60,0.0392,2
5,7,3,-4.90,0.4041,2
5,7,4,-35.38,0.0004,2
5,7,5,-40.09,0.0001,2
5,7,6,-10.47,0.1239,2
5,7,7,-9.16,0.1653,2
5,7,8,-7.33,0.2449,2
5,7,9,-13.71,0.0602,2
5,7,10,-26.12,0.0035,2
5,7,11,7.16,2.6322,2
5,7,12,-31.81,0.0010,2
5,7,13,-33.83,0.0006,2
5,7,14,22.50,7.4838,2
5,7,15,-6.15,0.3133,2
5,7,16,-28.19,0.0022,2
5,7,17,5.99,2.3143,2
5,7,18,-34.45,0.0005,2
5,7,19,-47.28,0.0000,2
5,7,20,-16.37,0.0329,2
5,7,21,-40.88,0.0001,2
5,7,22,-20.80,0.0119,2
5,7,23,-3.32,0.5514,2
5,7,24,-7.45,0.2388,2
5,7,25,-17.90,0.0232,2
5,7,26,-39.45,0.0002,2
5,7,27,-14.26,0.0531,2
5,7,28,-18.00,0.0227,2
5,7,29,19.59,6.5249,2
5,7,30,-15.66,0.0387,2
5,7,31,-39.99,0.0001,2
5,7,32,-36.07,0.0004,2
5,7,33,-37.74,0.0002,2
5,7,34,-21.25,0.0108,2
5,7,35,-12.84,0.0732,2
5,7,36,-10.84,0.1141,2
5,7,37,-35.07,0.0004,2
5,7,38,-12.69,0.0756,2
5,7,39,-5.00,0.3961,2
5,7,40,-44.13,0.0001,2
5,7,41,-27.59,0.0025,2
5,8,0,-27.87,0.0024,2
5,8,1,-7.48,0.2372,2
5,8,2,-30.38,0.0013,2
5,8,3,-49.15,0.0000,2
5,8,4,-23.00,0.0072,2
5,8,5,-32.52,0.0008,2
5,8,6,-55.26,0.0000,2
5,8,7,-19.83,0.0149,2
5,8,8,-27.69,0.0025,2
5,8,9,-23.26,0.0068,2
5,8,10,-31.08,0.0011,2
5,8,11,-3.72,0.5104,2
5,8,12,-0.13,0.9788,2
5,8,13,-31.49,0.0010,2
5,8,14,-10.73,0.1169,2
5,8,15,-53.67,0.0000,2
5,8,16,-12.88,0.0724,2
5,8,17,-5.69,0.3444,2
5,8,18,-22.14,0.0088,2
5,8,19,-39.19,0.0002,2
5,8,20,17.27,5.7627,2
5,8,21,5.65,2.2239,2
5,8,22,-40.72,0.0001,2
5,8,23,-32.01,0.0009,2
5,8,24,-22.54,0.0080,2
5,8,25,-41.85,0.0001,2
5,8,26,-69.24,0.0000,2
5,8,27,-40.69,0.0001,2
5,8,28,-34.11,0.0006,2
5,8,29,-42.53,0.0001,2
5,8,30,-17.32,0.0265,2
5,8,31,-39.03,0.0002,2
5,8,32,-49.89,0.0000,2
5,8,33,-43.61,0.0001,2
5,8,34,-62.25,0.0000,2
5,8,35,-2.21,0.6788,2
5,8,36,-49.46,0.0000,2
5,8,37,-300.00,0.0000,2
5,8,38,-58.10,0.0000,2
5,8,39,-30.68,0.0012,2
5,8,40,-42.73,0.0001,2
5,8,41,-43.50,0.0001,2
5,9,0,-28.71,0.0019,2
5,9,1,-15.81,0.0374,2
5,9,2,-12.92,0.0719,2
5,9,3,-56.68,0.0000,2
5,9,4,-48.67,0.0000,2
5,9,5,-6.81,0.2733,2
5,9,6,-39.05,0.0002,2
5,9,7,-11.19,0.1056,2
5,9,8,-18.68,0.0194,2
5,9,9,-15.00,0.0449,2
5,9,10,-37.58,0.0003,2
5,9,11,13.91,4.6775,2
5,9,12,-27.05,0.0028,2
5,9,13,-41.51,0.0001,2
5,9,14,-39.02,0.0002,2
5,9,15,-48.23,0.0000,2
5,9,16,-25.87,0.0037,2
5,9,17,2.76,1.5295,2
5,9,18,1.54,1.2788,2
5,9,19,12.70,4.2956,2
5,9,20,48.91,16.2490,2
5,9,21,-27.66,0.0025,2
5,9,22,-40.32,0.0001,2
5,9,23,15.01,5.0302,2
5,9,24,-6.98,0.2637,2
5,9,25,-24.94,0.0046,2
5,9,26,-51.18,0.0000,2
5,9,27,-44.47,0.0001,2
5,9,28,-31.17,0.0011,2
5,9,29,-48.10,0.0000,2
5,9,30,-14.57,0.0496,2
5,9,31,-2.15,0.6861,2
5,9,32,5.56,2.2021,2
5,9,33,1.11,1.1961,2
5,9,34,-10.43,0.1250,2
5,9,35,1.64,1.2978,2
5,9,36,-12.42,0.0804,2
5,9,37,-32.85,0.0007,2
5,9,38,-9.46,0.1548,2
5,9,39,-32.89,0.0007,2
5,9,40,-43.91,0.0001,2
5,9,41,-14.83,0.0467,2
5,10,0,-1.91,0.7174,2
5,10,1,-5.13,0.3865,2
5,10,2,-1.07,0.8333,2
5,10,3,-8.24,0.2014,2
5,10,4,-7.78,0.2223,2
5,10,5,-19.62,0.0157,2
5,10,6,-5.00,0.3966,2
5,10,7,-30.16,0.0014,2
5,10,8,-40.02,0.0001,2
5,10,9,-26.32,0.0034,2
5,10,10,-12.78,0.0741,2
5,10,11,-12.34,0.0818,2
5,10,12,-10.97,0.1110,2
5,10,13,-39.65,0.0002,2
5,10,14,-24.87,0.0047,2
5,10,15,-16.44,0.0324,2
5,10,16,-7.03,0.2608,2
5,10,17,-11.43,0.1002,2
5,10,18,-2.66,0.6251,2
5,10,19,-18.62,0.0197,2
5,10,20,13.70,4.6123,2
5,10,21,23.82,7.9199,2
5,10,22,-25.57,0.0040,2
5,10,23,-12.24,0.0837,2
5,10,24,-5.67,0.3462,2
5,10,25,-49.89,0.0000,2
5,10,26,-21.43,0.0103,2
5,10,27,-19.10,0.0176,2
5,10,28,-30.15,0.0014,2
5,10,29,-28.43,0.0021,2
5,10,30,-0.29,0.9533,2
5,10,31,-34.06,0.0006,2
5,10,32,-35.97,0.0004,2
5,10,33,-22.71,0.0077,2
5,10,34,-18.41,0.0206,2
5,10,35,-20.14,0.0139,2
5,10,36,-39.91,0.0001,2
5,10,37,-57.20,0.0000,2
5,10,38,-18.01,0.0226,2
5,10,39,-36.61,0.0003,2
5,10,40,-15.73,0.0381,2
5,10,41,-1.55,0.7658,2
5,11,0,-300.00,0.0000,2
5,11,1,-33.03,0.0007,2
5,11,2,-63.22,0.0000,2
5,11,3,-55.43,0.0000,2
5,11,4,-44.69,0.0000,2
5,11,5,-32.57,0.0008,2
5,11,6,-44.99,0.0000,2
5,11,7,-45.07,0.0000,2
5,11,8,-28.27,0.0021,2
5,11,9,-51.38,0.0000,2
5,11,10,-45.81,0.0000,2
5,11,11,-3.88,0.4954,2
5,11,12,-24.40,0.0052,2
5,11,13,-32.87,0.0007,2
5,11,14,-62.25,0.0000,2
5,11,15,-27.15,0.0028,2
5,11,16,-24.19,0.0055,2
5,11,17,-47.42,0.0000,2
5,11,18,-15.59,0.0393,2
5,11,19,-19.72,0.0153,2
5,11,20,4.76,1.9963,2
5,11,21,-11.01,0.1100,2
5,11,22,-20.27,0.0135,2
5,11,23,-8.18,0.2044,2
5,11,24,-11.59,0.0967,2
5,11,25,-34.88,0.0005,2
5,11,26,-8.62,0.1857,2
5,11,27,-18.85,0.0187,2
5,11,28,-37.15,0.0003,2
5,11,29,-10.29,0.1290,2
5,11,30,-40.58,0.0001,2
5,11,31,-64.47,0.0000,2
5,11,32,-63.22,0.0000,2
5,11,33,-46.57,0.0000,2
5,11,34,-41.94,0.0001,2
5,11,35,-2.78,0.6113,2
5,11,36,-26.01,0.0036,2
5,11,37,-28.16,0.0022,2
5,11,38,-54.32,0.0000,2
5,11,39,-36.77,0.0003,2
5,11,40,-31.71,0.0010,2
5,11,41,-15.08,0.0441,2
5,12,0,-45.60,0.0000,2
5,12,1,-36.72,0.0003,2
5,12,2,-55.81,0.0000,2
5,12,3,-34.30,0.0005,2
5,12,4,-46.59,0.0000,2
5,12,5,-38.74,0.0002,2
5,12,6,-44.25,0.0001,2
5,12,7,-39.95,0.0001,2
5,12,8,-61.46,0.0000,2
5,12,9,-54.19,0.0000,2
5,12,10,-45.77,0.0000,2
5,12,11,-25.20,0.0044,2
5,12,12,-47.09,0.0000,2
5,12,13,-20.16,0.0138,2
5,12,14,-40.30,0.0001,2
5,12,15,-30.96,0.0012,2
5,12,16,-54.61,0.0000,2
5,12,17,-38.63,0.0002,2
5,12,18,-18.47,0.0204,2
5,12,19,-300.00,0.0000,2
5,12,20,-18.92,0.0184,2
5,12,21,-34.64,0.0005,2
5,12,22,-27.18,0.0028,2
5,12,23,5.27,2.1254,2
5,12,24,-21.07,0.0112,2
5,12,25,-35.81,0.0004,2
5,12,26,-11.04,0.1093,2
5,12,27,-26.81,0.0030,2
5,12,28,-25.80,0.0038,2
5,12,29,-32.20,0.0009,2
5,12,30,-15.57,0.0394,2
5,12,31,-44.58,0.0001,2
5,12,32,-66.23,0.0000,2
5,12,33,-57.48,0.0000,2
5,12,34,-50.37,0.0000,2
5,12,35,-44.24,0.0001,2
5,12,36,0.40,1.0672,2
5,12,37,-38.23,0.0002,2
5,12,38,-25.22,0.0043,2
5,12,39,-16.10,0.0350,2
5,12,40,-38.41,0.0002,2
5,12,41,-26.75,0.0030,2
5,13,0,-22.17,0.0087,2
5,13,1,-31.85,0.0009,2
5,13,2,-28.26,0.0022,2
5,13,3,-8.38,0.1958,2
5,13,4,-24.46,0.0052,2
5,13,5,4.14,1.8462,2
5,13,6,-17.03,0.0283,2
5,13,7,-18.93,0.0183,2
5,13,8,-11.70,0.0945,2
5,13,9,-23.92,0.0058,2
5,13,10,-54.47,0.0000,2
5,13,11,-17.91,0.0232,2
5,13,12,-42.71,0.0001,2
5,13,13,-58.45,0.0000,2
5,13,14,-46.27,0.0000,2
5,13,15,-30.89,0.0012,2
5,13,16,-24.95,0.0046,2
5,13,17,-18.81,0.0188,2
5,13,18,-32.59,0.0008,2
5,13,19,-46.88,0.0000,2
5,13,20,-0.89,0.8594,2
5,13,21,-46.91,0.0000,2
5,13,22,-25.14,0.0044,2
5,13,23,-9.11,0.1670,2
5,13,24,-14.32,0.0524,2
5,13,25,-21.97,0.0091,2
5,13,26,-6.56,0.2881,2
5,13,27,-3.43,0.5404,2
5,13,28,-30.22,0.0014,2
5,13,29,-40.62,0.0001,2
5,13,30,-0.41,0.9340,2
5,13,31,-18.78,0.0190,2
5,13,32,-36.17,0.0003,2
5,13,33,-29.06,0.0018,2
5,13,34,-15.89,0.0367,2
5,13,35,2.42,1.4573,2
5,13,36,-40.90,0.0001,2
5,13,37,-50.21,0.0000,2
5,13,38,-46.43,0.0000,2
5,13,39,-40.06,0.0001,2
5,13,40,-31.39,0.0010,2
5,13,41,-47.93,0.0000,2
5,14,0,-69.24,0.0000,2
5,14,1,-55.09,0.0000,2
5,14,2,-29.97,0.0015,2
5,14,3,-57.78,0.0000,2
5,14,4,-37.36,0.0003,2
5,14,5,-55.26,0.0000,2
5,14,6,-29.55,0.0016,2
5,14,7,-23.85,0.0059,2
5,14,8,-26.71,0.0031,2
5,14,9,-45.93,0.0000,2
5,14,10,-28.34,0.0021,2
5,14,11,-0.61,0.9027,2
5,14,12,-27.64,0.0025,2
5,14,13,-24.79,0.0048,2
5,14,14,-36.63,0.0003,2
5,14,15,-30.58,0.0013,2
5,14,16,-29.69,0.0015,2
5,14,17,-44.81,0.0000,2
5,14,18,-38.75,0.0002,2
5,14,19,-31.49,0.0010,2
5,14,20,-40.59,0.0001,2
5,14,21,-21.16,0.0110,2
5,14,22,-48.13,0.0000,2
5,14,23,-24.47,0.0052,2
5,14,24,-39.10,0.0002,2
5,14,25,-17.30,0.0266,2
5,14,26,-54.32,0.0000,2
5,14,27,-27.99,0.0023,2
5,14,28,-36.39,0.0003,2
5,14,29,5.01,2.0597,2
5,14,30,-17.53,0.0252,2
5,14,31,-22.61,0.0079,2
5,14,32,-50.72,0.0000,2
5,14,33,-51.68,0.0000,2
5,14,34,-26.03,0.0036,2
5,14,35,-8.49,0.1910,2
5,14,36,-45.22,0.0000,2
5,14,37,-55.81,0.0000,2
5,14,38,-31.38,0.0010,2
5,14,39,-25.11,0.0044,2
5,14,40,-49.94,0.0000,2
5,14,41,-34.18,0.0006,2
5,15,0,-11.52,0.0983,2
5,15,1,-48.16,0.0000,2
5,15,2,-24.22,0.0054,2
5,15,3,-13.14,0.0684,2
5,15,4,-9.67,0.1478,2
5,15,5,-8.38,0.1956,2
5,15,6,-7.92,0.2159,2
5,15,7,-1.62,0.7563,2
5,15,8,-18.97,0.0182,2
5,15,9,-14.77,0.0473,2
5,15,10,-18.90,0.0185,2
5,15,11,3.47,1.6878,2
5,15,12,-18.32,0.0211,2
5,15,13,-20.68,0.0123,2
5,15,14,-10.22,0.1311,2
5,15,15,-47.39,0.0000,2
5,15,16,-38.05,0.0002,2
5,15,17,-34.94,0.0005,2
5,15,18,-24.78,0.0048,2
5,15,19,-29.32,0.0017,2
5,15,20,-5.06,0.3918,2
5,15,21,-36.36,0.0003,2
5,15,22,-29.30,0.0017,2
5,15,23,-9.48,0.1541,2
5,15,24,-15.84,0.0371,2
5,15,25,-31.15,0.0011,2
5,15,26,0.82,1.1427,2
5,15,27,-10.64,0.1194,2
5,15,28,-6.94,0.2660,2
5,15,29,-8.04,0.2103,2
5,15,30,94.18,31.2850,2
5,15,31,9.33,3.2585,2
5,15,32,9.15,3.2055,2
5,15,33,56.11,18.6402,2
5,15,34,-20.13,0.0139,2
5,15,35,43.22,14.3585,2
5,15,36,-17.35,0.0263,2
5,15,37,-18.85,0.0187,2
5,15,38,-19.30,0.0169,2
5,15,39,-6.95,0.2652,2
5,15,40,-10.64,0.1195,2
5,15,41,-20.64,0.0124,2
5,16,0,-56.23,0.0000,2
5,16,1,-44.01,0.0001,2
5,16,2,-47.42,0.0000,2
5,16,3,-38.82,0.0002,2
5,16,4,-53.22,0.0000,2
5,16,5,-60.21,0.0000,2
5,16,6,-49.51,0.0000,2
5,16,7,-28.08,0.0022,2
5,16,8,-55.09,0.0000,2
5,16,9,-46.31,0.0000,2
5,16,10,-43.97,0.0001,2
5,16,11,-16.28,0.0336,2
5,16,12,-37.50,0.0003,2
5,16,13,-34.86,0.0005,2
5,16,14,-42.44,0.0001,2
5,16,15,-32.07,0.0009,2
5,16,16,-24.30,0.0053,2
5,16,17,-29.74,0.0015,2
5,16,18,-40.69,0.0001,2
5,16,19,-4.69,0.4218,2
5,16,20,0.17,1.0289,2
5,16,21,-35.72,0.0004,2
5,16,22,-44.61,0.0000,2
5,16,23,-40.52,0.0001,2
5,16,24,-43.14,0.0001,2
5,16,25,-35.16,0.0004,2
5,16,26,-32.03,0.0009,2
5,16,27,-48.94,0.0000,2
5,16,28,-16.49,0.0320,2
5,16,29,-55.09,0.0000,2
5,16,30,-18.39,0.0208,2
5,16,31,-28.25,0.0022,2
5,16,32,-20.48,0.0129,2
5,16,33,12.75,4.3112,2
5,16,34,-48.52,0.0000,2
5,16,35,-15.07,0.0442,2
5,16,36,-12.76,0.0744,2
5,16,37,-39.26,0.0002,2
5,16,38,-29.70,0.0015,2
5,16,39,-15.88,0.0367,2
5,16,40,-25.92,0.0037,2
5,16,41,-19.97,0.0144,2
5,17,0,-60.79,0.0000,2
5,17,1,-38.66,0.0002,2
5,17,2,-40.36,0.0001,2
5,17,3,-25.16,0.0044,2
5,17,4,-43.27,0.0001,2
5,17,5,-42.85,0.0001,2
5,17,6,-34.59,0.0005,2
5,17,7,-1.40,0.7862,2
5,17,8,7.40,2.6987,2
5,17,9,-11.65,0.0955,2
5,17,10,-38.20,0.0002,2
5,17,11,-0.72,0.8859,2
5,17,12,-40.16,0.0001,2
5,17,13,-41.33,0.0001,2
5,17,14,-47.56,0.0000,2
5,17,15,-49.46,0.0000,2
5,17,16,-29.16,0.0018,2
5,17,17,-22.42,0.0082,2
5,17,18,-23.64,0.0062,2
5,17,19,0.58,1.0992,2
5,17,20,-10.80,0.1153,2
5,17,21,-22.60,0.0079,2
5,17,22,-28.79,0.0019,2
5,17,23,-11.06,0.1087,2
5,17,24,-43.32,0.0001,2
5,17,25,-30.17,0.0014,2
5,17,26,-28.29,0.0021,2
5,17,27,-32.58,0.0008,2
5,17,28,-11.14,0.1069,2
5,17,29,-36.37,0.0003,2
5,17,30,11.19,3.8229,2
5,17,31,-12.97,0.0710,2
5,17,32,-11.97,0.0888,2
5,17,33,27.64,9.1857,2
5,17,34,-4.57,0.4318,2
5,17,35,11.85,4.0269,2
5,17,36,-40.56,0.0001,2
5,17,37,-51.04,0.0000,2
5,17,38,-39.87,0.0001,2
5,17,39,-36.63,0.0003,2
5,17,40,-21.71,0.0097,2
5,17,41,-60.79,0.0000,2
5,18,0,-30.27,0.0014,2
5,18,1,-32.35,0.0008,2
5,18,2,-32.66,0.0008,2
5,18,3,-38.69,0.0002,2
5,18,4,-24.58,0.0050,2
5,18,5,-39.43,0.0002,2
5,18,6,-63.22,0.0000,2
5,18,7,0.23,1.0386,2
5,18,8,-47.09,0.0000,2
5,18,9,-41.81,0.0001,2
5,18,10,-33.64,0.0006,2
5,18,11,-8.30,0.1989,2
5,18,12,-60.21,0.0000,2
5,18,13,-30.49,0.0013,2
5,18,14,-56.93,0.0000,2
5,18,15,-58.82,0.0000,2
5,18,16,-57.48,0.0000,2
5,18,17,-66.23,0.0000,2
5,18,18,-47.53,0.0000,2
5,18,19,-35.16,0.0004,2
5,18,20,-43.43,0.0001,2
5,18,21,-57.78,0.0000,2
5,18,22,-57.78,0.0000,2
5,18,23,-12.58,0.0776,2
5,18,24,-61.46,0.0000,2
5,18,25,-300.00,0.0000,2
5,18,26,-69.24,0.0000,2
5,18,27,-56.93,0.0000,2
5,18,28,-57.48,0.0000,2
5,18,29,-60.21,0.0000,2
5,18,30,-22.53,0.0080,2
5,18,31,-41.78,0.0001,2
5,18,32,-32.39,0.0008,2
5,18,33,-300.00,0.0000,2
5,18,34,-40.87,0.0001,2
5,18,35,-31.03,0.0011,2
5,18,36,-4.91,0.4033,2
5,18,37,-9.15,0.1657,2
5,18,38,-24.77,0.0048,2
5,18,39,-23.40,0.0066,2
5,18,40,-26.30,0.0034,2
5,18,41,-38.89,0.0002,2
5,19,0,-300.00,0.0000,2
5,19,1,-300.00,0.0000,2
5,19,2,-53.67,0.0000,2
5,19,3,-300.00,0.0000,2
5,19,4,-44.34,0.0001,2
5,19,5,-300.00,0.0000,2
5,19,6,-48.16,0.0000,2
5,19,7,-40.97,0.0001,2
5,19,8,-46.98,0.0000,2
5,19,9,-50.15,0.0000,2
5,19,10,-38.04,0.0002,2
5,19,11,-5.82,0.3356,2
5,19,12,-45.22,0.0000,2
5,19,13,-33.16,0.0007,2
5,19,14,-46.14,0.0000,2
5,19,15,-11.56,0.0973,2
5,19,16,-300.00,0.0000,2
5,19,17,-38.86,0.0002,2
5,19,18,-43.42,0.0001,2
5,19,19,-18.60,0.0198,2
5,19,20,-0.19,0.9686,2
5,19,21,-41.12,0.0001,2
5,19,22,-32.09,0.0009,2
5,19,23,3.84,1.7739,2
5,19,24,-27.64,0.0025,2
5,19,25,-14.60,0.0491,2
5,19,26,-37.59,0.0003,2
5,19,27,-30.36,0.0013,2
5,19,28,-29.27,0.0017,2
5,19,29,-24.15,0.0055,2
5,19,30,-27.05,0.0028,2
5,19,31,-48.82,0.0000,2
5,19,32,-51.76,0.0000,2
5,19,33,-300.00,0.0000,2
5,19,34,-37.46,0.0003,2
5,19,35,-53.67,0.0000,2
5,19,36,-34.36,0.0005,2
5,19,37,-16.20,0.0342,2
5,19,38,-2.88,0.6001,2
5,19,39,-12.03,0.0877,2
5,19,40,-59.24,0.0000,2
5,19,41,-42.77,0.0001,2
5,20,0,-37.74,0.0002,2
5,20,1,-47.71,0.0000,2
5,20,2,-34.42,0.0005,2
5,20,3,-30.87,0.0012,2
5,20,4,-23.88,0.0059,2
5,20,5,-42.68,0.0001,2
5,20,6,-20.96,0.0115,2
5,20,7,-7.72,0.2252,2
5,20,8,-61.46,0.0000,2
5,20,9,-64.47,0.0000,2
5,20,10,-47.36,0.0000,2
5,20,11,-27.93,0.0023,2
5,20,12,-33.32,0.0007,2
5,20,13,-19.98,0.0144,2
5,20,14,-19.55,0.0159,2
5,20,15,-29.94,0.0015,2
5,20,16,-42.47,0.0001,2
5,20,17,-19.99,0.0144,2
5,20,18,-44.16,0.0001,2
5,20,19,-51.60,0.0000,2
5,20,20,-42.14,0.0001,2
5,20,21,-42.58,0.0001,2
5,20,22,-54.32,0.0000,2
5,20,23,-0.25,0.9588,2
5,20,24,-31.14,0.0011,2
5,20,25,-19.25,0.0171,2
5,20,26,-31.19,0.0011,2
5,20,27,-60.21,0.0000,2
5,20,28,-32.49,0.0008,2
5,20,29,-26.82,0.0030,2
5,20,30,-23.23,0.0068,2
5,20,31,-21.57,0.0100,2
5,20,32,-23.12,0.0070,2
5,20,33,-23.60,0.0063,2
5,20,34,-58.45,0.0000,2
5,20,35,-14.10,0.0551,2
5,20,36,-23.27,0.0068,2
5,20,37,1.32,1.2356,2
5,20,38,-19.28,0.0169,2
5,20,39,-44.77,0.0000,2
5,20,40,-4.67,0.4237,2
5,20,41,-7.25,0.2490,2
6,0,0,-5.62,0.3496,2
6,0,1,13.82,4.6482,2
6,0,2,-29.60,0.0016,2
6,0,3,-23.08,0.0071,2
6,0,4,8.86,3.1189,2
6,0,5,0.53,1.0907,2
6,0,6,-33.53,0.0006,2
6,0,7,-7.22,0.2505,2
6,0,8,-45.83,0.0000,2
6,0,9,-18.44,0.0205,2
6,0,10,-19.32,0.0168,2
6,0,11,11.64,3.9619,2
6,0,12,-14.56,0.0496,2
6,0,13,-20.42,0.0130,2
6,0,14,-16.10,0.0350,2
6,0,15,-21.42,0.0104,2
6,0,16,-20.01,0.0143,2
6,0,17,-10.03,0.1367,2
6,0,18,-10.45,0.1246,2
6,0,19,-38.45,0.0002,2
6,0,20,11.19,3.8243,2
6,0,21,3.64,1.7276,2
6,0,22,-25.98,0.0036,2
6,0,23,3.98,1.8082,2
6,0,24,-9.58,0.1509,2
6,0,25,-32.70,0.0008,2
6,0,26,-4.37,0.4500,2
6,0,27,-26.98,0.0029,2
6,0,28,-24.32,0.0053,2
6,0,29,-10.68,0.1184,2
6,0,30,-3.85,0.4982,2
6,0,31,-47.45,0.0000,2
6,0,32,-35.36,0.0004,2
6,0,33,-36.42,0.0003,2
6,0,34,-37.83,0.0002,2
6,0,35,-39.16,0.0002,2
6,0,36,-7.62,0.2304,2
6,0,37,-28.77,0.0019,2
6,0,38,-23.18,0.0069,2
6,0,39,-42.19,0.0001,2
6,0,40,-47.78,0.0000,2
6,0,41,-50.54,0.0000,2
6,1,0,9.54,3.3202,2
6,1,1,-31.53,0.0010,2
6,1,2,51.76,17.1952,2
6,1,3,-0.03,0.9948,2
6,1,4,13.29,4.4803,2
6,1,5,-27.76,0.0024,2
6,1,6,-12.44,0.0801,2
6,1,7,30.23,10.0427,2
6,1,8,-24.22,0.0055,2
6,1,9,-15.93,0.0364,2
6,1,10,-1.71,0.7440,2
6,1,11,-0.38,0.9384,2
6,1,12,-26.41,0.0033,2
6,1,13,-17.08,0.0280,2
6,1,14,-21.00,0.0114,2
6,1,15,-20.06,0.0142,2
6,1,16,-17.00,0.0285,2
6,1,17,-26.84,0.0030,2
6,1,18,-13.61,0.0615,2
6,1,19,-1.23,0.8103,2
6,1,20,-1.58,0.7617,2
6,1,21,-34.14,0.0006,2
6,1,22,-46.86,0.0000,2
6,1,23,-30.00,0.0014,2
6,1,24,-31.05,0.0011,2
6,1,25,-32.05,0.0009,2
6,1,26,-28.82,0.0019,2
6,1,27,-21.03,0.0113,2
6,1,28,-42.68,0.0001,2
6,1,29,-29.77,0.0015,2
6,1,30,9.53,3.3170,2
6,1,31,-20.82,0.0119,2
6,1,32,-31.95,0.0009,2
6,1,33,-15.84,0.0371,2
6,1,34,-39.30,0.0002,2
6,1,35,-18.57,0.0199,2
6,1,36,2.09,1.3892,2
6,1,37,-5.76,0.3399,2
6,1,38,-5.67,0.3456,2
6,1,39,-25.80,0.0038,2
6,1,40,11.42,3.8939,2
6,1,41,-18.31,0.0211,2
6,2,0,-27.54,0.0025,2
6,2,1,-4.08,0.4762,2
6,2,2,-23.38,0.0066,2
6,2,3,-8.80,0.1785,2
6,2,4,20.46,6.8095,2
6,2,5,-0.37,0.9391,2
6,2,6,-48.45,0.0000,2
6,2,7,-17.48,0.0256,2
6,2,8,-3.48,0.5347,2
6,2,9,-22.25,0.0086,2
6,2,10,-30.89,0.0012,2
6,2,11,-13.16,0.0681,2
6,2,12,-56.01,0.0000,2
6,2,13,-28.36,0.0021,2
6,2,14,-39.86,0.0001,2
6,2,15,-49.28,0.0000,2
6,2,16,-32.51,0.0008,2
6,2,17,-43.40,0.0001,2
6,2,18,-25.33,0.0042,2
6,2,19,-58.82,0.0000,2
6,2,20,24.70,8.2099,2
6,2,21,-36.14,0.0004,2
6,2,22,-16.79,0.0299,2
6,2,23,-9.24,0.1623,2
6,2,24,-1.98,0.7086,2
6,2,25,-28.31,0.0021,2
6,2,26,-14.02,0.0560,2
6,2,27,-12.10,0.0863,2
6,2,28,-25.30,0.0042,2
6,2,29,-58.10,0.0000,2
6,2,30,1.13,1.1992,2
6,2,31,-11.89,0.0905,2
6,2,32,-17.74,0.0241,2
6,2,33,-21.02,0.0114,2
6,2,34,-4.04,0.4793,2
6,2,35,-8.15,0.2056,2
6,2,36,-43.91,0.0001,2
6,2,37,-5.68,0.3451,2
6,2,38,-39.81,0.0002,2
6,2,39,-26.32,0.0034,2
6,2,40,-5.75,0.3402,2
6,2,41,-26.90,0.0029,2
6,3,0,-15.65,0.0388,2
6,3,1,-39.44,0.0002,2
6,3,2,-41.83,0.0001,2
6,3,3,-9.26,0.1617,2
6,3,4,-33.91,0.0006,2
6,3,5,-21.85,0.0094,2
6,3,6,5.14,2.0927,2
6,3,7,5.63,2.2199,2
6,3,8,0.08,1.0127,2
6,3,9,-17.43,0.0259,2
6,3,10,-23.73,0.0061,2
6,3,11,12.55,4.2470,2
6,3,12,-33.15,0.0007,2
6,3,13,-8.51,0.1904,2
6,3,14,-23.43,0.0065,2
6,3,15,1.02,1.1795,2
6,3,16,-30.87,0.0012,2
6,3,17,-21.04,0.0113,2
6,3,18,-29.47,0.0016,2
6,3,19,-20.31,0.0134,2
6,3,20,-7.63,0.2299,2
6,3,21,-31.45,0.0010,2
6,3,22,-300.00,0.0000,2
6,3,23,-17.85,0.0235,2
6,3,24,-34.59,0.0005,2
6,3,25,-20.98,0.0115,2
6,3,26,-8.89,0.1751,2
6,3,27,-25.85,0.0037,2
6,3,28,-23.70,0.0061,2
6,3,29,-9.39,0.1571,2
6,3,30,-1.03,0.8396,2
6,3,31,-15.71,0.0383,2
6,3,32,-23.02,0.0072,2
6,3,33,-22.46,0.0082,2
6,3,34,-23.54,0.0064,2
6,3,35,-9.44,0.1555,2
6,3,36,-42.57,0.0001,2
6,3,37,-54.77,0.0000,2
6,3,38,-59.69,0.0000,2
6,3,39,-44.99,0.0000,2
6,3,40,-29.90,0.0015,2
6,3,41,-39.49,0.0002,2
6,4,0,-41.00,0.0001,2
6,4,1,-46.50,0.0000,2
6,4,2,-45.81,0.0000,2
6,4,3,-30.46,0.0013,2
6,4,4,-22.48,0.0081,2
6,4,5,-18.21,0.0216,2
6,4,6,-32.21,0.0009,2
6,4,7,-8.90,0.1750,2
6,4,8,-22.64,0.0078,2
6,4,9,-16.41,0.0326,2
6,4,10,-33.06,0.0007,2
6,4,11,-1.46,0.7775,2
6,4,12,-47.51,0.0000,2
6,4,13,-59.24,0.0000,2
6,4,14,-24.06,0.0057,2
6,4,15,-64.47,0.0000,2
6,4,16,-34.19,0.0005,2
6,4,17,-41.94,0.0001,2
6,4,18,-21.72,0.0097,2
6,4,19,-14.52,0.0500,2
6,4,20,0.08,1.0126,2
6,4,21,-64.47,0.0000,2
6,4,22,-34.07,0.0006,2
6,4,23,-12.58,0.0775,2
6,4,24,-22.40,0.0083,2
6,4,25,-15.42,0.0408,2
6,4,26,-24.20,0.0055,2
6,4,27,-30.42,0.0013,2
6,4,28,-31.35,0.0011,2
6,4,29,-9.63,0.1490,2
6,4,30,11.02,3.7709,2
6,4,31,-5.11,0.3878,2
6,4,32,-30.08,0.0014,2
6,4,33,-25.22,0.0043,2
6,4,34,-11.27,0.1038,2
6,4,35,14.61,4.9039,2
6,4,36,-26.29,0.0034,2
6,4,37,-45.54,0.0000,2
6,4,38,-37.09,0.0003,2
6,4,39,-44.01,0.0001,2
6,4,40,-64.47,0.0000,2
6,4,41,-26.51,0.0032,2
6,5,0,7.19,2.6402,2
6,5,1,-31.27,0.0011,2
6,5,2,0.22,1.0367,2
6,5,3,-6.63,0.2839,2
6,5,4,-8.24,0.2015,2
6,5,5,-37.77,0.0002,2
6,5,6,-16.31,0.0333,2
6,5,7,4.92,2.0371,2
6,5,8,-8.86,0.1765,2
6,5,9,-14.29,0.0528,2
6,5,10,-6.47,0.2935,2
6,5,11,71.22,23.6595,2
6,5,12,-25.12,0.0044,2
6,5,13,-28.92,0.0019,2
6,5,14,-15.39,0.0411,2
6,5,15,-16.11,0.0349,2
6,5,16,-21.42,0.0104,2
6,5,17,-17.75,0.0240,2
6,5,18,-20.34,0.0133,2
6,5,19,-30.11,0.0014,2
6,5,20,-20.57,0.0126,2
6,5,21,-14.45,0.0508,2
6,5,22,-28.97,0.0018,2
6,5,23,-2.25,0.6740,2
6,5,24,-48.45,0.0000,2
6,5,25,-34.24,0.0005,2
6,5,26,-37.54,0.0003,2
6,5,27,-32.72,0.0008,2
6,5,28,-15.49,0.0402,2
6,5,29,-27.41,0.0026,2
6,5,30,-23.91,0.0059,2
6,5,31,-32.55,0.0008,2
6,5,32,-33.50,0.0006,2
6,5,33,-42.37,0.0001,2
6,5,34,-27.15,0.0028,2
6,5,35,-7.52,0.2351,2
6,5,36,-4.53,0.4354,2
6,5,37,-11.45,0.0999,2
6,5,38,-28.40,0.0021,2
6,5,39,-22.82,0.0075,2
6,5,40,-13.61,0.0615,2
6,5,41,-23.77,0.0060,2
6,6,0,-39.59,0.0002,2
6,6,1,-15.96,0.0361,2
6,6,2,-64.47,0.0000,2
6,6,3,-33.49,0.0006,2
6,6,4,-43.81,0.0001,2
6,6,5,-66.23,0.0000,2
6,6,6,-27.71,0.0024,2
6,6,7,-29.07,0.0018,2
6,6,8,-35.96,0.0004,2
6,6,9,-48.52,0.0000,2
6,6,10,-31.27,0.0011,2
6,6,11,-15.90,0.0366,2
6,6,12,10.60,3.6410,2
6,6,13,-28.96,0.0018,2
6,6,14,13.08,4.4146,2
6,6,15,-21.88,0.0093,2
6,6,16,-21.34,0.0106,2
6,6,17,-13.49,0.0632,2
6,6,18,-3.39,0.5437,2
6,6,19,-6.20,0.3100,2
6,6,20,-7.38,0.2421,2
6,6,21,-28.44,0.0021,2
6,6,22,-29.14,0.0018,2
6,6,23,-6.94,0.2658,2
6,6,24,-35.07,0.0004,2
6,6,25,-32.80,0.0008,2
6,6,26,-50.49,0.0000,2
6,6,27,-52.16,0.0000,2
6,6,28,-22.81,0.0075,2
6,6,29,-14.06,0.0556,2
6,6,30,-5.34,0.3697,2
6,6,31,-39.02,0.0002,2
6,6,32,-10.85,0.1139,2
6,6,33,-19.64,0.0156,2
6,6,34,-45.05,0.0000,2
6,6,35,3.27,1.6436,2
6,6,36,-45.36,0.0000,2
6,6,37,-36.86,0.0003,2
6,6,38,-31.97,0.0009,2
6,6,39,-28.40,0.0021,2
6,6,40,-7.97,0.2138,2
6,6,41,-11.07,0.1086,2
6,7,0,-19.07,0.0178,2
6,7,1,-16.19,0.0343,2
6,7,2,-15.60,0.0392,2
6,7,3,-4.90,0.4041,2
6,7,4,-35.38,0.0004,2
6,7,5,-40.09,0.0001,2
6,7,6,-10.47,0.1239,2
6,7,7,-9.16,0.1653,2
6,7,8,-7.33,0.2449,2
6,7,9,-13.71,0.0602,2
6,7,10,-26.12,0.0035,2
6,7,11,7.16,2.6322,2
6,7,12,-31.81,0.0010,2
6,7,13,-33.83,0.0006,2
6,7,14,22.50,7.4838,2
6,7,15,-6.15,0.3133,2
6,7,16,-28.19,0.0022,2
6,7,17,5.99,2.3143,2
6,7,18,-34.45,0.0005,2
6,7,19,-47.28,0.0000,2
6,7,20,-16.37,0.0329,2
6,7,21,-40.88,0.0001,2
6,7,22,-20.80,0.0119,2
6,7,23,-3.32,0.5514,2
6,7,24,-7.45,0.2388,2
6,7,25,-17.90,0.0232,2
6,7,26,-39.45,0.0002,2
6,7,27,-14.26,0.0531,2
6,7,28,-18.00,0.0227,2
6,7,29,19.59,6.5249,2
6,7,30,-15.66,0.0387,2
6,7,31,-39.99,0.0001,2
6,7,32,-36.07,0.0004,2
6,7,33,-37.74,0.0002,2
6,7,34,-21.25,0.0108,2
6,7,35,-12.84,0.0732,2
6,7,36,-10.84,0.1141,2
6,7,37,-35.07,0.0004,2
6,7,38,-12.69,0.0756,2
6,7,39,-5.00,0.3961,2
6,7,40,-44.13,0.0001,2
6,7,41,-27.59,0.0025,2
6,8,0,-27.87,0.0024,2
6,8,1,-7.48,0.2372,2
6,8,2,-30.38,0.0013,2
6,8,3,-49.15,0.0000,2
6,8,4,-23.00,0.0072,2
6,8,5,-32.52,0.0008,2
6,8,6,-55.26,0.0000,2
6,8,7,-19.83,0.0149,2
6,8,8,-27.69,0.0025,2
6,8,9,-23.26,0.0068,2
6,8,10,-31.08,0.0011,2
6,8,11,-3.72,0.5104,2
6,8,12,-0.13,0.9788,2
6,8,13,-31.49,0.0010,2
6,8,14,-10.73,0.1169,2
6,8,15,-53.67,0.0000,2
6,8,16,-12.88,0.0724,2
6,8,17,-5.69,0.3444,2
6,8,18,-22.14,0.0088,2
6,8,19,-39.19,0.0002,2
6,8,20,17.27,5.7627,2
6,8,21,5.65,2.2239,2
6,8,22,-40.72,0.0001,2
6,8,23,-32.01,0.0009,2
6,8,24,-22.54,0.0080,2
6,8,25,-41.85,0.0001,2
6,8,26,-69.24,0.0000,2
6,8,27,-40.69,0.0001,2
6,8,28,-34.11,0.0006,2
6,8,29,-42.53,0.0001,2
6,8,30,-17.32,0.0265,2
6,8,31,-39.03,0.0002,2
6,8,32,-49.89,0.0000,2
6,8,33,-43.61,0.0001,2
6,8,34,-62.25,0.0000,2
6,8,35,-2.21,0.6788,2
6,8,36,-49.46,0.0000,2
6,8,37,-300.00,0.0000,2
6,8,38,-58.10,0.0000,2
6,8,39,-30.68,0.0012,2
6,8,40,-42.73,0.0001,2
6,8,41,-43.50,0.0001,2
6,9,0,-28.71,0.0019,2
6,9,1,-15.81,0.0374,2
6,9,2,-12.92,0.0719,2
6,9,3,-56.68,0.0000,2
6,9,4,-48.67,0.0000,2
6,9,5,-6.81,0.2733,2
6,9,6,-39.05,0.0002,2
6,9,7,-11.19,0.1056,2
6,9,8,-18.68,0.0194,2
6,9,9,-15.00,0.0449,2
6,9,10,-37.58,0.0003,2
6,9,11,13.91,4.6775,2
6,9,12,-27.05,0.0028,2
6,9,13,-41.51,0.0001,2
6,9,14,-39.02,0.0002,2
6,9,15,-48.23,0.0000,2
6,9,16,-25.87,0.0037,2
6,9,17,2.76,1.5295,2
6,9,18,1.54,1.2788,2
6,9,19,12.70,4.2956,2
6,9,20,48.91,16.2490,2
6,9,21,-27.66,0.0025,2
6,9,22,-40.32,0.0001,2
6,9,23,15.01,5.0302,2
6,9,24,-6.98,0.2637,2
6,9,25,-24.94,0.0046,2
6,9,26,-51.18,0.0000,2
6,9,27,-44.47,0.0001,2
6,9,28,-31.17,0.0011,2
6,9,29,-48.10,0.0000,2
6,9,30,-14.57,0.0496,2
6,9,31,-2.15,0.6861,2
6,9,32,5.56,2.2021,2
6,9,33,1.11,1.1961,2
6,9,34,-10.43,0.1250,2
6,9,35,1.64,1.2978,2
6,9,36,-12.42,0.0804,2
6,9,37,-32.85,0.0007,2
6,9,38,-9.46,0.1548,2
6,9,39,-32.89,0.0007,2
6,9,40,-43.91,0.0001,2
6,9,41,-14.83,0.0467,2
6,10,0,-1.91,0.7174,2
6,10,1,-5.13,0.3865,2
6,10,2,-1.07,0.8333,2
6,10,3,-8.24,0.2014,2
6,10,4,-7.78,0.2223,2
6,10,5,-19.62,0.0157,2
6,10,6,-5.00,0.3966,2
6,10,7,-30.16,0.0014,2
6,10,8,-40.02,0.0001,2
6,10,9,-26.32,0.0034,2
6,10,10,-12.78,0.0741,2
6,10,11,-12.34,0.0818,2
6,10,12,-10.97,0.1110,2
6,10,13,-39.65,0.0002,2
6,10,14,-24.87,0.0047,2
6,10,15,-16.44,0.0324,2
6,10,16,-7.03,0.2608,2
6,10,17,-11.43,0.1002,2
6,10,18,-2.66,0.6251,2
6,10,19,-18.62,0.0197,2
6,10,20,13.70,4.6123,2
6,10,21,23.82,7.9199,2
6,10,22,-25.57,0.0040,2
6,10,23,-12.24,0.0837,2
6,10,24,-5.67,0.3462,2
6,10,25,-49.89,0.0000,2
6,10,26,-21.43,0.0103,2
6,10,27,-19.10,0.0176,2
6,10,28,-30.15,0.0014,2
6,10,29,-28.43,0.0021,2
6,10,30,-0.29,0.9533,2
6,10,31,-34.06,0.0006,2
6,10,32,-35.97,0.0004,2
6,10,33,-22.71,0.0077,2
6,10,34,-18.41,0.0206,2
6,10,35,-20.14,0.0139,2
6,10,36,-39.91,0.0001,2
6,10,37,-57.20,0.0000,2
6,10,38,-18.01,0.0226,2
6,10,39,-36.61,0.0003,2
6,10,40,-15.73,0.0381,2
6,10,41,-1.55,0.7658,2
6,11,0,-300.00,0.0000,2
6,11,1,-33.03,0.0007,2
6,11,2,-63.22,0.0000,2
6,11,3,-55.43,0.0000,2
6,11,4,-44.69,0.0000,2
6,11,5,-32.57,0.0008,2
6,11,6,-44.99,0.0000,2
6,11,7,-45.07,0.0000,2
6,11,8,-28.27,0.0021,2
6,11,9,-51.38,0.0000,2
6,11,10,-45.81,0.0000,2
6,11,11,-3.88,0.4954,2
6,11,12,-24.40,0.0052,2
6,11,13,-32.87,0.0007,2
6,11,14,-62.25,0.0000,2
6,11,15,-27.15,0.0028,2
6,11,16,-24.19,0.0055,2
6,11,17,-47.42,0.0000,2
6,11,18,-15.59,0.0393,2
6,11,19,-19.72,0.0153,2
6,11,20,4.76,1.9963,2
6,11,21,-11.01,0.1100,2
6,11,22,-20.27,0.0135,2
6,11,23,-8.18,0.2044,2
6,11,24,-11.59,0.0967,2
6,11,25,-34.88,0.0005,2
6,11,26,-8.62,0.1857,2
6,11,27,-18.85,0.0187,2
6,11,28,-37.15,0.0003,2
6,11,29,-10.29,0.1290,2
6,11,30,-40.58,0.0001,2
6,11,31,-64.47,0.0000,2
6,11,32,-63.22,0.0000,2
6,11,33,-46.57,0.0000,2
6,11,34,-41.94,0.0001,2
6,11,35,-2.78,0.6113,2
6,11,36,-26.01,0.0036,2
6,11,37,-28.16,0.0022,2
6,11,38,-54.32,0.0000,2
6,11,39,-36.77,0.0003,2
6,11,40,-31.71,0.0010,2
6,11,41,-15.08,0.0441,2
6,12,0,-45.60,0.0000,2
6,12,1,-36.72,0.0003,2
6,12,2,-55.81,0.0000,2
6,12,3,-34.30,0.0005,2
6,12,4,-46.59,0.0000,2
6,12,5,-38.74,0.0002,2
6,12,6,-44.25,0.0001,2
6,12,7,-39.95,0.0001,2
6,12,8,-61.46,0.0000,2
6,12,9,-54.19,0.0000,2
6,12,10,-45.77,0.0000,2
6,12,11,-25.20,0.0044,2
6,12,12,-47.09,0.0000,2
6,12,13,-20.16,0.0138,2
6,12,14,-40.30,0.0001,2
6,12,15,-30.96,0.0012,2
6,12,16,-54.61,0.0000,2
6,12,17,-38.63,0.0002,2
6,12,18,-18.47,0.0204,2
6,12,19,-300.00,0.0000,2
6,12,20,-18.92,0.0184,2
6,12,21,-34.64,0.0005,2
6,12,22,-27.18,0.0028,2
6,12,23,5.27,2.1254,2
6,12,24,-21.07,0.0112,2
6,12,25,-35.81,0.0004,2
6,12,26,-11.04,0.1093,2
6,12,27,-26.81,0.0030,2
6,12,28,-25.80,0.0038,2
6,12,29,-32.20,0.0009,2
6,12,30,-15.57,0.0394,2
6,12,31,-44.58,0.0001,2
6,12,32,-66.23,0.0000,2
6,12,33,-57.48,0.0000,2
6,12,34,-50.37,0.0000,2
6,12,35,-44.24,0.0001,2
6,12,36,0.40,1.0672,2
6,12,37,-38.23,0.0002,2
6,12,38,-25.22,0.0043,2
6,12,39,-16.10,0.0350,2
6,12,40,-38.41,0.0002,2
6,12,41,-26.75,0.0030,2
6,13,0,-22.17,0.0087,2
6,13,1,-31.85,0.0009,2
6,13,2,-28.26,0.0022,2
6,13,3,-8.38,0.1958,2
6,13,4,-24.46,0.0052,2
6,13,5,4.14,1.8462,2
6,13,6,-17.03,0.0283,2
6,13,7,-18.93,0.0183,2
6,13,8,-11.70,0.0945,2
6,13,9,-23.92,0.0058,2
6,13,10,-54.47,0.0000,2
6,13,11,-17.91,0.0232,2
6,13,12,-42.71,0.0001,2
6,13,13,-58.45,0.0000,2
6,13,14,-46.27,0.0000,2
6,13,15,-30.89,0.0012,2
6,13,16,-24.95,0.0046,2
6,13,17,-18.81,0.0188,2
6,13,18,-32.59,0.0008,2
6,13,19,-46.88,0.0000,2
6,13,20,-0.89,0.8594,2
6,13,21,-46.91,0.0000,2
6,13,22,-25.14,0.0044,2
6,13,23,-9.11,0.1670,2
6,13,24,-14.32,0.0524,2
6,13,25,-21.97,0.0091,2
6,13,26,-6.56,0.2881,2
6,13,27,-3.43,0.5404,2
6,13,28,-30.22,0.0014,2
6,13,29,-40.62,0.0001,2
6,13,30,-0.41,0.9340,2
6,13,31,-18.78,0.0190,2
6,13,32,-36.17,0.0003,2
6,13,33,-29.06,0.0018,2
6,13,34,-15.89,0.0367,2
6,13,35,2.42,1.4573,2
6,13,36,-40.90,0.0001,2
6,13,37,-50.21,0.0000,2
6,13,38,-46.43,0.0000,2
6,13,39,-40.06,0.0001,2
6,13,40,-31.39,0.0010,2
6,13,41,-47.93,0.0000,2
6,14,0,-69.24,0.0000,2
6,14,1,-55.09,0.0000,2
6,14,2,-29.97,0.0015,2
6,14,3,-57.78,0.0000,2
6,14,4,-37.36,0.0003,2
6,14,5,-55.26,0.0000,2
6,14,6,-29.55,0.0016,2
6,14,7,-23.85,0.0059,2
6,14,8,-26.71,0.0031,2
6,14,9,-45.93,0.0000,2
6,14,10,-28.34,0.0021,2
6,14,11,-0.61,0.9027,2
6,14,12,-27.64,0.0025,2
6,14,13,-24.79,0.0048,2
6,14,14,-36.63,0.0003,2
6,14,15,-30.58,0.0013,2
6,14,16,-29.69,0.0015,2
6,14,17,-44.81,0.0000,2
6,14,18,-38.75,0.0002,2
6,14,19,-31.49,0.0010,2
6,14,20,-40.59,0.0001,2
6,14,21,-21.16,0.0110,2
6,14,22,-48.13,0.0000,2
6,14,23,-24.47,0.0052,2
6,14,24,-39.10,0.0002,2
6,14,25,-17.30,0.0266,2
6,14,26,-54.32,0.0000,2
6,14,27,-27.99,0.0023,2
6,14,28,-36.39,0.0003,2
6,14,29,5.01,2.0597,2
6,14,30,-17.53,0.0252,2
6,14,31,-22.61,0.0079,2
6,14,32,-50.72,0.0000,2
6,14,33,-51.68,0.0000,2
6,14,34,-26.03,0.0036,2
6,14,35,-8.49,0.1910,2
6,14,36,-45.22,0.0000,2
6,14,37,-55.81,0.0000,2
6,14,38,-31.38,0.0010,2
6,14,39,-25.11,0.0044,2
6,14,40,-49.94,0.0000,2
6,14,41,-34.18,0.0006,2
6,15,0,-11.52,0.0983,2
6,15,1,-48.16,0.0000,2
6,15,2,-24.22,0.0054,2
6,15,3,-13.14,0.0684,2
6,15,4,-9.67,0.1478,2
6,15,5,-8.38,0.1956,2
6,15,6,-7.92,0.2159,2
6,15,7,-1.62,0.7563,2
6,15,8,-18.97,0.0182,2
6,15,9,-14.77,0.0473,2
6,15,10,-18.90,0.0185,2
6,15,11,3.47,1.6878,2
6,15,12,-18.32,0.0211,2
6,15,13,-20.68,0.0123,2
6,15,14,-10.22,0.1311,2
6,15,15,-47.39,0.0000,2
6,15,16,-38.05,0.0002,2
6,15,17,-34.94,0.0005,2
6,15,18,-24.78,0.0048,2
6,15,19,-29.32,0.0017,2
6,15,20,-5.06,0.3918,2
6,15,21,-36.36,0.0003,2
6,15,22,-29.30,0.0017,2
6,15,23,-9.48,0.1541,2
6,15,24,-15.84,0.0371,2
6,15,25,-31.15,0.0011,2
6,15,26,0.82,1.1427,2
6,15,27,-10.64,0.1194,2
6,15,28,-6.94,0.2660,2
6,15,29,-8.04,0.2103,2
6,15,30,94.18,31.2850,2
6,15,31,9.33,3.2585,2
6,15,32,9.15,3.2055,2
6,15,33,56.11,18.6402,2
6,15,34,-20.13,0.0139,2
6,15,35,43.22,14.3585,2
6,15,36,-17.35,0.0263,2
6,15,37,-18.85,0.0187,2
6,15,38,-19.30,0.0169,2
6,15,39,-6.95,0.2652,2
6,15,40,-10.64,0.1195,2
6,15,41,-20.64,0.0124,2
6,16,0,-56.23,0.0000,2
6,16,1,-44.01,0.0001,2
6,16,2,-47.42,0.0000,2
6,16,3,-38.82,0.0002,2
6,16,4,-53.22,0.0000,2
6,16,5,-60.21,0.0000,2
6,16,6,-49.51,0.0000,2
6,16,7,-28.08,0.0022,2
6,16,8,-55.09,0.0000,2
6,16,9,-46.31,0.0000,2
6,16,10,-43.97,0.0001,2
6,16,11,-16.28,0.0336,2
6,16,12,-37.50,0.0003,2
6,16,13,-34.86,0.0005,2
6,16,14,-42.44,0.0001,2
6,16,15,-32.07,0.0009,2
6,16,16,-24.30,0.0053,2
6,16,17,-29.74,0.0015,2
6,16,18,-40.69,0.0001,2
6,16,19,-4.69,0.4218,2
6,16,20,0.17,1.0289,2
6,16,21,-35.72,0.0004,2
6,16,22,-44.61,0.0000,2
6,16,23,-40.52,0.0001,2
6,16,24,-43.14,0.0001,2
6,16,25,-35.16,0.0004,2
6,16,26,-32.03,0.0009,2
6,16,27,-48.94,0.0000,2
6,16,28,-16.49,0.0320,2
6,16,29,-55.09,0.0000,2
6,16,30,-18.39,0.0208,2
6,16,31,-28.25,0.0022,2
6,16,32,-20.48,0.0129,2
6,16,33,12.75,4.3112,2
6,16,34,-48.52,0.0000,2
6,16,35,-15.07,0.0442,2
6,16,36,-12.76,0.0744,2
6,16,37,-39.26,0.0002,2
6,16,38,-29.70,0.0015,2
6,16,39,-15.88,0.0367,2
6,16,40,-25.92,0.0037,2
6,16,41,-19.97,0.0144,2
6,17,0,-60.79,0.0000,2
6,17,1,-38.66,0.0002,2
6,17,2,-40.36,0.0001,2
6,17,3,-25.16,0.0044,2
6,17,4,-43.27,0.0001,2
6,17,5,-42.85,0.0001,2
6,17,6,-34.59,0.0005,2
6,17,7,-1.40,0.7862,2
6,17,8,7.40,2.6987,2
6,17,9,-11.65,0.0955,2
6,17,10,-38.20,0.0002,2
6,17,11,-0.72,0.8859,2
6,17,12,-40.16,0.0001,2
6,17,13,-41.33,0.0001,2
6,17,14,-47.56,0.0000,2
6,17,15,-49.46,0.0000,2
6,17,16,-29.16,0.0018,2
6,17,17,-22.42,0.0082,2
6,17,18,-23.64,0.0062,2
6,17,19,0.58,1.0992,2
6,17,20,-10.80,0.1153,2
6,17,21,-22.60,0.0079,2
6,17,22,-28.79,0.0019,2
6,17,23,-11.06,0.1087,2
6,17,24,-43.32,0.0001,2
6,17,25,-30.17,0.0014,2
6,17,26,-28.29,0.0021,2
6,17,27,-32.58,0.0008,2
6,17,28,-11.14,0.1069,2
6,17,29,-36.37,0.0003,2
6,17,30,11.19,3.8229,2
6,17,31,-12.97,0.0710,2
6,17,32,-11.97,0.0888,2
6,17,33,27.64,9.1857,2
6,17,34,-4.57,0.4318,2
6,17,35,11.85,4.0269,2
6,17,36,-40.56,0.0001,2
6,17,37,-51.04,0.0000,2
6,17,38,-39.87,0.0001,2
6,17,39,-36.63,0.0003,2
6,17,40,-21.71,0.0097,2
6,17,41,-60.79,0.0000,2
6,18,0,-30.27,0.0014,2
6,18,1,-32.35,0.0008,2
6,18,2,-32.66,0.0008,2
6,18,3,-38.69,0.0002,2
6,18,4,-24.58,0.0050,2
6,18,5,-39.43,0.0002,2
6,18,6,-63.22,0.0000,2
6,18,7,0.23,1.0386,2
6,18,8,-47.09,0.0000,2
6,18,9,-41.81,0.0001,2
6,18,10,-33.64,0.0006,2
6,18,11,-8.30,0.1989,2
6,18,12,-60.21,0.0000,2
6,18,13,-30.49,0.0013,2
6,18,14,-56.93,0.0000,2
6,18,15,-58.82,0.0000,2
6,18,16,-57.48,0.0000,2
6,18,17,-66.23,0.0000,2
6,18,18,-47.53,0.0000,2
6,18,19,-35.16,0.0004,2
6,18,20,-43.43,0.0001,2
6,18,21,-57.78,0.0000,2
6,18,22,-57.78,0.0000,2
6,18,23,-12.58,0.0776,2
6,18,24,-61.46,0.0000,2
6,18,25,-300.00,0.0000,2
6,18,26,-69.24,0.0000,2
6,18,27,-56.93,0.0000,2
6,18,28,-57.48,0.0000,2
6,18,29,-60.21,0.0000,2
6,18,30,-22.53,0.0080,2
6,18,31,-41.78,0.0001,2
6,18,32,-32.39,0.0008,2
6,18,33,-300.00,0.0000,2
6,18,34,-40.87,0.0001,2
6,18,35,-31.03,0.0011,2
6,18,36,-4.91,0.4033,2
6,18,37,-9.15,0.1657,2
6,18,38,-24.77,0.0048,2
6,18,39,-23.40,0.0066,2
6,18,40,-26.30,0.0034,2
6,18,41,-38.89,0.0002,2
6,19,0,-300.00,0.0000,2
6,19,1,-300.00,0.0000,2
6,19,2,-53.67,0.0000,2
6,19,3,-300.00,0.0000,2
6,19,4,-44.34,0.0001,2
6,19,5,-300.00,0.0000,2
6,19,6,-48.16,0.0000,2
6,19,7,-40.97,0.0001,2
6,19,8,-46.98,0.0000,2
6,19,9,-50.15,0.0000,2
6,19,10,-38.04,0.0002,2
6,19,11,-5.82,0.3356,2
6,19,12,-45.22,0.0000,2
6,19,13,-33.16,0.0007,2
6,19,14,-46.14,0.0000,2
6,19,15,-11.56,0.0973,2
6,19,16,-300.00,0.0000,2
6,19,17,-38.86,0.0002,2
6,19,18,-43.42,0.0001,2
6,19,19,-18.60,0.0198,2
6,19,20,-0.19,0.9686,2
6,19,21,-41.12,0.0001,2
6,19,22,-32.09,0.0009,2
6,19,23,3.84,1.7739,2
6,19,24,-27.64,0.0025,2
6,19,25,-14.60,0.0491,2
6,19,26,-37.59,0.0003,2
6,19,27,-30.36,0.0013,2
6,19,28,-29.27,0.0017,2
6,19,29,-24.15,0.0055,2
6,19,30,-27.05,0.0028,2
6,19,31,-48.82,0.0000,2
6,19,32,-51.76,0.0000,2
6,19,33,-300.00,0.0000,2
6,19,34,-37.46,0.0003,2
6,19,35,-53.67,0.0000,2
6,19,36,-34.36,0.0005,2
6,19,37,-16.20,0.0342,2
6,19,38,-2.88,0.6001,2
6,19,39,-12.03,0.0877,2
6,19,40,-59.24,0.0000,2
6,19,41,-42.77,0.0001,2
6,20,0,-37.74,0.0002,2
6,20,1,-47.71,0.0000,2
6,20,2,-34.42,0.0005,2
6,20,3,-30.87,0.0012,2
6,20,4,-23.88,0.0059,2
6,20,5,-42.68,0.0001,2
6,20,6,-20.96,0.0115,2
6,20,7,-7.72,0.2252,2
6,20,8,-61.46,0.0000,2
6,20,9,-64.47,0.0000,2
6,20,10,-47.36,0.0000,2
6,20,11,-27.93,0.0023,2
6,20,12,-33.32,0.0007,2
6,20,13,-19.98,0.0144,2
6,20,14,-19.55,0.0159,2
6,20,15,-29.94,0.0015,2
6,20,16,-42.47,0.0001,2
6,20,17,-19.99,0.0144,2
6,20,18,-44.16,0.0001,2
6,20,19,-51.60,0.0000,2
6,20,20,-42.14,0.0001,2
6,20,21,-42.58,0.0001,2
6,20,22,-54.32,0.0000,2
6,20,23,-0.25,0.9588,2
6,20,24,-31.14,0.0011,2
6,20,25,-19.25,0.0171,2
6,20,26,-31.19,0.0011,2
6,20,27,-60.21,0.0000,2
6,20,28,-32.49,0.0008,2
6,20,29,-26.82,0.0030,2
6,20,30,-23.23,0.0068,2
6,20,31,-21.57,0.0100,2
6,20,32,-23.12,0.0070,2
6,20,33,-23.60,0.0063,2
6,20,34,-58.45,0.0000,2
6,20,35,-14.10,0.0551,2
6,20,36,-23.27,0.0068,2
6,20,37,1.32,1.2356,2
6,20,38,-19.28,0.0169,2
6,20,39,-44.77,0.0000,2
6,20,40,-4.67,0.4237,2
6,20,41,-7.25,0.2490,2
7,0,0,-5.62,0.3496,2
7,0,1,13.82,4.6482,2
7,0,2,-29.60,0.0016,2
7,0,3,-23.08,0.0071,2
7,0,4,8.86,3.1189,2
7,0,5,0.53,1.0907,2
7,0,6,-33.53,0.0006,2
7,0,7,-7.22,0.2505,2
7,0,8,-45.83,0.0000,2
7,0,9,-18.44,0.0205,2
7,0,10,-19.32,0.0168,2
7,0,11,11.64,3.9619,2
7,0,12,-14.56,0.0496,2
7,0,13,-20.42,0.0130,2
7,0,14,-16.10,0.0350,2
7,0,15,-21.42,0.0104,2
7,0,16,-20.01,0.0143,2
7,0,17,-10.03,0.1367,2
7,0,18,-10.45,0.1246,2
7,0,19,-38.45,0.0002,2
7,0,20,11.19,3.8243,2
7,0,21,3.64,1.7276,2
7,0,22,-25.98,0.0036,2
7,0,23,3.98,1.8082,2
7,0,24,-9.58,0.1509,2
7,0,25,-32.70,0.0008,2
7,0,26,-4.37,0.4500,2
7,0,27,-26.98,0.0029,2
7,0,28,-24.32,0.0053,2
7,0,29,-10.68,0.1184,2
7,0,30,-3.85,0.4982,2
7,0,31,-47.45,0.0000,2
7,0,32,-35.36,0.0004,2
7,0,33,-36.42,0.0003,2
7,0,34,-37.83,0.0002,2
7,0,35,-39.16,0.0002,2
7,0,36,-7.62,0.2304,2
7,0,37,-28.77,0.0019,2
7,0,38,-23.18,0.0069,2
7,0,39,-42.19,0.0001,2
7,0,40,-47.78,0.0000,2
7,0,41,-50.54,0.0000,2
7,1,0,9.54,3.3202,2
7,1,1,-31.53,0.0010,2
7,1,2,51.76,17.1952,2
7,1,3,-0.03,0.9948,2
7,1,4,13.29,4.4803,2
7,1,5,-27.76,0.0024,2
7,1,6,-12.44,0.0801,2
7,1,7,30.23,10.0427,2
7,1,8,-24.22,0.0055,2
7,1,9,-15.93,0.0364,2
7,1,10,-1.71,0.7440,2
7,1,11,-0.38,0.9384,2
7,1,12,-26.41,0.0033,2
7,1,13,-17.08,0.0280,2
7,1,14,-21.00,0.0114,2
7,1,15,-20.06,0.0142,2
7,1,16,-17.00,0.0285,2
7,1,17,-26.84,0.0030,2
7,1,18,-13.61,0.0615,2
7,1,19,-1.23,0.8103,2
7,1,20,-1.58,0.7617,2
7,1,21,-34.14,0.0006,2
7,1,22,-46.86,0.0000,2
7,1,23,-30.00,0.0014,2
7,1,24,-31.05,0.0011,2
7,1,25,-32.05,0.0009,2
7,1,26,-28.82,0.0019,2
7,1,27,-21.03,0.0113,2
7,1,28,-42.68,0.0001,2
7,1,29,-29.77,0.0015,2
7,1,30,9.53,3.3170,2
7,1,31,-20.82,0.0119,2
7,1,32,-31.95,0.0009,2
7,1,33,-15.84,0.0371,2
7,1,34,-39.30,0.0002,2
7,1,35,-18.57,0.0199,2
7,1,36,2.09,1.3892,2
7,1,37,-5.76,0.3399,2
7,1,38,-5.67,0.3456,2
7,1,39,-25.80,0.0038,2
7,1,40,11.42,3.8939,2
7,1,41,-18.31,0.0211,2
7,2,0,-27.54,0.0025,2
7,2,1,-4.08,0.4762,2
7,2,2,-23.38,0.0066,2
7,2,3,-8.80,0.1785,2
7,2,4,20.46,6.8095,2
7,2,5,-0.37,0.9391,2
7,2,6,-48.45,0.0000,2
7,2,7,-17.48,0.0256,2
7,2,8,-3.48,0.5347,2
7,2,9,-22.25,0.0086,2
7,2,10,-30.89,0.0012,2
7,2,11,-13.16,0.0681,2
7,2,12,-56.01,0.0000,2
7,2,13,-28.36,0.0021,2
7,2,14,-39.86,0.0001,2
7,2,15,-49.28,0.0000,2
7,2,16,-32.51,0.0008,2
7,2,17,-43.40,0.0001,2
7,2,18,-25.33,0.0042,2
7,2,19,-58.82,0.0000,2
7,2,20,24.70,8.2099,2
7,2,21,-36.14,0.0004,2
7,2,22,-16.79,0.0299,2
7,2,23,-9.24,0.1623,2
7,2,24,-1.98,0.7086,2
7,2,25,-28.31,0.0021,2
7,2,26,-14.02,0.0560,2
7,2,27,-12.10,0.0863,2
7,2,28,-25.30,0.0042,2
7,2,29,-58.10,0.0000,2
7,2,30,1.13,1.1992,2
7,2,31,-11.89,0.0905,2
7,2,32,-17.74,0.0241,2
7,2,33,-21.02,0.0114,2
7,2,34,-4.04,0.4793,2
7,2,35,-8.15,0.2056,2
7,2,36,-43.91,0.0001,2
7,2,37,-5.68,0.3451,2
7,2,38,-39.81,0.0002,2
7,2,39,-26.32,0.0034,2
7,2,40,-5.75,0.3402,2
7,2,41,-26.90,0.0029,2
7,3,0,-15.65,0.0388,2
7,3,1,-39.44,0.0002,2
7,3,2,-41.83,0.0001,2
7,3,3,-9.26,0.1617,2
7,3,4,-33.91,0.0006,2
7,3,5,-21.85,0.0094,2
7,3,6,5.14,2.0927,2
7,3,7,5.63,2.2199,2
7,3,8,0.08,1.0127,2
7,3,9,-17.43,0.0259,2
7,3,10,-23.73,0.0061,2
7,3,11,12.55,4.2470,2
7,3,12,-33.15,0.0007,2
7,3,13,-8.51,0.1904,2
7,3,14,-23.43,0.0065,2
7,3,15,1.02,1.1795,2
7,3,16,-30.87,0.0012,2
7,3,17,-21.04,0.0113,2
7,3,18,-29.47,0.0016,2
7,3,19,-20.31,0.0134,2
7,3,20,-7.63,0.2299,2
7,3,21,-31.45,0.0010,2
7,3,22,-300.00,0.0000,2
7,3,23,-17.85,0.0235,2
7,3,24,-34.59,0.0005,2
7,3,25,-20.98,0.0115,2
7,3,26,-8.89,0.1751,2
7,3,27,-25.85,0.0037,2
7,3,28,-23.70,0.0061,2
7,3,29,-9.39,0.1571,2
7,3,30,-1.03,0.8396,2
7,3,31,-15.71,0.0383,2
7,3,32,-23.02,0.0072,2
7,3,33,-22.46,0.0082,2
7,3,34,-23.54,0.0064,2
7,3,35,-9.44,0.1555,2
7,3,36,-42.57,0.0001,2
7,3,37,-54.77,0.0000,2
7,3,38,-59.69,0.0000,2
7,3,39,-44.99,0.0000,2
7,3,40,-29.90,0.0015,2
7,3,41,-39.49,0.0002,2
7,4,0,-41.00,0.0001,2
7,4,1,-46.50,0.0000,2
7,4,2,-45.81,0.0000,2
7,4,3,-30.46,0.0013,2
7,4,4,-22.48,0.0081,2
7,4,5,-18.21,0.0216,2
7,4,6,-32.21,0.0009,2
7,4,7,-8.90,0.1750,2
7,4,8,-22.64,0.0078,2
7,4,9,-16.41,0.0326,2
7,4,10,-33.06,0.0007,2
7,4,11,-1.46,0.7775,2
7,4,12,-47.51,0.0000,2
7,4,13,-59.24,0.0000,2
7,4,14,-24.06,0.0057,2
7,4,15,-64.47,0.0000,2
7,4,16,-34.19,0.0005,2
7,4,17,-41.94,0.0001,2
7,4,18,-21.72,0.0097,2
7,4,19,-14.52,0.0500,2
7,4,20,0.08,1.0126,2
7,4,21,-64.47,0.0000,2
7,4,22,-34.07,0.0006,2
7,4,23,-12.58,0.0775,2
7,4,24,-22.40,0.0083,2
7,4,25,-15.42,0.0408,2
7,4,26,-24.20,0.0055,2
7,4,27,-30.42,0.0013,2
7,4,28,-31.35,0.0011,2
7,4,29,-9.63,0.1490,2
7,4,30,11.02,3.7709,2
7,4,31,-5.11,0.3878,2
7,4,32,-30.08,0.0014,2
7,4,33,-25.22,0.0043,2
7,4,34,-11.27,0.1038,2
7,4,35,14.61,4.9039,2
7,4,36,-26.29,0.0034,2
7,4,37,-45.54,0.0000,2
7,4,38,-37.09,0.0003,2
7,4,39,-44.01,0.0001,2
7,4,40,-64.47,0.0000,2
7,4,41,-26.51,0.0032,2
7,5,0,7.19,2.6402,2
7,5,1,-31.27,0.0011,2
7,5,2,0.22,1.0367,2
7,5,3,-6.63,0.2839,2
7,5,4,-8.24,0.2015,2
7,5,5,-37.77,0.0002,2
7,5,6,-16.31,0.0333,2
7,5,7,4.92,2.0371,2
7,5,8,-8.86,0.1765,2
7,5,9,-14.29,0.0528,2
7,5,10,-6.47,0.2935,2
7,5,11,71.22,23.6595,2
7,5,12,-25.12,0.0044,2
7,5,13,-28.92,0.0019,2
7,5,14,-15.39,0.0411,2
7,5,15,-16.11,0.0349,2
7,5,16,-21.42,0.0104,2
7,5,17,-17.75,0.0240,2
7,5,18,-20.34,0.0133,2
7,5,19,-30.11,0.0014,2
7,5,20,-20.57,0.0126,2
7,5,21,-14.45,0.0508,2
7,5,22,-28.97,0.0018,2
7,5,23,-2.25,0.6740,2
7,5,24,-48.45,0.0000,2
7,5,25,-34.24,0.0005,2
7,5,26,-37.54,0.0003,2
7,5,27,-32.72,0.0008,2
7,5,28,-15.49,0.0402,2
7,5,29,-27.41,0.0026,2
7,5,30,-23.91,0.0059,2
7,5,31,-32.55,0.0008,2
7,5,32,-33.50,0.0006,2
7,5,33,-42.37,0.0001,2
7,5,34,-27.15,0.0028,2
7,5,35,-7.52,0.2351,2
7,5,36,-4.53,0.4354,2
7,5,37,-11.45,0.0999,2
7,5,38,-28.40,0.0021,2
7,5,39,-22.82,0.0075,2
7,5,40,-13.61,0.0615,2
7,5,41,-23.77,0.0060,2
7,6,0,-39.59,0.0002,2
7,6,1,-15.96,0.0361,2
7,6,2,-64.47,0.0000,2
7,6,3,-33.49,0.0006,2
7,6,4,-43.81,0.0001,2
7,6,5,-66.23,0.0000,2
7,6,6,-27.71,0.0024,2
7,6,7,-29.07,0.0018,2
7,6,8,-35.96,0.0004,2
7,6,9,-48.52,0.0000,2
7,6,10,-31.27,0.0011,2
7,6,11,-15.90,0.0366,2
7,6,12,10.60,3.6410,2
7,6,13,-28.96,0.0018,2
7,6,14,13.08,4.4146,2
7,6,15,-21.88,0.0093,2
7,6,16,-21.34,0.0106,2
7,6,17,-13.49,0.0632,2
7,6,18,-3.39,0.5437,2
7,6,19,-6.20,0.3100,2
7,6,20,-7.38,0.2421,2
7,6,21,-28.44,0.0021,2
7,6,22,-29.14,0.0018,2
7,6,23,-6.94,0.2658,2
7,6,24,-35.07,0.0004,2
7,6,25,-32.80,0.0008,2
7,6,26,-50.49,0.0000,2
7,6,27,-52.16,0.0000,2
7,6,28,-22.81,0.0075,2
7,6,29,-14.06,0.0556,2
7,6,30,-5.34,0.3697,2
7,6,31,-39.02,0.0002,2
7,6,32,-10.85,0.1139,2
7,6,33,-19.64,0.0156,2
7,6,34,-45.05,0.0000,2
7,6,35,3.27,1.6436,2
7,6,36,-45.36,0.0000,2
7,6,37,-36.86,0.0003,2
7,6,38,-31.97,0.0009,2
7,6,39,-28.40,0.0021,2
7,6,40,-7.97,0.2138,2
7,6,41,-11.07,0.1086,2
7,7,0,-19.07,0.0178,2
7,7,1,-16.19,0.0343,2
7,7,2,-15.60,0.0392,2
7,7,3,-4.90,0.4041,2
7,7,4,-35.38,0.0004,2
7,7,5,-40.09,0.0001,2
7,7,6,-10.47,0.1239,2
7,7,7,-9.16,0.1653,2
7,7,8,-7.33,0.2449,2
7,7,9,-13.71,0.0602,2
7,7,10,-26.12,0.0035,2
7,7,11,7.16,2.6322,2
7,7,12,-31.81,0.0010,2
7,7,13,-33.83,0.0006,2
7,7,14,22.50,7.4838,2
7,7,15,-6.15,0.3133,2
7,7,16,-28.19,0.0022,2
7,7,17,5.99,2.3143,2
7,7,18,-34.45,0.0005,2
7,7,19,-47.28,0.0000,2
7,7,20,-16.37,0.0329,2
7,7,21,-40.88,0.0001,2
7,7,22,-20.80,0.0119,2
7,7,23,-3.32,0.5514,2
7,7,24,-7.45,0.2388,2
7,7,25,-17.90,0.0232,2
7,7,26,-39.45,0.0002,2
7,7,27,-14.26,0.0531,2
7,7,28,-18.00,0.0227,2
7,7,29,19.59,6.5249,2
7,7,30,-15.66,0.0387,2
7,7,31,-39.99,0.0001,2
7,7,32,-36.07,0.0004,2
7,7,33,-37.74,0.0002,2
7,7,34,-21.25,0.0108,2
7,7,35,-12.84,0.0732,2
7,7,36,-10.84,0.1141,2
7,7,37,-35.07,0.0004,2
7,7,38,-12.69,0.0756,2
7,7,39,-5.00,0.3961,2
7,7,40,-44.13,0.0001,2
7,7,41,-27.59,0.0025,2
7,8,0,-27.87,0.0024,2
7,8,1,-7.48,0.2372,2
7,8,2,-30.38,0.0013,2
7,8,3,-49.15,0.0000,2
7,8,4,-23.00,0.0072,2
7,8,5,-32.52,0.0008,2
7,8,6,-55.26,0.0000,2
7,8,7,-19.83,0.0149,2
7,8,8,-27.69,0.0025,2
7,8,9,-23.26,0.0068,2
7,8,10,-31.08,0.0011,2
7,8,11,-3.72,0.5104,2
7,8,12,-0.13,0.9788,2
7,8,13,-31.49,0.0010,2
7,8,14,-10.73,0.1169,2
7,8,15,-53.67,0.0000,2
7,8,16,-12.88,0.0724,2
7,8,17,-5.69,0.3444,2
7,8,18,-22.14,0.0088,2
7,8,19,-39.19,0.0002,2
7,8,20,17.27,5.7627,2
7,8,21,5.65,2.2239,2
7,8,22,-40.72,0.0001,2
7,8,23,-32.01,0.0009,2
7,8,24,-22.54,0.0080,2
7,8,25,-41.85,0.0001,2
7,8,26,-69.24,0.0000,2
7,8,27,-40.69,0.0001,2
7,8,28,-34.11,0.0006,2
7,8,29,-42.53,0.0001,2
7,8,30,-17.32,0.0265,2
7,8,31,-39.03,0.0002,2
7,8,32,-49.89,0.0000,2
7,8,33,-43.61,0.0001,2
7,8,34,-62.25,0.0000,2
7,8,35,-2.21,0.6788,2
7,8,36,-49.46,0.0000,2
7,8,37,-300.00,0.0000,2
7,8,38,-58.10,0.0000,2
7,8,39,-30.68,0.0012,2
7,8,40,-42.73,0.0001,2
7,8,41,-43.50,0.0001,2
7,9,0,-28.71,0.0019,2
7,9,1,-15.81,0.0374,2
7,9,2,-12.92,0.0719,2
7,9,3,-56.68,0.0000,2
7,9,4,-48.67,0.0000,2
7,9,5,-6.81,0.2733,2
7,9,6,-39.05,0.0002,2
7,9,7,-11.19,0.1056,2
7,9,8,-18.68,0.0194,2
7,9,9,-15.00,0.0449,2
7,9,10,-37.58,0.0003,2
7,9,11,13.91,4.6775,2
7,9,12,-27.05,0.0028,2
7,9,13,-41.51,0.0001,2
7,9,14,-39.02,0.0002,2
7,9,15,-48.23,0.0000,2
7,9,16,-25.87,0.0037,2
7,9,17,2.76,1.5295,2
7,9,18,1.54,1.2788,2
7,9,19,12.70,4.2956,2
7,9,20,48.91,16.2490,2
7,9,21,-27.66,0.0025,2
7,9,22,-40.32,0.0001,2
7,9,23,15.01,5.0302,2
7,9,24,-6.98,0.2637,2
7,9,25,-24.94,0.0046,2
7,9,26,-51.18,0.0000,2
7,9,27,-44.47,0.0001,2
7,9,28,-31.17,0.0011,2
7,9,29,-48.10,0.0000,2
7,9,30,-14.57,0.0496,2
7,9,31,-2.15,0.6861,2
7,9,32,5.56,2.2021,2
7,9,33,1.11,1.1961,2
7,9,34,-10.43,0.1250,2
7,9,35,1.64,1.2978,2
7,9,36,-12.42,0.0804,2
7,9,37,-32.85,0.0007,2
7,9,38,-9.46,0.1548,2
7,9,39,-32.89,0.0007,2
7,9,40,-43.91,0.0001,2
7,9,41,-14.83,0.0467,2
7,10,0,-1.91,0.7174,2
7,10,1,-5.13,0.3865,2
7,10,2,-1.07,0.8333,2
7,10,3,-8.24,0.2014,2
7,10,4,-7.78,0.2223,2
7,10,5,-19.62,0.0157,2
7,10,6,-5.00,0.3966,2
7,10,7,-30.16,0.0014,2
7,10,8,-40.02,0.0001,2
7,10,9,-26.32,0.0034,2
7,10,10,-12.78,0.0741,2
7,10,11,-12.34,0.0818,2
7,10,12,-10.97,0.1110,2
7,10,13,-39.65,0.0002,2
7,10,14,-24.87,0.0047,2
7,10,15,-16.44,0.0324,2
7,10,16,-7.03,0.2608,2
7,10,17,-11.43,0.1002,2
7,10,18,-2.66,0.6251,2
7,10,19,-18.62,0.0197,2
7,10,20,13.70,4.6123,2
7,10,21,23.82,7.9199,2
7,10,22,-25.57,0.0040,2
7,10,23,-12.24,0.0837,2
7,10,24,-5.67,0.3462,2
7,10,25,-49.89,0.0000,2
7,10,26,-21.43,0.0103,2
7,10,27,-19.10,0.0176,2
7,10,28,-30.15,0.0014,2
7,10,29,-28.43,0.0021,2
7,10,30,-0.29,0.9533,2
7,10,31,-34.06,0.0006,2
7,10,32,-35.97,0.0004,2
7,10,33,-22.71,0.0077,2
7,10,34,-18.41,0.0206,2
7,10,35,-20.14,0.0139,2
7,10,36,-39.91,0.0001,2
7,10,37,-57.20,0.0000,2
7,10,38,-18.01,0.0226,2
7,10,39,-36.61,0.0003,2
7,10,40,-15.73,0.0381,2
7,10,41,-1.55,0.7658,2
7,11,0,-300.00,0.0000,2
7,11,1,-33.03,0.0007,2
7,11,2,-63.22,0.0000,2
7,11,3,-55.43,0.0000,2
7,11,4,-44.69,0.0000,2
7,11,5,-32.57,0.0008,2
7,11,6,-44.99,0.0000,2
7,11,7,-45.07,0.0000,2
7,11,8,-28.27,0.0021,2
7,11,9,-51.38,0.0000,2
7,11,10,-45.81,0.0000,2
7,11,11,-3.88,0.4954,2
7,11,12,-24.40,0.0052,2
7,11,13,-32.87,0.0007,2
7,11,14,-62.25,0.0000,2
7,11,15,-27.15,0.0028,2
7,11,16,-24.19,0.0055,2
7,11,17,-47.42,0.0000,2
7,11,18,-15.59,0.0393,2
7,11,19,-19.72,0.0153,2
7,11,20,4.76,1.9963,2
7,11,21,-11.01,0.1100,2
7,11,22,-20.27,0.0135,2
7,11,23,-8.18,0.2044,2
7,11,24,-11.59,0.0967,2
7,11,25,-34.88,0.0005,2
7,11,26,-8.62,0.1857,2
7,11,27,-18.85,0.0187,2
7,11,28,-37.15,0.0003,2
7,11,29,-10.29,0.1290,2
7,11,30,-40.58,0.0001,2
7,11,31,-64.47,0.0000,2
7,11,32,-63.22,0.0000,2
7,11,33,-46.57,0.0000,2
7,11,34,-41.94,0.0001,2
7,11,35,-2.78,0.6113,2
7,11,36,-26.01,0.0036,2
7,11,37,-28.16,0.0022,2
7,11,38,-54.32,0.0000,2
7,11,39,-36.77,0.0003,2
7,11,40,-31.71,0.0010,2
7,11,41,-15.08,0.0441,2
7,12,0,-45.60,0.0000,2
7,12,1,-36.72,0.0003,2
7,12,2,-55.81,0.0000,2
7,12,3,-34.30,0.0005,2
7,12,4,-46.59,0.0000,2
7,12,5,-38.74,0.0002,2
7,12,6,-44.25,0.0001,2
7,12,7,-39.95,0.0001,2
7,12,8,-61.46,0.0000,2
7,12,9,-54.19,0.0000,2
7,12,10,-45.77,0.0000,2
7,12,11,-25.20,0.0044,2
7,12,12,-47.09,0.0000,2
7,12,13,-20.16,0.0138,2
7,12,14,-40.30,0.0001,2
7,12,15,-30.96,0.0012,2
7,12,16,-54.61,0.0000,2
7,12,17,-38.63,0.0002,2
7,12,18,-18.47,0.0204,2
7,12,19,-300.00,0.0000,2
7,12,20,-18.92,0.0184,2
7,12,21,-34.64,0.0005,2
7,12,22,-27.18,0.0028,2
7,12,23,5.27,2.1254,2
7,12,24,-21.07,0.0112,2
7,12,25,-35.81,0.0004,2
7,12,26,-11.04,0.1093,2
7,12,27,-26.81,0.0030,2
7,12,28,-25.80,0.0038,2
7,12,29,-32.20,0.0009,2
7,12,30,-15.57,0.0394,2
7,12,31,-44.58,0.0001,2
7,12,32,-66.23,0.0000,2
7,12,33,-57.48,0.0000,2
7,12,34,-50.37,0.0000,2
7,12,35,-44.24,0.0001,2
7,12,36,0.40,1.0672,2
7,12,37,-38.23,0.0002,2
7,12,38,-25.22,0.0043,2
7,12,39,-16.10,0.0350,2
7,12,40,-38.41,0.0002,2
7,12,41,-26.75,0.0030,2
7,13,0,-22.17,0.0087,2
7,13,1,-31.85,0.0009,2
7,13,2,-28.26,0.0022,2
7,13,3,-8.38,0.1958,2
7,13,4,-24.46,0.0052,2
7,13,5,4.14,1.8462,2
7,13,6,-17.03,0.0283,2
7,13,7,-18.93,0.0183,2
7,13,8,-11.70,0.0945,2
7,13,9,-23.92,0.0058,2
7,13,10,-54.47,0.0000,2
7,13,11,-17.91,0.0232,2
7,13,12,-42.71,0.0001,2
7,13,13,-58.45,0.0000,2
7,13,14,-46.27,0.0000,2
7,13,15,-30.89,0.0012,2
7,13,16,-24.95,0.0046,2
7,13,17,-18.81,0.0188,2
7,13,18,-32.59,0.0008,2
7,13,19,-46.88,0.0000,2
7,13,20,-0.89,0.8594,2
7,13,21,-46.91,0.0000,2
7,13,22,-25.14,0.0044,2
7,13,23,-9.11,0.1670,2
7,13,24,-14.32,0.0524,2
7,13,25,-21.97,0.0091,2
7,13,26,-6.56,0.2881,2
7,13,27,-3.43,0.5404,2
7,13,28,-30.22,0.0014,2
7,13,29,-40.62,0.0001,2
7,13,30,-0.41,0.9340,2
7,13,31,-18.78,0.0190,2
7,13,32,-36.17,0.0003,2
7,13,33,-29.06,0.0018,2
7,13,34,-15.89,0.0367,2
7,13,35,2.42,1.4573,2
7,13,36,-40.90,0.0001,2
7,13,37,-50.21,0.0000,2
7,13,38,-46.43,0.0000,2
7,13,39,-40.06,0.0001,2
7,13,40,-31.39,0.0010,2
7,13,41,-47.93,0.0000,2
7,14,0,-69.24,0.0000,2
7,14,1,-55.09,0.0000,2
7,14,2,-29.97,0.0015,2
7,14,3,-57.78,0.0000,2
7,14,4,-37.36,0.0003,2
7,14,5,-55.26,0.0000,2
7,14,6,-29.55,0.0016,2
7,14,7,-23.85,0.0059,2
7,14,8,-26.71,0.0031,2
7,14,9,-45.93,0.0000,2
7,14,10,-28.34,0.0021,2
7,14,11,-0.61,0.9027,2
7,14,12,-27.64,0.0025,2
7,14,13,-24.79,0.0048,2
7,14,14,-36.63,0.0003,2
7,14,15,-30.58,0.0013,2
7,14,16,-29.69,0.0015,2
7,14,17,-44.81,0.0000,2
7,14,18,-38.75,0.0002,2
7,14,19,-31.49,0.0010,2
7,14,20,-40.59,0.0001,2
7,14,21,-21.16,0.0110,2
7,14,22,-48.13,0.0000,2
7,14,23,-24.47,0.0052,2
7,14,24,-39.10,0.0002,2
7,14,25,-17.30,0.0266,2
7,14,26,-54.32,0.0000,2
7,14,27,-27.99,0.0023,2
7,14,28,-36.39,0.0003,2
7,14,29,5.01,2.0597,2
7,14,30,-17.53,0.0252,2
7,14,31,-22.61,0.0079,2
7,14,32,-50.72,0.0000,2
7,14,33,-51.68,0.0000,2
7,14,34,-26.03,0.0036,2
7,14,35,-8.49,0.1910,2
7,14,36,-45.22,0.0000,2
7,14,37,-55.81,0.0000,2
7,14,38,-31.38,0.0010,2
7,14,39,-25.11,0.0044,2
7,14,40,-49.94,0.0000,2
7,14,41,-34.18,0.0006,2
7,15,0,-11.52,0.0983,2
7,15,1,-48.16,0.0000,2
7,15,2,-24.22,0.0054,2
7,15,3,-13.14,0.0684,2
7,15,4,-9.67,0.1478,2
7,15,5,-8.38,0.1956,2
7,15,6,-7.92,0.2159,2
7,15,7,-1.62,0.7563,2
7,15,8,-18.97,0.0182,2
7,15,9,-14.77,0.0473,2
7,15,10,-18.90,0.0185,2
7,15,11,3.47,1.6878,2
7,15,12,-18.32,0.0211,2
7,15,13,-20.68,0.0123,2
7,15,14,-10.22,0.1311,2
7,15,15,-47.39,0.0000,2
7,15,16,-38.05,0.0002,2
7,15,17,-34.94,0.0005,2
7,15,18,-24.78,0.0048,2
7,15,19,-29.32,0.0017,2
7,15,20,-5.06,0.3918,2
7,15,21,-36.36,0.0003,2
7,15,22,-29.30,0.0017,2
7,15,23,-9.48,0.1541,2
7,15,24,-15.84,0.0371,2
7,15,25,-31.15,0.0011,2
7,15,26,0.82,1.1427,2
7,15,27,-10.64,0.1194,2
7,15,28,-6.94,0.2660,2
7,15,29,-8.04,0.2103,2
7,15,30,94.18,31.2850,2
7,15,31,9.33,3.2585,2
7,15,32,9.15,3.2055,2
7,15,33,56.11,18.6402,2
7,15,34,-20.13,0.0139,2
7,15,35,43.22,14.3585,2
7,15,36,-17.35,0.0263,2
7,15,37,-18.85,0.0187,2
7,15,38,-19.30,0.0169,2
7,15,39,-6.95,0.2652,2
7,15,40,-10.64,0.1195,2
7,15,41,-20.64,0.0124,2
7,16,0,-56.23,0.0000,2
7,16,1,-44.01,0.0001,2
7,16,2,-47.42,0.0000,2
7,16,3,-38.82,0.0002,2
7,16,4,-53.22,0.0000,2
7,16,5,-60.21,0.0000,2
7,16,6,-49.51,0.0000,2
7,16,7,-28.08,0.0022,2
7,16,8,-55.09,0.0000,2
7,16,9,-46.31,0.0000,2
7,16,10,-43.97,0.0001,2
7,16,11,-16.28,0.0336,2
7,16,12,-37.50,0.0003,2
7,16,13,-34.86,0.0005,2
7,16,14,-42.44,0.0001,2
7,16,15,-32.07,0.0009,2
7,16,16,-24.30,0.0053,2
7,16,17,-29.74,0.0015,2
7,16,18,-40.69,0.0001,2
7,16,19,-4.69,0.4218,2
7,16,20,0.17,1.0289,2
7,16,21,-35.72,0.0004,2
7,16,22,-44.61,0.0000,2
7,16,23,-40.52,0.0001,2
7,16,24,-43.14,0.0001,2
7,16,25,-35.16,0.0004,2
7,16,26,-32.03,0.0009,2
7,16,27,-48.94,0.0000,2
7,16,28,-16.49,0.0320,2
7,16,29,-55.09,0.0000,2
7,16,30,-18.39,0.0208,2
7,16,31,-28.25,0.0022,2
7,16,32,-20.48,0.0129,2
7,16,33,12.75,4.3112,2
7,16,34,-48.52,0.0000,2
7,16,35,-15.07,0.0442,2
7,16,36,-12.76,0.0744,2
7,16,37,-39.26,0.0002,2
7,16,38,-29.70,0.0015,2
7,16,39,-15.88,0.0367,2
7,16,40,-25.92,0.0037,2
7,16,41,-19.97,0.0144,2
7,17,0,-60.79,0.0000,2
7,17,1,-38.66,0.0002,2
7,17,2,-40.36,0.0001,2
7,17,3,-25.16,0.0044,2
7,17,4,-43.27,0.0001,2
7,17,5,-42.85,0.0001,2
7,17,6,-34.59,0.0005,2
7,17,7,-1.40,0.7862,2
7,17,8,7.40,2.6987,2
7,17,9,-11.65,0.0955,2
7,17,10,-38.20,0.0002,2
7,17,11,-0.72,0.8859,2
7,17,12,-40.16,0.0001,2
7,17,13,-41.33,0.0001,2
7,17,14,-47.56,0.0000,2
7,17,15,-49.46,0.0000,2
7,17,16,-29.16,0.0018,2
7,17,17,-22.42,0.0082,2
7,17,18,-23.64,0.0062,2
7,17,19,0.58,1.0992,2
7,17,20,-10.80,0.1153,2
7,17,21,-22.60,0.0079,2
7,17,22,-28.79,0.0019,2
7,17,23,-11.06,0.1087,2
7,17,24,-43.32,0.0001,2
7,17,25,-30.17,0.0014,2
7,17,26,-28.29,0.0021,2
7,17,27,-32.58,0.0008,2
7,17,28,-11.14,0.1069,2
7,17,29,-36.37,0.0003,2
7,17,30,11.19,3.8229,2
7,17,31,-12.97,0.0710,2
7,17,32,-11.97,0.0888,2
7,17,33,27.64,9.1857,2
7,17,34,-4.57,0.4318,2
7,17,35,11.85,4.0269,2
7,17,36,-40.56,0.0001,2
7,17,37,-51.04,0.0000,2
7,17,38,-39.87,0.0001,2
7,17,39,-36.63,0.0003,2
7,17,40,-21.71,0.0097,2
7,17,41,-60.79,0.0000,2
7,18,0,-30.27,0.0014,2
7,18,1,-32.35,0.0008,2
7,18,2,-32.66,0.0008,2
7,18,3,-38.69,0.0002,2
7,18,4,-24.58,0.0050,2
7,18,5,-39.43,0.0002,2
7,18,6,-63.22,0.0000,2
7,18,7,0.23,1.0386,2
7,18,8,-47.09,0.0000,2
7,18,9,-41.81,0.0001,2
7,18,10,-33.64,0.0006,2
7,18,11,-8.30,0.1989,2
7,18,12,-60.21,0.0000,2
7,18,13,-30.49,0.0013,2
7,18,14,-56.93,0.0000,2
7,18,15,-58.82,0.0000,2
7,18,16,-57.48,0.0000,2
7,18,17,-66.23,0.0000,2
7,18,18,-47.53,0.0000,2
7,18,19,-35.16,0.0004,2
7,18,20,-43.43,0.0001,2
7,18,21,-57.78,0.0000,2
7,18,22,-57.78,0.0000,2
7,18,23,-12.58,0.0776,2
7,18,24,-61.46,0.0000,2
7,18,25,-300.00,0.0000,2
7,18,26,-69.24,0.0000,2
7,18,27,-56.93,0.0000,2
7,18,28,-57.48,0.0000,2
7,18,29,-60.21,0.0000,2
7,18,30,-22.53,0.0080,2
7,18,31,-41.78,0.0001,2
7,18,32,-32.39,0.0008,2
7,18,33,-300.00,0.0000,2
7,18,34,-40.87,0.0001,2
7,18,35,-31.03,0.0011,2
7,18,36,-4.91,0.4033,2
7,18,37,-9.15,0.1657,2
7,18,38,-24.77,0.0048,2
7,18,39,-23.40,0.0066,2
7,18,40,-26.30,0.0034,2
7,18,41,-38.89,0.0002,2
7,19,0,-300.00,0.0000,2
7,19,1,-300.00,0.0000,2
7,19,2,-53.67,0.0000,2
7,19,3,-300.00,0.0000,2
7,19,4,-44.34,0.0001,2
7,19,5,-300.00,0.0000,2
7,19,6,-48.16,0.0000,2
7,19,7,-40.97,0.0001,2
7,19,8,-46.98,0.0000,2
7,19,9,-50.15,0.0000,2
7,19,10,-38.04,0.0002,2
7,19,11,-5.82,0.3356,2
7,19,12,-45.22,0.0000,2
7,19,13,-33.16,0.0007,2
7,19,14,-46.14,0.0000,2
7,19,15,-11.56,0.0973,2
7,19,16,-300.00,0.0000,2
7,19,17,-38.86,0.0002,2
7,19,18,-43.42,0.0001,2
7,19,19,-18.60,0.0198,2
7,19,20,-0.19,0.9686,2
7,19,21,-41.12,0.0001,2
7,19,22,-32.09,0.0009,2
7,19,23,3.84,1.7739,2
7,19,24,-27.64,0.0025,2
7,19,25,-14.60,0.0491,2
7,19,26,-37.59,0.0003,2
7,19,27,-30.36,0.0013,2
7,19,28,-29.27,0.0017,2
7,19,29,-24.15,0.0055,2
7,19,30,-27.05,0.0028,2
7,19,31,-48.82,0.0000,2
7,19,32,-51.76,0.0000,2
7,19,33,-300.00,0.0000,2
7,19,34,-37.46,0.0003,2
7,19,35,-53.67,0.0000,2
7,19,36,-34.36,0.0005,2
7,19,37,-16.20,0.0342,2
7,19,38,-2.88,0.6001,2
7,19,39,-12.03,0.0877,2
7,19,40,-59.24,0.0000,2
7,19,41,-42.77,0.0001,2
7,20,0,-37.74,0.0002,2
7,20,1,-47.71,0.0000,2
7,20,2,-34.42,0.0005,2
7,20,3,-30.87,0.0012,2
7,20,4,-23.88,0.0059,2
7,20,5,-42.68,0.0001,2
7,20,6,-20.96,0.0115,2
7,20,7,-7.72,0.2252,2
7,20,8,-61.46,0.0000,2
7,20,9,-64.47,0.0000,2
7,20,10,-47.36,0.0000,2
7,20,11,-27.93,0.0023,2
7,20,12,-33.32,0.0007,2
7,20,13,-19.98,0.0144,2
7,20,14,-19.55,0.0159,2
7,20,15,-29.94,0.0015,2
7,20,16,-42.47,0.0001,2
7,20,17,-19.99,0.0144,2
7,20,18,-44.16,0.0001,2
7,20,19,-51.60,0.0000,2
7,20,20,-42.14,0.0001,2
7,20,21,-42.58,0.0001,2
7,20,22,-54.32,0.0000,2
7,20,23,-0.25,0.9588,2
7,20,24,-31.14,0.0011,2
7,20,25,-19.25,0.0171,2
7,20,26,-31.19,0.0011,2
7,20,27,-60.21,0.0000,2
7,20,28,-32.49,0.0008,2
7,20,29,-26.82,0.0030,2
7,20,30,-23.23,0.0068,2
7,20,31,-21.57,0.0100,2
7,20,32,-23.12,0.0070,2
7,20,33,-23.60,0.0063,2
7,20,34,-58.45,0.0000,2
7,20,35,-14.10,0.0551,2
7,20,36,-23.27,0.0068,2
7,20,37,1.32,1.2356,2
7,20,38,-19.28,0.0169,2
7,20,39,-44.77,0.0000,2
7,20,40,-4.67,0.4237,2
7,20,41,-7.25,0.2490,2
8,0,0,-5.62,0.3496,2
8,0,1,13.82,4.6482,2
8,0,2,-29.60,0.0016,2
8,0,3,-23.08,0.0071,2
8,0,4,8.86,3.1189,2
8,0,5,0.53,1.0907,2
8,0,6,-33.53,0.0006,2
8,0,7,-7.22,0.2505,2
8,0,8,-45.83,0.0000,2
8,0,9,-18.44,0.0205,2
8,0,10,-19.32,0.0168,2
8,0,11,11.64,3.9619,2
8,0,12,-14.56,0.0496,2
8,0,13,-20.42,0.0130,2
8,0,14,-16.10,0.0350,2
8,0,15,-21.42,0.0104,2
8,0,16,-20.01,0.0143,2
8,0,17,-10.03,0.1367,2
8,0,18,-10.45,0.1246,2
8,0,19,-38.45,0.0002,2
8,0,20,11.19,3.8243,2
8,0,21,3.64,1.7276,2
8,0,22,-25.98,0.0036,2
8,0,23,3.98,1.8082,2
8,0,24,-9.58,0.1509,2
8,0,25,-32.70,0.0008,2
8,0,26,-4.37,0.4500,2
8,0,27,-26.98,0.0029,2
8,0,28,-24.32,0.0053,2
8,0,29,-10.68,0.1184,2
8,0,30,-3.85,0.4982,2
8,0,31,-47.45,0.0000,2
8,0,32,-35.36,0.0004,2
8,0,33,-36.42,0.0003,2
8,0,34,-37.83,0.0002,2
8,0,35,-39.16,0.0002,2
8,0,36,-7.62,0.2304,2
8,0,37,-28.77,0.0019,2
8,0,38,-23.18,0.0069,2
8,0,39,-42.19,0.0001,2
8,0,40,-47.78,0.0000,2
8,0,41,-50.54,0.0000,2
8,1,0,9.54,3.3202,2
8,1,1,-31.53,0.0010,2
8,1,2,51.76,17.1952,2
8,1,3,-0.03,0.9948,2
8,1,4,13.29,4.4803,2
8,1,5,-27.76,0.0024,2
8,1,6,-12.44,0.0801,2
8,1,7,30.23,10.0427,2
8,1,8,-24.22,0.0055,2
8,1,9,-15.93,0.0364,2
8,1,10,-1.71,0.7440,2
8,1,11,-0.38,0.9384,2
8,1,12,-26.41,0.0033,2
8,1,13,-17.08,0.0280,2
8,1,14,-21.00,0.0114,2
8,1,15,-20.06,0.0142,2
8,1,16,-17.00,0.0285,2
8,1,17,-26.84,0.0030,2
8,1,18,-13.61,0.0615,2
8,1,19,-1.23,0.8103,2
8,1,20,-1.58,0.7617,2
8,1,21,-34.14,0.0006,2
8,1,22,-46.86,0.0000,2
8,1,23,-30.00,0.0014,2
8,1,24,-31.05,0.0011,2
8,1,25,-32.05,0.0009,2
8,1,26,-28.82,0.0019,2
8,1,27,-21.03,0.0113,2
8,1,28,-42.68,0.0001,2
8,1,29,-29.77,0.0015,2
8,1,30,9.53,3.3170,2
8,1,31,-20.82,0.0119,2
8,1,32,-31.95,0.0009,2
8,1,33,-15.84,0.0371,2
8,1,34,-39.30,0.0002,2
8,1,35,-18.57,0.0199,2
8,1,36,2.09,1.3892,2
8,1,37,-5.76,0.3399,2
8,1,38,-5.67,0.3456,2
8,1,39,-25.80,0.0038,2
8,1,40,11.42,3.8939,2
8,1,41,-18.31,0.0211,2
8,2,0,-27.54,0.0025,2
8,2,1,-4.08,0.4762,2
8,2,2,-23.38,0.0066,2
8,2,3,-8.80,0.1785,2
8,2,4,20.46,6.8095,2
8,2,5,-0.37,0.9391,2
8,2,6,-48.45,0.0000,2
8,2,7,-17.48,0.0256,2
8,2,8,-3.48,0.5347,2
8,2,9,-22.25,0.0086,2
8,2,10,-30.89,0.0012,2
8,2,11,-13.16,0.0681,2
8,2,12,-56.01,0.0000,2
8,2,13,-28.36,0.0021,2
8,2,14,-39.86,0.0001,2
8,2,15,-49.28,0.0000,2
8,2,16,-32.51,0.0008,2
8,2,17,-43.40,0.0001,2
8,2,18,-25.33,0.0042,2
8,2,19,-58.82,0.0000,2
8,2,20,24.70,8.2099,2
8,2,21,-36.14,0.0004,2
8,2,22,-16.79,0.0299,2
8,2,23,-9.24,0.1623,2
8,2,24,-1.98,0.7086,2
8,2,25,-28.31,0.0021,2
8,2,26,-14.02,0.0560,2
8,2,27,-12.10,0.0863,2
8,2,28,-25.30,0.0042,2
8,2,29,-58.10,0.0000,2
8,2,30,1.13,1.1992,2
8,2,31,-11.89,0.0905,2
8,2,32,-17.74,0.0241,2
8,2,33,-21.02,0.0114,2
8,2,34,-4.04,0.4793,2
8,2,35,-8.15,0.2056,2
8,2,36,-43.91,0.0001,2
8,2,37,-5.68,0.3451,2
8,2,38,-39.81,0.0002,2
8,2,39,-26.32,0.0034,2
8,2,40,-5.75,0.3402,2
8,2,41,-26.90,0.0029,2
8,3,0,-15.65,0.0388,2
8,3,1,-39.44,0.0002,2
8,3,2,-41.83,0.0001,2
8,3,3,-9.26,0.1617,2
8,3,4,-33.91,0.0006,2
8,3,5,-21.85,0.0094,2
8,3,6,5.14,2.0927,2
8,3,7,5.63,2.2199,2
8,3,8,0.08,1.0127,2
8,3,9,-17.43,0.0259,2
8,3,10,-23.73,0.0061,2
8,3,11,12.55,4.2470,2
8,3,12,-33.15,0.0007,2
8,3,13,-8.51,0.1904,2
8,3,14,-23.43,0.0065,2
8,3,15,1.02,1.1795,2
8,3,16,-30.87,0.0012,2
8,3,17,-21.04,0.0113,2
8,3,18,-29.47,0.0016,2
8,3,19,-20.31,0.0134,2
8,3,20,-7.63,0.2299,2
8,3,21,-31.45,0.0010,2
8,3,22,-300.00,0.0000,2
8,3,23,-17.85,0.0235,2
8,3,24,-34.59,0.0005,2
8,3,25,-20.98,0.0115,2
8,3,26,-8.89,0.1751,2
8,3,27,-25.85,0.0037,2
8,3,28,-23.70,0.0061,2
8,3,29,-9.39,0.1571,2
8,3,30,-1.03,0.8396,2
8,3,31,-15.71,0.0383,2
8,3,32,-23.02,0.0072,2
8,3,33,-22.46,0.0082,2
8,3,34,-23.54,0.0064,2
8,3,35,-9.44,0.1555,2
8,3,36,-42.57,0.0001,2
8,3,37,-54.77,0.0000,2
8,3,38,-59.69,0.0000,2
8,3,39,-44.99,0.0000,2
8,3,40,-29.90,0.0015,2
8,3,41,-39.49,0.0002,2
8,4,0,-41.00,0.0001,2
8,4,1,-46.50,0.0000,2
8,4,2,-45.81,0.0000,2
8,4,3,-30.46,0.0013,2
8,4,4,-22.48,0.0081,2
8,4,5,-18.21,0.0216,2
8,4,6,-32.21,0.0009,2
8,4,7,-8.90,0.1750,2
8,4,8,-22.64,0.0078,2
8,4,9,-16.41,0.0326,2
8,4,10,-33.06,0.0007,2
8,4,11,-1.46,0.7775,2
8,4,12,-47.51,0.0000,2
8,4,13,-59.24,0.0000,2
8,4,14,-24.06,0.0057,2
8,4,15,-64.47,0.0000,2
8,4,16,-34.19,0.0005,2
8,4,17,-41.94,0.0001,2
8,4,18,-21.72,0.0097,2
8,4,19,-14.52,0.0500,2
8,4,20,0.08,1.0126,2
8,4,21,-64.47,0.0000,2
8,4,22,-34.07,0.0006,2
8,4,23,-12.58,0.0775,2
8,4,24,-22.40,0.0083,2
8,4,25,-15.42,0.0408,2
8,4,26,-24.20,0.0055,2
8,4,27,-30.42,0.0013,2
8,4,28,-31.35,0.0011,2
8,4,29,-9.63,0.1490,2
8,4,30,11.02,3.7709,2
8,4,31,-5.11,0.3878,2
8,4,32,-30.08,0.0014,2
8,4,33,-25.22,0.0043,2
8,4,34,-11.27,0.1038,2
8,4,35,14.61,4.9039,2
8,4,36,-26.29,0.0034,2
8,4,37,-45.54,0.0000,2
8,4,38,-37.09,0.0003,2
8,4,39,-44.01,0.0001,2
8,4,40,-64.47,0.0000,2
8,4,41,-26.51,0.0032,2
8,5,0,7.19,2.6402,2
8,5,1,-31.27,0.0011,2
8,5,2,0.22,1.0367,2
8,5,3,-6.63,0.2839,2
8,5,4,-8.24,0.2015,2
8,5,5,-37.77,0.0002,2
8,5,6,-16.31,0.0333,2
8,5,7,4.92,2.0371,2
8,5,8,-8.86,0.1765,2
8,5,9,-14.29,0.0528,2
8,5,10,-6.47,0.2935,2
8,5,11,71.22,23.6595,2
8,5,12,-25.12,0.0044,2
8,5,13,-28.92,0.0019,2
8,5,14,-15.39,0.0411,2
8,5,15,-16.11,0.0349,2
8,5,16,-21.42,0.0104,2
8,5,17,-17.75,0.0240,2
8,5,18,-20.34,0.0133,2
8,5,19,-30.11,0.0014,2
8,5,20,-20.57,0.0126,2
8,5,21,-14.45,0.0508,2
8,5,22,-28.97,0.0018,2
8,5,23,-2.25,0.6740,2
8,5,24,-48.45,0.0000,2
8,5,25,-34.24,0.0005,2
8,5,26,-37.54,0.0003,2
8,5,27,-32.72,0.0008,2
8,5,28,-15.49,0.0402,2
8,5,29,-27.41,0.0026,2
8,5,30,-23.91,0.0059,2
8,5,31,-32.55,0.0008,2
8,5,32,-33.50,0.0006,2
8,5,33,-42.37,0.0001,2
8,5,34,-27.15,0.0028,2
8,5,35,-7.52,0.2351,2
8,5,36,-4.53,0.4354,2
8,5,37,-11.45,0.0999,2
8,5,38,-28.40,0.0021,2
8,5,39,-22.82,0.0075,2
8,5,40,-13.61,0.0615,2
8,5,41,-23.77,0.0060,2
8,6,0,-39.59,0.0002,2
8,6,1,-15.96,0.0361,2
8,6,2,-64.47,0.0000,2
8,6,3,-33.49,0.0006,2
8,6,4,-43.81,0.0001,2
8,6,5,-66.23,0.0000,2
8,6,6,-27.71,0.0024,2
8,6,7,-29.07,0.0018,2
8,6,8,-35.96,0.0004,2
8,6,9,-48.52,0.0000,2
8,6,10,-31.27,0.0011,2
8,6,11,-15.90,0.0366,2
8,6,12,10.60,3.6410,2
8,6,13,-28.96,0.0018,2
8,6,14,13.08,4.4146,2
8,6,15,-21.88,0.0093,2
8,6,16,-21.34,0.0106,2
8,6,17,-13.49,0.0632,2
8,6,18,-3.39,0.5437,2
8,6,19,-6.20,0.3100,2
8,6,20,-7.38,0.2421,2
8,6,21,-28.44,0.0021,2
8,6,22,-29.14,0.0018,2
8,6,23,-6.94,0.2658,2
8,6,24,-35.07,0.0004,2
8,6,25,-32.80,0.0008,2
8,6,26,-50.49,0.0000,2
8,6,27,-52.16,0.0000,2
8,6,28,-22.81,0.0075,2
8,6,29,-14.06,0.0556,2
8,6,30,-5.34,0.3697,2
8,6,31,-39.02,0.0002,2
8,6,32,-10.85,0.1139,2
8,6,33,-19.64,0.0156,2
8,6,34,-45.05,0.0000,2
8,6,35,3.27,1.6436,2
8,6,36,-45.36,0.0000,2
8,6,37,-36.86,0.0003,2
8,6,38,-31.97,0.0009,2
8,6,39,-28.40,0.0021,2
8,6,40,-7.97,0.2138,2
8,6,41,-11.07,0.1086,2
8,7,0,-19.07,0.0178,2
8,7,1,-16.19,0.0343,2
8,7,2,-15.60,0.0392,2
8,7,3,-4.90,0.4041,2
8,7,4,-35.38,0.0004,2
8,7,5,-40.09,0.0001,2
8,7,6,-10.47,0.1239,2
8,7,7,-9.16,0.1653,2
8,7,8,-7.33,0.2449,2
8,7,9,-13.71,0.0602,2
8,7,10,-26.12,0.0035,2
8,7,11,7.16,2.6322,2
8,7,12,-31.81,0.0010,2
8,7,13,-33.83,0.0006,2
8,7,14,22.50,7.4838,2
8,7,15,-6.15,0.3133,2
8,7,16,-28.19,0.0022,2
8,7,17,5.99,2.3143,2
8,7,18,-34.45,0.0005,2
8,7,19,-47.28,0.0000,2
8,7,20,-16.37,0.0329,2
8,7,21,-40.88,0.0001,2
8,7,22,-20.80,0.0119,2
8,7,23,-3.32,0.5514,2
8,7,24,-7.45,0.2388,2
8,7,25,-17.90,0.0232,2
8,7,26,-39.45,0.0002,2
8,7,27,-14.26,0.0531,2
8,7,28,-18.00,0.0227,2
8,7,29,19.59,6.5249,2
8,7,30,-15.66,0.0387,2
8,7,31,-39.99,0.0001,2
8,7,32,-36.07,0.0004,2
8,7,33,-37.74,0.0002,2
8,7,34,-21.25,0.0108,2
8,7,35,-12.84,0.0732,2
8,7,36,-10.84,0.1141,2
8,7,37,-35.07,0.0004,2
8,7,38,-12.69,0.0756,2
8,7,39,-5.00,0.3961,2
8,7,40,-44.13,0.0001,2
8,7,41,-27.59,0.0025,2
8,8,0,-27.87,0.0024,2
8,8,1,-7.48,0.2372,2
8,8,2,-30.38,0.0013,2
8,8,3,-49.15,0.0000,2
8,8,4,-23.00,0.0072,2
8,8,5,-32.52,0.0008,2
8,8,6,-55.26,0.0000,2
8,8,7,-19.83,0.0149,2
8,8,8,-27.69,0.0025,2
8,8,9,-23.26,0.0068,2
8,8,10,-31.08,0.0011,2
8,8,11,-3.72,0.5104,2
8,8,12,-0.13,0.9788,2
8,8,13,-31.49,0.0010,2
8,8,14,-10.73,0.1169,2
8,8,15,-53.67,0.0000,2
8,8,16,-12.88,0.0724,2
8,8,17,-5.69,0.3444,2
8,8,18,-22.14,0.0088,2
8,8,19,-39.19,0.0002,2
8,8,20,17.27,5.7627,2
8,8,21,5.65,2.2239,2
8,8,22,-40.72,0.0001,2
8,8,23,-32.01,0.0009,2
8,8,24,-22.54,0.0080,2
8,8,25,-41.85,0.0001,2
8,8,26,-69.24,0.0000,2
8,8,27,-40.69,0.0001,2
8,8,28,-34.11,0.0006,2
8,8,29,-42.53,0.0001,2
8,8,30,-17.32,0.0265,2
8,8,31,-39.03,0.0002,2
8,8,32,-49.89,0.0000,2
8,8,33,-43.61,0.0001,2
8,8,34,-62.25,0.0000,2
8,8,35,-2.21,0.6788,2
8,8,36,-49.46,0.0000,2
8,8,37,-300.00,0.0000,2
8,8,38,-58.10,0.0000,2
8,8,39,-30.68,0.0012,2
8,8,40,-42.73,0.0001,2
8,8,41,-43.50,0.0001,2
8,9,0,-28.71,0.0019,2
8,9,1,-15.81,0.0374,2
8,9,2,-12.92,0.0719,2
8,9,3,-56.68,0.0000,2
8,9,4,-48.67,0.0000,2
8,9,5,-6.81,0.2733,2
8,9,6,-39.05,0.0002,2
8,9,7,-11.19,0.1056,2
8,9,8,-18.68,0.0194,2
8,9,9,-15.00,0.0449,2
8,9,10,-37.58,0.0003,2
8,9,11,13.91,4.6775,2
8,9,12,-27.05,0.0028,2
8,9,13,-41.51,0.0001,2
8,9,14,-39.02,0.0002,2
8,9,15,-48.23,0.0000,2
8,9,16,-25.87,0.0037,2
8,9,17,2.76,1.5295,2
8,9,18,1.54,1.2788,2
8,9,19,12.70,4.2956,2
8,9,20,48.91,16.2490,2
8,9,21,-27.66,0.0025,2
8,9,22,-40.32,0.0001,2
8,9,23,15.01,5.0302,2
8,9,24,-6.98,0.2637,2
8,9,25,-24.94,0.0046,2
8,9,26,-51.18,0.0000,2
8,9,27,-44.47,0.0001,2
8,9,28,-31.17,0.0011,2
8,9,29,-48.10,0.0000,2
8,9,30,-14.57,0.0496,2
8,9,31,-2.15,0.6861,2
8,9,32,5.56,2.2021,2
8,9,33,1.11,1.1961,2
8,9,34,-10.43,0.1250,2
8,9,35,1.64,1.2978,2
8,9,36,-12.42,0.0804,2
8,9,37,-32.85,0.0007,2
8,9,38,-9.46,0.1548,2
8,9,39,-32.89,0.0007,2
8,9,40,-43.91,0.0001,2
8,9,41,-14.83,0.0467,2
8,10,0,-1.91,0.7174,2
8,10,1,-5.13,0.3865,2
8,10,2,-1.07,0.8333,2
8,10,3,-8.24,0.2014,2
8,10,4,-7.78,0.2223,2
8,10,5,-19.62,0.0157,2
8,10,6,-5.00,0.3966,2
8,10,7,-30.16,0.0014,2
8,10,8,-40.02,0.0001,2
8,10,9,-26.32,0.0034,2
8,10,10,-12.78,0.0741,2
8,10,11,-12.34,0.0818,2
8,10,12,-10.97,0.1110,2
8,10,13,-39.65,0.0002,2
8,10,14,-24.87,0.0047,2
8,10,15,-16.44,0.0324,2
8,10,16,-7.03,0.2608,2
8,10,17,-11.43,0.1002,2
8,10,18,-2.66,0.6251,2
8,10,19,-18.62,0.0197,2
8,10,20,13.70,4.6123,2
8,10,21,23.82,7.9199,2
8,10,22,-25.57,0.0040,2
8,10,23,-12.24,0.0837,2
8,10,24,-5.67,0.3462,2
8,10,25,-49.89,0.0000,2
8,10,26,-21.43,0.0103,2
8,10,27,-19.10,0.0176,2
8,10,28,-30.15,0.0014,2
8,10,29,-28.43,0.0021,2
8,10,30,-0.29,0.9533,2
8,10,31,-34.06,0.0006,2
8,10,32,-35.97,0.0004,2
8,10,33,-22.71,0.0077,2
8,10,34,-18.41,0.0206,2
8,10,35,-20.14,0.0139,2
8,10,36,-39.91,0.0001,2
8,10,37,-57.20,0.0000,2
8,10,38,-18.01,0.0226,2
8,10,39,-36.61,0.0003,2
8,10,40,-15.73,0.0381,2
8,10,41,-1.55,0.7658,2
8,11,0,-300.00,0.0000,2
8,11,1,-33.03,0.0007,2
8,11,2,-63.22,0.0000,2
8,11,3,-55.43,0.0000,2
8,11,4,-44.69,0.0000,2
8,11,5,-32.57,0.0008,2
8,11,6,-44.99,0.0000,2
8,11,7,-45.07,0.0000,2
8,11,8,-28.27,0.0021,2
8,11,9,-51.38,0.0000,2
8,11,10,-45.81,0.0000,2
8,11,11,-3.88,0.4954,2
8,11,12,-24.40,0.0052,2
8,11,13,-32.87,0.0007,2
8,11,14,-62.25,0.0000,2
8,11,15,-27.15,0.0028,2
8,11,16,-24.19,0.0055,2
8,11,17,-47.42,0.0000,2
8,11,18,-15.59,0.0393,2
8,11,19,-19.72,0.0153,2
8,11,20,4.76,1.9963,2
8,11,21,-11.01,0.1100,2
8,11,22,-20.27,0.0135,2
8,11,23,-8.18,0.2044,2
8,11,24,-11.59,0.0967,2
8,11,25,-34.88,0.0005,2
8,11,26,-8.62,0.1857,2
8,11,27,-18.85,0.0187,2
8,11,28,-37.15,0.0003,2
8,11,29,-10.29,0.1290,2
8,11,30,-40.58,0.0001,2
8,11,31,-64.47,0.0000,2
8,11,32,-63.22,0.0000,2
8,11,33,-46.57,0.0000,2
8,11,34,-41.94,0.0001,2
8,11,35,-2.78,0.6113,2
8,11,36,-26.01,0.0036,2
8,11,37,-28.16,0.0022,2
8,11,38,-54.32,0.0000,2
8,11,39,-36.77,0.0003,2
8,11,40,-31.71,0.0010,2
8,11,41,-15.08,0.0441,2
8,12,0,-45.60,0.0000,2
8,12,1,-36.72,0.0003,2
8,12,2,-55.81,0.0000,2
8,12,3,-34.30,0.0005,2
8,12,4,-46.59,0.0000,2
8,12,5,-38.74,0.0002,2
8,12,6,-44.25,0.0001,2
8,12,7,-39.95,0.0001,2
8,12,8,-61.46,0.0000,2
8,12,9,-54.19,0.0000,2
8,12,10,-45.77,0.0000,2
8,12,11,-25.20,0.0044,2
8,12,12,-47.09,0.0000,2
8,12,13,-20.16,0.0138,2
8,12,14,-40.30,0.0001,2
8,12,15,-30.96,0.0012,2
8,12,16,-54.61,0.0000,2
8,12,17,-38.63,0.0002,2
8,12,18,-18.47,0.0204,2
8,12,19,-300.00,0.0000,2
8,12,20,-18.92,0.0184,2
8,12,21,-34.64,0.0005,2
8,12,22,-27.18,0.0028,2
8,12,23,5.27,2.1254,2
8,12,24,-21.07,0.0112,2
8,12,25,-35.81,0.0004,2
8,12,26,-11.04,0.1093,2
8,12,27,-26.81,0.0030,2
8,12,28,-25.80,0.0038,2
8,12,29,-32.20,0.0009,2
8,12,30,-15.57,0.0394,2
8,12,31,-44.58,0.0001,2
8,12,32,-66.23,0.0000,2
8,12,33,-57.48,0.0000,2
8,12,34,-50.37,0.0000,2
8,12,35,-44.24,0.0001,2
8,12,36,0.40,1.0672,2
8,12,37,-38.23,0.0002,2
8,12,38,-25.22,0.0043,2
8,12,39,-16.10,0.0350,2
8,12,40,-38.41,0.0002,2
8,12,41,-26.75,0.0030,2
8,13,0,-22.17,0.0087,2
8,13,1,-31.85,0.0009,2
8,13,2,-28.26,0.0022,2
8,13,3,-8.38,0.1958,2
8,13,4,-24.46,0.0052,2
8,13,5,4.14,1.8462,2
8,13,6,-17.03,0.0283,2
8,13,7,-18.93,0.0183,2
8,13,8,-11.70,0.0945,2
8,13,9,-23.92,0.0058,2
8,13,10,-54.47,0.0000,2
8,13,11,-17.91,0.0232,2
8,13,12,-42.71,0.0001,2
8,13,13,-58.45,0.0000,2
8,13,14,-46.27,0.0000,2
8,13,15,-30.89,0.0012,2
8,13,16,-24.95,0.0046,2
8,13,17,-18.81,0.0188,2
8,13,18,-32.59,0.0008,2
8,13,19,-46.88,0.0000,2
8,13,20,-0.89,0.8594,2
8,13,21,-46.91,0.0000,2
8,13,22,-25.14,0.0044,2
8,13,23,-9.11,0.1670,2
8,13,24,-14.32,0.0524,2
8,13,25,-21.97,0.0091,2
8,13,26,-6.56,0.2881,2
8,13,27,-3.43,0.5404,2
8,13,28,-30.22,0.0014,2
8,13,29,-40.62,0.0001,2
8,13,30,-0.41,0.9340,2
8,13,31,-18.78,0.0190,2
8,13,32,-36.17,0.0003,2
8,13,33,-29.06,0.0018,2
8,13,34,-15.89,0.0367,2
8,13,35,2.42,1.4573,2
8,13,36,-40.90,0.0001,2
8,13,37,-50.21,0.0000,2
8,13,38,-46.43,0.0000,2
8,13,39,-40.06,0.0001,2
8,13,40,-31.39,0.0010,2
8,13,41,-47.93,0.0000,2
8,14,0,-69.24,0.0000,2
8,14,1,-55.09,0.0000,2
8,14,2,-29.97,0.0015,2
8,14,3,-57.78,0.0000,2
8,14,4,-37.36,0.0003,2
8,14,5,-55.26,0.0000,2
8,14,6,-29.55,0.0016,2
8,14,7,-23.85,0.0059,2
8,14,8,-26.71,0.0031,2
8,14,9,-45.93,0.0000,2
8,14,10,-28.34,0.0021,2
8,14,11,-0.61,0.9027,2
8,14,12,-27.64,0.0025,2
8,14,13,-24.79,0.0048,2
8,14,14,-36.63,0.0003,2
8,14,15,-30.58,0.0013,2
8,14,16,-29.69,0.0015,2
8,14,17,-44.81,0.0000,2
8,14,18,-38.75,0.0002,2
8,14,19,-31.49,0.0010,2
8,14,20,-40.59,0.0001,2
8,14,21,-21.16,0.0110,2
8,14,22,-48.13,0.0000,2
8,14,23,-24.47,0.0052,2
8,14,24,-39.10,0.0002,2
8,14,25,-17.30,0.0266,2
8,14,26,-54.32,0.0000,2
8,14,27,-27.99,0.0023,2
8,14,28,-36.39,0.0003,2
8,14,29,5.01,2.0597,2
8,14,30,-17.53,0.0252,2
8,14,31,-22.61,0.0079,2
8,14,32,-50.72,0.0000,2
8,14,33,-51.68,0.0000,2
8,14,34,-26.03,0.0036,2
8,14,35,-8.49,0.1910,2
8,14,36,-45.22,0.0000,2
8,14,37,-55.81,0.0000,2
8,14,38,-31.38,0.0010,2
8,14,39,-25.11,0.0044,2
8,14,40,-49.94,0.0000,2
8,14,41,-34.18,0.0006,2
8,15,0,-11.52,0.0983,2
8,15,1,-48.16,0.0000,2
8,15,2,-24.22,0.0054,2
8,15,3,-13.14,0.0684,2
8,15,4,-9.67,0.1478,2
8,15,5,-8.38,0.1956,2
8,15,6,-7.92,0.2159,2
8,15,7,-1.62,0.7563,2
8,15,8,-18.97,0.0182,2
8,15,9,-14.77,0.0473,2
8,15,10,-18.90,0.0185,2
8,15,11,3.47,1.6878,2
8,15,12,-18.32,0.0211,2
8,15,13,-20.68,0.0123,2
8,15,14,-10.22,0.1311,2
8,15,15,-47.39,0.0000,2
8,15,16,-38.05,0.0002,2
8,15,17,-34.94,0.0005,2
8,15,18,-24.78,0.0048,2
8,15,19,-29.32,0.0017,2
8,15,20,-5.06,0.3918,2
8,15,21,-36.36,0.0003,2
8,15,22,-29.30,0.0017,2
8,15,23,-9.48,0.1541,2
8,15,24,-15.84,0.0371,2
8,15,25,-31.15,0.0011,2
8,15,26,0.82,1.1427,2
8,15,27,-10.64,0.1194,2
8,15,28,-6.94,0.2660,2
8,15,29,-8.04,0.2103,2
8,15,30,94.18,31.2850,2
8,15,31,9.33,3.2585,2
8,15,32,9.15,3.2055,2
8,15,33,56.11,18.6402,2
8,15,34,-20.13,0.0139,2
8,15,35,43.22,14.3585,2
8,15,36,-17.35,0.0263,2
8,15,37,-18.85,0.0187,2
8,15,38,-19.30,0.0169,2
8,15,39,-6.95,0.2652,2
8,15,40,-10.64,0.1195,2
8,15,41,-20.64,0.0124,2
8,16,0,-56.23,0.0000,2
8,16,1,-44.01,0.0001,2
8,16,2,-47.42,0.0000,2
8,16,3,-38.82,0.0002,2
8,16,4,-53.22,0.0000,2
8,16,5,-60.21,0.0000,2
8,16,6,-49.51,0.0000,2
8,16,7,-28.08,0.0022,2
8,16,8,-55.09,0.0000,2
8,16,9,-46.31,0.0000,2
8,16,10,-43.97,0.0001,2
8,16,11,-16.28,0.0336,2
8,16,12,-37.50,0.0003,2
8,16,13,-34.86,0.0005,2
8,16,14,-42.44,0.0001,2
8,16,15,-32.07,0.0009,2
8,16,16,-24.30,0.0053,2
8,16,17,-29.74,0.0015,2
8,16,18,-40.69,0.0001,2
8,16,19,-4.69,0.4218,2
8,16,20,0.17,1.0289,2
8,16,21,-35.72,0.0004,2
8,16,22,-44.61,0.0000,2
8,16,23,-40.52,0.0001,2
8,16,24,-43.14,0.0001,2
8,16,25,-35.16,0.0004,2
8,16,26,-32.03,0.0009,2
8,16,27,-48.94,0.0000,2
8,16,28,-16.49,0.0320,2
8,16,29,-55.09,0.0000,2
8,16,30,-18.39,0.0208,2
8,16,31,-28.25,0.0022,2
8,16,32,-20.48,0.0129,2
8,16,33,12.75,4.3112,2
8,16,34,-48.52,0.0000,2
8,16,35,-15.07,0.0442,2
8,16,36,-12.76,0.0744,2
8,16,37,-39.26,0.0002,2
8,16,38,-29.70,0.0015,2
8,16,39,-15.88,0.0367,2
8,16,40,-25.92,0.0037,2
8,16,41,-19.97,0.0144,2
8,17,0,-60.79,0.0000,2
8,17,1,-38.66,0.0002,2
8,17,2,-40.36,0.0001,2
8,17,3,-25.16,0.0044,2
8,17,4,-43.27,0.0001,2
8,17,5,-42.85,0.0001,2
8,17,6,-34.59,0.0005,2
8,17,7,-1.40,0.7862,2
8,17,8,7.40,2.6987,2
8,17,9,-11.65,0.0955,2
8,17,10,-38.20,0.0002,2
8,17,11,-0.72,0.8859,2
8,17,12,-40.16,0.0001,2
8,17,13,-41.33,0.0001,2
8,17,14,-47.56,0.0000,2
8,17,15,-49.46,0.0000,2
8,17,16,-29.16,0.0018,2
8,17,17,-22.42,0.0082,2
8,17,18,-23.64,0.0062,2
8,17,19,0.58,1.0992,2
8,17,20,-10.80,0.1153,2
8,17,21,-22.60,0.0079,2
8,17,22,-28.79,0.0019,2
8,17,23,-11.06,0.1087,2
8,17,24,-43.32,0.0001,2
8,17,25,-30.17,0.0014,2
8,17,26,-28.29,0.0021,2
8,17,27,-32.58,0.0008,2
8,17,28,-11.14,0.1069,2
8,17,29,-36.37,0.0003,2
8,17,30,11.19,3.8229,2
8,17,31,-12.97,0.0710,2
8,17,32,-11.97,0.0888,2
8,17,33,27.64,9.1857,2
8,17,34,-4.57,0.4318,2
8,17,35,11.85,4.0269,2
8,17,36,-40.56,0.0001,2
8,17,37,-51.04,0.0000,2
8,17,38,-39.87,0.0001,2
8,17,39,-36.63,0.0003,2
8,17,40,-21.71,0.0097,2
8,17,41,-60.79,0.0000,2
8,18,0,-30.27,0.0014,2
8,18,1,-32.35,0.0008,2
8,18,2,-32.66,0.0008,2
8,18,3,-38.69,0.0002,2
8,18,4,-24.58,0.0050,2
8,18,5,-39.43,0.0002,2
8,18,6,-63.22,0.0000,2
8,18,7,0.23,1.0386,2
8,18,8,-47.09,0.0000,2
8,18,9,-41.81,0.0001,2
8,18,10,-33.64,0.0006,2
8,18,11,-8.30,0.1989,2
8,18,12,-60.21,0.0000,2
8,18,13,-30.49,0.0013,2
8,18,14,-56.93,0.0000,2
8,18,15,-58.82,0.0000,2
8,18,16,-57.48,0.0000,2
8,18,17,-66.23,0.0000,2
8,18,18,-47.53,0.0000,2
8,18,19,-35.16,0.0004,2
8,18,20,-43.43,0.0001,2
8,18,21,-57.78,0.0000,2
8,18,22,-57.78,0.0000,2
8,18,23,-12.58,0.0776,2
8,18,24,-61.46,0.0000,2
8,18,25,-300.00,0.0000,2
8,18,26,-69.24,0.0000,2
8,18,27,-56.93,0.0000,2
8,18,28,-57.48,0.0000,2
8,18,29,-60.21,0.0000,2
8,18,30,-22.53,0.0080,2
8,18,31,-41.78,0.0001,2
8,18,32,-32.39,0.0008,2
8,18,33,-300.00,0.0000,2
8,18,34,-40.87,0.0001,2
8,18,35,-31.03,0.0011,2
8,18,36,-4.91,0.4033,2
8,18,37,-9.15,0.1657,2
8,18,38,-24.77,0.0048,2
8,18,39,-23.40,0.0066,2
8,18,40,-26.30,0.0034,2
8,18,41,-38.89,0.0002,2
8,19,0,-300.00,0.0000,2
8,19,1,-300.00,0.0000,2
8,19,2,-53.67,0.0000,2
8,19,3,-300.00,0.0000,2
8,19,4,-44.34,0.0001,2
8,19,5,-300.00,0.0000,2
8,19,6,-48.16,0.0000,2
8,19,7,-40.97,0.0001,2
8,19,8,-46.98,0.0000,2
8,19,9,-50.15,0.0000,2
8,19,10,-38.04,0.0002,2
8,19,11,-5.82,0.3356,2
8,19,12,-45.22,0.0000,2
8,19,13,-33.16,0.0007,2
8,19,14,-46.14,0.0000,2
8,19,15,-11.56,0.0973,2
8,19,16,-300.00,0.0000,2
8,19,17,-38.86,0.0002,2
8,19,18,-43.42,0.0001,2
8,19,19,-18.60,0.0198,2
8,19,20,-0.19,0.9686,2
8,19,21,-41.12,0.0001,2
8,19,22,-32.09,0.0009,2
8,19,23,3.84,1.7739,2
8,19,24,-27.64,0.0025,2
8,19,25,-14.60,0.0491,2
8,19,26,-37.59,0.0003,2
8,19,27,-30.36,0.0013,2
8,19,28,-29.27,0.0017,2
8,19,29,-24.15,0.0055,2
8,19,30,-27.05,0.0028,2
8,19,31,-48.82,0.0000,2
8,19,32,-51.76,0.0000,2
8,19,33,-300.00,0.0000,2
8,19,34,-37.46,0.0003,2
8,19,35,-53.67,0.0000,2
8,19,36,-34.36,0.0005,2
8,19,37,-16.20,0.0342,2
8,19,38,-2.88,0.6001,2
8,19,39,-12.03,0.0877,2
8,19,40,-59.24,0.0000,2
8,19,41,-42.77,0.0001,2
8,20,0,-37.74,0.0002,2
8,20,1,-47.71,0.0000,2
8,20,2,-34.42,0.0005,2
8,20,3,-30.87,0.0012,2
8,20,4,-23.88,0.0059,2
8,20,5,-42.68,0.0001,2
8,20,6,-20.96,0.0115,2
8,20,7,-7.72,0.2252,2
8,20,8,-61.46,0.0000,2
8,20,9,-64.47,0.0000,2
8,20,10,-47.36,0.0000,2
8,20,11,-27.93,0.0023,2
8,20,12,-33.32,0.0007,2
8,20,13,-19.98,0.0144,2
8,20,14,-19.55,0.0159,2
8,20,15,-29.94,0.0015,2
8,20,16,-42.47,0.0001,2
8,20,17,-19.99,0.0144,2
8,20,18,-44.16,0.0001,2
8,20,19,-51.60,0.0000,2
8,20,20,-42.14,0.0001,2
8,20,21,-42.58,0.0001,2
8,20,22,-54.32,0.0000,2
8,20,23,-0.25,0.9588,2
8,20,24,-31.14,0.0011,2
8,20,25,-19.25,0.0171,2
8,20,26,-31.19,0.0011,2
8,20,27,-60.21,0.0000,2
8,20,28,-32.49,0.0008,2
8,20,29,-26.82,0.0030,2
8,20,30,-23.23,0.0068,2
8,20,31,-21.57,0.0100,2
8,20,32,-23.12,0.0070,2
8,20,33,-23.60,0.0063,2
8,20,34,-58.45,0.0000,2
8,20,35,-14.10,0.0551,2
8,20,36,-23.27,0.0068,2
8,20,37,1.32,1.2356,2
8,20,38,-19.28,0.0169,2
8,20,39,-44.77,0.0000,2
8,20,40,-4.67,0.4237,2
8,20,41,-7.25,0.2490,2
9,0,0,-5.62,0.3496,2
9,0,1,13.82,4.6482,2
9,0,2,-29.60,0.0016,2
9,0,3,-23.08,0.0071,2
9,0,4,8.86,3.1189,2
9,0,5,0.53,1.0907,2
9,0,6,-33.53,0.0006,2
9,0,7,-7.22,0.2505,2
9,0,8,-45.83,0.0000,2
9,0,9,-18.44,0.0205,2
9,0,10,-19.32,0.0168,2
9,0,11,11.64,3.9619,2
9,0,12,-14.56,0.0496,2
9,0,13,-20.42,0.0130,2
9,0,14,-16.10,0.0350,2
9,0,15,-21.42,0.0104,2
9,0,16,-20.01,0.0143,2
9,0,17,-10.03,0.1367,2
9,0,18,-10.45,0.1246,2
9,0,19,-38.45,0.0002,2
9,0,20,11.19,3.8243,2
9,0,21,3.64,1.7276,2
9,0,22,-25.98,0.0036,2
9,0,23,3.98,1.8082,2
9,0,24,-9.58,0.1509,2
9,0,25,-32.70,0.0008,2
9,0,26,-4.37,0.4500,2
9,0,27,-26.98,0.0029,2
9,0,28,-24.32,0.0053,2
9,0,29,-10.68,0.1184,2
9,0,30,-3.85,0.4982,2
9,0,31,-47.45,0.0000,2
9,0,32,-35.36,0.0004,2
9,0,33,-36.42,0.0003,2
9,0,34,-37.83,0.0002,2
9,0,35,-39.16,0.0002,2
9,0,36,-7.62,0.2304,2
9,0,37,-28.77,0.0019,2
9,0,38,-23.18,0.0069,2
9,0,39,-42.19,0.0001,2
9,0,40,-47.78,0.0000,2
9,0,41,-50.54,0.0000,2
9,1,0,9.54,3.3202,2
9,1,1,-31.53,0.0010,2
9,1,2,51.76,17.1952,2
9,1,3,-0.03,0.9948,2
9,1,4,13.29,4.4803,2
9,1,5,-27.76,0.0024,2
9,1,6,-12.44,0.0801,2
9,1,7,30.23,10.0427,2
9,1,8,-24.22,0.0055,2
9,1,9,-15.93,0.0364,2
9,1,10,-1.71,0.7440,2
9,1,11,-0.38,0.9384,2
9,1,12,-26.41,0.0033,2
9,1,13,-17.08,0.0280,2
9,1,14,-21.00,0.0114,2
9,1,15,-20.06,0.0142,2
9,1,16,-17.00,0.0285,2
9,1,17,-26.84,0.0030,2
9,1,18,-13.61,0.0615,2
9,1,19,-1.23,0.8103,2
9,1,20,-1.58,0.7617,2
9,1,21,-34.14,0.0006,2
9,1,22,-46.86,0.0000,2
9,1,23,-30.00,0.0014,2
9,1,24,-31.05,0.0011,2
9,1,25,-32.05,0.0009,2
9,1,26,-28.82,0.0019,2
9,1,27,-21.03,0.0113,2
9,1,28,-42.68,0.0001,2
9,1,29,-29.77,0.0015,2
9,1,30,9.53,3.3170,2
9,1,31,-20.82,0.0119,2
9,1,32,-31.95,0.0009,2
9,1,33,-15.84,0.0371,2
9,1,34,-39.30,0.0002,2
9,1,35,-18.57,0.0199,2
9,1,36,2.09,1.3892,2
9,1,37,-5.76,0.3399,2
9,1,38,-5.67,0.3456,2
9,1,39,-25.80,0.0038,2
9,1,40,11.42,3.8939,2
9,1,41,-18.31,0.0211,2
9,2,0,-27.54,0.0025,2
9,2,1,-4.08,0.4762,2
9,2,2,-23.38,0.0066,2
9,2,3,-8.80,0.1785,2
9,2,4,20.46,6.8095,2
9,2,5,-0.37,0.9391,2
9,2,6,-48.45,0.0000,2
9,2,7,-17.48,0.0256,2
9,2,8,-3.48,0.5347,2
9,2,9,-22.25,0.0086,2
9,2,10,-30.89,0.0012,2
9,2,11,-13.16,0.0681,2
9,2,12,-56.01,0.0000,2
9,2,13,-28.36,0.0021,2
9,2,14,-39.86,0.0001,2
9,2,15,-49.28,0.0000,2
9,2,16,-32.51,0.0008,2
9,2,17,-43.40,0.0001,2
9,2,18,-25.33,0.0042,2
9,2,19,-58.82,0.0000,2
9,2,20,24.70,8.2099,2
9,2,21,-36.14,0.0004,2
9,2,22,-16.79,0.0299,2
9,2,23,-9.24,0.1623,2
9,2,24,-1.98,0.7086,2
9,2,25,-28.31,0.0021,2
9,2,26,-14.02,0.0560,2
9,2,27,-12.10,0.0863,2
9,2,28,-25.30,0.0042,2
9,2,29,-58.10,0.0000,2
9,2,30,1.13,1.1992,2
9,2,31,-11.89,0.0905,2
9,2,32,-17.74,0.0241,2
9,2,33,-21.02,0.0114,2
9,2,34,-4.04,0.4793,2
9,2,35,-8.15,0.2056,2
9,2,36,-43.91,0.0001,2
9,2,37,-5.68,0.3451,2
9,2,38,-39.81,0.0002,2
9,2,39,-26.32,0.0034,2
9,2,40,-5.75,0.3402,2
9,2,41,-26.90,0.0029,2
9,3,0,-15.65,0.0388,2
9,3,1,-39.44,0.0002,2
9,3,2,-41.83,0.0001,2
9,3,3,-9.26,0.1617,2
9,3,4,-33.91,0.0006,2
9,3,5,-21.85,0.0094,2
9,3,6,5.14,2.0927,2
9,3,7,5.63,2.2199,2
9,3,8,0.08,1.0127,2
9,3,9,-17.43,0.0259,2
9,3,10,-23.73,0.0061,2
9,3,11,12.55,4.2470,2
9,3,12,-33.15,0.0007,2
9,3,13,-8.51,0.1904,2
9,3,14,-23.43,0.0065,2
9,3,15,1.02,1.1795,2
9,3,16,-30.87,0.0012,2
9,3,17,-21.04,0.0113,2
9,3,18,-29.47,0.0016,2
9,3,19,-20.31,0.0134,2
9,3,20,-7.63,0.2299,2
9,3,21,-31.45,0.0010,2
9,3,22,-300.00,0.0000,2
9,3,23,-17.85,0.0235,2
9,3,24,-34.59,0.0005,2
9,3,25,-20.98,0.0115,2
9,3,26,-8.89,0.1751,2
9,3,27,-25.85,0.0037,2
9,3,28,-23.70,0.0061,2
9,3,29,-9.39,0.1571,2
9,3,30,-1.03,0.8396,2
9,3,31,-15.71,0.0383,2
9,3,32,-23.02,0.0072,2
9,3,33,-22.46,0.0082,2
9,3,34,-23.54,0.0064,2
9,3,35,-9.44,0.1555,2
9,3,36,-42.57,0.0001,2
9,3,37,-54.77,0.0000,2
9,3,38,-59.69,0.0000,2
9,3,39,-44.99,0.0000,2
9,3,40,-29.90,0.0015,2
9,3,41,-39.49,0.0002,2
9,4,0,-41.00,0.0001,2
9,4,1,-46.50,0.0000,2
9,4,2,-45.81,0.0000,2
9,4,3,-30.46,0.0013,2
9,4,4,-22.48,0.0081,2
9,4,5,-18.21,0.0216,2
9,4,6,-32.21,0.0009,2
9,4,7,-8.90,0.1750,2
9,4,8,-22.64,0.0078,2
9,4,9,-16.41,0.0326,2
9,4,10,-33.06,0.0007,2
9,4,11,-1.46,0.7775,2
9,4,12,-47.51,0.0000,2
9,4,13,-59.24,0.0000,2
9,4,14,-24.06,0.0057,2
9,4,15,-64.47,0.0000,2
9,4,16,-34.19,0.0005,2
9,4,17,-41.94,0.0001,2
9,4,18,-21.72,0.0097,2
9,4,19,-14.52,0.0500,2
9,4,20,0.08,1.0126,2
9,4,21,-64.47,0.0000,2
9,4,22,-34.07,0.0006,2
9,4,23,-12.58,0.0775,2
9,4,24,-22.40,0.0083,2
9,4,25,-15.42,0.0408,2
9,4,26,-24.20,0.0055,2
9,4,27,-30.42,0.0013,2
9,4,28,-31.35,0.0011,2
9,4,29,-9.63,0.1490,2
9,4,30,11.02,3.7709,2
9,4,31,-5.11,0.3878,2
9,4,32,-30.08,0.0014,2
9,4,33,-25.22,0.0043,2
9,4,34,-11.27,0.1038,2
9,4,35,14.61,4.9039,2
9,4,36,-26.29,0.0034,2
9,4,37,-45.54,0.0000,2
9,4,38,-37.09,0.0003,2
9,4,39,-44.01,0.0001,2
9,4,40,-64.47,0.0000,2
9,4,41,-26.51,0.0032,2
9,5,0,7.19,2.6402,2
9,5,1,-31.27,0.0011,2
9,5,2,0.22,1.0367,2
9,5,3,-6.63,0.2839,2
9,5,4,-8.24,0.2015,2
9,5,5,-37.77,0.0002,2
9,5,6,-16.31,0.0333,2
9,5,7,4.92,2.0371,2
9,5,8,-8.86,0.1765,2
9,5,9,-14.29,0.0528,2
9,5,10,-6.47,0.2935,2
9,5,11,71.22,23.6595,2
9,5,12,-25.12,0.0044,2
9,5,13,-28.92,0.0019,2
9,5,14,-15.39,0.0411,2
9,5,15,-16.11,0.0349,2
9,5,16,-21.42,0.0104,2
9,5,17,-17.75,0.0240,2
9,5,18,-20.34,0.0133,2
9,5,19,-30.11,0.0014,2
9,5,20,-20.57,0.0126,2
9,5,21,-14.45,0.0508,2
9,5,22,-28.97,0.0018,2
9,5,23,-2.25,0.6740,2
9,5,24,-48.45,0.0000,2
9,5,25,-34.24,0.0005,2
9,5,26,-37.54,0.0003,2
9,5,27,-32.72,0.0008,2
9,5,28,-15.49,0.0402,2
9,5,29,-27.41,0.0026,2
9,5,30,-23.91,0.0059,2
9,5,31,-32.55,0.0008,2
9,5,32,-33.50,0.0006,2
9,5,33,-42.37,0.0001,2
9,5,34,-27.15,0.0028,2
9,5,35,-7.52,0.2351,2
9,5,36,-4.53,0.4354,2
9,5,37,-11.45,0.0999,2
9,5,38,-28.40,0.0021,2
9,5,39,-22.82,0.0075,2
9,5,40,-13.61,0.0615,2
9,5,41,-23.77,0.0060,2
9,6,0,-39.59,0.0002,2
9,6,1,-15.96,0.0361,2
9,6,2,-64.47,0.0000,2
9,6,3,-33.49,0.0006,2
9,6,4,-43.81,0.0001,2
9,6,5,-66.23,0.0000,2
9,6,6,-27.71,0.0024,2
9,6,7,-29.07,0.0018,2
9,6,8,-35.96,0.0004,2
9,6,9,-48.52,0.0000,2
9,6,10,-31.27,0.0011,2
9,6,11,-15.90,0.0366,2
9,6,12,10.60,3.6410,2
9,6,13,-28.96,0.0018,2
9,6,14,13.08,4.4146,2
9,6,15,-21.88,0.0093,2
9,6,16,-21.34,0.0106,2
9,6,17,-13.49,0.0632,2
9,6,18,-3.39,0.5437,2
9,6,19,-6.20,0.3100,2
9,6,20,-7.38,0.2421,2
9,6,21,-28.44,0.0021,2
9,6,22,-29.14,0.0018,2
9,6,23,-6.94,0.2658,2
9,6,24,-35.07,0.0004,2
9,6,25,-32.80,0.0008,2
9,6,26,-50.49,0.0000,2
9,6,27,-52.16,0.0000,2
9,6,28,-22.81,0.0075,2
9,6,29,-14.06,0.0556,2
9,6,30,-5.34,0.3697,2
9,6,31,-39.02,0.0002,2
9,6,32,-10.85,0.1139,2
9,6,33,-19.64,0.0156,2
9,6,34,-45.05,0.0000,2
9,6,35,3.27,1.6436,2
9,6,36,-45.36,0.0000,2
9,6,37,-36.86,0.0003,2
9,6,38,-31.97,0.0009,2
9,6,39,-28.40,0.0021,2
9,6,40,-7.97,0.2138,2
9,6,41,-11.07,0.1086,2
9,7,0,-19.07,0.0178,2
9,7,1,-16.19,0.0343,2
9,7,2,-15.60,0.0392,2
9,7,3,-4.90,0.4041,2
9,7,4,-35.38,0.0004,2
9,7,5,-40.09,0.0001,2
9,7,6,-10.47,0.1239,2
9,7,7,-9.16,0.1653,2
9,7,8,-7.33,0.2449,2
9,7,9,-13.71,0.0602,2
9,7,10,-26.12,0.0035,2
9,7,11,7.16,2.6322,2
9,7,12,-31.81,0.0010,2
9,7,13,-33.83,0.0006,2
9,7,14,22.50,7.4838,2
9,7,15,-6.15,0.3133,2
9,7,16,-28.19,0.0022,2
9,7,17,5.99,2.3143,2
9,7,18,-34.45,0.0005,2
9,7,19,-47.28,0.0000,2
9,7,20,-16.37,0.0329,2
9,7,21,-40.88,0.0001,2
9,7,22,-20.80,0.0119,2
9,7,23,-3.32,0.5514,2
9,7,24,-7.45,0.2388,2
9,7,25,-17.90,0.0232,2
9,7,26,-39.45,0.0002,2
9,7,27,-14.26,0.0531,2
9,7,28,-18.00,0.0227,2
9,7,29,19.59,6.5249,2
9,7,30,-15.66,0.0387,2
9,7,31,-39.99,0.0001,2
9,7,32,-36.07,0.0004,2
9,7,33,-37.74,0.0002,2
9,7,34,-21.25,0.0108,2
9,7,35,-12.84,0.0732,2
9,7,36,-10.84,0.1141,2
9,7,37,-35.07,0.0004,2
9,7,38,-12.69,0.0756,2
9,7,39,-5.00,0.3961,2
9,7,40,-44.13,0.0001,2
9,7,41,-27.59,0.0025,2
9,8,0,-27.87,0.0024,2
9,8,1,-7.48,0.2372,2
9,8,2,-30.38,0.0013,2
9,8,3,-49.15,0.0000,2
9,8,4,-23.00,0.0072,2
9,8,5,-32.52,0.0008,2
9,8,6,-55.26,0.0000,2
9,8,7,-19.83,0.0149,2
9,8,8,-27.69,0.0025,2
9,8,9,-23.26,0.0068,2
9,8,10,-31.08,0.0011,2
9,8,11,-3.72,0.5104,2
9,8,12,-0.13,0.9788,2
9,8,13,-31.49,0.0010,2
9,8,14,-10.73,0.1169,2
9,8,15,-53.67,0.0000,2
9,8,16,-12.88,0.0724,2
9,8,17,-5.69,0.3444,2
9,8,18,-22.14,0.0088,2
9,8,19,-39.19,0.0002,2
9,8,20,17.27,5.7627,2
9,8,21,5.65,2.2239,2
9,8,22,-40.72,0.0001,2
9,8,23,-32.01,0.0009,2
9,8,24,-22.54,0.0080,2
9,8,25,-41.85,0.0001,2
9,8,26,-69.24,0.0000,2
9,8,27,-40.69,0.0001,2
9,8,28,-34.11,0.0006,2
9,8,29,-42.53,0.0001,2
9,8,30,-17.32,0.0265,2
9,8,31,-39.03,0.0002,2
9,8,32,-49.89,0.0000,2
9,8,33,-43.61,0.0001,2
9,8,34,-62.25,0.0000,2
9,8,35,-2.21,0.6788,2
9,8,36,-49.46,0.0000,2
9,8,37,-300.00,0.0000,2
9,8,38,-58.10,0.0000,2
9,8,39,-30.68,0.0012,2
9,8,40,-42.73,0.0001,2
9,8,41,-43.50,0.0001,2
9,9,0,-28.71,0.0019,2
9,9,1,-15.81,0.0374,2
9,9,2,-12.92,0.0719,2
9,9,3,-56.68,0.0000,2
9,9,4,-48.67,0.0000,2
9,9,5,-6.81,0.2733,2
9,9,6,-39.05,0.0002,2
9,9,7,-11.19,0.1056,2
9,9,8,-18.68,0.0194,2
9,9,9,-15.00,0.0449,2
9,9,10,-37.58,0.0003,2
9,9,11,13.91,4.6775,2
9,9,12,-27.05,0.0028,2
9,9,13,-41.51,0.0001,2
9,9,14,-39.02,0.0002,2
9,9,15,-48.23,0.0000,2
9,9,16,-25.87,0.0037,2
9,9,17,2.76,1.5295,2
9,9,18,1.54,1.2788,2
9,9,19,12.70,4.2956,2
9,9,20,48.91,16.2490,2
9,9,21,-27.66,0.0025,2
9,9,22,-40.32,0.0001,2
9,9,23,15.01,5.0302,2
9,9,24,-6.98,0.2637,2
9,9,25,-24.94,0.0046,2
9,9,26,-51.18,0.0000,2
9,9,27,-44.47,0.0001,2
9,9,28,-31.17,0.0011,2
9,9,29,-48.10,0.0000,2
9,9,30,-14.57,0.0496,2
9,9,31,-2.15,0.6861,2
9,9,32,5.56,2.2021,2
9,9,33,1.11,1.1961,2
9,9,34,-10.43,0.1250,2
9,9,35,1.64,1.2978,2
9,9,36,-12.42,0.0804,2
9,9,37,-32.85,0.0007,2
9,9,38,-9.46,0.1548,2
9,9,39,-32.89,0.0007,2
9,9,40,-43.91,0.0001,2
9,9,41,-14.83,0.0467,2
9,10,0,-1.91,0.7174,2
9,10,1,-5.13,0.3865,2
9,10,2,-1.07,0.8333,2
9,10,3,-8.24,0.2014,2
9,10,4,-7.78,0.2223,2
9,10,5,-19.62,0.0157,2
9,10,6,-5.00,0.3966,2
9,10,7,-30.16,0.0014,2
9,10,8,-40.02,0.0001,2
9,10,9,-26.32,0.0034,2
9,10,10,-12.78,0.0741,2
9,10,11,-12.34,0.0818,2
9,10,12,-10.97,0.1110,2
9,10,13,-39.65,0.0002,2
9,10,14,-24.87,0.0047,2
9,10,15,-16.44,0.0324,2
9,10,16,-7.03,0.2608,2
9,10,17,-11.43,0.1002,2
9,10,18,-2.66,0.6251,2
9,10,19,-18.62,0.0197,2
9,10,20,13.70,4.6123,2
9,10,21,23.82,7.9199,2
9,10,22,-25.57,0.0040,2
9,10,23,-12.24,0.0837,2
9,10,24,-5.67,0.3462,2
9,10,25,-49.89,0.0000,2
9,10,26,-21.43,0.0103,2
9,10,27,-19.10,0.0176,2
9,10,28,-30.15,0.0014,2
9,10,29,-28.43,0.0021,2
9,10,30,-0.29,0.9533,2
9,10,31,-34.06,0.0006,2
9,10,32,-35.97,0.0004,2
9,10,33,-22.71,0.0077,2
9,10,34,-18.41,0.0206,2
9,10,35,-20.14,0.0139,2
9,10,36,-39.91,0.0001,2
9,10,37,-57.20,0.0000,2
9,10,38,-18.01,0.0226,2
9,10,39,-36.61,0.0003,2
9,10,40,-15.73,0.0381,2
9,10,41,-1.55,0.7658,2
9,11,0,-300.00,0.0000,2
9,11,1,-33.03,0.0007,2
9,11,2,-63.22,0.0000,2
9,11,3,-55.43,0.0000,2
9,11,4,-44.69,0.0000,2
9,11,5,-32.57,0.0008,2
9,11,6,-44.99,0.0000,2
9,11,7,-45.07,0.0000,2
9,11,8,-28.27,0.0021,2
9,11,9,-51.38,0.0000,2
9,11,10,-45.81,0.0000,2
9,11,11,-3.88,0.4954,2
9,11,12,-24.40,0.0052,2
9,11,13,-32.87,0.0007,2
9,11,14,-62.25,0.0000,2
9,11,15,-27.15,0.0028,2
9,11,16,-24.19,0.0055,2
9,11,17,-47.42,0.0000,2
9,11,18,-15.59,0.0393,2
9,11,19,-19.72,0.0153,2
9,11,20,4.76,1.9963,2
9,11,21,-11.01,0.1100,2
9,11,22,-20.27,0.0135,2
9,11,23,-8.18,0.2044,2
9,11,24,-11.59,0.0967,2
9,11,25,-34.88,0.0005,2
9,11,26,-8.62,0.1857,2
9,11,27,-18.85,0.0187,2
9,11,28,-37.15,0.0003,2
9,11,29,-10.29,0.1290,2
9,11,30,-40.58,0.0001,2
9,11,31,-64.47,0.0000,2
9,11,32,-63.22,0.0000,2
9,11,33,-46.57,0.0000,2
9,11,34,-41.94,0.0001,2
9,11,35,-2.78,0.6113,2
9,11,36,-26.01,0.0036,2
9,11,37,-28.16,0.0022,2
9,11,38,-54.32,0.0000,2
9,11,39,-36.77,0.0003,2
9,11,40,-31.71,0.0010,2
9,11,41,-15.08,0.0441,2
9,12,0,-45.60,0.0000,2
9,12,1,-36.72,0.0003,2
9,12,2,-55.81,0.0000,2
9,12,3,-34.30,0.0005,2
9,12,4,-46.59,0.0000,2
9,12,5,-38.74,0.0002,2
9,12,6,-44.25,0.0001,2
9,12,7,-39.95,0.0001,2
9,12,8,-61.46,0.0000,2
9,12,9,-54.19,0.0000,2
9,12,10,-45.77,0.0000,2
9,12,11,-25.20,0.0044,2
9,12,12,-47.09,0.0000,2
9,12,13,-20.16,0.0138,2
9,12,14,-40.30,0.0001,2
9,12,15,-30.96,0.0012,2
9,12,16,-54.61,0.0000,2
9,12,17,-38.63,0.0002,2
9,12,18,-18.47,0.0204,2
9,12,19,-300.00,0.0000,2
9,12,20,-18.92,0.0184,2
9,12,21,-34.64,0.0005,2
9,12,22,-27.18,0.0028,2
9,12,23,5.27,2.1254,2
9,12,24,-21.07,0.0112,2
9,12,25,-35.81,0.0004,2
9,12,26,-11.04,0.1093,2
9,12,27,-26.81,0.0030,2
9,12,28,-25.80,0.0038,2
9,12,29,-32.20,0.0009,2
9,12,30,-15.57,0.0394,2
9,12,31,-44.58,0.0001,2
9,12,32,-66.23,0.0000,2
9,12,33,-57.48,0.0000,2
9,12,34,-50.37,0.0000,2
9,12,35,-44.24,0.0001,2
9,12,36,0.40,1.0672,2
9,12,37,-38.23,0.0002,2
9,12,38,-25.22,0.0043,2
9,12,39,-16.10,0.0350,2
9,12,40,-38.41,0.0002,2
9,12,41,-26.75,0.0030,2
9,13,0,-22.17,0.0087,2
9,13,1,-31.85,0.0009,2
9,13,2,-28.26,0.0022,2
9,13,3,-8.38,0.1958,2
9,13,4,-24.46,0.0052,2
9,13,5,4.14,1.8462,2
9,13,6,-17.03,0.0283,2
9,13,7,-18.93,0.0183,2
9,13,8,-11.70,0.0945,2
9,13,9,-23.92,0.0058,2
9,13,10,-54.47,0.0000,2
9,13,11,-17.91,0.0232,2
9,13,12,-42.71,0.0001,2
9,13,13,-58.45,0.0000,2
9,13,14,-46.27,0.0000,2
9,13,15,-30.89,0.0012,2
9,13,16,-24.95,0.0046,2
9,13,17,-18.81,0.0188,2
9,13,18,-32.59,0.0008,2
9,13,19,-46.88,0.0000,2
9,13,20,-0.89,0.8594,2
9,13,21,-46.91,0.0000,2
9,13,22,-25.14,0.0044,2
9,13,23,-9.11,0.1670,2
9,13,24,-14.32,0.0524,2
9,13,25,-21.97,0.0091,2
9,13,26,-6.56,0.2881,2
9,13,27,-3.43,0.5404,2
9,13,28,-30.22,0.0014,2
9,13,29,-40.62,0.0001,2
9,13,30,-0.41,0.9340,2
9,13,31,-18.78,0.0190,2
9,13,32,-36.17,0.0003,2
9,13,33,-29.06,0.0018,2
9,13,34,-15.89,0.0367,2
9,13,35,2.42,1.4573,2
9,13,36,-40.90,0.0001,2
9,13,37,-50.21,0.0000,2
9,13,38,-46.43,0.0000,2
9,13,39,-40.06,0.0001,2
9,13,40,-31.39,0.0010,2
9,13,41,-47.93,0.0000,2
9,14,0,-69.24,0.0000,2
9,14,1,-55.09,0.0000,2
9,14,2,-29.97,0.0015,2
9,14,3,-57.78,0.0000,2
9,14,4,-37.36,0.0003,2
9,14,5,-55.26,0.0000,2
9,14,6,-29.55,0.0016,2
9,14,7,-23.85,0.0059,2
9,14,8,-26.71,0.0031,2
9,14,9,-45.93,0.0000,2
9,14,10,-28.34,0.0021,2
9,14,11,-0.61,0.9027,2
9,14,12,-27.64,0.0025,2
9,14,13,-24.79,0.0048,2
9,14,14,-36.63,0.0003,2
9,14,15,-30.58,0.0013,2
9,14,16,-29.69,0.0015,2
9,14,17,-44.81,0.0000,2
9,14,18,-38.75,0.0002,2
9,14,19,-31.49,0.0010,2
9,14,20,-40.59,0.0001,2
9,14,21,-21.16,0.0110,2
9,14,22,-48.13,0.0000,2
9,14,23,-24.47,0.0052,2
9,14,24,-39.10,0.0002,2
9,14,25,-17.30,0.0266,2
9,14,26,-54.32,0.0000,2
9,14,27,-27.99,0.0023,2
9,14,28,-36.39,0.0003,2
9,14,29,5.01,2.0597,2
9,14,30,-17.53,0.0252,2
9,14,31,-22.61,0.0079,2
9,14,32,-50.72,0.0000,2
9,14,33,-51.68,0.0000,2
9,14,34,-26.03,0.0036,2
9,14,35,-8.49,0.1910,2
9,14,36,-45.22,0.0000,2
9,14,37,-55.81,0.0000,2
9,14,38,-31.38,0.0010,2
9,14,39,-25.11,0.0044,2
9,14,40,-49.94,0.0000,2
9,14,41,-34.18,0.0006,2
9,15,0,-11.52,0.0983,2
9,15,1,-48.16,0.0000,2
9,15,2,-24.22,0.0054,2
9,15,3,-13.14,0.0684,2
9,15,4,-9.67,0.1478,2
9,15,5,-8.38,0.1956,2
9,15,6,-7.92,0.2159,2
9,15,7,-1.62,0.7563,2
9,15,8,-18.97,0.0182,2
9,15,9,-14.77,0.0473,2
9,15,10,-18.90,0.0185,2
9,15,11,3.47,1.6878,2
9,15,12,-18.32,0.0211,2
9,15,13,-20.68,0.0123,2
9,15,14,-10.22,0.1311,2
9,15,15,-47.39,0.0000,2
9,15,16,-38.05,0.0002,2
9,15,17,-34.94,0.0005,2
9,15,18,-24.78,0.0048,2
9,15,19,-29.32,0.0017,2
9,15,20,-5.06,0.3918,2
9,15,21,-36.36,0.0003,2
9,15,22,-29.30,0.0017,2
9,15,23,-9.48,0.1541,2
9,15,24,-15.84,0.0371,2
9,15,25,-31.15,0.0011,2
9,15,26,0.82,1.1427,2
9,15,27,-10.64,0.1194,2
9,15,28,-6.94,0.2660,2
9,15,29,-8.04,0.2103,2
9,15,30,94.18,31.2850,2
9,15,31,9.33,3.2585,2
9,15,32,9.15,3.2055,2
9,15,33,56.11,18.6402,2
9,15,34,-20.13,0.0139,2
9,15,35,43.22,14.3585,2
9,15,36,-17.35,0.0263,2
9,15,37,-18.85,0.0187,2
9,15,38,-19.30,0.0169,2
9,15,39,-6.95,0.2652,2
9,15,40,-10.64,0.1195,2
9,15,41,-20.64,0.0124,2
9,16,0,-56.23,0.0000,2
9,16,1,-44.01,0.0001,2
9,16,2,-47.42,0.0000,2
9,16,3,-38.82,0.0002,2
9,16,4,-53.22,0.0000,2
9,16,5,-60.21,0.0000,2
9,16,6,-49.51,0.0000,2
9,16,7,-28.08,0.0022,2
9,16,8,-55.09,0.0000,2
9,16,9,-46.31,0.0000,2
9,16,10,-43.97,0.0001,2
9,16,11,-16.28,0.0336,2
9,16,12,-37.50,0.0003,2
9,16,13,-34.86,0.0005,2
9,16,14,-42.44,0.0001,2
9,16,15,-32.07,0.0009,2
9,16,16,-24.30,0.0053,2
9,16,17,-29.74,0.0015,2
9,16,18,-40.69,0.0001,2
9,16,19,-4.69,0.4218,2
9,16,20,0.17,1.0289,2
9,16,21,-35.72,0.0004,2
9,16,22,-44.61,0.0000,2
9,16,23,-40.52,0.0001,2
9,16,24,-43.14,0.0001,2
9,16,25,-35.16,0.0004,2
9,16,26,-32.03,0.0009,2
9,16,27,-48.94,0.0000,2
9,16,28,-16.49,0.0320,2
9,16,29,-55.09,0.0000,2
9,16,30,-18.39,0.0208,2
9,16,31,-28.25,0.0022,2
9,16,32,-20.48,0.0129,2
9,16,33,12.75,4.3112,2
9,16,34,-48.52,0.0000,2
9,16,35,-15.07,0.0442,2
9,16,36,-12.76,0.0744,2
9,16,37,-39.26,0.0002,2
9,16,38,-29.70,0.0015,2
9,16,39,-15.88,0.0367,2
9,16,40,-25.92,0.0037,2
9,16,41,-19.97,0.0144,2
9,17,0,-60.79,0.0000,2
9,17,1,-38.66,0.0002,2
9,17,2,-40.36,0.0001,2
9,17,3,-25.16,0.0044,2
9,17,4,-43.27,0.0001,2
9,17,5,-42.85,0.0001,2
9,17,6,-34.59,0.0005,2
9,17,7,-1.40,0.7862,2
9,17,8,7.40,2.6987,2
9,17,9,-11.65,0.0955,2
9,17,10,-38.20,0.0002,2
9,17,11,-0.72,0.8859,2
9,17,12,-40.16,0.0001,2
9,17,13,-41.33,0.0001,2
9,17,14,-47.56,0.0000,2
9,17,15,-49.46,0.0000,2
9,17,16,-29.16,0.0018,2
9,17,17,-22.42,0.0082,2
9,17,18,-23.64,0.0062,2
9,17,19,0.58,1.0992,2
9,17,20,-10.80,0.1153,2
9,17,21,-22.60,0.0079,2
9,17,22,-28.79,0.0019,2
9,17,23,-11.06,0.1087,2
9,17,24,-43.32,0.0001,2
9,17,25,-30.17,0.0014,2
9,17,26,-28.29,0.0021,2
9,17,27,-32.58,0.0008,2
9,17,28,-11.14,0.1069,2
9,17,29,-36.37,0.0003,2
9,17,30,11.19,3.8229,2
9,17,31,-12.97,0.0710,2
9,17,32,-11.97,0.0888,2
9,17,33,27.64,9.1857,2
9,17,34,-4.57,0.4318,2
9,17,35,11.85,4.0269,2
9,17,36,-40.56,0.0001,2
9,17,37,-51.04,0.0000,2
9,17,38,-39.87,0.0001,2
9,17,39,-36.63,0.0003,2
9,17,40,-21.71,0.0097,2
9,17,41,-60.79,0.0000,2
9,18,0,-30.27,0.0014,2
9,18,1,-32.35,0.0008,2
9,18,2,-32.66,0.0008,2
9,18,3,-38.69,0.0002,2
9,18,4,-24.58,0.0050,2
9,18,5,-39.43,0.0002,2
9,18,6,-63.22,0.0000,2
9,18,7,0.23,1.0386,2
9,18,8,-47.09,0.0000,2
9,18,9,-41.81,0.0001,2
9,18,10,-33.64,0.0006,2
9,18,11,-8.30,0.1989,2
9,18,12,-60.21,0.0000,2
9,18,13,-30.49,0.0013,2
9,18,14,-56.93,0.0000,2
9,18,15,-58.82,0.0000,2
9,18,16,-57.48,0.0000,2
9,18,17,-66.23,0.0000,2
9,18,18,-47.53,0.0000,2
9,18,19,-35.16,0.0004,2
9,18,20,-43.43,0.0001,2
9,18,21,-57.78,0.0000,2
9,18,22,-57.78,0.0000,2
9,18,23,-12.58,0.0776,2
9,18,24,-61.46,0.0000,2
9,18,25,-300.00,0.0000,2
9,18,26,-69.24,0.0000,2
9,18,27,-56.93,0.0000,2
9,18,28,-57.48,0.0000,2
9,18,29,-60.21,0.0000,2
9,18,30,-22.53,0.0080,2
9,18,31,-41.78,0.0001,2
9,18,32,-32.39,0.0008,2
9,18,33,-300.00,0.0000,2
9,18,34,-40.87,0.0001,2
9,18,35,-31.03,0.0011,2
9,18,36,-4.91,0.4033,2
9,18,37,-9.15,0.1657,2
9,18,38,-24.77,0.0048,2
9,18,39,-23.40,0.0066,2
9,18,40,-26.30,0.0034,2
9,18,41,-38.89,0.0002,2
9,19,0,-300.00,0.0000,2
9,19,1,-300.00,0.0000,2
9,19,2,-53.67,0.0000,2
9,19,3,-300.00,0.0000,2
9,19,4,-44.34,0.0001,2
9,19,5,-300.00,0.0000,2
9,19,6,-48.16,0.0000,2
9,19,7,-40.97,0.0001,2
9,19,8,-46.98,0.0000,2
9,19,9,-50.15,0.0000,2
9,19,10,-38.04,0.0002,2
9,19,11,-5.82,0.3356,2
9,19,12,-45.22,0.0000,2
9,19,13,-33.16,0.0007,2
9,19,14,-46.14,0.0000,2
9,19,15,-11.56,0.0973,2
9,19,16,-300.00,0.0000,2
9,19,17,-38.86,0.0002,2
9,19,18,-43.42,0.0001,2
9,19,19,-18.60,0.0198,2
9,19,20,-0.19,0.9686,2
9,19,21,-41.12,0.0001,2
9,19,22,-32.09,0.0009,2
9,19,23,3.84,1.7739,2
9,19,24,-27.64,0.0025,2
9,19,25,-14.60,0.0491,2
9,19,26,-37.59,0.0003,2
9,19,27,-30.36,0.0013,2
9,19,28,-29.27,0.0017,2
9,19,29,-24.15,0.0055,2
9,19,30,-27.05,0.0028,2
9,19,31,-48.82,0.0000,2
9,19,32,-51.76,0.0000,2
9,19,33,-300.00,0.0000,2
9,19,34,-37.46,0.0003,2
9,19,35,-53.67,0.0000,2
9,19,36,-34.36,0.0005,2
9,19,37,-16.20,0.0342,2
9,19,38,-2.88,0.6001,2
9,19,39,-12.03,0.0877,2
9,19,40,-59.24,0.0000,2
9,19,41,-42.77,0.0001,2
9,20,0,-37.74,0.0002,2
9,20,1,-47.71,0.0000,2
9,20,2,-34.42,0.0005,2
9,20,3,-30.87,0.0012,2
9,20,4,-23.88,0.0059,2
9,20,5,-42.68,0.0001,2
9,20,6,-20.96,0.0115,2
9,20,7,-7.72,0.2252,2
9,20,8,-61.46,0.0000,2
9,20,9,-64.47,0.0000,2
9,20,10,-47.36,0.0000,2
9,20,11,-27.93,0.0023,2
9,20,12,-33.32,0.0007,2
9,20,13,-19.98,0.0144,2
9,20,14,-19.55,0.0159,2
9,20,15,-29.94,0.0015,2
9,20,16,-42.47,0.0001,2
9,20,17,-19.99,0.0144,2
9,20,18,-44.16,0.0001,2
9,20,19,-51.60,0.0000,2
9,20,20,-42.14,0.0001,2
9,20,21,-42.58,0.0001,2
9,20,22,-54.32,0.0000,2
9,20,23,-0.25,0.9588,2
9,20,24,-31.14,0.0011,2
9,20,25,-19.25,0.0171,2
9,20,26,-31.19,0.0011,2
9,20,27,-60.21,0.0000,2
9,20,28,-32.49,0.0008,2
9,20,29,-26.82,0.0030,2
9,20,30,-23.23,0.0068,2
9,20,31,-21.57,0.0100,2
9,20,32,-23.12,0.0070,2
9,20,33,-23.60,0.0063,2
9,20,34,-58.45,0.0000,2
9,20,35,-14.10,0.0551,2
9,20,36,-23.27,0.0068,2
9,20,37,1.32,1.2356,2
9,20,38,-19.28,0.0169,2
9,20,39,-44.77,0.0000,2
9,20,40,-4.67,0.4237,2
9,20,41,-7.25,0.2490,2
10,0,0,-5.62,0.3496,2
10,0,1,13.82,4.6482,2
10,0,2,-29.60,0.0016,2
10,0,3,-23.08,0.0071,2
10,0,4,8.86,3.1189,2
10,0,5,0.53,1.0907,2
10,0,6,-33.53,0.0006,2
10,0,7,-7.22,0.2505,2
10,0,8,-45.83,0.0000,2
10,0,9,-18.44,0.0205,2
10,0,10,-19.32,0.0168,2
10,0,11,11.64,3.9619,2
10,0,12,-14.56,0.0496,2
10,0,13,-20.42,0.0130,2
10,0,14,-16.10,0.0350,2
10,0,15,-21.42,0.0104,2
10,0,16,-20.01,0.0143,2
10,0,17,-10.03,0.1367,2
10,0,18,-10.45,0.1246,2
10,0,19,-38.45,0.0002,2
10,0,20,11.19,3.8243,2
10,0,21,3.64,1.7276,2
10,0,22,-25.98,0.0036,2
10,0,23,3.98,1.8082,2
10,0,24,-9.58,0.1509,2
10,0,25,-32.70,0.0008,2
10,0,26,-4.37,0.4500,2
10,0,27,-26.98,0.0029,2
10,0,28,-24.32,0.0053,2
10,0,29,-10.68,0.1184,2
10,0,30,-3.85,0.4982,2
10,0,31,-47.45,0.0000,2
10,0,32,-35.36,0.0004,2
10,0,33,-36.42,0.0003,2
10,0,34,-37.83,0.0002,2
10,0,35,-39.16,0.0002,2
10,0,36,-7.62,0.2304,2
10,0,37,-28.77,0.0019,2
10,0,38,-23.18,0.0069,2
10,0,39,-42.19,0.0001,2
10,0,40,-47.78,0.0000,2
10,0,41,-50.54,0.0000,2
10,1,0,9.54,3.3202,2
10,1,1,-31.53,0.0010,2
10,1,2,51.76,17.1952,2
10,1,3,-0.03,0.9948,2
10,1,4,13.29,4.4803,2
10,1,5,-27.76,0.0024,2
10,1,6,-12.44,0.0801,2
10,1,7,30.23,10.0427,2
10,1,8,-24.22,0.0055,2
10,1,9,-15.93,0.0364,2
10,1,10,-1.71,0.7440,2
10,1,11,-0.38,0.9384,2
10,1,12,-26.41,0.0033,2
10,1,13,-17.08,0.0280,2
10,1,14,-21.00,0.0114,2
10,1,15,-20.06,0.0142,2
10,1,16,-17.00,0.0285,2
10,1,17,-26.84,0.0030,2
10,1,18,-13.61,0.0615,2
10,1,19,-1.23,0.8103,2
10,1,20,-1.58,0.7617,2
10,1,21,-34.14,0.0006,2
10,1,22,-46.86,0.0000,2
10,1,23,-30.00,0.0014,2
10,1,24,-31.05,0.0011,2
10,1,25,-32.05,0.0009,2
10,1,26,-28.82,0.0019,2
10,1,27,-21.03,0.0113,2
10,1,28,-42.68,0.0001,2
10,1,29,-29.77,0.0015,2
10,1,30,9.53,3.3170,2
10,1,31,-20.82,0.0119,2
10,1,32,-31.95,0.0009,2
10,1,33,-15.84,0.0371,2
10,1,34,-39.30,0.0002,2
10,1,35,-18.57,0.0199,2
10,1,36,2.09,1.3892,2
10,1,37,-5.76,0.3399,2
10,1,38,-5.67,0.3456,2
10,1,39,-25.80,0.0038,2
10,1,40,11.42,3.8939,2
10,1,41,-18.31,0.0211,2
10,2,0,-27.54,0.0025,2
10,2,1,-4.08,0.4762,2
10,2,2,-23.38,0.0066,2
10,2,3,-8.80,0.1785,2
10,2,4,20.46,6.8095,2
10,2,5,-0.37,0.9391,2
10,2,6,-48.45,0.0000,2
10,2,7,-17.48,0.0256,2
10,2,8,-3.48,0.5347,2
10,2,9,-22.25,0.0086,2
10,2,10,-30.89,0.0012,2
10,2,11,-13.16,0.0681,2
10,2,12,-56.01,0.0000,2
10,2,13,-28.36,0.0021,2
10,2,14,-39.86,0.0001,2
10,2,15,-49.28,0.0000,2
10,2,16,-32.51,0.0008,2
10,2,17,-43.40,0.0001,2
10,2,18,-25.33,0.0042,2
10,2,19,-58.82,0.0000,2
10,2,20,24.70,8.2099,2
10,2,21,-36.14,0.0004,2
10,2,22,-16.79,0.0299,2
10,2,23,-9.24,0.1623,2
10,2,24,-1.98,0.7086,2
10,2,25,-28.31,0.0021,2
10,2,26,-14.02,0.0560,2
10,2,27,-12.10,0.0863,2
10,2,28,-25.30,0.0042,2
10,2,29,-58.10,0.0000,2
10,2,30,1.13,1.1992,2
10,2,31,-11.89,0.0905,2
10,2,32,-17.74,0.0241,2
10,2,33,-21.02,0.0114,2
10,2,34,-4.04,0.4793,2
10,2,35,-8.15,0.2056,2
10,2,36,-43.91,0.0001,2
10,2,37,-5.68,0.3451,2
10,2,38,-39.81,0.0002,2
10,2,39,-26.32,0.0034,2
10,2,40,-5.75,0.3402,2
10,2,41,-26.90,0.0029,2
10,3,0,-15.65,0.0388,2
10,3,1,-39.44,0.0002,2
10,3,2,-41.83,0.0001,2
10,3,3,-9.26,0.1617,2
10,3,4,-33.91,0.0006,2
10,3,5,-21.85,0.0094,2
10,3,6,5.14,2.0927,2
10,3,7,5.63,2.2199,2
10,3,8,0.08,1.0127,2
10,3,9,-17.43,0.0259,2
10,3,10,-23.73,0.0061,2
10,3,11,12.55,4.2470,2
10,3,12,-33.15,0.0007,2
10,3,13,-8.51,0.1904,2
10,3,14,-23.43,0.0065,2
10,3,15,1.02,1.1795,2
10,3,16,-30.87,0.0012,2
10,3,17,-21.04,0.0113,2
10,3,18,-29.47,0.0016,2
10,3,19,-20.31,0.0134,2
10,3,20,-7.63,0.2299,2
10,3,21,-31.45,0.0010,2
10,3,22,-300.00,0.0000,2
10,3,23,-17.85,0.0235,2
10,3,24,-34.59,0.0005,2
10,3,25,-20.98,0.0115,2
10,3,26,-8.89,0.1751,2
10,3,27,-25.85,0.0037,2
10,3,28,-23.70,0.0061,2
10,3,29,-9.39,0.1571,2
10,3,30,-1.03,0.8396,2
10,3,31,-15.71,0.0383,2
10,3,32,-23.02,0.0072,2
10,3,33,-22.46,0.0082,2
10,3,34,-23.54,0.0064,2
10,3,35,-9.44,0.1555,2
10,3,36,-42.57,0.0001,2
10,3,37,-54.77,0.0000,2
10,3,38,-59.69,0.0000,2
10,3,39,-44.99,0.0000,2
10,3,40,-29.90,0.0015,2
10,3,41,-39.49,0.0002,2
10,4,0,-41.00,0.0001,2
10,4,1,-46.50,0.0000,2
10,4,2,-45.81,0.0000,2
10,4,3,-30.46,0.0013,2
10,4,4,-22.48,0.0081,2
10,4,5,-18.21,0.0216,2
10,4,6,-32.21,0.0009,2
10,4,7,-8.90,0.1750,2
10,4,8,-22.64,0.0078,2
10,4,9,-16.41,0.0326,2
10,4,10,-33.06,0.0007,2
10,4,11,-1.46,0.7775,2
10,4,12,-47.51,0.0000,2
10,4,13,-59.24,0.0000,2
10,4,14,-24.06,0.0057,2
10,4,15,-64.47,0.0000,2
10,4,16,-34.19,0.0005,2
10,4,17,-41.94,0.0001,2
10,4,18,-21.72,0.0097,2
10,4,19,-14.52,0.0500,2
10,4,20,0.08,1.0126,2
10,4,21,-64.47,0.0000,2
10,4,22,-34.07,0.0006,2
10,4,23,-12.58,0.0775,2
10,4,24,-22.40,0.0083,2
10,4,25,-15.42,0.0408,2
10,4,26,-24.20,0.0055,2
10,4,27,-30.42,0.0013,2
10,4,28,-31.35,0.0011,2
10,4,29,-9.63,0.1490,2
10,4,30,11.02,3.7709,2
10,4,31,-5.11,0.3878,2
10,4,32,-30.08,0.0014,2
10,4,33,-25.22,0.0043,2
10,4,34,-11.27,0.1038,2
10,4,35,14.61,4.9039,2
10,4,36,-26.29,0.0034,2
10,4,37,-45.54,0.0000,2
10,4,38,-37.09,0.0003,2
10,4,39,-44.01,0.0001,2
10,4,40,-64.47,0.0000,2
10,4,41,-26.51,0.0032,2
10,5,0,7.19,2.6402,2
10,5,1,-31.27,0.0011,2
10,5,2,0.22,1.0367,2
10,5,3,-6.63,0.2839,2
10,5,4,-8.24,0.2015,2
10,5,5,-37.77,0.0002,2
10,5,6,-16.31,0.0333,2
10,5,7,4.92,2.0371,2
10,5,8,-8.86,0.1765,2
10,5,9,-14.29,0.0528,2
10,5,10,-6.47,0.2935,2
10,5,11,71.22,23.6595,2
10,5,12,-25.12,0.0044,2
10,5,13,-28.92,0.0019,2
10,5,14,-15.39,0.0411,2
10,5,15,-16.11,0.0349,2
10,5,16,-21.42,0.0104,2
10,5,17,-17.75,0.0240,2
10,5,18,-20.34,0.0133,2
10,5,19,-30.11,0.0014,2
10,5,20,-20.57,0.0126,2
10,5,21,-14.45,0.0508,2
10,5,22,-28.97,0.0018,2
10,5,23,-2.25,0.6740,2
10,5,24,-48.45,0.0000,2
10,5,25,-34.24,0.0005,2
10,5,26,-37.54,0.0003,2
10,5,27,-32.72,0.0008,2
10,5,28,-15.49,0.0402,2
10,5,29,-27.41,0.0026,2
10,5,30,-23.91,0.0059,2
10,5,31,-32.55,0.0008,2
10,5,32,-33.50,0.0006,2
10,5,33,-42.37,0.0001,2
10,5,34,-27.15,0.0028,2
10,5,35,-7.52,0.2351,2
10,5,36,-4.53,0.4354,2
10,5,37,-11.45,0.0999,2
10,5,38,-28.40,0.0021,2
10,5,39,-22.82,0.0075,2
10,5,40,-13.61,0.0615,2
10,5,41,-23.77,0.0060,2
10,6,0,-39.59,0.0002,2
10,6,1,-15.96,0.0361,2
10,6,2,-64.47,0.0000,2
10,6,3,-33.49,0.0006,2
10,6,4,-43.81,0.0001,2
10,6,5,-66.23,0.0000,2
10,6,6,-27.71,0.0024,2
10,6,7,-29.07,0.0018,2
10,6,8,-35.96,0.0004,2
10,6,9,-48.52,0.0000,2
10,6,10,-31.27,0.0011,2
10,6,11,-15.90,0.0366,2
10,6,12,10.60,3.6410,2
10,6,13,-28.96,0.0018,2
10,6,14,13.08,4.4146,2
10,6,15,-21.88,0.0093,2
10,6,16,-21.34,0.0106,2
10,6,17,-13.49,0.0632,2
10,6,18,-3.39,0.5437,2
10,6,19,-6.20,0.3100,2
10,6,20,-7.38,0.2421,2
10,6,21,-28.44,0.0021,2
10,6,22,-29.14,0.0018,2
10,6,23,-6.94,0.2658,2
10,6,24,-35.07,0.0004,2
10,6,25,-32.80,0.0008,2
10,6,26,-50.49,0.0000,2
10,6,27,-52.16,0.0000,2
10,6,28,-22.81,0.0075,2
10,6,29,-14.06,0.0556,2
10,6,30,-5.34,0.3697,2
10,6,31,-39.02,0.0002,2
10,6,32,-10.85,0.1139,2
10,6,33,-19.64,0.0156,2
10,6,34,-45.05,0.0000,2
10,6,35,3.27,1.6436,2
10,6,36,-45.36,0.0000,2
10,6,37,-36.86,0.0003,2
10,6,38,-31.97,0.0009,2
10,6,39,-28.40,0.0021,2
10,6,40,-7.97,0.2138,2
10,6,41,-11.07,0.1086,2
10,7,0,-19.07,0.0178,2
10,7,1,-16.19,0.0343,2
10,7,2,-15.60,0.0392,2
10,7,3,-4.90,0.4041,2
10,7,4,-35.38,0.0004,2
10,7,5,-40.09,0.0001,2
10,7,6,-10.47,0.1239,2
10,7,7,-9.16,0.1653,2
10,7,8,-7.33,0.2449,2
10,7,9,-13.71,0.0602,2
10,7,10,-26.12,0.0035,2
10,7,11,7.16,2.6322,2
10,7,12,-31.81,0.0010,2
10,7,13,-33.83,0.0006,2
10,7,14,22.50,7.4838,2
10,7,15,-6.15,0.3133,2
10,7,16,-28.19,0.0022,2
10,7,17,5.99,2.3143,2
10,7,18,-34.45,0.0005,2
10,7,19,-47.28,0.0000,2
10,7,20,-16.37,0.0329,2
10,7,21,-40.88,0.0001,2
10,7,22,-20.80,0.0119,2
10,7,23,-3.32,0.5514,2
10,7,24,-7.45,0.2388,2
10,7,25,-17.90,0.0232,2
10,7,26,-39.45,0.0002,2
10,7,27,-14.26,0.0531,2
10,7,28,-18.00,0.0227,2
10,7,29,19.59,6.5249,2
10,7,30,-15.66,0.0387,2
10,7,31,-39.99,0.0001,2
10,7,32,-36.07,0.0004,2
10,7,33,-37.74,0.0002,2
10,7,34,-21.25,0.0108,2
10,7,35,-12.84,0.0732,2
10,7,36,-10.84,0.1141,2
10,7,37,-35.07,0.0004,2
10,7,38,-12.69,0.0756,2
10,7,39,-5.00,0.3961,2
10,7,40,-44.13,0.0001,2
10,7,41,-27.59,0.0025,2
10,8,0,-27.87,0.0024,2
10,8,1,-7.48,0.2372,2
10,8,2,-30.38,0.0013,2
10,8,3,-49.15,0.0000,2
10,8,4,-23.00,0.0072,2
10,8,5,-32.52,0.0008,2
10,8,6,-55.26,0.0000,2
10,8,7,-19.83,0.0149,2
10,8,8,-27.69,0.0025,2
10,8,9,-23.26,0.0068,2
10,8,10,-31.08,0.0011,2
10,8,11,-3.72,0.5104,2
10,8,12,-0.13,0.9788,2
10,8,13,-31.49,0.0010,2
10,8,14,-10.73,0.1169,2
10,8,15,-53.67,0.0000,2
10,8,16,-12.88,0.0724,2
10,8,17,-5.69,0.3444,2
10,8,18,-22.14,0.0088,2
10,8,19,-39.19,0.0002,2
10,8,20,17.27,5.7627,2
10,8,21,5.65,2.2239,2
10,8,22,-40.72,0.0001,2
10,8,23,-32.01,0.0009,2
10,8,24,-22.54,0.0080,2
10,8,25,-41.85,0.0001,2
10,8,26,-69.24,0.0000,2
10,8,27,-40.69,0.0001,2
10,8,28,-34.11,0.0006,2
10,8,29,-42.53,0.0001,2
10,8,30,-17.32,0.0265,2
10,8,31,-39.03,0.0002,2
10,8,32,-49.89,0.0000,2
10,8,33,-43.61,0.0001,2
10,8,34,-62.25,0.0000,2
10,8,35,-2.21,0.6788,2
10,8,36,-49.46,0.0000,2
10,8,37,-300.00,0.0000,2
10,8,38,-58.10,0.0000,2
10,8,39,-30.68,0.0012,2
10,8,40,-42.73,0.0001,2
10,8,41,-43.50,0.0001,2
10,9,0,-28.71,0.0019,2
10,9,1,-15.81,0.0374,2
10,9,2,-12.92,0.0719,2
10,9,3,-56.68,0.0000,2
10,9,4,-48.67,0.0000,2
10,9,5,-6.81,0.2733,2
10,9,6,-39.05,0.0002,2
10,9,7,-11.19,0.1056,2
10,9,8,-18.68,0.0194,2
10,9,9,-15.00,0.0449,2
10,9,10,-37.58,0.0003,2
10,9,11,13.91,4.6775,2
10,9,12,-27.05,0.0028,2
10,9,13,-41.51,0.0001,2
10,9,14,-39.02,0.0002,2
10,9,15,-48.23,0.0000,2
10,9,16,-25.87,0.0037,2
10,9,17,2.76,1.5295,2
10,9,18,1.54,1.2788,2
10,9,19,12.70,4.2956,2
10,9,20,48.91,16.2490,2
10,9,21,-27.66,0.0025,2
10,9,22,-40.32,0.0001,2
10,9,23,15.01,5.0302,2
10,9,24,-6.98,0.2637,2
10,9,25,-24.94,0.0046,2
10,9,26,-51.18,0.0000,2
10,9,27,-44.47,0.0001,2
10,9,28,-31.17,0.0011,2
10,9,29,-48.10,0.0000,2
10,9,30,-14.57,0.0496,2
10,9,31,-2.15,0.6861,2
10,9,32,5.56,2.2021,2
10,9,33,1.11,1.1961,2
10,9,34,-10.43,0.1250,2
10,9,35,1.64,1.2978,2
10,9,36,-12.42,0.0804,2
10,9,37,-32.85,0.0007,2
10,9,38,-9.46,0.1548,2
10,9,39,-32.89,0.0007,2
10,9,40,-43.91,0.0001,2
10,9,41,-14.83,0.0467,2
10,10,0,-1.91,0.7174,2
10,10,1,-5.13,0.3865,2
10,10,2,-1.07,0.8333,2
10,10,3,-8.24,0.2014,2
10,10,4,-7.78,0.2223,2
10,10,5,-19.62,0.0157,2
10,10,6,-5.00,0.3966,2
10,10,7,-30.16,0.0014,2
10,10,8,-40.02,0.0001,2
10,10,9,-26.32,0.0034,2
10,10,10,-12.78,0.0741,2
10,10,11,-12.34,0.0818,2
10,10,12,-10.97,0.1110,2
10,10,13,-39.65,0.0002,2
10,10,14,-24.87,0.0047,2
10,10,15,-16.44,0.0324,2
10,10,16,-7.03,0.2608,2
10,10,17,-11.43,0.1002,2
10,10,18,-2.66,0.6251,2
10,10,19,-18.62,0.0197,2
10,10,20,13.70,4.6123,2
10,10,21,23.82,7.9199,2
10,10,22,-25.57,0.0040,2
10,10,23,-12.24,0.0837,2
10,10,24,-5.67,0.3462,2
10,10,25,-49.89,0.0000,2
10,10,26,-21.43,0.0103,2
10,10,27,-19.10,0.0176,2
10,10,28,-30.15,0.0014,2
10,10,29,-28.43,0.0021,2
10,10,30,-0.29,0.9533,2
10,10,31,-34.06,0.0006,2
10,10,32,-35.97,0.0004,2
10,10,33,-22.71,0.0077,2
10,10,34,-18.41,0.0206,2
10,10,35,-20.14,0.0139,2
10,10,36,-39.91,0.0001,2
10,10,37,-57.20,0.0000,2
10,10,38,-18.01,0.0226,2
10,10,39,-36.61,0.0003,2
10,10,40,-15.73,0.0381,2
10,10,41,-1.55,0.7658,2
10,11,0,-300.00,0.0000,2
10,11,1,-33.03,0.0007,2
10,11,2,-63.22,0.0000,2
10,11,3,-55.43,0.0000,2
10,11,4,-44.69,0.0000,2
10,11,5,-32.57,0.0008,2
10,11,6,-44.99,0.0000,2
10,11,7,-45.07,0.0000,2
10,11,8,-28.27,0.0021,2
10,11,9,-51.38,0.0000,2
10,11,10,-45.81,0.0000,2
10,11,11,-3.88,0.4954,2
10,11,12,-24.40,0.0052,2
10,11,13,-32.87,0.0007,2
10,11,14,-62.25,0.0000,2
10,11,15,-27.15,0.0028,2
10,11,16,-24.19,0.0055,2
10,11,17,-47.42,0.0000,2
10,11,18,-15.59,0.0393,2
10,11,19,-19.72,0.0153,2
10,11,20,4.76,1.9963,2
10,11,21,-11.01,0.1100,2
10,11,22,-20.27,0.0135,2
10,11,23,-8.18,0.2044,2
10,11,24,-11.59,0.0967,2
10,11,25,-34.88,0.0005,2
10,11,26,-8.62,0.1857,2
10,11,27,-18.85,0.0187,2
10,11,28,-37.15,0.0003,2
10,11,29,-10.29,0.1290,2
10,11,30,-40.58,0.0001,2
10,11,31,-64.47,0.0000,2
10,11,32,-63.22,0.0000,2
10,11,33,-46.57,0.0000,2
10,11,34,-41.94,0.0001,2
10,11,35,-2.78,0.6113,2
10,11,36,-26.01,0.0036,2
10,11,37,-28.16,0.0022,2
10,11,38,-54.32,0.0000,2
10,11,39,-36.77,0.0003,2
10,11,40,-31.71,0.0010,2
10,11,41,-15.08,0.0441,2
10,12,0,-45.60,0.0000,2
10,12,1,-36.72,0.0003,2
10,12,2,-55.81,0.0000,2
10,12,3,-34.30,0.0005,2
10,12,4,-46.59,0.0000,2
10,12,5,-38.74,0.0002,2
10,12,6,-44.25,0.0001,2
10,12,7,-39.95,0.0001,2
10,12,8,-61.46,0.0000,2
10,12,9,-54.19,0.0000,2
10,12,10,-45.77,0.0000,2
10,12,11,-25.20,0.0044,2
10,12,12,-47.09,0.0000,2
10,12,13,-20.16,0.0138,2
10,12,14,-40.30,0.0001,2
10,12,15,-30.96,0.0012,2
10,12,16,-54.61,0.0000,2
10,12,17,-38.63,0.0002,2
10,12,18,-18.47,0.0204,2
10,12,19,-300.00,0.0000,2
10,12,20,-18.92,0.0184,2
10,12,21,-34.64,0.0005,2
10,12,22,-27.18,0.0028,2
10,12,23,5.27,2.1254,2
10,12,24,-21.07,0.0112,2
10,12,25,-35.81,0.0004,2
10,12,26,-11.04,0.1093,2
10,12,27,-26.81,0.0030,2
10,12,28,-25.80,0.0038,2
10,12,29,-32.20,0.0009,2
10,12,30,-15.57,0.0394,2
10,12,31,-44.58,0.0001,2
10,12,32,-66.23,0.0000,2
10,12,33,-57.48,0.0000,2
10,12,34,-50.37,0.0000,2
10,12,35,-44.24,0.0001,2
10,12,36,0.40,1.0672,2
10,12,37,-38.23,0.0002,2
10,12,38,-25.22,0.0043,2
10,12,39,-16.10,0.0350,2
10,12,40,-38.41,0.0002,2
10,12,41,-26.75,0.0030,2
10,13,0,-22.17,0.0087,2
10,13,1,-31.85,0.0009,2
10,13,2,-28.26,0.0022,2
10,13,3,-8.38,0.1958,2
10,13,4,-24.46,0.0052,2
10,13,5,4.14,1.8462,2
10,13,6,-17.03,0.0283,2
10,13,7,-18.93,0.0183,2
10,13,8,-11.70,0.0945,2
10,13,9,-23.92,0.0058,2
10,13,10,-54.47,0.0000,2
10,13,11,-17.91,0.0232,2
10,13,12,-42.71,0.0001,2
10,13,13,-58.45,0.0000,2
10,13,14,-46.27,0.0000,2
10,13,15,-30.89,0.0012,2
10,13,16,-24.95,0.0046,2
10,13,17,-18.81,0.0188,2
10,13,18,-32.59,0.0008,2
10,13,19,-46.88,0.0000,2
10,13,20,-0.89,0.8594,2
10,13,21,-46.91,0.0000,2
10,13,22,-25.14,0.0044,2
10,13,23,-9.11,0.1670,2
10,13,24,-14.32,0.0524,2
10,13,25,-21.97,0.0091,2
10,13,26,-6.56,0.2881,2
10,13,27,-3.43,0.5404,2
10,13,28,-30.22,0.0014,2
10,13,29,-40.62,0.0001,2
10,13,30,-0.41,0.9340,2
10,13,31,-18.78,0.0190,2
10,13,32,-36.17,0.0003,2
10,13,33,-29.06,0.0018,2
10,13,34,-15.89,0.0367,2
10,13,35,2.42,1.4573,2
10,13,36,-40.90,0.0001,2
10,13,37,-50.21,0.0000,2
10,13,38,-46.43,0.0000,2
10,13,39,-40.06,0.0001,2
10,13,40,-31.39,0.0010,2
10,13,41,-47.93,0.0000,2
10,14,0,-69.24,0.0000,2
10,14,1,-55.09,0.0000,2
10,14,2,-29.97,0.0015,2
10,14,3,-57.78,0.0000,2
10,14,4,-37.36,0.0003,2
10,14,5,-55.26,0.0000,2
10,14,6,-29.55,0.0016,2
10,14,7,-23.85,0.0059,2
10,14,8,-26.71,0.0031,2
10,14,9,-45.93,0.0000,2
10,14,10,-28.34,0.0021,2
10,14,11,-0.61,0.9027,2
10,14,12,-27.64,0.0025,2
10,14,13,-24.79,0.0048,2
10,14,14,-36.63,0.0003,2
10,14,15,-30.58,0.0013,2
10,14,16,-29.69,0.0015,2
10,14,17,-44.81,0.0000,2
10,14,18,-38.75,0.0002,2
10,14,19,-31.49,0.0010,2
10,14,20,-40.59,0.0001,2
10,14,21,-21.16,0.0110,2
10,14,22,-48.13,0.0000,2
10,14,23,-24.47,0.0052,2
10,14,24,-39.10,0.0002,2
10,14,25,-17.30,0.0266,2
10,14,26,-54.32,0.0000,2
10,14,27,-27.99,0.0023,2
10,14,28,-36.39,0.0003,2
10,14,29,5.01,2.0597,2
10,14,30,-17.53,0.0252,2
10,14,31,-22.61,0.0079,2
10,14,32,-50.72,0.0000,2
10,14,33,-51.68,0.0000,2
10,14,34,-26.03,0.0036,2
10,14,35,-8.49,0.1910,2
10,14,36,-45.22,0.0000,2
10,14,37,-55.81,0.0000,2
10,14,38,-31.38,0.0010,2
10,14,39,-25.11,0.0044,2
10,14,40,-49.94,0.0000,2
10,14,41,-34.18,0.0006,2
10,15,0,-11.52,0.0983,2
10,15,1,-48.16,0.0000,2
10,15,2,-24.22,0.0054,2
10,15,3,-13.14,0.0684,2
10,15,4,-9.67,0.1478,2
10,15,5,-8.38,0.1956,2
10,15,6,-7.92,0.2159,2
10,15,7,-1.62,0.7563,2
10,15,8,-18.97,0.0182,2
10,15,9,-14.77,0.0473,2
10,15,10,-18.90,0.0185,2
10,15,11,3.47,1.6878,2
10,15,12,-18.32,0.0211,2
10,15,13,-20.68,0.0123,2
10,15,14,-10.22,0.1311,2
10,15,15,-47.39,0.0000,2
10,15,16,-38.05,0.0002,2
10,15,17,-34.94,0.0005,2
10,15,18,-24.78,0.0048,2
10,15,19,-29.32,0.0017,2
10,15,20,-5.06,0.3918,2
10,15,21,-36.36,0.0003,2
10,15,22,-29.30,0.0017,2
10,15,23,-9.48,0.1541,2
10,15,24,-15.84,0.0371,2
10,15,25,-31.15,0.0011,2
10,15,26,0.82,1.1427,2
10,15,27,-10.64,0.1194,2
10,15,28,-6.94,0.2660,2
10,15,29,-8.04,0.2103,2
10,15,30,94.18,31.2850,2
10,15,31,9.33,3.2585,2
10,15,32,9.15,3.2055,2
10,15,33,56.11,18.6402,2
10,15,34,-20.13,0.0139,2
10,15,35,43.22,14.3585,2
10,15,36,-17.35,0.0263,2
10,15,37,-18.85,0.0187,2
10,15,38,-19.30,0.0169,2
10,15,39,-6.95,0.2652,2
10,15,40,-10.64,0.1195,2
10,15,41,-20.64,0.0124,2
10,16,0,-56.23,0.0000,2
10,16,1,-44.01,0.0001,2
10,16,2,-47.42,0.0000,2
10,16,3,-38.82,0.0002,2
10,16,4,-53.22,0.0000,2
10,16,5,-60.21,0.0000,2
10,16,6,-49.51,0.0000,2
10,16,7,-28.08,0.0022,2
10,16,8,-55.09,0.0000,2
10,16,9,-46.31,0.0000,2
10,16,10,-43.97,0.0001,2
10,16,11,-16.28,0.0336,2
10,16,12,-37.50,0.0003,2
10,16,13,-34.86,0.0005,2
10,16,14,-42.44,0.0001,2
10,16,15,-32.07,0.0009,2
10,16,16,-24.30,0.0053,2
10,16,17,-29.74,0.0015,2
10,16,18,-40.69,0.0001,2
10,16,19,-4.69,0.4218,2
10,16,20,0.17,1.0289,2
10,16,21,-35.72,0.0004,2
10,16,22,-44.61,0.0000,2
10,16,23,-40.52,0.0001,2
10,16,24,-43.14,0.0001,2
10,16,25,-35.16,0.0004,2
10,16,26,-32.03,0.0009,2
10,16,27,-48.94,0.0000,2
10,16,28,-16.49,0.0320,2
10,16,29,-55.09,0.0000,2
10,16,30,-18.39,0.0208,2
10,16,31,-28.25,0.0022,2
10,16,32,-20.48,0.0129,2
10,16,33,12.75,4.3112,2
10,16,34,-48.52,0.0000,2
10,16,35,-15.07,0.0442,2
10,16,36,-12.76,0.0744,2
10,16,37,-39.26,0.0002,2
10,16,38,-29.70,0.0015,2
10,16,39,-15.88,0.0367,2
10,16,40,-25.92,0.0037,2
10,16,41,-19.97,0.0144,2
10,17,0,-60.79,0.0000,2
10,17,1,-38.66,0.0002,2
10,17,2,-40.36,0.0001,2
10,17,3,-25.16,0.0044,2
10,17,4,-43.27,0.0001,2
10,17,5,-42.85,0.0001,2
10,17,6,-34.59,0.0005,2
10,17,7,-1.40,0.7862,2
10,17,8,7.40,2.6987,2
10,17,9,-11.65,0.0955,2
10,17,10,-38.20,0.0002,2
10,17,11,-0.72,0.8859,2
10,17,12,-40.16,0.0001,2
10,17,13,-41.33,0.0001,2
10,17,14,-47.56,0.0000,2
10,17,15,-49.46,0.0000,2
10,17,16,-29.16,0.0018,2
10,17,17,-22.42,0.0082,2
10,17,18,-23.64,0.0062,2
10,17,19,0.58,1.0992,2
10,17,20,-10.80,0.1153,2
10,17,21,-22.60,0.0079,2
10,17,22,-28.79,0.0019,2
10,17,23,-11.06,0.1087,2
10,17,24,-43.32,0.0001,2
10,17,25,-30.17,0.0014,2
10,17,26,-28.29,0.0021,2
10,17,27,-32.58,0.0008,2
10,17,28,-11.14,0.1069,2
10,17,29,-36.37,0.0003,2
10,17,30,11.19,3.8229,2
10,17,31,-12.97,0.0710,2
10,17,32,-11.97,0.0888,2
10,17,33,27.64,9.1857,2
10,17,34,-4.57,0.4318,2
10,17,35,11.85,4.0269,2
10,17,36,-40.56,0.0001,2
10,17,37,-51.04,0.0000,2
10,17,38,-39.87,0.0001,2
10,17,39,-36.63,0.0003,2
10,17,40,-21.71,0.0097,2
10,17,41,-60.79,0.0000,2
10,18,0,-30.27,0.0014,2
10,18,1,-32.35,0.0008,2
10,18,2,-32.66,0.0008,2
10,18,3,-38.69,0.0002,2
10,18,4,-24.58,0.0050,2
10,18,5,-39.43,0.0002,2
10,18,6,-63.22,0.0000,2
10,18,7,0.23,1.0386,2
10,18,8,-47.09,0.0000,2
10,18,9,-41.81,0.0001,2
10,18,10,-33.64,0.0006,2
10,18,11,-8.30,0.1989,2
10,18,12,-60.21,0.0000,2
10,18,13,-30.49,0.0013,2
10,18,14,-56.93,0.0000,2
10,18,15,-58.82,0.0000,2
10,18,16,-57.48,0.0000,2
10,18,17,-66.23,0.0000,2
10,18,18,-47.53,0.0000,2
10,18,19,-35.16,0.0004,2
10,18,20,-43.43,0.0001,2
10,18,21,-57.78,0.0000,2
10,18,22,-57.78,0.0000,2
10,18,23,-12.58,0.0776,2
10,18,24,-61.46,0.0000,2
10,18,25,-300.00,0.0000,2
10,18,26,-69.24,0.0000,2
10,18,27,-56.93,0.0000,2
10,18,28,-57.48,0.0000,2
10,18,29,-60.21,0.0000,2
10,18,30,-22.53,0.0080,2
10,18,31,-41.78,0.0001,2
10,18,32,-32.39,0.0008,2
10,18,33,-300.00,0.0000,2
10,18,34,-40.87,0.0001,2
10,18,35,-31.03,0.0011,2
10,18,36,-4.91,0.4033,2
10,18,37,-9.15,0.1657,2
10,18,38,-24.77,0.0048,2
10,18,39,-23.40,0.0066,2
10,18,40,-26.30,0.0034,2
10,18,41,-38.89,0.0002,2
10,19,0,-300.00,0.0000,2
10,19,1,-300.00,0.0000,2
10,19,2,-53.67,0.0000,2
10,19,3,-300.00,0.0000,2
10,19,4,-44.34,0.0001,2
10,19,5,-300.00,0.0000,2
10,19,6,-48.16,0.0000,2
10,19,7,-40.97,0.0001,2
10,19,8,-46.98,0.0000,2
10,19,9,-50.15,0.0000,2
10,19,10,-38.04,0.0002,2
10,19,11,-5.82,0.3356,2
10,19,12,-45.22,0.0000,2
10,19,13,-33.16,0.0007,2
10,19,14,-46.14,0.0000,2
10,19,15,-11.56,0.0973,2
10,19,16,-300.00,0.0000,2
10,19,17,-38.86,0.0002,2
10,19,18,-43.42,0.0001,2
10,19,19,-18.60,0.0198,2
10,19,20,-0.19,0.9686,2
10,19,21,-41.12,0.0001,2
10,19,22,-32.09,0.0009,2
10,19,23,3.84,1.7739,2
10,19,24,-27.64,0.0025,2
10,19,25,-14.60,0.0491,2
10,19,26,-37.59,0.0003,2
10,19,27,-30.36,0.0013,2
10,19,28,-29.27,0.0017,2
10,19,29,-24.15,0.0055,2
10,19,30,-27.05,0.0028,2
10,19,31,-48.82,0.0000,2
10,19,32,-51.76,0.0000,2
10,19,33,-300.00,0.0000,2
10,19,34,-37.46,0.0003,2
10,19,35,-53.67,0.0000,2
10,19,36,-34.36,0.0005,2
10,19,37,-16.20,0.0342,2
10,19,38,-2.88,0.6001,2
10,19,39,-12.03,0.0877,2
10,19,40,-59.24,0.0000,2
10,19,41,-42.77,0.0001,2
10,20,0,-37.74,0.0002,2
10,20,1,-47.71,0.0000,2
10,20,2,-34.42,0.0005,2
10,20,3,-30.87,0.0012,2
10,20,4,-23.88,0.0059,2
10,20,5,-42.68,0.0001,2
10,20,6,-20.96,0.0115,2
10,20,7,-7.72,0.2252,2
10,20,8,-61.46,0.0000,2
10,20,9,-64.47,0.0000,2
10,20,10,-47.36,0.0000,2
10,20,11,-27.93,0.0023,2
10,20,12,-33.32,0.0007,2
10,20,13,-19.98,0.0144,2
10,20,14,-19.55,0.0159,2
10,20,15,-29.94,0.0015,2
10,20,16,-42.47,0.0001,2
10,20,17,-19.99,0.0144,2
10,20,18,-44.16,0.0001,2
10,20,19,-51.60,0.0000,2
10,20,20,-42.14,0.0001,2
10,20,21,-42.58,0.0001,2
10,20,22,-54.32,0.0000,2
10,20,23,-0.25,0.9588,2
10,20,24,-31.14,0.0011,2
10,20,25,-19.25,0.0171,2
10,20,26,-31.19,0.0011,2
10,20,27,-60.21,0.0000,2
10,20,28,-32.49,0.0008,2
10,20,29,-26.82,0.0030,2
10,20,30,-23.23,0.0068,2
10,20,31,-21.57,0.0100,2
10,20,32,-23.12,0.0070,2
10,20,33,-23.60,0.0063,2
10,20,34,-58.45,0.0000,2
10,20,35,-14.10,0.0551,2
10,20,36,-23.27,0.0068,2
10,20,37,1.32,1.2356,2
10,20,38,-19.28,0.0169,2
10,20,39,-44.77,0.0000,2
10,20,40,-4.67,0.4237,2
10,20,41,-7.25,0.2490,2
11,0,0,-5.62,0.3496,2
11,0,1,13.82,4.6482,2
11,0,2,-29.60,0.0016,2
11,0,3,-23.08,0.0071,2
11,0,4,8.86,3.1189,2
11,0,5,0.53,1.0907,2
11,0,6,-33.53,0.0006,2
11,0,7,-7.22,0.2505,2
11,0,8,-45.83,0.0000,2
11,0,9,-18.44,0.0205,2
11,0,10,-19.32,0.0168,2
11,0,11,11.64,3.9619,2
11,0,12,-14.56,0.0496,2
11,0,13,-20.42,0.0130,2
11,0,14,-16.10,0.0350,2
11,0,15,-21.42,0.0104,2
11,0,16,-20.01,0.0143,2
11,0,17,-10.03,0.1367,2
11,0,18,-10.45,0.1246,2
11,0,19,-38.45,0.0002,2
11,0,20,11.19,3.8243,2
11,0,21,3.64,1.7276,2
11,0,22,-25.98,0.0036,2
11,0,23,3.98,1.8082,2
11,0,24,-9.58,0.1509,2
11,0,25,-32.70,0.0008,2
11,0,26,-4.37,0.4500,2
11,0,27,-26.98,0.0029,2
11,0,28,-24.32,0.0053,2
11,0,29,-10.68,0.1184,2
11,0,30,-3.85,0.4982,2
11,0,31,-47.45,0.0000,2
11,0,32,-35.36,0.0004,2
11,0,33,-36.42,0.0003,2
11,0,34,-37.83,0.0002,2
11,0,35,-39.16,0.0002,2
11,0,36,-7.62,0.2304,2
11,0,37,-28.77,0.0019,2
11,0,38,-23.18,0.0069,2
11,0,39,-42.19,0.0001,2
11,0,40,-47.78,0.0000,2
11,0,41,-50.54,0.0000,2
11,1,0,9.54,3.3202,2
11,1,1,-31.53,0.0010,2
11,1,2,51.76,17.1952,2
11,1,3,-0.03,0.9948,2
11,1,4,13.29,4.4803,2
11,1,5,-27.76,0.0024,2
11,1,6,-12.44,0.0801,2
11,1,7,30.23,10.0427,2
11,1,8,-24.22,0.0055,2
11,1,9,-15.93,0.0364,2
11,1,10,-1.71,0.7440,2
11,1,11,-0.38,0.9384,2
11,1,12,-26.41,0.0033,2
11,1,13,-17.08,0.0280,2
11,1,14,-21.00,0.0114,2
11,1,15,-20.06,0.0142,2
11,1,16,-17.00,0.0285,2
11,1,17,-26.84,0.0030,2
11,1,18,-13.61,0.0615,2
11,1,19,-1.23,0.8103,2
11,1,20,-1.58,0.7617,2
11,1,21,-34.14,0.0006,2
11,1,22,-46.86,0.0000,2
11,1,23,-30.00,0.0014,2
11,1,24,-31.05,0.0011,2
11,1,25,-32.05,0.0009,2
11,1,26,-28.82,0.0019,2
11,1,27,-21.03,0.0113,2
11,1,28,-42.68,0.0001,2
11,1,29,-29.77,0.0015,2
11,1,30,9.53,3.3170,2
11,1,31,-20.82,0.0119,2
11,1,32,-31.95,0.0009,2
11,1,33,-15.84,0.0371,2
11,1,34,-39.30,0.0002,2
11,1,35,-18.57,0.0199,2
11,1,36,2.09,1.3892,2
11,1,37,-5.76,0.3399,2
11,1,38,-5.67,0.3456,2
11,1,39,-25.80,0.0038,2
11,1,40,11.42,3.8939,2
11,1,41,-18.31,0.0211,2
11,2,0,-27.54,0.0025,2
11,2,1,-4.08,0.4762,2
11,2,2,-23.38,0.0066,2
11,2,3,-8.80,0.1785,2
11,2,4,20.46,6.8095,2
11,2,5,-0.37,0.9391,2
11,2,6,-48.45,0.0000,2
11,2,7,-17.48,0.0256,2
11,2,8,-3.48,0.5347,2
11,2,9,-22.25,0.0086,2
11,2,10,-30.89,0.0012,2
11,2,11,-13.16,0.0681,2
11,2,12,-56.01,0.0000,2
11,2,13,-28.36,0.0021,2
11,2,14,-39.86,0.0001,2
11,2,15,-49.28,0.0000,2
11,2,16,-32.51,0.0008,2
11,2,17,-43.40,0.0001,2
11,2,18,-25.33,0.0042,2
11,2,19,-58.82,0.0000,2
11,2,20,24.70,8.2099,2
11,2,21,-36.14,0.0004,2
11,2,22,-16.79,0.0299,2
11,2,23,-9.24,0.1623,2
11,2,24,-1.98,0.7086,2
11,2,25,-28.31,0.0021,2
11,2,26,-14.02,0.0560,2
11,2,27,-12.10,0.0863,2
11,2,28,-25.30,0.0042,2
11,2,29,-58.10,0.0000,2
11,2,30,1.13,1.1992,2
11,2,31,-11.89,0.0905,2
11,2,32,-17.74,0.0241,2
11,2,33,-21.02,0.0114,2
11,2,34,-4.04,0.4793,2
11,2,35,-8.15,0.2056,2
11,2,36,-43.91,0.0001,2
11,2,37,-5.68,0.3451,2
11,2,38,-39.81,0.0002,2
11,2,39,-26.32,0.0034,2
11,2,40,-5.75,0.3402,2
11,2,41,-26.90,0.0029,2
11,3,0,-15.65,0.0388,2
11,3,1,-39.44,0.0002,2
11,3,2,-41.83,0.0001,2
11,3,3,-9.26,0.1617,2
11,3,4,-33.91,0.0006,2
11,3,5,-21.85,0.0094,2
11,3,6,5.14,2.0927,2
11,3,7,5.63,2.2199,2
11,3,8,0.08,1.0127,2
11,3,9,-17.43,0.0259,2
11,3,10,-23.73,0.0061,2
11,3,11,12.55,4.2470,2
11,3,12,-33.15,0.0007,2
11,3,13,-8.51,0.1904,2
11,3,14,-23.43,0.0065,2
11,3,15,1.02,1.1795,2
11,3,16,-30.87,0.0012,2
11,3,17,-21.04,0.0113,2
11,3,18,-29.47,0.0016,2
11,3,19,-20.31,0.0134,2
11,3,20,-7.63,0.2299,2
11,3,21,-31.45,0.0010,2
11,3,22,-300.00,0.0000,2
11,3,23,-17.85,0.0235,2
11,3,24,-34.59,0.0005,2
11,3,25,-20.98,0.0115,2
11,3,26,-8.89,0.1751,2
11,3,27,-25.85,0.0037,2
11,3,28,-23.70,0.0061,2
11,3,29,-9.39,0.1571,2
11,3,30,-1.03,0.8396,2
11,3,31,-15.71,0.0383,2
11,3,32,-23.02,0.0072,2
11,3,33,-22.46,0.0082,2
11,3,34,-23.54,0.0064,2
11,3,35,-9.44,0.1555,2
11,3,36,-42.57,0.0001,2
11,3,37,-54.77,0.0000,2
11,3,38,-59.69,0.0000,2
11,3,39,-44.99,0.0000,2
11,3,40,-29.90,0.0015,2
11,3,41,-39.49,0.0002,2
11,4,0,-41.00,0.0001,2
11,4,1,-46.50,0.0000,2
11,4,2,-45.81,0.0000,2
11,4,3,-30.46,0.0013,2
11,4,4,-22.48,0.0081,2
11,4,5,-18.21,0.0216,2
11,4,6,-32.21,0.0009,2
11,4,7,-8.90,0.1750,2
11,4,8,-22.64,0.0078,2
11,4,9,-16.41,0.0326,2
11,4,10,-33.06,0.0007,2
11,4,11,-1.46,0.7775,2
11,4,12,-47.51,0.0000,2
11,4,13,-59.24,0.0000,2
11,4,14,-24.06,0.0057,2
11,4,15,-64.47,0.0000,2
11,4,16,-34.19,0.0005,2
11,4,17,-41.94,0.0001,2
11,4,18,-21.72,0.0097,2
11,4,19,-14.52,0.0500,2
11,4,20,0.08,1.0126,2
11,4,21,-64.47,0.0000,2
11,4,22,-34.07,0.0006,2
11,4,23,-12.58,0.0775,2
11,4,24,-22.40,0.0083,2
11,4,25,-15.42,0.0408,2
11,4,26,-24.20,0.0055,2
11,4,27,-30.42,0.0013,2
11,4,28,-31.35,0.0011,2
11,4,29,-9.63,0.1490,2
11,4,30,11.02,3.7709,2
11,4,31,-5.11,0.3878,2
11,4,32,-30.08,0.0014,2
11,4,33,-25.22,0.0043,2
11,4,34,-11.27,0.1038,2
11,4,35,14.61,4.9039,2
11,4,36,-26.29,0.0034,2
11,4,37,-45.54,0.0000,2
11,4,38,-37.09,0.0003,2
11,4,39,-44.01,0.0001,2
11,4,40,-64.47,0.0000,2
11,4,41,-26.51,0.0032,2
11,5,0,7.19,2.6402,2
11,5,1,-31.27,0.0011,2
11,5,2,0.22,1.0367,2
11,5,3,-6.63,0.2839,2
11,5,4,-8.24,0.2015,2
11,5,5,-37.77,0.0002,2
11,5,6,-16.31,0.0333,2
11,5,7,4.92,2.0371,2
11,5,8,-8.86,0.1765,2
11,5,9,-14.29,0.0528,2
11,5,10,-6.47,0.2935,2
11,5,11,71.22,23.6595,2
11,5,12,-25.12,0.0044,2
11,5,13,-28.92,0.0019,2
11,5,14,-15.39,0.0411,2
11,5,15,-16.11,0.0349,2
11,5,16,-21.42,0.0104,2
11,5,17,-17.75,0.0240,2
11,5,18,-20.34,0.0133,2
11,5,19,-30.11,0.0014,2
11,5,20,-20.57,0.0126,2
11,5,21,-14.45,0.0508,2
11,5,22,-28.97,0.0018,2
11,5,23,-2.25,0.6740,2
11,5,24,-48.45,0.0000,2
11,5,25,-34.24,0.0005,2
11,5,26,-37.54,0.0003,2
11,5,27,-32.72,0.0008,2
11,5,28,-15.49,0.0402,2
11,5,29,-27.41,0.0026,2
11,5,30,-23.91,0.0059,2
11,5,31,-32.55,0.0008,2
11,5,32,-33.50,0.0006,2
11,5,33,-42.37,0.0001,2
11,5,34,-27.15,0.0028,2
11,5,35,-7.52,0.2351,2
11,5,36,-4.53,0.4354,2
11,5,37,-11.45,0.0999,2
11,5,38,-28.40,0.0021,2
11,5,39,-22.82,0.0075,2
11,5,40,-13.61,0.0615,2
11,5,41,-23.77,0.0060,2
11,6,0,-39.59,0.0002,2
11,6,1,-15.96,0.0361,2
11,6,2,-64.47,0.0000,2
11,6,3,-33.49,0.0006,2
11,6,4,-43.81,0.0001,2
11,6,5,-66.23,0.0000,2
11,6,6,-27.71,0.0024,2
11,6,7,-29.07,0.0018,2
11,6,8,-35.96,0.0004,2
11,6,9,-48.52,0.0000,2
11,6,10,-31.27,0.0011,2
11,6,11,-15.90,0.0366,2
11,6,12,10.60,3.6410,2
11,6,13,-28.96,0.0018,2
11,6,14,13.08,4.4146,2
11,6,15,-21.88,0.0093,2
11,6,16,-21.34,0.0106,2
11,6,17,-13.49,0.0632,2
11,6,18,-3.39,0.5437,2
11,6,19,-6.20,0.3100,2
11,6,20,-7.38,0.2421,2
11,6,21,-28.44,0.0021,2
11,6,22,-29.14,0.0018,2
11,6,23,-6.94,0.2658,2
11,6,24,-35.07,0.0004,2
11,6,25,-32.80,0.0008,2
11,6,26,-50.49,0.0000,2
11,6,27,-52.16,0.0000,2
11,6,28,-22.81,0.0075,2
11,6,29,-14.06,0.0556,2
11,6,30,-5.34,0.3697,2
11,6,31,-39.02,0.0002,2
11,6,32,-10.85,0.1139,2
11,6,33,-19.64,0.0156,2
11,6,34,-45.05,0.0000,2
11,6,35,3.27,1.6436,2
11,6,36,-45.36,0.0000,2
11,6,37,-36.86,0.0003,2
11,6,38,-31.97,0.0009,2
11,6,39,-28.40,0.0021,2
11,6,40,-7.97,0.2138,2
11,6,41,-11.07,0.1086,2
11,7,0,-19.07,0.0178,2
11,7,1,-16.19,0.0343,2
11,7,2,-15.60,0.0392,2
11,7,3,-4.90,0.4041,2
11,7,4,-35.38,0.0004,2
11,7,5,-40.09,0.0001,2
11,7,6,-10.47,0.1239,2
11,7,7,-9.16,0.1653,2
11,7,8,-7.33,0.2449,2
11,7,9,-13.71,0.0602,2
11,7,10,-26.12,0.0035,2
11,7,11,7.16,2.6322,2
11,7,12,-31.81,0.0010,2
11,7,13,-33.83,0.0006,2
11,7,14,22.50,7.4838,2
11,7,15,-6.15,0.3133,2
11,7,16,-28.19,0.0022,2
11,7,17,5.99,2.3143,2
11,7,18,-34.45,0.0005,2
11,7,19,-47.28,0.0000,2
11,7,20,-16.37,0.0329,2
11,7,21,-40.88,0.0001,2
11,7,22,-20.80,0.0119,2
11,7,23,-3.32,0.5514,2
11,7,24,-7.45,0.2388,2
11,7,25,-17.90,0.0232,2
11,7,26,-39.45,0.0002,2
11,7,27,-14.26,0.0531,2
11,7,28,-18.00,0.0227,2
11,7,29,19.59,6.5249,2
11,7,30,-15.66,0.0387,2
11,7,31,-39.99,0.0001,2
11,7,32,-36.07,0.0004,2
11,7,33,-37.74,0.0002,2
11,7,34,-21.25,0.0108,2
11,7,35,-12.84,0.0732,2
11,7,36,-10.84,0.1141,2
11,7,37,-35.07,0.0004,2
11,7,38,-12.69,0.0756,2
11,7,39,-5.00,0.3961,2
11,7,40,-44.13,0.0001,2
11,7,41,-27.59,0.0025,2
11,8,0,-27.87,0.0024,2
11,8,1,-7.48,0.2372,2
11,8,2,-30.38,0.0013,2
11,8,3,-49.15,0.0000,2
11,8,4,-23.00,0.0072,2
11,8,5,-32.52,0.0008,2
11,8,6,-55.26,0.0000,2
11,8,7,-19.83,0.0149,2
11,8,8,-27.69,0.0025,2
11,8,9,-23.26,0.0068,2
11,8,10,-31.08,0.0011,2
11,8,11,-3.72,0.5104,2
11,8,12,-0.13,0.9788,2
11,8,13,-31.49,0.0010,2
11,8,14,-10.73,0.1169,2
11,8,15,-53.67,0.0000,2
11,8,16,-12.88,0.0724,2
11,8,17,-5.69,0.3444,2
11,8,18,-22.14,0.0088,2
11,8,19,-39.19,0.0002,2
11,8,20,17.27,5.7627,2
11,8,21,5.65,2.2239,2
11,8,22,-40.72,0.0001,2
11,8,23,-32.01,0.0009,2
11,8,24,-22.54,0.0080,2
11,8,25,-41.85,0.0001,2
11,8,26,-69.24,0.0000,2
11,8,27,-40.69,0.0001,2
11,8,28,-34.11,0.0006,2
11,8,29,-42.53,0.0001,2
11,8,30,-17.32,0.0265,2
11,8,31,-39.03,0.0002,2
11,8,32,-49.89,0.0000,2
11,8,33,-43.61,0.0001,2
11,8,34,-62.25,0.0000,2
11,8,35,-2.21,0.6788,2
11,8,36,-49.46,0.0000,2
11,8,37,-300.00,0.0000,2
11,8,38,-58.10,0.0000,2
11,8,39,-30.68,0.0012,2
11,8,40,-42.73,0.0001,2
11,8,41,-43.50,0.0001,2
11,9,0,-28.71,0.0019,2
11,9,1,-15.81,0.0374,2
11,9,2,-12.92,0.0719,2
11,9,3,-56.68,0.0000,2
11,9,4,-48.67,0.0000,2
11,9,5,-6.81,0.2733,2
11,9,6,-39.05,0.0002,2
11,9,7,-11.19,0.1056,2
11,9,8,-18.68,0.0194,2
11,9,9,-15.00,0.0449,2
11,9,10,-37.58,0.0003,2
11,9,11,13.91,4.6775,2
11,9,12,-27.05,0.0028,2
11,9,13,-41.51,0.0001,2
11,9,14,-39.02,0.0002,2
11,9,15,-48.23,0.0000,2
11,9,16,-25.87,0.0037,2
11,9,17,2.76,1.5295,2
11,9,18,1.54,1.2788,2
11,9,19,12.70,4.2956,2
11,9,20,48.91,16.2490,2
11,9,21,-27.66,0.0025,2
11,9,22,-40.32,0.0001,2
11,9,23,15.01,5.0302,2
11,9,24,-6.98,0.2637,2
11,9,25,-24.94,0.0046,2
11,9,26,-51.18,0.0000,2
11,9,27,-44.47,0.0001,2
11,9,28,-31.17,0.0011,2
11,9,29,-48.10,0.0000,2
11,9,30,-14.57,0.0496,2
11,9,31,-2.15,0.6861,2
11,9,32,5.56,2.2021,2
11,9,33,1.11,1.1961,2
11,9,34,-10.43,0.1250,2
11,9,35,1.64,1.2978,2
11,9,36,-12.42,0.0804,2
11,9,37,-32.85,0.0007,2
11,9,38,-9.46,0.1548,2
11,9,39,-32.89,0.0007,2
11,9,40,-43.91,0.0001,2
11,9,41,-14.83,0.0467,2
11,10,0,-1.91,0.7174,2
11,10,1,-5.13,0.3865,2
11,10,2,-1.07,0.8333,2
11,10,3,-8.24,0.2014,2
11,10,4,-7.78,0.2223,2
11,10,5,-19.62,0.0157,2
11,10,6,-5.00,0.3966,2
11,10,7,-30.16,0.0014,2
11,10,8,-40.02,0.0001,2
11,10,9,-26.32,0.0034,2
11,10,10,-12.78,0.0741,2
11,10,11,-12.34,0.0818,2
11,10,12,-10.97,0.1110,2
11,10,13,-39.65,0.0002,2
11,10,14,-24.87,0.0047,2
11,10,15,-16.44,0.0324,2
11,10,16,-7.03,0.2608,2
11,10,17,-11.43,0.1002,2
11,10,18,-2.66,0.6251,2
11,10,19,-18.62,0.0197,2
11,10,20,13.70,4.6123,2
11,10,21,23.82,7.9199,2
11,10,22,-25.57,0.0040,2
11,10,23,-12.24,0.0837,2
11,10,24,-5.67,0.3462,2
11,10,25,-49.89,0.0000,2
11,10,26,-21.43,0.0103,2
11,10,27,-19.10,0.0176,2
11,10,28,-30.15,0.0014,2
11,10,29,-28.43,0.0021,2
11,10,30,-0.29,0.9533,2
11,10,31,-34.06,0.0006,2
11,10,32,-35.97,0.0004,2
11,10,33,-22.71,0.0077,2
11,10,34,-18.41,0.0206,2
11,10,35,-20.14,0.0139,2
11,10,36,-39.91,0.0001,2
11,10,37,-57.20,0.0000,2
11,10,38,-18.01,0.0226,2
11,10,39,-36.61,0.0003,2
11,10,40,-15.73,0.0381,2
11,10,41,-1.55,0.7658,2
11,11,0,-300.00,0.0000,2
11,11,1,-33.03,0.0007,2
11,11,2,-63.22,0.0000,2
11,11,3,-55.43,0.0000,2
11,11,4,-44.69,0.0000,2
11,11,5,-32.57,0.0008,2
11,11,6,-44.99,0.0000,2
11,11,7,-45.07,0.0000,2
11,11,8,-28.27,0.0021,2
11,11,9,-51.38,0.0000,2
11,11,10,-45.81,0.0000,2
11,11,11,-3.88,0.4954,2
11,11,12,-24.40,0.0052,2
11,11,13,-32.87,0.0007,2
11,11,14,-62.25,0.0000,2
11,11,15,-27.15,0.0028,2
11,11,16,-24.19,0.0055,2
11,11,17,-47.42,0.0000,2
11,11,18,-15.59,0.0393,2
11,11,19,-19.72,0.0153,2
11,11,20,4.76,1.9963,2
11,11,21,-11.01,0.1100,2
11,11,22,-20.27,0.0135,2
11,11,23,-8.18,0.2044,2
11,11,24,-11.59,0.0967,2
11,11,25,-34.88,0.0005,2
11,11,26,-8.62,0.1857,2
11,11,27,-18.85,0.0187,2
11,11,28,-37.15,0.0003,2
11,11,29,-10.29,0.1290,2
11,11,30,-40.58,0.0001,2
11,11,31,-64.47,0.0000,2
11,11,32,-63.22,0.0000,2
11,11,33,-46.57,0.0000,2
11,11,34,-41.94,0.0001,2
11,11,35,-2.78,0.6113,2
11,11,36,-26.01,0.0036,2
11,11,37,-28.16,0.0022,2
11,11,38,-54.32,0.0000,2
11,11,39,-36.77,0.0003,2
11,11,40,-31.71,0.0010,2
11,11,41,-15.08,0.0441,2
11,12,0,-45.60,0.0000,2
11,12,1,-36.72,0.0003,2
11,12,2,-55.81,0.0000,2
11,12,3,-34.30,0.0005,2
11,12,4,-46.59,0.0000,2
11,12,5,-38.74,0.0002,2
11,12,6,-44.25,0.0001,2
11,12,7,-39.95,0.0001,2
11,12,8,-61.46,0.0000,2
11,12,9,-54.19,0.0000,2
11,12,10,-45.77,0.0000,2
11,12,11,-25.20,0.0044,2
11,12,12,-47.09,0.0000,2
11,12,13,-20.16,0.0138,2
11,12,14,-40.30,0.0001,2
11,12,15,-30.96,0.0012,2
11,12,16,-54.61,0.0000,2
11,12,17,-38.63,0.0002,2
11,12,18,-18.47,0.0204,2
11,12,19,-300.00,0.0000,2
11,12,20,-18.92,0.0184,2
11,12,21,-34.64,0.0005,2
11,12,22,-27.18,0.0028,2
11,12,23,5.27,2.1254,2
11,12,24,-21.07,0.0112,2
11,12,25,-35.81,0.0004,2
11,12,26,-11.04,0.1093,2
11,12,27,-26.81,0.0030,2
11,12,28,-25.80,0.0038,2
11,12,29,-32.20,0.0009,2
11,12,30,-15.57,0.0394,2
11,12,31,-44.58,0.0001,2
11,12,32,-66.23,0.0000,2
11,12,33,-57.48,0.0000,2
11,12,34,-50.37,0.0000,2
11,12,35,-44.24,0.0001,2
11,12,36,0.40,1.0672,2
11,12,37,-38.23,0.0002,2
11,12,38,-25.22,0.0043,2
11,12,39,-16.10,0.0350,2
11,12,40,-38.41,0.0002,2
11,12,41,-26.75,0.0030,2
11,13,0,-22.17,0.0087,2
11,13,1,-31.85,0.0009,2
11,13,2,-28.26,0.0022,2
11,13,3,-8.38,0.1958,2
11,13,4,-24.46,0.0052,2
11,13,5,4.14,1.8462,2
11,13,6,-17.03,0.0283,2
11,13,7,-18.93,0.0183,2
11,13,8,-11.70,0.0945,2
11,13,9,-23.92,0.0058,2
11,13,10,-54.47,0.0000,2
11,13,11,-17.91,0.0232,2
11,13,12,-42.71,0.0001,2
11,13,13,-58.45,0.0000,2
11,13,14,-46.27,0.0000,2
11,13,15,-30.89,0.0012,2
11,13,16,-24.95,0.0046,2
11,13,17,-18.81,0.0188,2
11,13,18,-32.59,0.0008,2
11,13,19,-46.88,0.0000,2
11,13,20,-0.89,0.8594,2
11,13,21,-46.91,0.0000,2
11,13,22,-25.14,0.0044,2
11,13,23,-9.11,0.1670,2
11,13,24,-14.32,0.0524,2
11,13,25,-21.97,0.0091,2
11,13,26,-6.56,0.2881,2
11,13,27,-3.43,0.5404,2
11,13,28,-30.22,0.0014,2
11,13,29,-40.62,0.0001,2
11,13,30,-0.41,0.9340,2
11,13,31,-18.78,0.0190,2
11,13,32,-36.17,0.0003,2
11,13,33,-29.06,0.0018,2
11,13,34,-15.89,0.0367,2
11,13,35,2.42,1.4573,2
11,13,36,-40.90,0.0001,2
11,13,37,-50.21,0.0000,2
11,13,38,-46.43,0.0000,2
11,13,39,-40.06,0.0001,2
11,13,40,-31.39,0.0010,2
11,13,41,-47.93,0.0000,2
11,14,0,-69.24,0.0000,2
11,14,1,-55.09,0.0000,2
11,14,2,-29.97,0.0015,2
11,14,3,-57.78,0.0000,2
11,14,4,-37.36,0.0003,2
11,14,5,-55.26,0.0000,2
11,14,6,-29.55,0.0016,2
11,14,7,-23.85,0.0059,2
11,14,8,-26.71,0.0031,2
11,14,9,-45.93,0.0000,2
11,14,10,-28.34,0.0021,2
11,14,11,-0.61,0.9027,2
11,14,12,-27.64,0.0025,2
11,14,13,-24.79,0.0048,2
11,14,14,-36.63,0.0003,2
11,14,15,-30.58,0.0013,2
11,14,16,-29.69,0.0015,2
11,14,17,-44.81,0.0000,2
11,14,18,-38.75,0.0002,2
11,14,19,-31.49,0.0010,2
11,14,20,-40.59,0.0001,2
11,14,21,-21.16,0.0110,2
11,14,22,-48.13,0.0000,2
11,14,23,-24.47,0.0052,2
11,14,24,-39.10,0.0002,2
11,14,25,-17.30,0.0266,2
11,14,26,-54.32,0.0000,2
11,14,27,-27.99,0.0023,2
11,14,28,-36.39,0.0003,2
11,14,29,5.01,2.0597,2
11,14,30,-17.53,0.0252,2
11,14,31,-22.61,0.0079,2
11,14,32,-50.72,0.0000,2
11,14,33,-51.68,0.0000,2
11,14,34,-26.03,0.0036,2
11,14,35,-8.49,0.1910,2
11,14,36,-45.22,0.0000,2
11,14,37,-55.81,0.0000,2
11,14,38,-31.38,0.0010,2
11,14,39,-25.11,0.0044,2
11,14,40,-49.94,0.0000,2
11,14,41,-34.18,0.0006,2
11,15,0,-11.52,0.0983,2
11,15,1,-48.16,0.0000,2
11,15,2,-24.22,0.0054,2
11,15,3,-13.14,0.0684,2
11,15,4,-9.67,0.1478,2
11,15,5,-8.38,0.1956,2
11,15,6,-7.92,0.2159,2
11,15,7,-1.62,0.7563,2
11,15,8,-18.97,0.0182,2
11,15,9,-14.77,0.0473,2
11,15,10,-18.90,0.0185,2
11,15,11,3.47,1.6878,2
11,15,12,-18.32,0.0211,2
11,15,13,-20.68,0.0123,2
11,15,14,-10.22,0.1311,2
11,15,15,-47.39,0.0000,2
11,15,16,-38.05,0.0002,2
11,15,17,-34.94,0.0005,2
11,15,18,-24.78,0.0048,2
11,15,19,-29.32,0.0017,2
11,15,20,-5.06,0.3918,2
11,15,21,-36.36,0.0003,2
11,15,22,-29.30,0.0017,2
11,15,23,-9.48,0.1541,2
11,15,24,-15.84,0.0371,2
11,15,25,-31.15,0.0011,2
11,15,26,0.82,1.1427,2
11,15,27,-10.64,0.1194,2
11,15,28,-6.94,0.2660,2
11,15,29,-8.04,0.2103,2
11,15,30,94.18,31.2850,2
11,15,31,9.33,3.2585,2
11,15,32,9.15,3.2055,2
11,15,33,56.11,18.6402,2
11,15,34,-20.13,0.0139,2
11,15,35,43.22,14.3585,2
11,15,36,-17.35,0.0263,2
11,15,37,-18.85,0.0187,2
11,15,38,-19.30,0.0169,2
11,15,39,-6.95,0.2652,2
11,15,40,-10.64,0.1195,2
11,15,41,-20.64,0.0124,2
11,16,0,-56.23,0.0000,2
11,16,1,-44.01,0.0001,2
11,16,2,-47.42,0.0000,2
11,16,3,-38.82,0.0002,2
11,16,4,-53.22,0.0000,2
11,16,5,-60.21,0.0000,2
11,16,6,-49.51,0.0000,2
11,16,7,-28.08,0.0022,2
11,16,8,-55.09,0.0000,2
11,16,9,-46.31,0.0000,2
11,16,10,-43.97,0.0001,2
11,16,11,-16.28,0.0336,2
11,16,12,-37.50,0.0003,2
11,16,13,-34.86,0.0005,2
11,16,14,-42.44,0.0001,2
11,16,15,-32.07,0.0009,2
11,16,16,-24.30,0.0053,2
11,16,17,-29.74,0.0015,2
11,16,18,-40.69,0.0001,2
11,16,19,-4.69,0.4218,2
11,16,20,0.17,1.0289,2
11,16,21,-35.72,0.0004,2
11,16,22,-44.61,0.0000,2
11,16,23,-40.52,0.0001,2
11,16,24,-43.14,0.0001,2
11,16,25,-35.16,0.0004,2
11,16,26,-32.03,0.0009,2
11,16,27,-48.94,0.0000,2
11,16,28,-16.49,0.0320,2
11,16,29,-55.09,0.0000,2
11,16,30,-18.39,0.0208,2
11,16,31,-28.25,0.0022,2
11,16,32,-20.48,0.0129,2
11,16,33,12.75,4.3112,2
11,16,34,-48.52,0.0000,2
11,16,35,-15.07,0.0442,2
11,16,36,-12.76,0.0744,2
11,16,37,-39.26,0.0002,2
11,16,38,-29.70,0.0015,2
11,16,39,-15.88,0.0367,2
11,16,40,-25.92,0.0037,2
11,16,41,-19.97,0.0144,2
11,17,0,-60.79,0.0000,2
11,17,1,-38.66,0.0002,2
11,17,2,-40.36,0.0001,2
11,17,3,-25.16,0.0044,2
11,17,4,-43.27,0.0001,2
11,17,5,-42.85,0.0001,2
11,17,6,-34.59,0.0005,2
11,17,7,-1.40,0.7862,2
11,17,8,7.40,2.6987,2
11,17,9,-11.65,0.0955,2
11,17,10,-38.20,0.0002,2
11,17,11,-0.72,0.8859,2
11,17,12,-40.16,0.0001,2
11,17,13,-41.33,0.0001,2
11,17,14,-47.56,0.0000,2
11,17,15,-49.46,0.0000,2
11,17,16,-29.16,0.0018,2
11,17,17,-22.42,0.0082,2
11,17,18,-23.64,0.0062,2
11,17,19,0.58,1.0992,2
11,17,20,-10.80,0.1153,2
11,17,21,-22.60,0.0079,2
11,17,22,-28.79,0.0019,2
11,17,23,-11.06,0.1087,2
11,17,24,-43.32,0.0001,2
11,17,25,-30.17,0.0014,2
11,17,26,-28.29,0.0021,2
11,17,27,-32.58,0.0008,2
11,17,28,-11.14,0.1069,2
11,17,29,-36.37,0.0003,2
11,17,30,11.19,3.8229,2
11,17,31,-12.97,0.0710,2
11,17,32,-11.97,0.0888,2
11,17,33,27.64,9.1857,2
11,17,34,-4.57,0.4318,2
11,17,35,11.85,4.0269,2
11,17,36,-40.56,0.0001,2
11,17,37,-51.04,0.0000,2
11,17,38,-39.87,0.0001,2
11,17,39,-36.63,0.0003,2
11,17,40,-21.71,0.0097,2
11,17,41,-60.79,0.0000,2
11,18,0,-30.27,0.0014,2
11,18,1,-32.35,0.0008,2
11,18,2,-32.66,0.0008,2
11,18,3,-38.69,0.0002,2
11,18,4,-24.58,0.0050,2
11,18,5,-39.43,0.0002,2
11,18,6,-63.22,0.0000,2
11,18,7,0.23,1.0386,2
11,18,8,-47.09,0.0000,2
11,18,9,-41.81,0.0001,2
11,18,10,-33.64,0.0006,2
11,18,11,-8.30,0.1989,2
11,18,12,-60.21,0.0000,2
11,18,13,-30.49,0.0013,2
11,18,14,-56.93,0.0000,2
11,18,15,-58.82,0.0000,2
11,18,16,-57.48,0.0000,2
11,18,17,-66.23,0.0000,2
11,18,18,-47.53,0.0000,2
11,18,19,-35.16,0.0004,2
11,18,20,-43.43,0.0001,2
11,18,21,-57.78,0.0000,2
11,18,22,-57.78,0.0000,2
11,18,23,-12.58,0.0776,2
11,18,24,-61.46,0.0000,2
11,18,25,-300.00,0.0000,2
11,18,26,-69.24,0.0000,2
11,18,27,-56.93,0.0000,2
11,18,28,-57.48,0.0000,2
11,18,29,-60.21,0.0000,2
11,18,30,-22.53,0.0080,2
11,18,31,-41.78,0.0001,2
11,18,32,-32.39,0.0008,2
11,18,33,-300.00,0.0000,2
11,18,34,-40.87,0.0001,2
11,18,35,-31.03,0.0011,2
11,18,36,-4.91,0.4033,2
11,18,37,-9.15,0.1657,2
11,18,38,-24.77,0.0048,2
11,18,39,-23.40,0.0066,2
11,18,40,-26.30,0.0034,2
11,18,41,-38.89,0.0002,2
11,19,0,-300.00,0.0000,2
11,19,1,-300.00,0.0000,2
11,19,2,-53.67,0.0000,2
11,19,3,-300.00,0.0000,2
11,19,4,-44.34,0.0001,2
11,19,5,-300.00,0.0000,2
11,19,6,-48.16,0.0000,2
11,19,7,-40.97,0.0001,2
11,19,8,-46.98,0.0000,2
11,19,9,-50.15,0.0000,2
11,19,10,-38.04,0.0002,2
11,19,11,-5.82,0.3356,2
11,19,12,-45.22,0.0000,2
11,19,13,-33.16,0.0007,2
11,19,14,-46.14,0.0000,2
11,19,15,-11.56,0.0973,2
11,19,16,-300.00,0.0000,2
11,19,17,-38.86,0.0002,2
11,19,18,-43.42,0.0001,2
11,19,19,-18.60,0.0198,2
11,19,20,-0.19,0.9686,2
11,19,21,-41.12,0.0001,2
11,19,22,-32.09,0.0009,2
11,19,23,3.84,1.7739,2
11,19,24,-27.64,0.0025,2
11,19,25,-14.60,0.0491,2
11,19,26,-37.59,0.0003,2
11,19,27,-30.36,0.0013,2
11,19,28,-29.27,0.0017,2
11,19,29,-24.15,0.0055,2
11,19,30,-27.05,0.0028,2
11,19,31,-48.82,0.0000,2
11,19,32,-51.76,0.0000,2
11,19,33,-300.00,0.0000,2
11,19,34,-37.46,0.0003,2
11,19,35,-53.67,0.0000,2
11,19,36,-34.36,0.0005,2
11,19,37,-16.20,0.0342,2
11,19,38,-2.88,0.6001,2
11,19,39,-12.03,0.0877,2
11,19,40,-59.24,0.0000,2
11,19,41,-42.77,0.0001,2
11,20,0,-37.74,0.0002,2
11,20,1,-47.71,0.0000,2
11,20,2,-34.42,0.0005,2
11,20,3,-30.87,0.0012,2
11,20,4,-23.88,0.0059,2
11,20,5,-42.68,0.0001,2
11,20,6,-20.96,0.0115,2
11,20,7,-7.72,0.2252,2
11,20,8,-61.46,0.0000,2
11,20,9,-64.47,0.0000,2
11,20,10,-47.36,0.0000,2
11,20,11,-27.93,0.0023,2
11,20,12,-33.32,0.0007,2
11,20,13,-19.98,0.0144,2
11,20,14,-19.55,0.0159,2
11,20,15,-29.94,0.0015,2
11,20,16,-42.47,0.0001,2
11,20,17,-19.99,0.0144,2
11,20,18,-44.16,0.0001,2
11,20,19,-51.60,0.0000,2
11,20,20,-42.14,0.0001,2
11,20,21,-42.58,0.0001,2
11,20,22,-54.32,0.0000,2
11,20,23,-0.25,0.9588,2
11,20,24,-31.14,0.0011,2
11,20,25,-19.25,0.0171,2
11,20,26,-31.19,0.0011,2
11,20,27,-60.21,0.0000,2
11,20,28,-32.49,0.0008,2
11,20,29,-26.82,0.0030,2
11,20,30,-23.23,0.0068,2
11,20,31,-21.57,0.0100,2
11,20,32,-23.12,0.0070,2
11,20,33,-23.60,0.0063,2
11,20,34,-58.45,0.0000,2
11,20,35,-14.10,0.0551,2
11,20,36,-23.27,0.0068,2
11,20,37,1.32,1.2356,2
11,20,38,-19.28,0.0169,2
11,20,39,-44.77,0.0000,2
11,20,40,-4.67,0.4237,2
11,20,41,-7.25,0.2490,2
12,0,0,-5.62,0.3496,2
12,0,1,13.82,4.6482,2
12,0,2,-29.60,0.0016,2
12,0,3,-23.08,0.0071,2
12,0,4,8.86,3.1189,2
12,0,5,0.53,1.0907,2
12,0,6,-33.53,0.0006,2
12,0,7,-7.22,0.2505,2
12,0,8,-45.83,0.0000,2
12,0,9,-18.44,0.0205,2
12,0,10,-19.32,0.0168,2
12,0,11,11.64,3.9619,2
12,0,12,-14.56,0.0496,2
12,0,13,-20.42,0.0130,2
12,0,14,-16.10,0.0350,2
12,0,15,-21.42,0.0104,2
12,0,16,-20.01,0.0143,2
12,0,17,-10.03,0.1367,2
12,0,18,-10.45,0.1246,2
12,0,19,-38.45,0.0002,2
12,0,20,11.19,3.8243,2
12,0,21,3.64,1.7276,2
12,0,22,-25.98,0.0036,2
12,0,23,3.98,1.8082,2
12,0,24,-9.58,0.1509,2
12,0,25,-32.70,0.0008,2
12,0,26,-4.37,0.4500,2
12,0,27,-26.98,0.0029,2
12,0,28,-24.32,0.0053,2
12,0,29,-10.68,0.1184,2
12,0,30,-3.85,0.4982,2
12,0,31,-47.45,0.0000,2
12,0,32,-35.36,0.0004,2
12,0,33,-36.42,0.0003,2
12,0,34,-37.83,0.0002,2
12,0,35,-39.16,0.0002,2
12,0,36,-7.62,0.2304,2
12,0,37,-28.77,0.0019,2
12,0,38,-23.18,0.0069,2
12,0,39,-42.19,0.0001,2
12,0,40,-47.78,0.0000,2
12,0,41,-50.54,0.0000,2
12,1,0,9.54,3.3202,2
12,1,1,-31.53,0.0010,2
12,1,2,51.76,17.1952,2
12,1,3,-0.03,0.9948,2
12,1,4,13.29,4.4803,2
12,1,5,-27.76,0.0024,2
12,1,6,-12.44,0.0801,2
12,1,7,30.23,10.0427,2
12,1,8,-24.22,0.0055,2
12,1,9,-15.93,0.0364,2
12,1,10,-1.71,0.7440,2
12,1,11,-0.38,0.9384,2
12,1,12,-26.41,0.0033,2
12,1,13,-17.08,0.0280,2
12,1,14,-21.00,0.0114,2
12,1,15,-20.06,0.0142,2
12,1,16,-17.00,0.0285,2
12,1,17,-26.84,0.0030,2
12,1,18,-13.61,0.0615,2
12,1,19,-1.23,0.8103,2
12,1,20,-1.58,0.7617,2
12,1,21,-34.14,0.0006,2
12,1,22,-46.86,0.0000,2
12,1,23,-30.00,0.0014,2
12,1,24,-31.05,0.0011,2
12,1,25,-32.05,0.0009,2
12,1,26,-28.82,0.0019,2
12,1,27,-21.03,0.0113,2
12,1,28,-42.68,0.0001,2
12,1,29,-29.77,0.0015,2
12,1,30,9.53,3.3170,2
12,1,31,-20.82,0.0119,2
12,1,32,-31.95,0.0009,2
12,1,33,-15.84,0.0371,2
12,1,34,-39.30,0.0002,2
12,1,35,-18.57,0.0199,2
12,1,36,2.09,1.3892,2
12,1,37,-5.76,0.3399,2
12,1,38,-5.67,0.3456,2
12,1,39,-25.80,0.0038,2
12,1,40,11.42,3.8939,2
12,1,41,-18.31,0.0211,2
12,2,0,-27.54,0.0025,2
12,2,1,-4.08,0.4762,2
12,2,2,-23.38,0.0066,2
12,2,3,-8.80,0.1785,2
12,2,4,20.46,6.8095,2
12,2,5,-0.37,0.9391,2
12,2,6,-48.45,0.0000,2
12,2,7,-17.48,0.0256,2
12,2,8,-3.48,0.5347,2
12,2,9,-22.25,0.0086,2
12,2,10,-30.89,0.0012,2
12,2,11,-13.16,0.0681,2
12,2,12,-56.01,0.0000,2
12,2,13,-28.36,0.0021,2
12,2,14,-39.86,0.0001,2
12,2,15,-49.28,0.0000,2
12,2,16,-32.51,0.0008,2
12,2,17,-43.40,0.0001,2
12,2,18,-25.33,0.0042,2
12,2,19,-58.82,0.0000,2
12,2,20,24.70,8.2099,2
12,2,21,-36.14,0.0004,2
12,2,22,-16.79,0.0299,2
12,2,23,-9.24,0.1623,2
12,2,24,-1.98,0.7086,2
12,2,25,-28.31,0.0021,2
12,2,26,-14.02,0.0560,2
12,2,27,-12.10,0.0863,2
12,2,28,-25.30,0.0042,2
12,2,29,-58.10,0.0000,2
12,2,30,1.13,1.1992,2
12,2,31,-11.89,0.0905,2
12,2,32,-17.74,0.0241,2
12,2,33,-21.02,0.0114,2
12,2,34,-4.04,0.4793,2
12,2,35,-8.15,0.2056,2
12,2,36,-43.91,0.0001,2
12,2,37,-5.68,0.3451,2
12,2,38,-39.81,0.0002,2
12,2,39,-26.32,0.0034,2
12,2,40,-5.75,0.3402,2
12,2,41,-26.90,0.0029,2
12,3,0,-15.65,0.0388,2
12,3,1,-39.44,0.0002,2
12,3,2,-41.83,0.0001,2
12,3,3,-9.26,0.1617,2
12,3,4,-33.91,0.0006,2
12,3,5,-21.85,0.0094,2
12,3,6,5.14,2.0927,2
12,3,7,5.63,2.2199,2
12,3,8,0.08,1.0127,2
12,3,9,-17.43,0.0259,2
12,3,10,-23.73,0.0061,2
12,3,11,12.55,4.2470,2
12,3,12,-33.15,0.0007,2
12,3,13,-8.51,0.1904,2
12,3,14,-23.43,0.0065,2
12,3,15,1.02,1.1795,2
12,3,16,-30.87,0.0012,2
12,3,17,-21.04,0.0113,2
12,3,18,-29.47,0.0016,2
12,3,19,-20.31,0.0134,2
12,3,20,-7.63,0.2299,2
12,3,21,-31.45,0.0010,2
12,3,22,-300.00,0.0000,2
12,3,23,-17.85,0.0235,2
12,3,24,-34.59,0.0005,2
12,3,25,-20.98,0.0115,2
12,3,26,-8.89,0.1751,2
12,3,27,-25.85,0.0037,2
12,3,28,-23.70,0.0061,2
12,3,29,-9.39,0.1571,2
12,3,30,-1.03,0.8396,2
12,3,31,-15.71,0.0383,2
12,3,32,-23.02,0.0072,2
12,3,33,-22.46,0.0082,2
12,3,34,-23.54,0.0064,2
12,3,35,-9.44,0.1555,2
12,3,36,-42.57,0.0001,2
12,3,37,-54.77,0.0000,2
12,3,38,-59.69,0.0000,2
12,3,39,-44.99,0.0000,2
12,3,40,-29.90,0.0015,2
12,3,41,-39.49,0.0002,2
12,4,0,-41.00,0.0001,2
12,4,1,-46.50,0.0000,2
12,4,2,-45.81,0.0000,2
12,4,3,-30.46,0.0013,2
12,4,4,-22.48,0.0081,2
12,4,5,-18.21,0.0216,2
12,4,6,-32.21,0.0009,2
12,4,7,-8.90,0.1750,2
12,4,8,-22.64,0.0078,2
12,4,9,-16.41,0.0326,2
12,4,10,-33.06,0.0007,2
12,4,11,-1.46,0.7775,2
12,4,12,-47.51,0.0000,2
12,4,13,-59.24,0.0000,2
12,4,14,-24.06,0.0057,2
12,4,15,-64.47,0.0000,2
12,4,16,-34.19,0.0005,2
12,4,17,-41.94,0.0001,2
12,4,18,-21.72,0.0097,2
12,4,19,-14.52,0.0500,2
12,4,20,0.08,1.0126,2
12,4,21,-64.47,0.0000,2
12,4,22,-34.07,0.0006,2
12,4,23,-12.58,0.0775,2
12,4,24,-22.40,0.0083,2
12,4,25,-15.42,0.0408,2
12,4,26,-24.20,0.0055,2
12,4,27,-30.42,0.0013,2
12,4,28,-31.35,0.0011,2
12,4,29,-9.63,0.1490,2
12,4,30,11.02,3.7709,2
12,4,31,-5.11,0.3878,2
12,4,32,-30.08,0.0014,2
12,4,33,-25.22,0.0043,2
12,4,34,-11.27,0.1038,2
12,4,35,14.61,4.9039,2
12,4,36,-26.29,0.0034,2
12,4,37,-45.54,0.0000,2
12,4,38,-37.09,0.0003,2
12,4,39,-44.01,0.0001,2
12,4,40,-64.47,0.0000,2
12,4,41,-26.51,0.0032,2
12,5,0,7.19,2.6402,2
12,5,1,-31.27,0.0011,2
12,5,2,0.22,1.0367,2
12,5,3,-6.63,0.2839,2
12,5,4,-8.24,0.2015,2
12,5,5,-37.77,0.0002,2
12,5,6,-16.31,0.0333,2
12,5,7,4.92,2.0371,2
12,5,8,-8.86,0.1765,2
12,5,9,-14.29,0.0528,2
12,5,10,-6.47,0.2935,2
12,5,11,71.22,23.6595,2
12,5,12,-25.12,0.0044,2
12,5,13,-28.92,0.0019,2
12,5,14,-15.39,0.0411,2
12,5,15,-16.11,0.0349,2
12,5,16,-21.42,0.0104,2
12,5,17,-17.75,0.0240,2
12,5,18,-20.34,0.0133,2
12,5,19,-30.11,0.0014,2
12,5,20,-20.57,0.0126,2
12,5,21,-14.45,0.0508,2
12,5,22,-28.97,0.0018,2
12,5,23,-2.25,0.6740,2
12,5,24,-48.45,0.0000,2
12,5,25,-34.24,0.0005,2
12,5,26,-37.54,0.0003,2
12,5,27,-32.72,0.0008,2
12,5,28,-15.49,0.0402,2
12,5,29,-27.41,0.0026,2
12,5,30,-23.91,0.0059,2
12,5,31,-32.55,0.0008,2
12,5,32,-33.50,0.0006,2
12,5,33,-42.37,0.0001,2
12,5,34,-27.15,0.0028,2
12,5,35,-7.52,0.2351,2
12,5,36,-4.53,0.4354,2
12,5,37,-11.45,0.0999,2
12,5,38,-28.40,0.0021,2
12,5,39,-22.82,0.0075,2
12,5,40,-13.61,0.0615,2
12,5,41,-23.77,0.0060,2
12,6,0,-39.59,0.0002,2
12,6,1,-15.96,0.0361,2
12,6,2,-64.47,0.0000,2
12,6,3,-33.49,0.0006,2
12,6,4,-43.81,0.0001,2
12,6,5,-66.23,0.0000,2
12,6,6,-27.71,0.0024,2
12,6,7,-29.07,0.0018,2
12,6,8,-35.96,0.0004,2
12,6,9,-48.52,0.0000,2
12,6,10,-31.27,0.0011,2
12,6,11,-15.90,0.0366,2
12,6,12,10.60,3.6410,2
12,6,13,-28.96,0.0018,2
12,6,14,13.08,4.4146,2
12,6,15,-21.88,0.0093,2
12,6,16,-21.34,0.0106,2
12,6,17,-13.49,0.0632,2
12,6,18,-3.39,0.5437,2
12,6,19,-6.20,0.3100,2
12,6,20,-7.38,0.2421,2
12,6,21,-28.44,0.0021,2
12,6,22,-29.14,0.0018,2
12,6,23,-6.94,0.2658,2
12,6,24,-35.07,0.0004,2
12,6,25,-32.80,0.0008,2
12,6,26,-50.49,0.0000,2
12,6,27,-52.16,0.0000,2
12,6,28,-22.81,0.0075,2
12,6,29,-14.06,0.0556,2
12,6,30,-5.34,0.3697,2
12,6,31,-39.02,0.0002,2
12,6,32,-10.85,0.1139,2
12,6,33,-19.64,0.0156,2
12,6,34,-45.05,0.0000,2
12,6,35,3.27,1.6436,2
12,6,36,-45.36,0.0000,2
12,6,37,-36.86,0.0003,2
12,6,38,-31.97,0.0009,2
12,6,39,-28.40,0.0021,2
12,6,40,-7.97,0.2138,2
12,6,41,-11.07,0.1086,2
12,7,0,-19.07,0.0178,2
12,7,1,-16.19,0.0343,2
12,7,2,-15.60,0.0392,2
12,7,3,-4.90,0.4041,2
12,7,4,-35.38,0.0004,2
12,7,5,-40.09,0.0001,2
12,7,6,-10.47,0.1239,2
12,7,7,-9.16,0.1653,2
12,7,8,-7.33,0.2449,2
12,7,9,-13.71,0.0602,2
12,7,10,-26.12,0.0035,2
12,7,11,7.16,2.6322,2
12,7,12,-31.81,0.0010,2
12,7,13,-33.83,0.0006,2
12,7,14,22.50,7.4838,2
12,7,15,-6.15,0.3133,2
12,7,16,-28.19,0.0022,2
12,7,17,5.99,2.3143,2
12,7,18,-34.45,0.0005,2
12,7,19,-47.28,0.0000,2
12,7,20,-16.37,0.0329,2
12,7,21,-40.88,0.0001,2
12,7,22,-20.80,0.0119,2
12,7,23,-3.32,0.5514,2
12,7,24,-7.45,0.2388,2
12,7,25,-17.90,0.0232,2
12,7,26,-39.45,0.0002,2
12,7,27,-14.26,0.0531,2
12,7,28,-18.00,0.0227,2
12,7,29,19.59,6.5249,2
12,7,30,-15.66,0.0387,2
12,7,31,-39.99,0.0001,2
12,7,32,-36.07,0.0004,2
12,7,33,-37.74,0.0002,2
12,7,34,-21.25,0.0108,2
12,7,35,-12.84,0.0732,2
12,7,36,-10.84,0.1141,2
12,7,37,-35.07,0.0004,2
12,7,38,-12.69,0.0756,2
12,7,39,-5.00,0.3961,2
12,7,40,-44.13,0.0001,2
12,7,41,-27.59,0.0025,2
12,8,0,-27.87,0.0024,2
12,8,1,-7.48,0.2372,2
12,8,2,-30.38,0.0013,2
12,8,3,-49.15,0.0000,2
12,8,4,-23.00,0.0072,2
12,8,5,-32.52,0.0008,2
12,8,6,-55.26,0.0000,2
12,8,7,-19.83,0.0149,2
12,8,8,-27.69,0.0025,2
12,8,9,-23.26,0.0068,2
12,8,10,-31.08,0.0011,2
12,8,11,-3.72,0.5104,2
12,8,12,-0.13,0.9788,2
12,8,13,-31.49,0.0010,2
12,8,14,-10.73,0.1169,2
12,8,15,-53.67,0.0000,2
12,8,16,-12.88,0.0724,2
12,8,17,-5.69,0.3444,2
12,8,18,-22.14,0.0088,2
12,8,19,-39.19,0.0002,2
12,8,20,17.27,5.7627,2
12,8,21,5.65,2.2239,2
12,8,22,-40.72,0.0001,2
12,8,23,-32.01,0.0009,2
12,8,24,-22.54,0.0080,2
12,8,25,-41.85,0.0001,2
12,8,26,-69.24,0.0000,2
12,8,27,-40.69,0.0001,2
12,8,28,-34.11,0.0006,2
12,8,29,-42.53,0.0001,2
12,8,30,-17.32,0.0265,2
12,8,31,-39.03,0.0002,2
12,8,32,-49.89,0.0000,2
12,8,33,-43.61,0.0001,2
12,8,34,-62.25,0.0000,2
12,8,35,-2.21,0.6788,2
12,8,36,-49.46,0.0000,2
12,8,37,-300.00,0.0000,2
12,8,38,-58.10,0.0000,2
12,8,39,-30.68,0.0012,2
12,8,40,-42.73,0.0001,2
12,8,41,-43.50,0.0001,2
12,9,0,-28.71,0.0019,2
12,9,1,-15.81,0.0374,2
12,9,2,-12.92,0.0719,2
12,9,3,-56.68,0.0000,2
12,9,4,-48.67,0.0000,2
12,9,5,-6.81,0.2733,2
12,9,6,-39.05,0.0002,2
12,9,7,-11.19,0.1056,2
12,9,8,-18.68,0.0194,2
12,9,9,-15.00,0.0449,2
12,9,10,-37.58,0.0003,2
12,9,11,13.91,4.6775,2
12,9,12,-27.05,0.0028,2
12,9,13,-41.51,0.0001,2
12,9,14,-39.02,0.0002,2
12,9,15,-48.23,0.0000,2
12,9,16,-25.87,0.0037,2
12,9,17,2.76,1.5295,2
12,9,18,1.54,1.2788,2
12,9,19,12.70,4.2956,2
12,9,20,48.91,16.2490,2
12,9,21,-27.66,0.0025,2
12,9,22,-40.32,0.0001,2
12,9,23,15.01,5.0302,2
12,9,24,-6.98,0.2637,2
12,9,25,-24.94,0.0046,2
12,9,26,-51.18,0.0000,2
12,9,27,-44.47,0.0001,2
12,9,28,-31.17,0.0011,2
12,9,29,-48.10,0.0000,2
12,9,30,-14.57,0.0496,2
12,9,31,-2.15,0.6861,2
12,9,32,5.56,2.2021,2
12,9,33,1.11,1.1961,2
12,9,34,-10.43,0.1250,2
12,9,35,1.64,1.2978,2
12,9,36,-12.42,0.0804,2
12,9,37,-32.85,0.0007,2
12,9,38,-9.46,0.1548,2
12,9,39,-32.89,0.0007,2
12,9,40,-43.91,0.0001,2
12,9,41,-14.83,0.0467,2
12,10,0,-1.91,0.7174,2
12,10,1,-5.13,0.3865,2
12,10,2,-1.07,0.8333,2
12,10,3,-8.24,0.2014,2
12,10,4,-7.78,0.2223,2
12,10,5,-19.62,0.0157,2
12,10,6,-5.00,0.3966,2
12,10,7,-30.16,0.0014,2
12,10,8,-40.02,0.0001,2
12,10,9,-26.32,0.0034,2
12,10,10,-12.78,0.0741,2
12,10,11,-12.34,0.0818,2
12,10,12,-10.97,0.1110,2
12,10,13,-39.65,0.0002,2
12,10,14,-24.87,0.0047,2
12,10,15,-16.44,0.0324,2
12,10,16,-7.03,0.2608,2
12,10,17,-11.43,0.1002,2
12,10,18,-2.66,0.6251,2
12,10,19,-18.62,0.0197,2
12,10,20,13.70,4.6123,2
12,10,21,23.82,7.9199,2
12,10,22,-25.57,0.0040,2
12,10,23,-12.24,0.0837,2
12,10,24,-5.67,0.3462,2
12,10,25,-49.89,0.0000,2
12,10,26,-21.43,0.0103,2
12,10,27,-19.10,0.0176,2
12,10,28,-30.15,0.0014,2
12,10,29,-28.43,0.0021,2
12,10,30,-0.29,0.9533,2
12,10,31,-34.06,0.0006,2
12,10,32,-35.97,0.0004,2
12,10,33,-22.71,0.0077,2
12,10,34,-18.41,0.0206,2
12,10,35,-20.14,0.0139,2
12,10,36,-39.91,0.0001,2
12,10,37,-57.20,0.0000,2
12,10,38,-18.01,0.0226,2
12,10,39,-36.61,0.0003,2
12,10,40,-15.73,0.0381,2
12,10,41,-1.55,0.7658,2
12,11,0,-300.00,0.0000,2
12,11,1,-33.03,0.0007,2
12,11,2,-63.22,0.0000,2
12,11,3,-55.43,0.0000,2
12,11,4,-44.69,0.0000,2
12,11,5,-32.57,0.0008,2
12,11,6,-44.99,0.0000,2
12,11,7,-45.07,0.0000,2
12,11,8,-28.27,0.0021,2
12,11,9,-51.38,0.0000,2
12,11,10,-45.81,0.0000,2
12,11,11,-3.88,0.4954,2
12,11,12,-24.40,0.0052,2
12,11,13,-32.87,0.0007,2
12,11,14,-62.25,0.0000,2
12,11,15,-27.15,0.0028,2
12,11,16,-24.19,0.0055,2
12,11,17,-47.42,0.0000,2
12,11,18,-15.59,0.0393,2
12,11,19,-19.72,0.0153,2
12,11,20,4.76,1.9963,2
12,11,21,-11.01,0.1100,2
12,11,22,-20.27,0.0135,2
12,11,23,-8.18,0.2044,2
12,11,24,-11.59,0.0967,2
12,11,25,-34.88,0.0005,2
12,11,26,-8.62,0.1857,2
12,11,27,-18.85,0.0187,2
12,11,28,-37.15,0.0003,2
12,11,29,-10.29,0.1290,2
12,11,30,-40.58,0.0001,2
12,11,31,-64.47,0.0000,2
12,11,32,-63.22,0.0000,2
12,11,33,-46.57,0.0000,2
12,11,34,-41.94,0.0001,2
12,11,35,-2.78,0.6113,2
12,11,36,-26.01,0.0036,2
12,11,37,-28.16,0.0022,2
12,11,38,-54.32,0.0000,2
12,11,39,-36.77,0.0003,2
12,11,40,-31.71,0.0010,2
12,11,41,-15.08,0.0441,2
12,12,0,-45.60,0.0000,2
12,12,1,-36.72,0.0003,2
12,12,2,-55.81,0.0000,2
12,12,3,-34.30,0.0005,2
12,12,4,-46.59,0.0000,2
12,12,5,-38.74,0.0002,2
12,12,6,-44.25,0.0001,2
12,12,7,-39.95,0.0001,2
12,12,8,-61.46,0.0000,2
12,12,9,-54.19,0.0000,2
12,12,10,-45.77,0.0000,2
12,12,11,-25.20,0.0044,2
12,12,12,-47.09,0.0000,2
12,12,13,-20.16,0.0138,2
12,12,14,-40.30,0.0001,2
12,12,15,-30.96,0.0012,2
12,12,16,-54.61,0.0000,2
12,12,17,-38.63,0.0002,2
12,12,18,-18.47,0.0204,2
12,12,19,-300.00,0.0000,2
12,12,20,-18.92,0.0184,2
12,12,21,-34.64,0.0005,2
12,12,22,-27.18,0.0028,2
12,12,23,5.27,2.1254,2
12,12,24,-21.07,0.0112,2
12,12,25,-35.81,0.0004,2
12,12,26,-11.04,0.1093,2
12,12,27,-26.81,0.0030,2
12,12,28,-25.80,0.0038,2
12,12,29,-32.20,0.0009,2
12,12,30,-15.57,0.0394,2
12,12,31,-44.58,0.0001,2
12,12,32,-66.23,0.0000,2
12,12,33,-57.48,0.0000,2
12,12,34,-50.37,0.0000,2
12,12,35,-44.24,0.0001,2
12,12,36,0.40,1.0672,2
12,12,37,-38.23,0.0002,2
12,12,38,-25.22,0.0043,2
12,12,39,-16.10,0.0350,2
12,12,40,-38.41,0.0002,2
12,12,41,-26.75,0.0030,2
12,13,0,-22.17,0.0087,2
12,13,1,-31.85,0.0009,2
12,13,2,-28.26,0.0022,2
12,13,3,-8.38,0.1958,2
12,13,4,-24.46,0.0052,2
12,13,5,4.14,1.8462,2
12,13,6,-17.03,0.0283,2
12,13,7,-18.93,0.0183,2
12,13,8,-11.70,0.0945,2
12,13,9,-23.92,0.0058,2
12,13,10,-54.47,0.0000,2
12,13,11,-17.91,0.0232,2
12,13,12,-42.71,0.0001,2
12,13,13,-58.45,0.0000,2
12,13,14,-46.27,0.0000,2
12,13,15,-30.89,0.0012,2
12,13,16,-24.95,0.0046,2
12,13,17,-18.81,0.0188,2
12,13,18,-32.59,0.0008,2
12,13,19,-46.88,0.0000,2
12,13,20,-0.89,0.8594,2
12,13,21,-46.91,0.0000,2
12,13,22,-25.14,0.0044,2
12,13,23,-9.11,0.1670,2
12,13,24,-14.32,0.0524,2
12,13,25,-21.97,0.0091,2
12,13,26,-6.56,0.2881,2
12,13,27,-3.43,0.5404,2
12,13,28,-30.22,0.0014,2
12,13,29,-40.62,0.0001,2
12,13,30,-0.41,0.9340,2
12,13,31,-18.78,0.0190,2
12,13,32,-36.17,0.0003,2
12,13,33,-29.06,0.0018,2
12,13,34,-15.89,0.0367,2
12,13,35,2.42,1.4573,2
12,13,36,-40.90,0.0001,2
12,13,37,-50.21,0.0000,2
12,13,38,-46.43,0.0000,2
12,13,39,-40.06,0.0001,2
12,13,40,-31.39,0.0010,2
12,13,41,-47.93,0.0000,2
12,14,0,-69.24,0.0000,2
12,14,1,-55.09,0.0000,2
12,14,2,-29.97,0.0015,2
12,14,3,-57.78,0.0000,2
12,14,4,-37.36,0.0003,2
12,14,5,-55.26,0.0000,2
12,14,6,-29.55,0.0016,2
12,14,7,-23.85,0.0059,2
12,14,8,-26.71,0.0031,2
12,14,9,-45.93,0.0000,2
12,14,10,-28.34,0.0021,2
12,14,11,-0.61,0.9027,2
12,14,12,-27.64,0.0025,2
12,14,13,-24.79,0.0048,2
12,14,14,-36.63,0.0003,2
12,14,15,-30.58,0.0013,2
12,14,16,-29.69,0.0015,2
12,14,17,-44.81,0.0000,2
12,14,18,-38.75,0.0002,2
12,14,19,-31.49,0.0010,2
12,14,20,-40.59,0.0001,2
12,14,21,-21.16,0.0110,2
12,14,22,-48.13,0.0000,2
12,14,23,-24.47,0.0052,2
12,14,24,-39.10,0.0002,2
12,14,25,-17.30,0.0266,2
12,14,26,-54.32,0.0000,2
12,14,27,-27.99,0.0023,2
12,14,28,-36.39,0.0003,2
12,14,29,5.01,2.0597,2
12,14,30,-17.53,0.0252,2
12,14,31,-22.61,0.0079,2
12,14,32,-50.72,0.0000,2
12,14,33,-51.68,0.0000,2
12,14,34,-26.03,0.0036,2
12,14,35,-8.49,0.1910,2
12,14,36,-45.22,0.0000,2
12,14,37,-55.81,0.0000,2
12,14,38,-31.38,0.0010,2
12,14,39,-25.11,0.0044,2
12,14,40,-49.94,0.0000,2
12,14,41,-34.18,0.0006,2
12,15,0,-11.52,0.0983,2
12,15,1,-48.16,0.0000,2
12,15,2,-24.22,0.0054,2
12,15,3,-13.14,0.0684,2
12,15,4,-9.67,0.1478,2
12,15,5,-8.38,0.1956,2
12,15,6,-7.92,0.2159,2
12,15,7,-1.62,0.7563,2
12,15,8,-18.97,0.0182,2
12,15,9,-14.77,0.0473,2
12,15,10,-18.90,0.0185,2
12,15,11,3.47,1.6878,2
12,15,12,-18.32,0.0211,2
12,15,13,-20.68,0.0123,2
12,15,14,-10.22,0.1311,2
12,15,15,-47.39,0.0000,2
12,15,16,-38.05,0.0002,2
12,15,17,-34.94,0.0005,2
12,15,18,-24.78,0.0048,2
12,15,19,-29.32,0.0017,2
12,15,20,-5.06,0.3918,2
12,15,21,-36.36,0.0003,2
12,15,22,-29.30,0.0017,2
12,15,23,-9.48,0.1541,2
12,15,24,-15.84,0.0371,2
12,15,25,-31.15,0.0011,2
12,15,26,0.82,1.1427,2
12,15,27,-10.64,0.1194,2
12,15,28,-6.94,0.2660,2
12,15,29,-8.04,0.2103,2
12,15,30,94.18,31.2850,2
12,15,31,9.33,3.2585,2
12,15,32,9.15,3.2055,2
12,15,33,56.11,18.6402,2
12,15,34,-20.13,0.0139,2
12,15,35,43.22,14.3585,2
12,15,36,-17.35,0.0263,2
12,15,37,-18.85,0.0187,2
12,15,38,-19.30,0.0169,2
12,15,39,-6.95,0.2652,2
12,15,40,-10.64,0.1195,2
12,15,41,-20.64,0.0124,2
12,16,0,-56.23,0.0000,2
12,16,1,-44.01,0.0001,2
12,16,2,-47.42,0.0000,2
12,16,3,-38.82,0.0002,2
12,16,4,-53.22,0.0000,2
12,16,5,-60.21,0.0000,2
12,16,6,-49.51,0.0000,2
12,16,7,-28.08,0.0022,2
12,16,8,-55.09,0.0000,2
12,16,9,-46.31,0.0000,2
12,16,10,-43.97,0.0001,2
12,16,11,-16.28,0.0336,2
12,16,12,-37.50,0.0003,2
12,16,13,-34.86,0.0005,2
12,16,14,-42.44,0.0001,2
12,16,15,-32.07,0.0009,2
12,16,16,-24.30,0.0053,2
12,16,17,-29.74,0.0015,2
12,16,18,-40.69,0.0001,2
12,16,19,-4.69,0.4218,2
12,16,20,0.17,1.0289,2
12,16,21,-35.72,0.0004,2
12,16,22,-44.61,0.0000,2
12,16,23,-40.52,0.0001,2
12,16,24,-43.14,0.0001,2
12,16,25,-35.16,0.0004,2
12,16,26,-32.03,0.0009,2
12,16,27,-48.94,0.0000,2
12,16,28,-16.49,0.0320,2
12,16,29,-55.09,0.0000,2
12,16,30,-18.39,0.0208,2
12,16,31,-28.25,0.0022,2
12,16,32,-20.48,0.0129,2
12,16,33,12.75,4.3112,2
12,16,34,-48.52,0.0000,2
12,16,35,-15.07,0.0442,2
12,16,36,-12.76,0.0744,2
12,16,37,-39.26,0.0002,2
12,16,38,-29.70,0.0015,2
12,16,39,-15.88,0.0367,2
12,16,40,-25.92,0.0037,2
12,16,41,-19.97,0.0144,2
12,17,0,-60.79,0.0000,2
12,17,1,-38.66,0.0002,2
12,17,2,-40.36,0.0001,2
12,17,3,-25.16,0.0044,2
12,17,4,-43.27,0.0001,2
12,17,5,-42.85,0.0001,2
12,17,6,-34.59,0.0005,2
12,17,7,-1.40,0.7862,2
12,17,8,7.40,2.6987,2
12,17,9,-11.65,0.0955,2
12,17,10,-38.20,0.0002,2
12,17,11,-0.72,0.8859,2
12,17,12,-40.16,0.0001,2
12,17,13,-41.33,0.0001,2
12,17,14,-47.56,0.0000,2
12,17,15,-49.46,0.0000,2
12,17,16,-29.16,0.0018,2
12,17,17,-22.42,0.0082,2
12,17,18,-23.64,0.0062,2
12,17,19,0.58,1.0992,2
12,17,20,-10.80,0.1153,2
12,17,21,-22.60,0.0079,2
12,17,22,-28.79,0.0019,2
12,17,23,-11.06,0.1087,2
12,17,24,-43.32,0.0001,2
12,17,25,-30.17,0.0014,2
12,17,26,-28.29,0.0021,2
12,17,27,-32.58,0.0008,2
12,17,28,-11.14,0.1069,2
12,17,29,-36.37,0.0003,2
12,17,30,11.19,3.8229,2
12,17,31,-12.97,0.0710,2
12,17,32,-11.97,0.0888,2
12,17,33,27.64,9.1857,2
12,17,34,-4.57,0.4318,2
12,17,35,11.85,4.0269,2
12,17,36,-40.56,0.0001,2
12,17,37,-51.04,0.0000,2
12,17,38,-39.87,0.0001,2
12,17,39,-36.63,0.0003,2
12,17,40,-21.71,0.0097,2
12,17,41,-60.79,0.0000,2
12,18,0,-30.27,0.0014,2
12,18,1,-32.35,0.0008,2
12,18,2,-32.66,0.0008,2
12,18,3,-38.69,0.0002,2
12,18,4,-24.58,0.0050,2
12,18,5,-39.43,0.0002,2
12,18,6,-63.22,0.0000,2
12,18,7,0.23,1.0386,2
12,18,8,-47.09,0.0000,2
12,18,9,-41.81,0.0001,2
12,18,10,-33.64,0.0006,2
12,18,11,-8.30,0.1989,2
12,18,12,-60.21,0.0000,2
12,18,13,-30.49,0.0013,2
12,18,14,-56.93,0.0000,2
12,18,15,-58.82,0.0000,2
12,18,16,-57.48,0.0000,2
12,18,17,-66.23,0.0000,2
12,18,18,-47.53,0.0000,2
12,18,19,-35.16,0.0004,2
12,18,20,-43.43,0.0001,2
12,18,21,-57.78,0.0000,2
12,18,22,-57.78,0.0000,2
12,18,23,-12.58,0.0776,2
12,18,24,-61.46,0.0000,2
12,18,25,-300.00,0.0000,2
12,18,26,-69.24,0.0000,2
12,18,27,-56.93,0.0000,2
12,18,28,-57.48,0.0000,2
12,18,29,-60.21,0.0000,2
12,18,30,-22.53,0.0080,2
12,18,31,-41.78,0.0001,2
12,18,32,-32.39,0.0008,2
12,18,33,-300.00,0.0000,2
12,18,34,-40.87,0.0001,2
12,18,35,-31.03,0.0011,2
12,18,36,-4.91,0.4033,2
12,18,37,-9.15,0.1657,2
12,18,38,-24.77,0.0048,2
12,18,39,-23.40,0.0066,2
12,18,40,-26.30,0.0034,2
12,18,41,-38.89,0.0002,2
12,19,0,-300.00,0.0000,2
12,19,1,-300.00,0.0000,2
12,19,2,-53.67,0.0000,2
12,19,3,-300.00,0.0000,2
12,19,4,-44.34,0.0001,2
12,19,5,-300.00,0.0000,2
12,19,6,-48.16,0.0000,2
12,19,7,-40.97,0.0001,2
12,19,8,-46.98,0.0000,2
12,19,9,-50.15,0.0000,2
12,19,10,-38.04,0.0002,2
12,19,11,-5.82,0.3356,2
12,19,12,-45.22,0.0000,2
12,19,13,-33.16,0.0007,2
12,19,14,-46.14,0.0000,2
12,19,15,-11.56,0.0973,2
12,19,16,-300.00,0.0000,2
12,19,17,-38.86,0.0002,2
12,19,18,-43.42,0.0001,2
12,19,19,-18.60,0.0198,2
12,19,20,-0.19,0.9686,2
12,19,21,-41.12,0.0001,2
12,19,22,-32.09,0.0009,2
12,19,23,3.84,1.7739,2
12,19,24,-27.64,0.0025,2
12,19,25,-14.60,0.0491,2
12,19,26,-37.59,0.0003,2
12,19,27,-30.36,0.0013,2
12,19,28,-29.27,0.0017,2
12,19,29,-24.15,0.0055,2
12,19,30,-27.05,0.0028,2
12,19,31,-48.82,0.0000,2
12,19,32,-51.76,0.0000,2
12,19,33,-300.00,0.0000,2
12,19,34,-37.46,0.0003,2
12,19,35,-53.67,0.0000,2
12,19,36,-34.36,0.0005,2
12,19,37,-16.20,0.0342,2
12,19,38,-2.88,0.6001,2
12,19,39,-12.03,0.0877,2
12,19,40,-59.24,0.0000,2
12,19,41,-42.77,0.0001,2
12,20,0,-37.74,0.0002,2
12,20,1,-47.71,0.0000,2
12,20,2,-34.42,0.0005,2
12,20,3,-30.87,0.0012,2
12,20,4,-23.88,0.0059,2
12,20,5,-42.68,0.0001,2
12,20,6,-20.96,0.0115,2
12,20,7,-7.72,0.2252,2
12,20,8,-61.46,0.0000,2
12,20,9,-64.47,0.0000,2
12,20,10,-47.36,0.0000,2
12,20,11,-27.93,0.0023,2
12,20,12,-33.32,0.0007,2
12,20,13,-19.98,0.0144,2
12,20,14,-19.55,0.0159,2
12,20,15,-29.94,0.0015,2
12,20,16,-42.47,0.0001,2
12,20,17,-19.99,0.0144,2
12,20,18,-44.16,0.0001,2
12,20,19,-51.60,0.0000,2
12,20,20,-42.14,0.0001,2
12,20,21,-42.58,0.0001,2
12,20,22,-54.32,0.0000,2
12,20,23,-0.25,0.9588,2
12,20,24,-31.14,0.0011,2
12,20,25,-19.25,0.0171,2
12,20,26,-31.19,0.0011,2
12,20,27,-60.21,0.0000,2
12,20,28,-32.49,0.0008,2
12,20,29,-26.82,0.0030,2
12,20,30,-23.23,0.0068,2
12,20,31,-21.57,0.0100,2
12,20,32,-23.12,0.0070,2
12,20,33,-23.60,0.0063,2
12,20,34,-58.45,0.0000,2
12,20,35,-14.10,0.0551,2
12,20,36,-23.27,0.0068,2
12,20,37,1.32,1.2356,2
12,20,38,-19.28,0.0169,2
12,20,39,-44.77,0.0000,2
12,20,40,-4.67,0.4237,2
12,20,41,-7.25,0.2490,2
13,0,0,-5.62,0.3496,2
13,0,1,13.82,4.6482,2
13,0,2,-29.60,0.0016,2
13,0,3,-23.08,0.0071,2
13,0,4,8.86,3.1189,2
13,0,5,0.53,1.0907,2
13,0,6,-33.53,0.0006,2
13,0,7,-7.22,0.2505,2
13,0,8,-45.83,0.0000,2
13,0,9,-18.44,0.0205,2
13,0,10,-19.32,0.0168,2
13,0,11,11.64,3.9619,2
13,0,12,-14.56,0.0496,2
13,0,13,-20.42,0.0130,2
13,0,14,-16.10,0.0350,2
13,0,15,-21.42,0.0104,2
13,0,16,-20.01,0.0143,2
13,0,17,-10.03,0.1367,2
13,0,18,-10.45,0.1246,2
13,0,19,-38.45,0.0002,2
13,0,20,11.19,3.8243,2
13,0,21,3.64,1.7276,2
13,0,22,-25.98,0.0036,2
13,0,23,3.98,1.8082,2
13,0,24,-9.58,0.1509,2
13,0,25,-32.70,0.0008,2
13,0,26,-4.37,0.4500,2
13,0,27,-26.98,0.0029,2
13,0,28,-24.32,0.0053,2
13,0,29,-10.68,0.1184,2
13,0,30,-3.85,0.4982,2
13,0,31,-47.45,0.0000,2
13,0,32,-35.36,0.0004,2
13,0,33,-36.42,0.0003,2
13,0,34,-37.83,0.0002,2
13,0,35,-39.16,0.0002,2
13,0,36,-7.62,0.2304,2
13,0,37,-28.77,0.0019,2
13,0,38,-23.18,0.0069,2
13,0,39,-42.19,0.0001,2
13,0,40,-47.78,0.0000,2
13,0,41,-50.54,0.0000,2
13,1,0,9.54,3.3202,2
13,1,1,-31.53,0.0010,2
13,1,2,51.76,17.1952,2
13,1,3,-0.03,0.9948,2
13,1,4,13.29,4.4803,2
13,1,5,-27.76,0.0024,2
13,1,6,-12.44,0.0801,2
13,1,7,30.23,10.0427,2
13,1,8,-24.22,0.0055,2
13,1,9,-15.93,0.0364,2
13,1,10,-1.71,0.7440,2
13,1,11,-0.38,0.9384,2
13,1,12,-26.41,0.0033,2
13,1,13,-17.08,0.0280,2
13,1,14,-21.00,0.0114,2
13,1,15,-20.06,0.0142,2
13,1,16,-17.00,0.0285,2
13,1,17,-26.84,0.0030,2
13,1,18,-13.61,0.0615,2
13,1,19,-1.23,0.8103,2
13,1,20,-1.58,0.7617,2
13,1,21,-34.14,0.0006,2
13,1,22,-46.86,0.0000,2
13,1,23,-30.00,0.0014,2
13,1,24,-31.05,0.0011,2
13,1,25,-32.05,0.0009,2
13,1,26,-28.82,0.0019,2
13,1,27,-21.03,0.0113,2
13,1,28,-42.68,0.0001,2
13,1,29,-29.77,0.0015,2
13,1,30,9.53,3.3170,2
13,1,31,-20.82,0.0119,2
13,1,32,-31.95,0.0009,2
13,1,33,-15.84,0.0371,2
13,1,34,-39.30,0.0002,2
13,1,35,-18.57,0.0199,2
13,1,36,2.09,1.3892,2
13,1,37,-5.76,0.3399,2
13,1,38,-5.67,0.3456,2
13,1,39,-25.80,0.0038,2
13,1,40,11.42,3.8939,2
13,1,41,-18.31,0.0211,2
13,2,0,-27.54,0.0025,2
13,2,1,-4.08,0.4762,2
13,2,2,-23.38,0.0066,2
13,2,3,-8.80,0.1785,2
13,2,4,20.46,6.8095,2
13,2,5,-0.37,0.9391,2
13,2,6,-48.45,0.0000,2
13,2,7,-17.48,0.0256,2
13,2,8,-3.48,0.5347,2
13,2,9,-22.25,0.0086,2
13,2,10,-30.89,0.0012,2
13,2,11,-13.16,0.0681,2
13,2,12,-56.01,0.0000,2
13,2,13,-28.36,0.0021,2
13,2,14,-39.86,0.0001,2
13,2,15,-49.28,0.0000,2
13,2,16,-32.51,0.0008,2
13,2,17,-43.40,0.0001,2
13,2,18,-25.33,0.0042,2
13,2,19,-58.82,0.0000,2
13,2,20,24.70,8.2099,2
13,2,21,-36.14,0.0004,2
13,2,22,-16.79,0.0299,2
13,2,23,-9.24,0.1623,2
13,2,24,-1.98,0.7086,2
13,2,25,-28.31,0.0021,2
13,2,26,-14.02,0.0560,2
13,2,27,-12.10,0.0863,2
13,2,28,-25.30,0.0042,2
13,2,29,-58.10,0.0000,2
13,2,30,1.13,1.1992,2
13,2,31,-11.89,0.0905,2
13,2,32,-17.74,0.0241,2
13,2,33,-21.02,0.0114,2
13,2,34,-4.04,0.4793,2
13,2,35,-8.15,0.2056,2
13,2,36,-43.91,0.0001,2
13,2,37,-5.68,0.3451,2
13,2,38,-39.81,0.0002,2
13,2,39,-26.32,0.0034,2
13,2,40,-5.75,0.3402,2
13,2,41,-26.90,0.0029,2
13,3,0,-15.65,0.0388,2
13,3,1,-39.44,0.0002,2
13,3,2,-41.83,0.0001,2
13,3,3,-9.26,0.1617,2
13,3,4,-33.91,0.0006,2
13,3,5,-21.85,0.0094,2
13,3,6,5.14,2.0927,2
13,3,7,5.63,2.2199,2
13,3,8,0.08,1.0127,2
13,3,9,-17.43,0.0259,2
13,3,10,-23.73,0.0061,2
13,3,11,12.55,4.2470,2
13,3,12,-33.15,0.0007,2
13,3,13,-8.51,0.1904,2
13,3,14,-23.43,0.0065,2
13,3,15,1.02,1.1795,2
13,3,16,-30.87,0.0012,2
13,3,17,-21.04,0.0113,2
13,3,18,-29.47,0.0016,2
13,3,19,-20.31,0.0134,2
13,3,20,-7.63,0.2299,2
13,3,21,-31.45,0.0010,2
13,3,22,-300.00,0.0000,2
13,3,23,-17.85,0.0235,2
13,3,24,-34.59,0.0005,2
13,3,25,-20.98,0.0115,2
13,3,26,-8.89,0.1751,2
13,3,27,-25.85,0.0037,2
13,3,28,-23.70,0.0061,2
13,3,29,-9.39,0.1571,2
13,3,30,-1.03,0.8396,2
13,3,31,-15.71,0.0383,2
13,3,32,-23.02,0.0072,2
13,3,33,-22.46,0.0082,2
13,3,34,-23.54,0.0064,2
13,3,35,-9.44,0.1555,2
13,3,36,-42.57,0.0001,2
13,3,37,-54.77,0.0000,2
13,3,38,-59.69,0.0000,2
13,3,39,-44.99,0.0000,2
13,3,40,-29.90,0.0015,2
13,3,41,-39.49,0.0002,2
13,4,0,-41.00,0.0001,2
13,4,1,-46.50,0.0000,2
13,4,2,-45.81,0.0000,2
13,4,3,-30.46,0.0013,2
13,4,4,-22.48,0.0081,2
13,4,5,-18.21,0.0216,2
13,4,6,-32.21,0.0009,2
13,4,7,-8.90,0.1750,2
13,4,8,-22.64,0.0078,2
13,4,9,-16.41,0.0326,2
13,4,10,-33.06,0.0007,2
13,4,11,-1.46,0.7775,2
13,4,12,-47.51,0.0000,2
13,4,13,-59.24,0.0000,2
13,4,14,-24.06,0.0057,2
13,4,15,-64.47,0.0000,2
13,4,16,-34.19,0.0005,2
13,4,17,-41.94,0.0001,2
13,4,18,-21.72,0.0097,2
13,4,19,-14.52,0.0500,2
13,4,20,0.08,1.0126,2
13,4,21,-64.47,0.0000,2
13,4,22,-34.07,0.0006,2
13,4,23,-12.58,0.0775,2
13,4,24,-22.40,0.0083,2
13,4,25,-15.42,0.0408,2
13,4,26,-24.20,0.0055,2
13,4,27,-30.42,0.0013,2
13,4,28,-31.35,0.0011,2
13,4,29,-9.63,0.1490,2
13,4,30,11.02,3.7709,2
13,4,31,-5.11,0.3878,2
13,4,32,-30.08,0.0014,2
13,4,33,-25.22,0.0043,2
13,4,34,-11.27,0.1038,2
13,4,35,14.61,4.9039,2
13,4,36,-26.29,0.0034,2
13,4,37,-45.54,0.0000,2
13,4,38,-37.09,0.0003,2
13,4,39,-44.01,0.0001,2
13,4,40,-64.47,0.0000,2
13,4,41,-26.51,0.0032,2
13,5,0,7.19,2.6402,2
13,5,1,-31.27,0.0011,2
13,5,2,0.22,1.0367,2
13,5,3,-6.63,0.2839,2
13,5,4,-8.24,0.2015,2
13,5,5,-37.77,0.0002,2
13,5,6,-16.31,0.0333,2
13,5,7,4.92,2.0371,2
13,5,8,-8.86,0.1765,2
13,5,9,-14.29,0.0528,2
13,5,10,-6.47,0.2935,2
13,5,11,71.22,23.6595,2
13,5,12,-25.12,0.0044,2
13,5,13,-28.92,0.0019,2
13,5,14,-15.39,0.0411,2
13,5,15,-16.11,0.0349,2
13,5,16,-21.42,0.0104,2
13,5,17,-17.75,0.0240,2
13,5,18,-20.34,0.0133,2
13,5,19,-30.11,0.0014,2
13,5,20,-20.57,0.0126,2
13,5,21,-14.45,0.0508,2
13,5,22,-28.97,0.0018,2
13,5,23,-2.25,0.6740,2
13,5,24,-48.45,0.0000,2
13,5,25,-34.24,0.0005,2
13,5,26,-37.54,0.0003,2
13,5,27,-32.72,0.0008,2
13,5,28,-15.49,0.0402,2
13,5,29,-27.41,0.0026,2
13,5,30,-23.91,0.0059,2
13,5,31,-32.55,0.0008,2
13,5,32,-33.50,0.0006,2
13,5,33,-42.37,0.0001,2
13,5,34,-27.15,0.0028,2
13,5,35,-7.52,0.2351,2
13,5,36,-4.53,0.4354,2
13,5,37,-11.45,0.0999,2
13,5,38,-28.40,0.0021,2
13,5,39,-22.82,0.0075,2
13,5,40,-13.61,0.0615,2
13,5,41,-23.77,0.0060,2
13,6,0,-39.59,0.0002,2
13,6,1,-15.96,0.0361,2
13,6,2,-64.47,0.0000,2
13,6,3,-33.49,0.0006,2
13,6,4,-43.81,0.0001,2
13,6,5,-66.23,0.0000,2
13,6,6,-27.71,0.0024,2
13,6,7,-29.07,0.0018,2
13,6,8,-35.96,0.0004,2
13,6,9,-48.52,0.0000,2
13,6,10,-31.27,0.0011,2
13,6,11,-15.90,0.0366,2
13,6,12,10.60,3.6410,2
13,6,13,-28.96,0.0018,2
13,6,14,13.08,4.4146,2
13,6,15,-21.88,0.0093,2
13,6,16,-21.34,0.0106,2
13,6,17,-13.49,0.0632,2
13,6,18,-3.39,0.5437,2
13,6,19,-6.20,0.3100,2
13,6,20,-7.38,0.2421,2
13,6,21,-28.44,0.0021,2
13,6,22,-29.14,0.0018,2
13,6,23,-6.94,0.2658,2
13,6,24,-35.07,0.0004,2
13,6,25,-32.80,0.0008,2
13,6,26,-50.49,0.0000,2
13,6,27,-52.16,0.0000,2
13,6,28,-22.81,0.0075,2
13,6,29,-14.06,0.0556,2
13,6,30,-5.34,0.3697,2
13,6,31,-39.02,0.0002,2
13,6,32,-10.85,0.1139,2
13,6,33,-19.64,0.0156,2
13,6,34,-45.05,0.0000,2
13,6,35,3.27,1.6436,2
13,6,36,-45.36,0.0000,2
13,6,37,-36.86,0.0003,2
13,6,38,-31.97,0.0009,2
13,6,39,-28.40,0.0021,2
13,6,40,-7.97,0.2138,2
13,6,41,-11.07,0.1086,2
13,7,0,-19.07,0.0178,2
13,7,1,-16.19,0.0343,2
13,7,2,-15.60,0.0392,2
13,7,3,-4.90,0.4041,2
13,7,4,-35.38,0.0004,2
13,7,5,-40.09,0.0001,2
13,7,6,-10.47,0.1239,2
13,7,7,-9.16,0.1653,2
13,7,8,-7.33,0.2449,2
13,7,9,-13.71,0.0602,2
13,7,10,-26.12,0.0035,2
13,7,11,7.16,2.6322,2
13,7,12,-31.81,0.0010,2
13,7,13,-33.83,0.0006,2
13,7,14,22.50,7.4838,2
13,7,15,-6.15,0.3133,2
13,7,16,-28.19,0.0022,2
13,7,17,5.99,2.3143,2
13,7,18,-34.45,0.0005,2
13,7,19,-47.28,0.0000,2
13,7,20,-16.37,0.0329,2
13,7,21,-40.88,0.0001,2
13,7,22,-20.80,0.0119,2
13,7,23,-3.32,0.5514,2
13,7,24,-7.45,0.2388,2
13,7,25,-17.90,0.0232,2
13,7,26,-39.45,0.0002,2
13,7,27,-14.26,0.0531,2
13,7,28,-18.00,0.0227,2
13,7,29,19.59,6.5249,2
13,7,30,-15.66,0.0387,2
13,7,31,-39.99,0.0001,2
13,7,32,-36.07,0.0004,2
13,7,33,-37.74,0.0002,2
13,7,34,-21.25,0.0108,2
13,7,35,-12.84,0.0732,2
13,7,36,-10.84,0.1141,2
13,7,37,-35.07,0.0004,2
13,7,38,-12.69,0.0756,2
13,7,39,-5.00,0.3961,2
13,7,40,-44.13,0.0001,2
13,7,41,-27.59,0.0025,2
13,8,0,-27.87,0.0024,2
13,8,1,-7.48,0.2372,2
13,8,2,-30.38,0.0013,2
13,8,3,-49.15,0.0000,2
13,8,4,-23.00,0.0072,2
13,8,5,-32.52,0.0008,2
13,8,6,-55.26,0.0000,2
13,8,7,-19.83,0.0149,2
13,8,8,-27.69,0.0025,2
13,8,9,-23.26,0.0068,2
13,8,10,-31.08,0.0011,2
13,8,11,-3.72,0.5104,2
13,8,12,-0.13,0.9788,2
13,8,13,-31.49,0.0010,2
13,8,14,-10.73,0.1169,2
13,8,15,-53.67,0.0000,2
13,8,16,-12.88,0.0724,2
13,8,17,-5.69,0.3444,2
13,8,18,-22.14,0.0088,2
13,8,19,-39.19,0.0002,2
13,8,20,17.27,5.7627,2
13,8,21,5.65,2.2239,2
13,8,22,-40.72,0.0001,2
13,8,23,-32.01,0.0009,2
13,8,24,-22.54,0.0080,2
13,8,25,-41.85,0.0001,2
13,8,26,-69.24,0.0000,2
13,8,27,-40.69,0.0001,2
13,8,28,-34.11,0.0006,2
13,8,29,-42.53,0.0001,2
13,8,30,-17.32,0.0265,2
13,8,31,-39.03,0.0002,2
13,8,32,-49.89,0.0000,2
13,8,33,-43.61,0.0001,2
13,8,34,-62.25,0.0000,2
13,8,35,-2.21,0.6788,2
13,8,36,-49.46,0.0000,2
13,8,37,-300.00,0.0000,2
13,8,38,-58.10,0.0000,2
13,8,39,-30.68,0.0012,2
13,8,40,-42.73,0.0001,2
13,8,41,-43.50,0.0001,2
13,9,0,-28.71,0.0019,2
13,9,1,-15.81,0.0374,2
13,9,2,-12.92,0.0719,2
13,9,3,-56.68,0.0000,2
13,9,4,-48.67,0.0000,2
13,9,5,-6.81,0.2733,2
13,9,6,-39.05,0.0002,2
13,9,7,-11.19,0.1056,2
13,9,8,-18.68,0.0194,2
13,9,9,-15.00,0.0449,2
13,9,10,-37.58,0.0003,2
13,9,11,13.91,4.6775,2
13,9,12,-27.05,0.0028,2
13,9,13,-41.51,0.0001,2
13,9,14,-39.02,0.0002,2
13,9,15,-48.23,0.0000,2
13,9,16,-25.87,0.0037,2
13,9,17,2.76,1.5295,2
13,9,18,1.54,1.2788,2
13,9,19,12.70,4.2956,2
13,9,20,48.91,16.2490,2
13,9,21,-27.66,0.0025,2
13,9,22,-40.32,0.0001,2
13,9,23,15.01,5.0302,2
13,9,24,-6.98,0.2637,2
13,9,25,-24.94,0.0046,2
13,9,26,-51.18,0.0000,2
13,9,27,-44.47,0.0001,2
13,9,28,-31.17,0.0011,2
13,9,29,-48.10,0.0000,2
13,9,30,-14.57,0.0496,2
13,9,31,-2.15,0.6861,2
13,9,32,5.56,2.2021,2
13,9,33,1.11,1.1961,2
13,9,34,-10.43,0.1250,2
13,9,35,1.64,1.2978,2
13,9,36,-12.42,0.0804,2
13,9,37,-32.85,0.0007,2
13,9,38,-9.46,0.1548,2
13,9,39,-32.89,0.0007,2
13,9,40,-43.91,0.0001,2
13,9,41,-14.83,0.0467,2
13,10,0,-1.91,0.7174,2
13,10,1,-5.13,0.3865,2
13,10,2,-1.07,0.8333,2
13,10,3,-8.24,0.2014,2
13,10,4,-7.78,0.2223,2
13,10,5,-19.62,0.0157,2
13,10,6,-5.00,0.3966,2
13,10,7,-30.16,0.0014,2
13,10,8,-40.02,0.0001,2
13,10,9,-26.32,0.0034,2
13,10,10,-12.78,0.0741,2
13,10,11,-12.34,0.0818,2
13,10,12,-10.97,0.1110,2
13,10,13,-39.65,0.0002,2
13,10,14,-24.87,0.0047,2
13,10,15,-16.44,0.0324,2
13,10,16,-7.03,0.2608,2
13,10,17,-11.43,0.1002,2
13,10,18,-2.66,0.6251,2
13,10,19,-18.62,0.0197,2
13,10,20,13.70,4.6123,2
13,10,21,23.82,7.9199,2
13,10,22,-25.57,0.0040,2
13,10,23,-12.24,0.0837,2
13,10,24,-5.67,0.3462,2
13,10,25,-49.89,0.0000,2
13,10,26,-21.43,0.0103,2
13,10,27,-19.10,0.0176,2
13,10,28,-30.15,0.0014,2
13,10,29,-28.43,0.0021,2
13,10,30,-0.29,0.9533,2
13,10,31,-34.06,0.0006,2
13,10,32,-35.97,0.0004,2
13,10,33,-22.71,0.0077,2
13,10,34,-18.41,0.0206,2
13,10,35,-20.14,0.0139,2
13,10,36,-39.91,0.0001,2
13,10,37,-57.20,0.0000,2
13,10,38,-18.01,0.0226,2
13,10,39,-36.61,0.0003,2
13,10,40,-15.73,0.0381,2
13,10,41,-1.55,0.7658,2
13,11,0,-300.00,0.0000,2
13,11,1,-33.03,0.0007,2
13,11,2,-63.22,0.0000,2
13,11,3,-55.43,0.0000,2
13,11,4,-44.69,0.0000,2
13,11,5,-32.57,0.0008,2
13,11,6,-44.99,0.0000,2
13,11,7,-45.07,0.0000,2
13,11,8,-28.27,0.0021,2
13,11,9,-51.38,0.0000,2
13,11,10,-45.81,0.0000,2
13,11,11,-3.88,0.4954,2
13,11,12,-24.40,0.0052,2
13,11,13,-32.87,0.0007,2
13,11,14,-62.25,0.0000,2
13,11,15,-27.15,0.0028,2
13,11,16,-24.19,0.0055,2
13,11,17,-47.42,0.0000,2
13,11,18,-15.59,0.0393,2
13,11,19,-19.72,0.0153,2
13,11,20,4.76,1.9963,2
13,11,21,-11.01,0.1100,2
13,11,22,-20.27,0.0135,2
13,11,23,-8.18,0.2044,2
13,11,24,-11.59,0.0967,2
13,11,25,-34.88,0.0005,2
13,11,26,-8.62,0.1857,2
13,11,27,-18.85,0.0187,2
13,11,28,-37.15,0.0003,2
13,11,29,-10.29,0.1290,2
13,11,30,-40.58,0.0001,2
13,11,31,-64.47,0.0000,2
13,11,32,-63.22,0.0000,2
13,11,33,-46.57,0.0000,2
13,11,34,-41.94,0.0001,2
13,11,35,-2.78,0.6113,2
13,11,36,-26.01,0.0036,2
13,11,37,-28.16,0.0022,2
13,11,38,-54.32,0.0000,2
13,11,39,-36.77,0.0003,2
13,11,40,-31.71,0.0010,2
13,11,41,-15.08,0.0441,2
13,12,0,-45.60,0.0000,2
13,12,1,-36.72,0.0003,2
13,12,2,-55.81,0.0000,2
13,12,3,-34.30,0.0005,2
13,12,4,-46.59,0.0000,2
13,12,5,-38.74,0.0002,2
13,12,6,-44.25,0.0001,2
13,12,7,-39.95,0.0001,2
13,12,8,-61.46,0.0000,2
13,12,9,-54.19,0.0000,2
13,12,10,-45.77,0.0000,2
13,12,11,-25.20,0.0044,2
13,12,12,-47.09,0.0000,2
13,12,13,-20.16,0.0138,2
13,12,14,-40.30,0.0001,2
13,12,15,-30.96,0.0012,2
13,12,16,-54.61,0.0000,2
13,12,17,-38.63,0.0002,2
13,12,18,-18.47,0.0204,2
13,12,19,-300.00,0.0000,2
13,12,20,-18.92,0.0184,2
13,12,21,-34.64,0.0005,2
13,12,22,-27.18,0.0028,2
13,12,23,5.27,2.1254,2
13,12,24,-21.07,0.0112,2
13,12,25,-35.81,0.0004,2
13,12,26,-11.04,0.1093,2
13,12,27,-26.81,0.0030,2
13,12,28,-25.80,0.0038,2
13,12,29,-32.20,0.0009,2
13,12,30,-15.57,0.0394,2
13,12,31,-44.58,0.0001,2
13,12,32,-66.23,0.0000,2
13,12,33,-57.48,0.0000,2
13,12,34,-50.37,0.0000,2
13,12,35,-44.24,0.0001,2
13,12,36,0.40,1.0672,2
13,12,37,-38.23,0.0002,2
13,12,38,-25.22,0.0043,2
13,12,39,-16.10,0.0350,2
13,12,40,-38.41,0.0002,2
13,12,41,-26.75,0.0030,2
13,13,0,-22.17,0.0087,2
13,13,1,-31.85,0.0009,2
13,13,2,-28.26,0.0022,2
13,13,3,-8.38,0.1958,2
13,13,4,-24.46,0.0052,2
13,13,5,4.14,1.8462,2
13,13,6,-17.03,0.0283,2
13,13,7,-18.93,0.0183,2
13,13,8,-11.70,0.0945,2
13,13,9,-23.92,0.0058,2
13,13,10,-54.47,0.0000,2
13,13,11,-17.91,0.0232,2
13,13,12,-42.71,0.0001,2
13,13,13,-58.45,0.0000,2
13,13,14,-46.27,0.0000,2
13,13,15,-30.89,0.0012,2
13,13,16,-24.95,0.0046,2
13,13,17,-18.81,0.0188,2
13,13,18,-32.59,0.0008,2
13,13,19,-46.88,0.0000,2
13,13,20,-0.89,0.8594,2
13,13,21,-46.91,0.0000,2
13,13,22,-25.14,0.0044,2
13,13,23,-9.11,0.1670,2
13,13,24,-14.32,0.0524,2
13,13,25,-21.97,0.0091,2
13,13,26,-6.56,0.2881,2
13,13,27,-3.43,0.5404,2
13,13,28,-30.22,0.0014,2
13,13,29,-40.62,0.0001,2
13,13,30,-0.41,0.9340,2
13,13,31,-18.78,0.0190,2
13,13,32,-36.17,0.0003,2
13,13,33,-29.06,0.0018,2
13,13,34,-15.89,0.0367,2
13,13,35,2.42,1.4573,2
13,13,36,-40.90,0.0001,2
13,13,37,-50.21,0.0000,2
13,13,38,-46.43,0.0000,2
13,13,39,-40.06,0.0001,2
13,13,40,-31.39,0.0010,2
13,13,41,-47.93,0.0000,2
13,14,0,-69.24,0.0000,2
13,14,1,-55.09,0.0000,2
13,14,2,-29.97,0.0015,2
13,14,3,-57.78,0.0000,2
13,14,4,-37.36,0.0003,2
13,14,5,-55.26,0.0000,2
13,14,6,-29.55,0.0016,2
13,14,7,-23.85,0.0059,2
13,14,8,-26.71,0.0031,2
13,14,9,-45.93,0.0000,2
13,14,10,-28.34,0.0021,2
13,14,11,-0.61,0.9027,2
13,14,12,-27.64,0.0025,2
13,14,13,-24.79,0.0048,2
13,14,14,-36.63,0.0003,2
13,14,15,-30.58,0.0013,2
13,14,16,-29.69,0.0015,2
13,14,17,-44.81,0.0000,2
13,14,18,-38.75,0.0002,2
13,14,19,-31.49,0.0010,2
13,14,20,-40.59,0.0001,2
13,14,21,-21.16,0.0110,2
13,14,22,-48.13,0.0000,2
13,14,23,-24.47,0.0052,2
13,14,24,-39.10,0.0002,2
13,14,25,-17.30,0.0266,2
13,14,26,-54.32,0.0000,2
13,14,27,-27.99,0.0023,2
13,14,28,-36.39,0.0003,2
13,14,29,5.01,2.0597,2
13,14,30,-17.53,0.0252,2
13,14,31,-22.61,0.0079,2
13,14,32,-50.72,0.0000,2
13,14,33,-51.68,0.0000,2
13,14,34,-26.03,0.0036,2
13,14,35,-8.49,0.1910,2
13,14,36,-45.22,0.0000,2
13,14,37,-55.81,0.0000,2
13,14,38,-31.38,0.0010,2
13,14,39,-25.11,0.0044,2
13,14,40,-49.94,0.0000,2
13,14,41,-34.18,0.0006,2
13,15,0,-11.52,0.0983,2
13,15,1,-48.16,0.0000,2
13,15,2,-24.22,0.0054,2
13,15,3,-13.14,0.0684,2
13,15,4,-9.67,0.1478,2
13,15,5,-8.38,0.1956,2
13,15,6,-7.92,0.2159,2
13,15,7,-1.62,0.7563,2
13,15,8,-18.97,0.0182,2
13,15,9,-14.77,0.0473,2
13,15,10,-18.90,0.0185,2
13,15,11,3.47,1.6878,2
13,15,12,-18.32,0.0211,2
13,15,13,-20.68,0.0123,2
13,15,14,-10.22,0.1311,2
13,15,15,-47.39,0.0000,2
13,15,16,-38.05,0.0002,2
13,15,17,-34.94,0.0005,2
13,15,18,-24.78,0.0048,2
13,15,19,-29.32,0.0017,2
13,15,20,-5.06,0.3918,2
13,15,21,-36.36,0.0003,2
13,15,22,-29.30,0.0017,2
13,15,23,-9.48,0.1541,2
13,15,24,-15.84,0.0371,2
13,15,25,-31.15,0.0011,2
13,15,26,0.82,1.1427,2
13,15,27,-10.64,0.1194,2
13,15,28,-6.94,0.2660,2
13,15,29,-8.04,0.2103,2
13,15,30,94.18,31.2850,2
13,15,31,9.33,3.2585,2
13,15,32,9.15,3.2055,2
13,15,33,56.11,18.6402,2
13,15,34,-20.13,0.0139,2
13,15,35,43.22,14.3585,2
13,15,36,-17.35,0.0263,2
13,15,37,-18.85,0.0187,2
13,15,38,-19.30,0.0169,2
13,15,39,-6.95,0.2652,2
13,15,40,-10.64,0.1195,2
13,15,41,-20.64,0.0124,2
13,16,0,-56.23,0.0000,2
13,16,1,-44.01,0.0001,2
13,16,2,-47.42,0.0000,2
13,16,3,-38.82,0.0002,2
13,16,4,-53.22,0.0000,2
13,16,5,-60.21,0.0000,2
13,16,6,-49.51,0.0000,2
13,16,7,-28.08,0.0022,2
13,16,8,-55.09,0.0000,2
13,16,9,-46.31,0.0000,2
13,16,10,-43.97,0.0001,2
13,16,11,-16.28,0.0336,2
13,16,12,-37.50,0.0003,2
13,16,13,-34.86,0.0005,2
13,16,14,-42.44,0.0001,2
13,16,15,-32.07,0.0009,2
13,16,16,-24.30,0.0053,2
13,16,17,-29.74,0.0015,2
13,16,18,-40.69,0.0001,2
13,16,19,-4.69,0.4218,2
13,16,20,0.17,1.0289,2
13,16,21,-35.72,0.0004,2
13,16,22,-44.61,0.0000,2
13,16,23,-40.52,0.0001,2
13,16,24,-43.14,0.0001,2
13,16,25,-35.16,0.0004,2
13,16,26,-32.03,0.0009,2
13,16,27,-48.94,0.0000,2
13,16,28,-16.49,0.0320,2
13,16,29,-55.09,0.0000,2
13,16,30,-18.39,0.0208,2
13,16,31,-28.25,0.0022,2
13,16,32,-20.48,0.0129,2
13,16,33,12.75,4.3112,2
13,16,34,-48.52,0.0000,2
13,16,35,-15.07,0.0442,2
13,16,36,-12.76,0.0744,2
13,16,37,-39.26,0.0002,2
13,16,38,-29.70,0.0015,2
13,16,39,-15.88,0.0367,2
13,16,40,-25.92,0.0037,2
13,16,41,-19.97,0.0144,2
13,17,0,-60.79,0.0000,2
13,17,1,-38.66,0.0002,2
13,17,2,-40.36,0.0001,2
13,17,3,-25.16,0.0044,2
13,17,4,-43.27,0.0001,2
13,17,5,-42.85,0.0001,2
13,17,6,-34.59,0.0005,2
13,17,7,-1.40,0.7862,2
13,17,8,7.40,2.6987,2
13,17,9,-11.65,0.0955,2
13,17,10,-38.20,0.0002,2
13,17,11,-0.72,0.8859,2
13,17,12,-40.16,0.0001,2
13,17,13,-41.33,0.0001,2
13,17,14,-47.56,0.0000,2
13,17,15,-49.46,0.0000,2
13,17,16,-29.16,0.0018,2
13,17,17,-22.42,0.0082,2
13,17,18,-23.64,0.0062,2
13,17,19,0.58,1.0992,2
13,17,20,-10.80,0.1153,2
13,17,21,-22.60,0.0079,2
13,17,22,-28.79,0.0019,2
13,17,23,-11.06,0.1087,2
13,17,24,-43.32,0.0001,2
13,17,25,-30.17,0.0014,2
13,17,26,-28.29,0.0021,2
13,17,27,-32.58,0.0008,2
13,17,28,-11.14,0.1069,2
13,17,29,-36.37,0.0003,2
13,17,30,11.19,3.8229,2
13,17,31,-12.97,0.0710,2
13,17,32,-11.97,0.0888,2
13,17,33,27.64,9.1857,2
13,17,34,-4.57,0.4318,2
13,17,35,11.85,4.0269,2
13,17,36,-40.56,0.0001,2
13,17,37,-51.04,0.0000,2
13,17,38,-39.87,0.0001,2
13,17,39,-36.63,0.0003,2
13,17,40,-21.71,0.0097,2
13,17,41,-60.79,0.0000,2
13,18,0,-30.27,0.0014,2
13,18,1,-32.35,0.0008,2
13,18,2,-32.66,0.0008,2
13,18,3,-38.69,0.0002,2
13,18,4,-24.58,0.0050,2
13,18,5,-39.43,0.0002,2
13,18,6,-63.22,0.0000,2
13,18,7,0.23,1.0386,2
13,18,8,-47.09,0.0000,2
13,18,9,-41.81,0.0001,2
13,18,10,-33.64,0.0006,2
13,18,11,-8.30,0.1989,2
13,18,12,-60.21,0.0000,2
13,18,13,-30.49,0.0013,2
13,18,14,-56.93,0.0000,2
13,18,15,-58.82,0.0000,2
13,18,16,-57.48,0.0000,2
13,18,17,-66.23,0.0000,2
13,18,18,-47.53,0.0000,2
13,18,19,-35.16,0.0004,2
13,18,20,-43.43,0.0001,2
13,18,21,-57.78,0.0000,2
13,18,22,-57.78,0.0000,2
13,18,23,-12.58,0.0776,2
13,18,24,-61.46,0.0000,2
13,18,25,-300.00,0.0000,2
13,18,26,-69.24,0.0000,2
13,18,27,-56.93,0.0000,2
13,18,28,-57.48,0.0000,2
13,18,29,-60.21,0.0000,2
13,18,30,-22.53,0.0080,2
13,18,31,-41.78,0.0001,2
13,18,32,-32.39,0.0008,2
13,18,33,-300.00,0.0000,2
13,18,34,-40.87,0.0001,2
13,18,35,-31.03,0.0011,2
13,18,36,-4.91,0.4033,2
13,18,37,-9.15,0.1657,2
13,18,38,-24.77,0.0048,2
13,18,39,-23.40,0.0066,2
13,18,40,-26.30,0.0034,2
13,18,41,-38.89,0.0002,2
13,19,0,-300.00,0.0000,2
13,19,1,-300.00,0.0000,2
13,19,2,-53.67,0.0000,2
13,19,3,-300.00,0.0000,2
13,19,4,-44.34,0.0001,2
13,19,5,-300.00,0.0000,2
13,19,6,-48.16,0.0000,2
13,19,7,-40.97,0.0001,2
13,19,8,-46.98,0.0000,2
13,19,9,-50.15,0.0000,2
13,19,10,-38.04,0.0002,2
13,19,11,-5.82,0.3356,2
13,19,12,-45.22,0.0000,2
13,19,13,-33.16,0.0007,2
13,19,14,-46.14,0.0000,2
13,19,15,-11.56,0.0973,2
13,19,16,-300.00,0.0000,2
13,19,17,-38.86,0.0002,2
13,19,18,-43.42,0.0001,2
13,19,19,-18.60,0.0198,2
13,19,20,-0.19,0.9686,2
13,19,21,-41.12,0.0001,2
13,19,22,-32.09,0.0009,2
13,19,23,3.84,1.7739,2
13,19,24,-27.64,0.0025,2
13,19,25,-14.60,0.0491,2
13,19,26,-37.59,0.0003,2
13,19,27,-30.36,0.0013,2
13,19,28,-29.27,0.0017,2
13,19,29,-24.15,0.0055,2
13,19,30,-27.05,0.0028,2
13,19,31,-48.82,0.0000,2
13,19,32,-51.76,0.0000,2
13,19,33,-300.00,0.0000,2
13,19,34,-37.46,0.0003,2
13,19,35,-53.67,0.0000,2
13,19,36,-34.36,0.0005,2
13,19,37,-16.20,0.0342,2
13,19,38,-2.88,0.6001,2
13,19,39,-12.03,0.0877,2
13,19,40,-59.24,0.0000,2
13,19,41,-42.77,0.0001,2
13,20,0,-37.74,0.0002,2
13,20,1,-47.71,0.0000,2
13,20,2,-34.42,0.0005,2
13,20,3,-30.87,0.0012,2
13,20,4,-23.88,0.0059,2
13,20,5,-42.68,0.0001,2
13,20,6,-20.96,0.0115,2
13,20,7,-7.72,0.2252,2
13,20,8,-61.46,0.0000,2
13,20,9,-64.47,0.0000,2
13,20,10,-47.36,0.0000,2
13,20,11,-27.93,0.0023,2
13,20,12,-33.32,0.0007,2
13,20,13,-19.98,0.0144,2
13,20,14,-19.55,0.0159,2
13,20,15,-29.94,0.0015,2
13,20,16,-42.47,0.0001,2
13,20,17,-19.99,0.0144,2
13,20,18,-44.16,0.0001,2
13,20,19,-51.60,0.0000,2
13,20,20,-42.14,0.0001,2
13,20,21,-42.58,0.0001,2
13,20,22,-54.32,0.0000,2
13,20,23,-0.25,0.9588,2
13,20,24,-31.14,0.0011,2
13,20,25,-19.25,0.0171,2
13,20,26,-31.19,0.0011,2
13,20,27,-60.21,0.0000,2
13,20,28,-32.49,0.0008,2
13,20,29,-26.82,0.0030,2
13,20,30,-23.23,0.0068,2
13,20,31,-21.57,0.0100,2
13,20,32,-23.12,0.0070,2
13,20,33,-23.60,0.0063,2
13,20,34,-58.45,0.0000,2
13,20,35,-14.10,0.0551,2
13,20,36,-23.27,0.0068,2
13,20,37,1.32,1.2356,2
13,20,38,-19.28,0.0169,2
13,20,39,-44.77,0.0000,2
13,20,40,-4.67,0.4237,2
13,20,41,-7.25,0.2490,2
14,0,0,-5.62,0.3496,2
14,0,1,13.82,4.6482,2
14,0,2,-29.60,0.0016,2
14,0,3,-23.08,0.0071,2
14,0,4,8.86,3.1189,2
14,0,5,0.53,1.0907,2
14,0,6,-33.53,0.0006,2
14,0,7,-7.22,0.2505,2
14,0,8,-45.83,0.0000,2
14,0,9,-18.44,0.0205,2
14,0,10,-19.32,0.0168,2
14,0,11,11.64,3.9619,2
14,0,12,-14.56,0.0496,2
14,0,13,-20.42,0.0130,2
14,0,14,-16.10,0.0350,2
14,0,15,-21.42,0.0104,2
14,0,16,-20.01,0.0143,2
14,0,17,-10.03,0.1367,2
14,0,18,-10.45,0.1246,2
14,0,19,-38.45,0.0002,2
14,0,20,11.19,3.8243,2
14,0,21,3.64,1.7276,2
14,0,22,-25.98,0.0036,2
14,0,23,3.98,1.8082,2
14,0,24,-9.58,0.1509,2
14,0,25,-32.70,0.0008,2
14,0,26,-4.37,0.4500,2
14,0,27,-26.98,0.0029,2
14,0,28,-24.32,0.0053,2
14,0,29,-10.68,0.1184,2
14,0,30,-3.85,0.4982,2
14,0,31,-47.45,0.0000,2
14,0,32,-35.36,0.0004,2
14,0,33,-36.42,0.0003,2
14,0,34,-37.83,0.0002,2
14,0,35,-39.16,0.0002,2
14,0,36,-7.62,0.2304,2
14,0,37,-28.77,0.0019,2
14,0,38,-23.18,0.0069,2
14,0,39,-42.19,0.0001,2
14,0,40,-47.78,0.0000,2
14,0,41,-50.54,0.0000,2
14,1,0,9.54,3.3202,2
14,1,1,-31.53,0.0010,2
14,1,2,51.76,17.1952,2
14,1,3,-0.03,0.9948,2
14,1,4,13.29,4.4803,2
14,1,5,-27.76,0.0024,2
14,1,6,-12.44,0.0801,2
14,1,7,30.23,10.0427,2
14,1,8,-24.22,0.0055,2
14,1,9,-15.93,0.0364,2
14,1,10,-1.71,0.7440,2
14,1,11,-0.38,0.9384,2
14,1,12,-26.41,0.0033,2
14,1,13,-17.08,0.0280,2
14,1,14,-21.00,0.0114,2
14,1,15,-20.06,0.0142,2
14,1,16,-17.00,0.0285,2
14,1,17,-26.84,0.0030,2
14,1,18,-13.61,0.0615,2
14,1,19,-1.23,0.8103,2
14,1,20,-1.58,0.7617,2
14,1,21,-34.14,0.0006,2
14,1,22,-46.86,0.0000,2
14,1,23,-30.00,0.0014,2
14,1,24,-31.05,0.0011,2
14,1,25,-32.05,0.0009,2
14,1,26,-28.82,0.0019,2
14,1,27,-21.03,0.0113,2
14,1,28,-42.68,0.0001,2
14,1,29,-29.77,0.0015,2
14,1,30,9.53,3.3170,2
14,1,31,-20.82,0.0119,2
14,1,32,-31.95,0.0009,2
14,1,33,-15.84,0.0371,2
14,1,34,-39.30,0.0002,2
14,1,35,-18.57,0.0199,2
14,1,36,2.09,1.3892,2
14,1,37,-5.76,0.3399,2
14,1,38,-5.67,0.3456,2
14,1,39,-25.80,0.0038,2
14,1,40,11.42,3.8939,2
14,1,41,-18.31,0.0211,2
14,2,0,-27.54,0.0025,2
14,2,1,-4.08,0.4762,2
14,2,2,-23.38,0.0066,2
14,2,3,-8.80,0.1785,2
14,2,4,20.46,6.8095,2
14,2,5,-0.37,0.9391,2
14,2,6,-48.45,0.0000,2
14,2,7,-17.48,0.0256,2
14,2,8,-3.48,0.5347,2
14,2,9,-22.25,0.0086,2
14,2,10,-30.89,0.0012,2
14,2,11,-13.16,0.0681,2
14,2,12,-56.01,0.0000,2
14,2,13,-28.36,0.0021,2
14,2,14,-39.86,0.0001,2
14,2,15,-49.28,0.0000,2
14,2,16,-32.51,0.0008,2
14,2,17,-43.40,0.0001,2
14,2,18,-25.33,0.0042,2
14,2,19,-58.82,0.0000,2
14,2,20,24.70,8.2099,2
14,2,21,-36.14,0.0004,2
14,2,22,-16.79,0.0299,2
14,2,23,-9.24,0.1623,2
14,2,24,-1.98,0.7086,2
14,2,25,-28.31,0.0021,2
14,2,26,-14.02,0.0560,2
14,2,27,-12.10,0.0863,2
14,2,28,-25.30,0.0042,2
14,2,29,-58.10,0.0000,2
14,2,30,1.13,1.1992,2
14,2,31,-11.89,0.0905,2
14,2,32,-17.74,0.0241,2
14,2,33,-21.02,0.0114,2
14,2,34,-4.04,0.4793,2
14,2,35,-8.15,0.2056,2
14,2,36,-43.91,0.0001,2
14,2,37,-5.68,0.3451,2
14,2,38,-39.81,0.0002,2
14,2,39,-26.32,0.0034,2
14,2,40,-5.75,0.3402,2
14,2,41,-26.90,0.0029,2
14,3,0,-15.65,0.0388,2
14,3,1,-39.44,0.0002,2
14,3,2,-41.83,0.0001,2
14,3,3,-9.26,0.1617,2
14,3,4,-33.91,0.0006,2
14,3,5,-21.85,0.0094,2
14,3,6,5.14,2.0927,2
14,3,7,5.63,2.2199,2
14,3,8,0.08,1.0127,2
14,3,9,-17.43,0.0259,2
14,3,10,-23.73,0.0061,2
14,3,11,12.55,4.2470,2
14,3,12,-33.15,0.0007,2
14,3,13,-8.51,0.1904,2
14,3,14,-23.43,0.0065,2
14,3,15,1.02,1.1795,2
14,3,16,-30.87,0.0012,2
14,3,17,-21.04,0.0113,2
14,3,18,-29.47,0.0016,2
14,3,19,-20.31,0.0134,2
14,3,20,-7.63,0.2299,2
14,3,21,-31.45,0.0010,2
14,3,22,-300.00,0.0000,2
14,3,23,-17.85,0.0235,2
14,3,24,-34.59,0.0005,2
14,3,25,-20.98,0.0115,2
14,3,26,-8.89,0.1751,2
14,3,27,-25.85,0.0037,2
14,3,28,-23.70,0.0061,2
14,3,29,-9.39,0.1571,2
14,3,30,-1.03,0.8396,2
14,3,31,-15.71,0.0383,2
14,3,32,-23.02,0.0072,2
14,3,33,-22.46,0.0082,2
14,3,34,-23.54,0.0064,2
14,3,35,-9.44,0.1555,2
14,3,36,-42.57,0.0001,2
14,3,37,-54.77,0.0000,2
14,3,38,-59.69,0.0000,2
14,3,39,-44.99,0.0000,2
14,3,40,-29.90,0.0015,2
14,3,41,-39.49,0.0002,2
14,4,0,-41.00,0.0001,2
14,4,1,-46.50,0.0000,2
14,4,2,-45.81,0.0000,2
14,4,3,-30.46,0.0013,2
14,4,4,-22.48,0.0081,2
14,4,5,-18.21,0.0216,2
14,4,6,-32.21,0.0009,2
14,4,7,-8.90,0.1750,2
14,4,8,-22.64,0.0078,2
14,4,9,-16.41,0.0326,2
14,4,10,-33.06,0.0007,2
14,4,11,-1.46,0.7775,2
14,4,12,-47.51,0.0000,2
14,4,13,-59.24,0.0000,2
14,4,14,-24.06,0.0057,2
14,4,15,-64.47,0.0000,2
14,4,16,-34.19,0.0005,2
14,4,17,-41.94,0.0001,2
14,4,18,-21.72,0.0097,2
14,4,19,-14.52,0.0500,2
14,4,20,0.08,1.0126,2
14,4,21,-64.47,0.0000,2
14,4,22,-34.07,0.0006,2
14,4,23,-12.58,0.0775,2
14,4,24,-22.40,0.0083,2
14,4,25,-15.42,0.0408,2
14,4,26,-24.20,0.0055,2
14,4,27,-30.42,0.0013,2
14,4,28,-31.35,0.0011,2
14,4,29,-9.63,0.1490,2
14,4,30,11.02,3.7709,2
14,4,31,-5.11,0.3878,2
14,4,32,-30.08,0.0014,2
14,4,33,-25.22,0.0043,2
14,4,34,-11.27,0.1038,2
14,4,35,14.61,4.9039,2
14,4,36,-26.29,0.0034,2
14,4,37,-45.54,0.0000,2
14,4,38,-37.09,0.0003,2
14,4,39,-44.01,0.0001,2
14,4,40,-64.47,0.0000,2
14,4,41,-26.51,0.0032,2
14,5,0,7.19,2.6402,2
14,5,1,-31.27,0.0011,2
14,5,2,0.22,1.0367,2
14,5,3,-6.63,0.2839,2
14,5,4,-8.24,0.2015,2
14,5,5,-37.77,0.0002,2
14,5,6,-16.31,0.0333,2
14,5,7,4.92,2.0371,2
14,5,8,-8.86,0.1765,2
14,5,9,-14.29,0.0528,2
14,5,10,-6.47,0.2935,2
14,5,11,71.22,23.6595,2
14,5,12,-25.12,0.0044,2
14,5,13,-28.92,0.0019,2
14,5,14,-15.39,0.0411,2
14,5,15,-16.11,0.0349,2
14,5,16,-21.42,0.0104,2
14,5,17,-17.75,0.0240,2
14,5,18,-20.34,0.0133,2
14,5,19,-30.11,0.0014,2
14,5,20,-20.57,0.0126,2
14,5,21,-14.45,0.0508,2
14,5,22,-28.97,0.0018,2
14,5,23,-2.25,0.6740,2
14,5,24,-48.45,0.0000,2
14,5,25,-34.24,0.0005,2
14,5,26,-37.54,0.0003,2
14,5,27,-32.72,0.0008,2
14,5,28,-15.49,0.0402,2
14,5,29,-27.41,0.0026,2
14,5,30,-23.91,0.0059,2
14,5,31,-32.55,0.0008,2
14,5,32,-33.50,0.0006,2
14,5,33,-42.37,0.0001,2
14,5,34,-27.15,0.0028,2
14,5,35,-7.52,0.2351,2
14,5,36,-4.53,0.4354,2
14,5,37,-11.45,0.0999,2
14,5,38,-28.40,0.0021,2
14,5,39,-22.82,0.0075,2
14,5,40,-13.61,0.0615,2
14,5,41,-23.77,0.0060,2
14,6,0,-39.59,0.0002,2
14,6,1,-15.96,0.0361,2
14,6,2,-64.47,0.0000,2
14,6,3,-33.49,0.0006,2
14,6,4,-43.81,0.0001,2
14,6,5,-66.23,0.0000,2
14,6,6,-27.71,0.0024,2
14,6,7,-29.07,0.0018,2
14,6,8,-35.96,0.0004,2
14,6,9,-48.52,0.0000,2
14,6,10,-31.27,0.0011,2
14,6,11,-15.90,0.0366,2
14,6,12,10.60,3.6410,2
14,6,13,-28.96,0.0018,2
14,6,14,13.08,4.4146,2
14,6,15,-21.88,0.0093,2
14,6,16,-21.34,0.0106,2
14,6,17,-13.49,0.0632,2
14,6,18,-3.39,0.5437,2
14,6,19,-6.20,0.3100,2
14,6,20,-7.38,0.2421,2
14,6,21,-28.44,0.0021,2
14,6,22,-29.14,0.0018,2
14,6,23,-6.94,0.2658,2
14,6,24,-35.07,0.0004,2
14,6,25,-32.80,0.0008,2
14,6,26,-50.49,0.0000,2
14,6,27,-52.16,0.0000,2
14,6,28,-22.81,0.0075,2
14,6,29,-14.06,0.0556,2
14,6,30,-5.34,0.3697,2
14,6,31,-39.02,0.0002,2
14,6,32,-10.85,0.1139,2
14,6,33,-19.64,0.0156,2
14,6,34,-45.05,0.0000,2
14,6,35,3.27,1.6436,2
14,6,36,-45.36,0.0000,2
14,6,37,-36.86,0.0003,2
14,6,38,-31.97,0.0009,2
14,6,39,-28.40,0.0021,2
14,6,40,-7.97,0.2138,2
14,6,41,-11.07,0.1086,2
14,7,0,-19.07,0.0178,2
14,7,1,-16.19,0.0343,2
14,7,2,-15.60,0.0392,2
14,7,3,-4.90,0.4041,2
14,7,4,-35.38,0.0004,2
14,7,5,-40.09,0.0001,2
14,7,6,-10.47,0.1239,2
14,7,7,-9.16,0.1653,2
14,7,8,-7.33,0.2449,2
14,7,9,-13.71,0.0602,2
14,7,10,-26.12,0.0035,2
14,7,11,7.16,2.6322,2
14,7,12,-31.81,0.0010,2
14,7,13,-33.83,0.0006,2
14,7,14,22.50,7.4838,2
14,7,15,-6.15,0.3133,2
14,7,16,-28.19,0.0022,2
14,7,17,5.99,2.3143,2
14,7,18,-34.45,0.0005,2
14,7,19,-47.28,0.0000,2
14,7,20,-16.37,0.0329,2
14,7,21,-40.88,0.0001,2
14,7,22,-20.80,0.0119,2
14,7,23,-3.32,0.5514,2
14,7,24,-7.45,0.2388,2
14,7,25,-17.90,0.0232,2
14,7,26,-39.45,0.0002,2
14,7,27,-14.26,0.0531,2
14,7,28,-18.00,0.0227,2
14,7,29,19.59,6.5249,2
14,7,30,-15.66,0.0387,2
14,7,31,-39.99,0.0001,2
14,7,32,-36.07,0.0004,2
14,7,33,-37.74,0.0002,2
14,7,34,-21.25,0.0108,2
14,7,35,-12.84,0.0732,2
14,7,36,-10.84,0.1141,2
14,7,37,-35.07,0.0004,2
14,7,38,-12.69,0.0756,2
14,7,39,-5.00,0.3961,2
14,7,40,-44.13,0.0001,2
14,7,41,-27.59,0.0025,2
14,8,0,-27.87,0.0024,2
14,8,1,-7.48,0.2372,2
14,8,2,-30.38,0.0013,2
14,8,3,-49.15,0.0000,2
14,8,4,-23.00,0.0072,2
14,8,5,-32.52,0.0008,2
14,8,6,-55.26,0.0000,2
14,8,7,-19.83,0.0149,2
14,8,8,-27.69,0.0025,2
14,8,9,-23.26,0.0068,2
14,8,10,-31.08,0.0011,2
14,8,11,-3.72,0.5104,2
14,8,12,-0.13,0.9788,2
14,8,13,-31.49,0.0010,2
14,8,14,-10.73,0.1169,2
14,8,15,-53.67,0.0000,2
14,8,16,-12.88,0.0724,2
14,8,17,-5.69,0.3444,2
14,8,18,-22.14,0.0088,2
14,8,19,-39.19,0.0002,2
14,8,20,17.27,5.7627,2
14,8,21,5.65,2.2239,2
14,8,22,-40.72,0.0001,2
14,8,23,-32.01,0.0009,2
14,8,24,-22.54,0.0080,2
14,8,25,-41.85,0.0001,2
14,8,26,-69.24,0.0000,2
14,8,27,-40.69,0.0001,2
14,8,28,-34.11,0.0006,2
14,8,29,-42.53,0.0001,2
14,8,30,-17.32,0.0265,2
14,8,31,-39.03,0.0002,2
14,8,32,-49.89,0.0000,2
14,8,33,-43.61,0.0001,2
14,8,34,-62.25,0.0000,2
14,8,35,-2.21,0.6788,2
14,8,36,-49.46,0.0000,2
14,8,37,-300.00,0.0000,2
14,8,38,-58.10,0.0000,2
14,8,39,-30.68,0.0012,2
14,8,40,-42.73,0.0001,2
14,8,41,-43.50,0.0001,2
14,9,0,-28.71,0.0019,2
14,9,1,-15.81,0.0374,2
14,9,2,-12.92,0.0719,2
14,9,3,-56.68,0.0000,2
14,9,4,-48.67,0.0000,2
14,9,5,-6.81,0.2733,2
14,9,6,-39.05,0.0002,2
14,9,7,-11.19,0.1056,2
14,9,8,-18.68,0.0194,2
14,9,9,-15.00,0.0449,2
14,9,10,-37.58,0.0003,2
14,9,11,13.91,4.6775,2
14,9,12,-27.05,0.0028,2
14,9,13,-41.51,0.0001,2
14,9,14,-39.02,0.0002,2
14,9,15,-48.23,0.0000,2
14,9,16,-25.87,0.0037,2
14,9,17,2.76,1.5295,2
14,9,18,1.54,1.2788,2
14,9,19,12.70,4.2956,2
14,9,20,48.91,16.2490,2
14,9,21,-27.66,0.0025,2
14,9,22,-40.32,0.0001,2
14,9,23,15.01,5.0302,2
14,9,24,-6.98,0.2637,2
14,9,25,-24.94,0.0046,2
14,9,26,-51.18,0.0000,2
14,9,27,-44.47,0.0001,2
14,9,28,-31.17,0.0011,2
14,9,29,-48.10,0.0000,2
14,9,30,-14.57,0.0496,2
14,9,31,-2.15,0.6861,2
14,9,32,5.56,2.2021,2
14,9,33,1.11,1.1961,2
14,9,34,-10.43,0.1250,2
14,9,35,1.64,1.2978,2
14,9,36,-12.42,0.0804,2
14,9,37,-32.85,0.0007,2
14,9,38,-9.46,0.1548,2
14,9,39,-32.89,0.0007,2
14,9,40,-43.91,0.0001,2
14,9,41,-14.83,0.0467,2
14,10,0,-1.91,0.7174,2
14,10,1,-5.13,0.3865,2
14,10,2,-1.07,0.8333,2
14,10,3,-8.24,0.2014,2
14,10,4,-7.78,0.2223,2
14,10,5,-19.62,0.0157,2
14,10,6,-5.00,0.3966,2
14,10,7,-30.16,0.0014,2
14,10,8,-40.02,0.0001,2
14,10,9,-26.32,0.0034,2
14,10,10,-12.78,0.0741,2
14,10,11,-12.34,0.0818,2
14,10,12,-10.97,0.1110,2
14,10,13,-39.65,0.0002,2
14,10,14,-24.87,0.0047,2
14,10,15,-16.44,0.0324,2
14,10,16,-7.03,0.2608,2
14,10,17,-11.43,0.1002,2
14,10,18,-2.66,0.6251,2
14,10,19,-18.62,0.0197,2
14,10,20,13.70,4.6123,2
14,10,21,23.82,7.9199,2
14,10,22,-25.57,0.0040,2
14,10,23,-12.24,0.0837,2
14,10,24,-5.67,0.3462,2
14,10,25,-49.89,0.0000,2
14,10,26,-21.43,0.0103,2
14,10,27,-19.10,0.0176,2
14,10,28,-30.15,0.0014,2
14,10,29,-28.43,0.0021,2
14,10,30,-0.29,0.9533,2
14,10,31,-34.06,0.0006,2
14,10,32,-35.97,0.0004,2
14,10,33,-22.71,0.0077,2
14,10,34,-18.41,0.0206,2
14,10,35,-20.14,0.0139,2
14,10,36,-39.91,0.0001,2
14,10,37,-57.20,0.0000,2
14,10,38,-18.01,0.0226,2
14,10,39,-36.61,0.0003,2
14,10,40,-15.73,0.0381,2
14,10,41,-1.55,0.7658,2
14,11,0,-300.00,0.0000,2
14,11,1,-33.03,0.0007,2
14,11,2,-63.22,0.0000,2
14,11,3,-55.43,0.0000,2
14,11,4,-44.69,0.0000,2
14,11,5,-32.57,0.0008,2
14,11,6,-44.99,0.0000,2
14,11,7,-45.07,0.0000,2
14,11,8,-28.27,0.0021,2
14,11,9,-51.38,0.0000,2
14,11,10,-45.81,0.0000,2
14,11,11,-3.88,0.4954,2
14,11,12,-24.40,0.0052,2
14,11,13,-32.87,0.0007,2
14,11,14,-62.25,0.0000,2
14,11,15,-27.15,0.0028,2
14,11,16,-24.19,0.0055,2
14,11,17,-47.42,0.0000,2
14,11,18,-15.59,0.0393,2
14,11,19,-19.72,0.0153,2
14,11,20,4.76,1.9963,2
14,11,21,-11.01,0.1100,2
14,11,22,-20.27,0.0135,2
14,11,23,-8.18,0.2044,2
14,11,24,-11.59,0.0967,2
14,11,25,-34.88,0.0005,2
14,11,26,-8.62,0.1857,2
14,11,27,-18.85,0.0187,2
14,11,28,-37.15,0.0003,2
14,11,29,-10.29,0.1290,2
14,11,30,-40.58,0.0001,2
14,11,31,-64.47,0.0000,2
14,11,32,-63.22,0.0000,2
14,11,33,-46.57,0.0000,2
14,11,34,-41.94,0.0001,2
14,11,35,-2.78,0.6113,2
14,11,36,-26.01,0.0036,2
14,11,37,-28.16,0.0022,2
14,11,38,-54.32,0.0000,2
14,11,39,-36.77,0.0003,2
14,11,40,-31.71,0.0010,2
14,11,41,-15.08,0.0441,2
14,12,0,-45.60,0.0000,2
14,12,1,-36.72,0.0003,2
14,12,2,-55.81,0.0000,2
14,12,3,-34.30,0.0005,2
14,12,4,-46.59,0.0000,2
14,12,5,-38.74,0.0002,2
14,12,6,-44.25,0.0001,2
14,12,7,-39.95,0.0001,2
14,12,8,-61.46,0.0000,2
14,12,9,-54.19,0.0000,2
14,12,10,-45.77,0.0000,2
14,12,11,-25.20,0.0044,2
14,12,12,-47.09,0.0000,2
14,12,13,-20.16,0.0138,2
14,12,14,-40.30,0.0001,2
14,12,15,-30.96,0.0012,2
14,12,16,-54.61,0.0000,2
14,12,17,-38.63,0.0002,2
14,12,18,-18.47,0.0204,2
14,12,19,-300.00,0.0000,2
14,12,20,-18.92,0.0184,2
14,12,21,-34.64,0.0005,2
14,12,22,-27.18,0.0028,2
14,12,23,5.27,2.1254,2
14,12,24,-21.07,0.0112,2
14,12,25,-35.81,0.0004,2
14,12,26,-11.04,0.1093,2
14,12,27,-26.81,0.0030,2
14,12,28,-25.80,0.0038,2
14,12,29,-32.20,0.0009,2
14,12,30,-15.57,0.0394,2
14,12,31,-44.58,0.0001,2
14,12,32,-66.23,0.0000,2
14,12,33,-57.48,0.0000,2
14,12,34,-50.37,0.0000,2
14,12,35,-44.24,0.0001,2
14,12,36,0.40,1.0672,2
14,12,37,-38.23,0.0002,2
14,12,38,-25.22,0.0043,2
14,12,39,-16.10,0.0350,2
14,12,40,-38.41,0.0002,2
14,12,41,-26.75,0.0030,2
14,13,0,-22.17,0.0087,2
14,13,1,-31.85,0.0009,2
14,13,2,-28.26,0.0022,2
14,13,3,-8.38,0.1958,2
14,13,4,-24.46,0.0052,2
14,13,5,4.14,1.8462,2
14,13,6,-17.03,0.0283,2
14,13,7,-18.93,0.0183,2
14,13,8,-11.70,0.0945,2
14,13,9,-23.92,0.0058,2
14,13,10,-54.47,0.0000,2
14,13,11,-17.91,0.0232,2
14,13,12,-42.71,0.0001,2
14,13,13,-58.45,0.0000,2
14,13,14,-46.27,0.0000,2
14,13,15,-30.89,0.0012,2
14,13,16,-24.95,0.0046,2
14,13,17,-18.81,0.0188,2
14,13,18,-32.59,0.0008,2
14,13,19,-46.88,0.0000,2
14,13,20,-0.89,0.8594,2
14,13,21,-46.91,0.0000,2
14,13,22,-25.14,0.0044,2
14,13,23,-9.11,0.1670,2
14,13,24,-14.32,0.0524,2
14,13,25,-21.97,0.0091,2
14,13,26,-6.56,0.2881,2
14,13,27,-3.43,0.5404,2
14,13,28,-30.22,0.0014,2
14,13,29,-40.62,0.0001,2
14,13,30,-0.41,0.9340,2
14,13,31,-18.78,0.0190,2
14,13,32,-36.17,0.0003,2
14,13,33,-29.06,0.0018,2
14,13,34,-15.89,0.0367,2
14,13,35,2.42,1.4573,2
14,13,36,-40.90,0.0001,2
14,13,37,-50.21,0.0000,2
14,13,38,-46.43,0.0000,2
14,13,39,-40.06,0.0001,2
14,13,40,-31.39,0.0010,2
14,13,41,-47.93,0.0000,2
14,14,0,-69.24,0.0000,2
14,14,1,-55.09,0.0000,2
14,14,2,-29.97,0.0015,2
14,14,3,-57.78,0.0000,2
14,14,4,-37.36,0.0003,2
14,14,5,-55.26,0.0000,2
14,14,6,-29.55,0.0016,2
14,14,7,-23.85,0.0059,2
14,14,8,-26.71,0.0031,2
14,14,9,-45.93,0.0000,2
14,14,10,-28.34,0.0021,2
14,14,11,-0.61,0.9027,2
14,14,12,-27.64,0.0025,2
14,14,13,-24.79,0.0048,2
14,14,14,-36.63,0.0003,2
14,14,15,-30.58,0.0013,2
14,14,16,-29.69,0.0015,2
14,14,17,-44.81,0.0000,2
14,14,18,-38.75,0.0002,2
14,14,19,-31.49,0.0010,2
14,14,20,-40.59,0.0001,2
14,14,21,-21.16,0.0110,2
14,14,22,-48.13,0.0000,2
14,14,23,-24.47,0.0052,2
14,14,24,-39.10,0.0002,2
14,14,25,-17.30,0.0266,2
14,14,26,-54.32,0.0000,2
14,14,27,-27.99,0.0023,2
14,14,28,-36.39,0.0003,2
14,14,29,5.01,2.0597,2
14,14,30,-17.53,0.0252,2
14,14,31,-22.61,0.0079,2
14,14,32,-50.72,0.0000,2
14,14,33,-51.68,0.0000,2
14,14,34,-26.03,0.0036,2
14,14,35,-8.49,0.1910,2
14,14,36,-45.22,0.0000,2
14,14,37,-55.81,0.0000,2
14,14,38,-31.38,0.0010,2
14,14,39,-25.11,0.0044,2
14,14,40,-49.94,0.0000,2
14,14,41,-34.18,0.0006,2
14,15,0,-11.52,0.0983,2
14,15,1,-48.16,0.0000,2
14,15,2,-24.22,0.0054,2
14,15,3,-13.14,0.0684,2
14,15,4,-9.67,0.1478,2
14,15,5,-8.38,0.1956,2
14,15,6,-7.92,0.2159,2
14,15,7,-1.62,0.7563,2
14,15,8,-18.97,0.0182,2
14,15,9,-14.77,0.0473,2
14,15,10,-18.90,0.0185,2
14,15,11,3.47,1.6878,2
14,15,12,-18.32,0.0211,2
14,15,13,-20.68,0.0123,2
14,15,14,-10.22,0.1311,2
14,15,15,-47.39,0.0000,2
14,15,16,-38.05,0.0002,2
14,15,17,-34.94,0.0005,2
14,15,18,-24.78,0.0048,2
14,15,19,-29.32,0.0017,2
14,15,20,-5.06,0.3918,2
14,15,21,-36.36,0.0003,2
14,15,22,-29.30,0.0017,2
14,15,23,-9.48,0.1541,2
14,15,24,-15.84,0.0371,2
14,15,25,-31.15,0.0011,2
14,15,26,0.82,1.1427,2
14,15,27,-10.64,0.1194,2
14,15,28,-6.94,0.2660,2
14,15,29,-8.04,0.2103,2
14,15,30,94.18,31.2850,2
14,15,31,9.33,3.2585,2
14,15,32,9.15,3.2055,2
14,15,33,56.11,18.6402,2
14,15,34,-20.13,0.0139,2
14,15,35,43.22,14.3585,2
14,15,36,-17.35,0.0263,2
14,15,37,-18.85,0.0187,2
14,15,38,-19.30,0.0169,2
14,15,39,-6.95,0.2652,2
14,15,40,-10.64,0.1195,2
14,15,41,-20.64,0.0124,2
14,16,0,-56.23,0.0000,2
14,16,1,-44.01,0.0001,2
14,16,2,-47.42,0.0000,2
14,16,3,-38.82,0.0002,2
14,16,4,-53.22,0.0000,2
14,16,5,-60.21,0.0000,2
14,16,6,-49.51,0.0000,2
14,16,7,-28.08,0.0022,2
14,16,8,-55.09,0.0000,2
14,16,9,-46.31,0.0000,2
14,16,10,-43.97,0.0001,2
14,16,11,-16.28,0.0336,2
14,16,12,-37.50,0.0003,2
14,16,13,-34.86,0.0005,2
14,16,14,-42.44,0.0001,2
14,16,15,-32.07,0.0009,2
14,16,16,-24.30,0.0053,2
14,16,17,-29.74,0.0015,2
14,16,18,-40.69,0.0001,2
14,16,19,-4.69,0.4218,2
14,16,20,0.17,1.0289,2
14,16,21,-35.72,0.0004,2
14,16,22,-44.61,0.0000,2
14,16,23,-40.52,0.0001,2
14,16,24,-43.14,0.0001,2
14,16,25,-35.16,0.0004,2
14,16,26,-32.03,0.0009,2
14,16,27,-48.94,0.0000,2
14,16,28,-16.49,0.0320,2
14,16,29,-55.09,0.0000,2
14,16,30,-18.39,0.0208,2
14,16,31,-28.25,0.0022,2
14,16,32,-20.48,0.0129,2
14,16,33,12.75,4.3112,2
14,16,34,-48.52,0.0000,2
14,16,35,-15.07,0.0442,2
14,16,36,-12.76,0.0744,2
14,16,37,-39.26,0.0002,2
14,16,38,-29.70,0.0015,2
14,16,39,-15.88,0.0367,2
14,16,40,-25.92,0.0037,2
14,16,41,-19.97,0.0144,2
14,17,0,-60.79,0.0000,2
14,17,1,-38.66,0.0002,2
14,17,2,-40.36,0.0001,2
14,17,3,-25.16,0.0044,2
14,17,4,-43.27,0.0001,2
14,17,5,-42.85,0.0001,2
14,17,6,-34.59,0.0005,2
14,17,7,-1.40,0.7862,2
14,17,8,7.40,2.6987,2
14,17,9,-11.65,0.0955,2
14,17,10,-38.20,0.0002,2
14,17,11,-0.72,0.8859,2
14,17,12,-40.16,0.0001,2
14,17,13,-41.33,0.0001,2
14,17,14,-47.56,0.0000,2
14,17,15,-49.46,0.0000,2
14,17,16,-29.16,0.0018,2
14,17,17,-22.42,0.0082,2
14,17,18,-23.64,0.0062,2
14,17,19,0.58,1.0992,2
14,17,20,-10.80,0.1153,2
14,17,21,-22.60,0.0079,2
14,17,22,-28.79,0.0019,2
14,17,23,-11.06,0.1087,2
14,17,24,-43.32,0.0001,2
14,17,25,-30.17,0.0014,2
14,17,26,-28.29,0.0021,2
14,17,27,-32.58,0.0008,2
14,17,28,-11.14,0.1069,2
14,17,29,-36.37,0.0003,2
14,17,30,11.19,3.8229,2
14,17,31,-12.97,0.0710,2
14,17,32,-11.97,0.0888,2
14,17,33,27.64,9.1857,2
14,17,34,-4.57,0.4318,2
14,17,35,11.85,4.0269,2
14,17,36,-40.56,0.0001,2
14,17,37,-51.04,0.0000,2
14,17,38,-39.87,0.0001,2
14,17,39,-36.63,0.0003,2
14,17,40,-21.71,0.0097,2
14,17,41,-60.79,0.0000,2
14,18,0,-30.27,0.0014,2
14,18,1,-32.35,0.0008,2
14,18,2,-32.66,0.0008,2
14,18,3,-38.69,0.0002,2
14,18,4,-24.58,0.0050,2
14,18,5,-39.43,0.0002,2
14,18,6,-63.22,0.0000,2
14,18,7,0.23,1.0386,2
14,18,8,-47.09,0.0000,2
14,18,9,-41.81,0.0001,2
14,18,10,-33.64,0.0006,2
14,18,11,-8.30,0.1989,2
14,18,12,-60.21,0.0000,2
14,18,13,-30.49,0.0013,2
14,18,14,-56.93,0.0000,2
14,18,15,-58.82,0.0000,2
14,18,16,-57.48,0.0000,2
14,18,17,-66.23,0.0000,2
14,18,18,-47.53,0.0000,2
14,18,19,-35.16,0.0004,2
14,18,20,-43.43,0.0001,2
14,18,21,-57.78,0.0000,2
14,18,22,-57.78,0.0000,2
14,18,23,-12.58,0.0776,2
14,18,24,-61.46,0.0000,2
14,18,25,-300.00,0.0000,2
14,18,26,-69.24,0.0000,2
14,18,27,-56.93,0.0000,2
14,18,28,-57.48,0.0000,2
14,18,29,-60.21,0.0000,2
14,18,30,-22.53,0.0080,2
14,18,31,-41.78,0.0001,2
14,18,32,-32.39,0.0008,2
14,18,33,-300.00,0.0000,2
14,18,34,-40.87,0.0001,2
14,18,35,-31.03,0.0011,2
14,18,36,-4.91,0.4033,2
14,18,37,-9.15,0.1657,2
14,18,38,-24.77,0.0048,2
14,18,39,-23.40,0.0066,2
14,18,40,-26.30,0.0034,2
14,18,41,-38.89,0.0002,2
14,19,0,-300.00,0.0000,2
14,19,1,-300.00,0.0000,2
14,19,2,-53.67,0.0000,2
14,19,3,-300.00,0.0000,2
14,19,4,-44.34,0.0001,2
14,19,5,-300.00,0.0000,2
14,19,6,-48.16,0.0000,2
14,19,7,-40.97,0.0001,2
14,19,8,-46.98,0.0000,2
14,19,9,-50.15,0.0000,2
14,19,10,-38.04,0.0002,2
14,19,11,-5.82,0.3356,2
14,19,12,-45.22,0.0000,2
14,19,13,-33.16,0.0007,2
14,19,14,-46.14,0.0000,2
14,19,15,-11.56,0.0973,2
14,19,16,-300.00,0.0000,2
14,19,17,-38.86,0.0002,2
14,19,18,-43.42,0.0001,2
14,19,19,-18.60,0.0198,2
14,19,20,-0.19,0.9686,2
14,19,21,-41.12,0.0001,2
14,19,22,-32.09,0.0009,2
14,19,23,3.84,1.7739,2
14,19,24,-27.64,0.0025,2
14,19,25,-14.60,0.0491,2
14,19,26,-37.59,0.0003,2
14,19,27,-30.36,0.0013,2
14,19,28,-29.27,0.0017,2
14,19,29,-24.15,0.0055,2
14,19,30,-27.05,0.0028,2
14,19,31,-48.82,0.0000,2
14,19,32,-51.76,0.0000,2
14,19,33,-300.00,0.0000,2
14,19,34,-37.46,0.0003,2
14,19,35,-53.67,0.0000,2
14,19,36,-34.36,0.0005,2
14,19,37,-16.20,0.0342,2
14,19,38,-2.88,0.6001,2
14,19,39,-12.03,0.0877,2
14,19,40,-59.24,0.0000,2
14,19,41,-42.77,0.0001,2
14,20,0,-37.74,0.0002,2
14,20,1,-47.71,0.0000,2
14,20,2,-34.42,0.0005,2
14,20,3,-30.87,0.0012,2
14,20,4,-23.88,0.0059,2
14,20,5,-42.68,0.0001,2
14,20,6,-20.96,0.0115,2
14,20,7,-7.72,0.2252,2
14,20,8,-61.46,0.0000,2
14,20,9,-64.47,0.0000,2
14,20,10,-47.36,0.0000,2
14,20,11,-27.93,0.0023,2
14,20,12,-33.32,0.0007,2
14,20,13,-19.98,0.0144,2
14,20,14,-19.55,0.0159,2
14,20,15,-29.94,0.0015,2
14,20,16,-42.47,0.0001,2
14,20,17,-19.99,0.0144,2
14,20,18,-44.16,0.0001,2
14,20,19,-51.60,0.0000,2
14,20,20,-42.14,0.0001,2
14,20,21,-42.58,0.0001,2
14,20,22,-54.32,0.0000,2
14,20,23,-0.25,0.9588,2
14,20,24,-31.14,0.0011,2
14,20,25,-19.25,0.0171,2
14,20,26,-31.19,0.0011,2
14,20,27,-60.21,0.0000,2
14,20,28,-32.49,0.0008,2
14,20,29,-26.82,0.0030,2
14,20,30,-23.23,0.0068,2
14,20,31,-21.57,0.0100,2
14,20,32,-23.12,0.0070,2
14,20,33,-23.60,0.0063,2
14,20,34,-58.45,0.0000,2
14,20,35,-14.10,0.0551,2
14,20,36,-23.27,0.0068,2
14,20,37,1.32,1.2356,2
14,20,38,-19.28,0.0169,2
14,20,39,-44.77,0.0000,2
14,20,40,-4.67,0.4237,2
14,20,41,-7.25,0.2490,2
15,0,0,-5.62,0.3496,2
15,0,1,13.82,4.6482,2
15,0,2,-29.60,0.0016,2
15,0,3,-23.08,0.0071,2
15,0,4,8.86,3.1189,2
15,0,5,0.53,1.0907,2
15,0,6,-33.53,0.0006,2
15,0,7,-7.22,0.2505,2
15,0,8,-45.83,0.0000,2
15,0,9,-18.44,0.0205,2
15,0,10,-19.32,0.0168,2
15,0,11,11.64,3.9619,2
15,0,12,-14.56,0.0496,2
15,0,13,-20.42,0.0130,2
15,0,14,-16.10,0.0350,2
15,0,15,-21.42,0.0104,2
15,0,16,-20.01,0.0143,2
15,0,17,-10.03,0.1367,2
15,0,18,-10.45,0.1246,2
15,0,19,-38.45,0.0002,2
15,0,20,11.19,3.8243,2
15,0,21,3.64,1.7276,2
15,0,22,-25.98,0.0036,2
15,0,23,3.98,1.8082,2
15,0,24,-9.58,0.1509,2
15,0,25,-32.70,0.0008,2
15,0,26,-4.37,0.4500,2
15,0,27,-26.98,0.0029,2
15,0,28,-24.32,0.0053,2
15,0,29,-10.68,0.1184,2
15,0,30,-3.85,0.4982,2
15,0,31,-47.45,0.0000,2
15,0,32,-35.36,0.0004,2
15,0,33,-36.42,0.0003,2
15,0,34,-37.83,0.0002,2
15,0,35,-39.16,0.0002,2
15,0,36,-7.62,0.2304,2
15,0,37,-28.77,0.0019,2
15,0,38,-23.18,0.0069,2
15,0,39,-42.19,0.0001,2
15,0,40,-47.78,0.0000,2
15,0,41,-50.54,0.0000,2
15,1,0,9.54,3.3202,2
15,1,1,-31.53,0.0010,2
15,1,2,51.76,17.1952,2
15,1,3,-0.03,0.9948,2
15,1,4,13.29,4.4803,2
15,1,5,-27.76,0.0024,2
15,1,6,-12.44,0.0801,2
15,1,7,30.23,10.0427,2
15,1,8,-24.22,0.0055,2
15,1,9,-15.93,0.0364,2
15,1,10,-1.71,0.7440,2
15,1,11,-0.38,0.9384,2
15,1,12,-26.41,0.0033,2
15,1,13,-17.08,0.0280,2
15,1,14,-21.00,0.0114,2
15,1,15,-20.06,0.0142,2
15,1,16,-17.00,0.0285,2
15,1,17,-26.84,0.0030,2
15,1,18,-13.61,0.0615,2
15,1,19,-1.23,0.8103,2
15,1,20,-1.58,0.7617,2
15,1,21,-34.14,0.0006,2
15,1,22,-46.86,0.0000,2
15,1,23,-30.00,0.0014,2
15,1,24,-31.05,0.0011,2
15,1,25,-32.05,0.0009,2
15,1,26,-28.82,0.0019,2
15,1,27,-21.03,0.0113,2
15,1,28,-42.68,0.0001,2
15,1,29,-29.77,0.0015,2
15,1,30,9.53,3.3170,2
15,1,31,-20.82,0.0119,2
15,1,32,-31.95,0.0009,2
15,1,33,-15.84,0.0371,2
15,1,34,-39.30,0.0002,2
15,1,35,-18.57,0.0199,2
15,1,36,2.09,1.3892,2
15,1,37,-5.76,0.3399,2
15,1,38,-5.67,0.3456,2
15,1,39,-25.80,0.0038,2
15,1,40,11.42,3.8939,2
15,1,41,-18.31,0.0211,2
15,2,0,-27.54,0.0025,2
15,2,1,-4.08,0.4762,2
15,2,2,-23.38,0.0066,2
15,2,3,-8.80,0.1785,2
15,2,4,20.46,6.8095,2
15,2,5,-0.37,0.9391,2
15,2,6,-48.45,0.0000,2
15,2,7,-17.48,0.0256,2
15,2,8,-3.48,0.5347,2
15,2,9,-22.25,0.0086,2
15,2,10,-30.89,0.0012,2
15,2,11,-13.16,0.0681,2
15,2,12,-56.01,0.0000,2
15,2,13,-28.36,0.0021,2
15,2,14,-39.86,0.0001,2
15,2,15,-49.28,0.0000,2
15,2,16,-32.51,0.0008,2
15,2,17,-43.40,0.0001,2
15,2,18,-25.33,0.0042,2
15,2,19,-58.82,0.0000,2
15,2,20,24.70,8.2099,2
15,2,21,-36.14,0.0004,2
15,2,22,-16.79,0.0299,2
15,2,23,-9.24,0.1623,2
15,2,24,-1.98,0.7086,2
15,2,25,-28.31,0.0021,2
15,2,26,-14.02,0.0560,2
15,2,27,-12.10,0.0863,2
15,2,28,-25.30,0.0042,2
15,2,29,-58.10,0.0000,2
15,2,30,1.13,1.1992,2
15,2,31,-11.89,0.0905,2
15,2,32,-17.74,0.0241,2
15,2,33,-21.02,0.0114,2
15,2,34,-4.04,0.4793,2
15,2,35,-8.15,0.2056,2
15,2,36,-43.91,0.0001,2
15,2,37,-5.68,0.3451,2
15,2,38,-39.81,0.0002,2
15,2,39,-26.32,0.0034,2
15,2,40,-5.75,0.3402,2
15,2,41,-26.90,0.0029,2
15,3,0,-15.65,0.0388,2
15,3,1,-39.44,0.0002,2
15,3,2,-41.83,0.0001,2
15,3,3,-9.26,0.1617,2
15,3,4,-33.91,0.0006,2
15,3,5,-21.85,0.0094,2
15,3,6,5.14,2.0927,2
15,3,7,5.63,2.2199,2
15,3,8,0.08,1.0127,2
15,3,9,-17.43,0.0259,2
15,3,10,-23.73,0.0061,2
15,3,11,12.55,4.2470,2
15,3,12,-33.15,0.0007,2
15,3,13,-8.51,0.1904,2
15,3,14,-23.43,0.0065,2
15,3,15,1.02,1.1795,2
15,3,16,-30.87,0.0012,2
15,3,17,-21.04,0.0113,2
15,3,18,-29.47,0.0016,2
15,3,19,-20.31,0.0134,2
15,3,20,-7.63,0.2299,2
15,3,21,-31.45,0.0010,2
15,3,22,-300.00,0.0000,2
15,3,23,-17.85,0.0235,2
15,3,24,-34.59,0.0005,2
15,3,25,-20.98,0.0115,2
15,3,26,-8.89,0.1751,2
15,3,27,-25.85,0.0037,2
15,3,28,-23.70,0.0061,2
15,3,29,-9.39,0.1571,2
15,3,30,-1.03,0.8396,2
15,3,31,-15.71,0.0383,2
15,3,32,-23.02,0.0072,2
15,3,33,-22.46,0.0082,2
15,3,34,-23.54,0.0064,2
15,3,35,-9.44,0.1555,2
15,3,36,-42.57,0.0001,2
15,3,37,-54.77,0.0000,2
15,3,38,-59.69,0.0000,2
15,3,39,-44.99,0.0000,2
15,3,40,-29.90,0.0015,2
15,3,41,-39.49,0.0002,2
15,4,0,-41.00,0.0001,2
15,4,1,-46.50,0.0000,2
15,4,2,-45.81,0.0000,2
15,4,3,-30.46,0.0013,2
15,4,4,-22.48,0.0081,2
15,4,5,-18.21,0.0216,2
15,4,6,-32.21,0.0009,2
15,4,7,-8.90,0.1750,2
15,4,8,-22.64,0.0078,2
15,4,9,-16.41,0.0326,2
15,4,10,-33.06,0.0007,2
15,4,11,-1.46,0.7775,2
15,4,12,-47.51,0.0000,2
15,4,13,-59.24,0.0000,2
15,4,14,-24.06,0.0057,2
15,4,15,-64.47,0.0000,2
15,4,16,-34.19,0.0005,2
15,4,17,-41.94,0.0001,2
15,4,18,-21.72,0.0097,2
15,4,19,-14.52,0.0500,2
15,4,20,0.08,1.0126,2
15,4,21,-64.47,0.0000,2
15,4,22,-34.07,0.0006,2
15,4,23,-12.58,0.0775,2
15,4,24,-22.40,0.0083,2
15,4,25,-15.42,0.0408,2
15,4,26,-24.20,0.0055,2
15,4,27,-30.42,0.0013,2
15,4,28,-31.35,0.0011,2
15,4,29,-9.63,0.1490,2
15,4,30,11.02,3.7709,2
15,4,31,-5.11,0.3878,2
15,4,32,-30.08,0.0014,2
15,4,33,-25.22,0.0043,2
15,4,34,-11.27,0.1038,2
15,4,35,14.61,4.9039,2
15,4,36,-26.29,0.0034,2
15,4,37,-45.54,0.0000,2
15,4,38,-37.09,0.0003,2
15,4,39,-44.01,0.0001,2
15,4,40,-64.47,0.0000,2
15,4,41,-26.51,0.0032,2
15,5,0,7.19,2.6402,2
15,5,1,-31.27,0.0011,2
15,5,2,0.22,1.0367,2
15,5,3,-6.63,0.2839,2
15,5,4,-8.24,0.2015,2
15,5,5,-37.77,0.0002,2
15,5,6,-16.31,0.0333,2
15,5,7,4.92,2.0371,2
15,5,8,-8.86,0.1765,2
15,5,9,-14.29,0.0528,2
15,5,10,-6.47,0.2935,2
15,5,11,71.22,23.6595,2
15,5,12,-25.12,0.0044,2
15,5,13,-28.92,0.0019,2
15,5,14,-15.39,0.0411,2
15,5,15,-16.11,0.0349,2
15,5,16,-21.42,0.0104,2
15,5,17,-17.75,0.0240,2
15,5,18,-20.34,0.0133,2
15,5,19,-30.11,0.0014,2
15,5,20,-20.57,0.0126,2
15,5,21,-14.45,0.0508,2
15,5,22,-28.97,0.0018,2
15,5,23,-2.25,0.6740,2
15,5,24,-48.45,0.0000,2
15,5,25,-34.24,0.0005,2
15,5,26,-37.54,0.0003,2
15,5,27,-32.72,0.0008,2
15,5,28,-15.49,0.0402,2
15,5,29,-27.41,0.0026,2
15,5,30,-23.91,0.0059,2
15,5,31,-32.55,0.0008,2
15,5,32,-33.50,0.0006,2
15,5,33,-42.37,0.0001,2
15,5,34,-27.15,0.0028,2
15,5,35,-7.52,0.2351,2
15,5,36,-4.53,0.4354,2
15,5,37,-11.45,0.0999,2
15,5,38,-28.40,0.0021,2
15,5,39,-22.82,0.0075,2
15,5,40,-13.61,0.0615,2
15,5,41,-23.77,0.0060,2
15,6,0,-39.59,0.0002,2
15,6,1,-15.96,0.0361,2
15,6,2,-64.47,0.0000,2
15,6,3,-33.49,0.0006,2
15,6,4,-43.81,0.0001,2
15,6,5,-66.23,0.0000,2
15,6,6,-27.71,0.0024,2
15,6,7,-29.07,0.0018,2
15,6,8,-35.96,0.0004,2
15,6,9,-48.52,0.0000,2
15,6,10,-31.27,0.0011,2
15,6,11,-15.90,0.0366,2
15,6,12,10.60,3.6410,2
15,6,13,-28.96,0.0018,2
15,6,14,13.08,4.4146,2
15,6,15,-21.88,0.0093,2
15,6,16,-21.34,0.0106,2
15,6,17,-13.49,0.0632,2
15,6,18,-3.39,0.5437,2
15,6,19,-6.20,0.3100,2
15,6,20,-7.38,0.2421,2
15,6,21,-28.44,0.0021,2
15,6,22,-29.14,0.0018,2
15,6,23,-6.94,0.2658,2
15,6,24,-35.07,0.0004,2
15,6,25,-32.80,0.0008,2
15,6,26,-50.49,0.0000,2
15,6,27,-52.16,0.0000,2
15,6,28,-22.81,0.0075,2
15,6,29,-14.06,0.0556,2
15,6,30,-5.34,0.3697,2
15,6,31,-39.02,0.0002,2
15,6,32,-10.85,0.1139,2
15,6,33,-19.64,0.0156,2
15,6,34,-45.05,0.0000,2
15,6,35,3.27,1.6436,2
15,6,36,-45.36,0.0000,2
15,6,37,-36.86,0.0003,2
15,6,38,-31.97,0.0009,2
15,6,39,-28.40,0.0021,2
15,6,40,-7.97,0.2138,2
15,6,41,-11.07,0.1086,2
15,7,0,-19.07,0.0178,2
15,7,1,-16.19,0.0343,2
15,7,2,-15.60,0.0392,2
15,7,3,-4.90,0.4041,2
15,7,4,-35.38,0.0004,2
15,7,5,-40.09,0.0001,2
15,7,6,-10.47,0.1239,2
15,7,7,-9.16,0.1653,2
15,7,8,-7.33,0.2449,2
15,7,9,-13.71,0.0602,2
15,7,10,-26.12,0.0035,2
15,7,11,7.16,2.6322,2
15,7,12,-31.81,0.0010,2
15,7,13,-33.83,0.0006,2
15,7,14,22.50,7.4838,2
15,7,15,-6.15,0.3133,2
15,7,16,-28.19,0.0022,2
15,7,17,5.99,2.3143,2
15,7,18,-34.45,0.0005,2
15,7,19,-47.28,0.0000,2
15,7,20,-16.37,0.0329,2
15,7,21,-40.88,0.0001,2
15,7,22,-20.80,0.0119,2
15,7,23,-3.32,0.5514,2
15,7,24,-7.45,0.2388,2
15,7,25,-17.90,0.0232,2
15,7,26,-39.45,0.0002,2
15,7,27,-14.26,0.0531,2
15,7,28,-18.00,0.0227,2
15,7,29,19.59,6.5249,2
15,7,30,-15.66,0.0387,2
15,7,31,-39.99,0.0001,2
15,7,32,-36.07,0.0004,2
15,7,33,-37.74,0.0002,2
15,7,34,-21.25,0.0108,2
15,7,35,-12.84,0.0732,2
15,7,36,-10.84,0.1141,2
15,7,37,-35.07,0.0004,2
15,7,38,-12.69,0.0756,2
15,7,39,-5.00,0.3961,2
15,7,40,-44.13,0.0001,2
15,7,41,-27.59,0.0025,2
15,8,0,-27.87,0.0024,2
15,8,1,-7.48,0.2372,2
15,8,2,-30.38,0.0013,2
15,8,3,-49.15,0.0000,2
15,8,4,-23.00,0.0072,2
15,8,5,-32.52,0.0008,2
15,8,6,-55.26,0.0000,2
15,8,7,-19.83,0.0149,2
15,8,8,-27.69,0.0025,2
15,8,9,-23.26,0.0068,2
15,8,10,-31.08,0.0011,2
15,8,11,-3.72,0.5104,2
15,8,12,-0.13,0.9788,2
15,8,13,-31.49,0.0010,2
15,8,14,-10.73,0.1169,2
15,8,15,-53.67,0.0000,2
15,8,16,-12.88,0.0724,2
15,8,17,-5.69,0.3444,2
15,8,18,-22.14,0.0088,2
15,8,19,-39.19,0.0002,2
15,8,20,17.27,5.7627,2
15,8,21,5.65,2.2239,2
15,8,22,-40.72,0.0001,2
15,8,23,-32.01,0.0009,2
15,8,24,-22.54,0.0080,2
15,8,25,-41.85,0.0001,2
15,8,26,-69.24,0.0000,2
15,8,27,-40.69,0.0001,2
15,8,28,-34.11,0.0006,2
15,8,29,-42.53,0.0001,2
15,8,30,-17.32,0.0265,2
15,8,31,-39.03,0.0002,2
15,8,32,-49.89,0.0000,2
15,8,33,-43.61,0.0001,2
15,8,34,-62.25,0.0000,2
15,8,35,-2.21,0.6788,2
15,8,36,-49.46,0.0000,2
15,8,37,-300.00,0.0000,2
15,8,38,-58.10,0.0000,2
15,8,39,-30.68,0.0012,2
15,8,40,-42.73,0.0001,2
15,8,41,-43.50,0.0001,2
15,9,0,-28.71,0.0019,2
15,9,1,-15.81,0.0374,2
15,9,2,-12.92,0.0719,2
15,9,3,-56.68,0.0000,2
15,9,4,-48.67,0.0000,2
15,9,5,-6.81,0.2733,2
15,9,6,-39.05,0.0002,2
15,9,7,-11.19,0.1056,2
15,9,8,-18.68,0.0194,2
15,9,9,-15.00,0.0449,2
15,9,10,-37.58,0.0003,2
15,9,11,13.91,4.6775,2
15,9,12,-27.05,0.0028,2
15,9,13,-41.51,0.0001,2
15,9,14,-39.02,0.0002,2
15,9,15,-48.23,0.0000,2
15,9,16,-25.87,0.0037,2
15,9,17,2.76,1.5295,2
15,9,18,1.54,1.2788,2
15,9,19,12.70,4.2956,2
15,9,20,48.91,16.2490,2
15,9,21,-27.66,0.0025,2
15,9,22,-40.32,0.0001,2
15,9,23,15.01,5.0302,2
15,9,24,-6.98,0.2637,2
15,9,25,-24.94,0.0046,2
15,9,26,-51.18,0.0000,2
15,9,27,-44.47,0.0001,2
15,9,28,-31.17,0.0011,2
15,9,29,-48.10,0.0000,2
15,9,30,-14.57,0.0496,2
15,9,31,-2.15,0.6861,2
15,9,32,5.56,2.2021,2
15,9,33,1.11,1.1961,2
15,9,34,-10.43,0.1250,2
15,9,35,1.64,1.2978,2
15,9,36,-12.42,0.0804,2
15,9,37,-32.85,0.0007,2
15,9,38,-9.46,0.1548,2
15,9,39,-32.89,0.0007,2
15,9,40,-43.91,0.0001,2
15,9,41,-14.83,0.0467,2
15,10,0,-1.91,0.7174,2
15,10,1,-5.13,0.3865,2
15,10,2,-1.07,0.8333,2
15,10,3,-8.24,0.2014,2
15,10,4,-7.78,0.2223,2
15,10,5,-19.62,0.0157,2
15,10,6,-5.00,0.3966,2
15,10,7,-30.16,0.0014,2
15,10,8,-40.02,0.0001,2
15,10,9,-26.32,0.0034,2
15,10,10,-12.78,0.0741,2
15,10,11,-12.34,0.0818,2
15,10,12,-10.97,0.1110,2
15,10,13,-39.65,0.0002,2
15,10,14,-24.87,0.0047,2
15,10,15,-16.44,0.0324,2
15,10,16,-7.03,0.2608,2
15,10,17,-11.43,0.1002,2
15,10,18,-2.66,0.6251,2
15,10,19,-18.62,0.0197,2
15,10,20,13.70,4.6123,2
15,10,21,23.82,7.9199,2
15,10,22,-25.57,0.0040,2
15,10,23,-12.24,0.0837,2
15,10,24,-5.67,0.3462,2
15,10,25,-49.89,0.0000,2
15,10,26,-21.43,0.0103,2
15,10,27,-19.10,0.0176,2
15,10,28,-30.15,0.0014,2
15,10,29,-28.43,0.0021,2
15,10,30,-0.29,0.9533,2
15,10,31,-34.06,0.0006,2
15,10,32,-35.97,0.0004,2
15,10,33,-22.71,0.0077,2
15,10,34,-18.41,0.0206,2
15,10,35,-20.14,0.0139,2
15,10,36,-39.91,0.0001,2
15,10,37,-57.20,0.0000,2
15,10,38,-18.01,0.0226,2
15,10,39,-36.61,0.0003,2
15,10,40,-15.73,0.0381,2
15,10,41,-1.55,0.7658,2
15,11,0,-300.00,0.0000,2
15,11,1,-33.03,0.0007,2
15,11,2,-63.22,0.0000,2
15,11,3,-55.43,0.0000,2
15,11,4,-44.69,0.0000,2
15,11,5,-32.57,0.0008,2
15,11,6,-44.99,0.0000,2
15,11,7,-45.07,0.0000,2
15,11,8,-28.27,0.0021,2
15,11,9,-51.38,0.0000,2
15,11,10,-45.81,0.0000,2
15,11,11,-3.88,0.4954,2
15,11,12,-24.40,0.0052,2
15,11,13,-32.87,0.0007,2
15,11,14,-62.25,0.0000,2
15,11,15,-27.15,0.0028,2
15,11,16,-24.19,0.0055,2
15,11,17,-47.42,0.0000,2
15,11,18,-15.59,0.0393,2
15,11,19,-19.72,0.0153,2
15,11,20,4.76,1.9963,2
15,11,21,-11.01,0.1100,2
15,11,22,-20.27,0.0135,2
15,11,23,-8.18,0.2044,2
15,11,24,-11.59,0.0967,2
15,11,25,-34.88,0.0005,2
15,11,26,-8.62,0.1857,2
15,11,27,-18.85,0.0187,2
15,11,28,-37.15,0.0003,2
15,11,29,-10.29,0.1290,2
15,11,30,-40.58,0.0001,2
15,11,31,-64.47,0.0000,2
15,11,32,-63.22,0.0000,2
15,11,33,-46.57,0.0000,2
15,11,34,-41.94,0.0001,2
15,11,35,-2.78,0.6113,2
15,11,36,-26.01,0.0036,2
15,11,37,-28.16,0.0022,2
15,11,38,-54.32,0.0000,2
15,11,39,-36.77,0.0003,2
15,11,40,-31.71,0.0010,2
15,11,41,-15.08,0.0441,2
15,12,0,-45.60,0.0000,2
15,12,1,-36.72,0.0003,2
15,12,2,-55.81,0.0000,2
15,12,3,-34.30,0.0005,2
15,12,4,-46.59,0.0000,2
15,12,5,-38.74,0.0002,2
15,12,6,-44.25,0.0001,2
15,12,7,-39.95,0.0001,2
15,12,8,-61.46,0.0000,2
15,12,9,-54.19,0.0000,2
15,12,10,-45.77,0.0000,2
15,12,11,-25.20,0.0044,2
15,12,12,-47.09,0.0000,2
15,12,13,-20.16,0.0138,2
15,12,14,-40.30,0.0001,2
15,12,15,-30.96,0.0012,2
15,12,16,-54.61,0.0000,2
15,12,17,-38.63,0.0002,2
15,12,18,-18.47,0.0204,2
15,12,19,-300.00,0.0000,2
15,12,20,-18.92,0.0184,2
15,12,21,-34.64,0.0005,2
15,12,22,-27.18,0.0028,2
15,12,23,5.27,2.1254,2
15,12,24,-21.07,0.0112,2
15,12,25,-35.81,0.0004,2
15,12,26,-11.04,0.1093,2
15,12,27,-26.81,0.0030,2
15,12,28,-25.80,0.0038,2
15,12,29,-32.20,0.0009,2
15,12,30,-15.57,0.0394,2
15,12,31,-44.58,0.0001,2
15,12,32,-66.23,0.0000,2
15,12,33,-57.48,0.0000,2
15,12,34,-50.37,0.0000,2
15,12,35,-44.24,0.0001,2
15,12,36,0.40,1.0672,2
15,12,37,-38.23,0.0002,2
15,12,38,-25.22,0.0043,2
15,12,39,-16.10,0.0350,2
15,12,40,-38.41,0.0002,2
15,12,41,-26.75,0.0030,2
15,13,0,-22.17,0.0087,2
15,13,1,-31.85,0.0009,2
15,13,2,-28.26,0.0022,2
15,13,3,-8.38,0.1958,2
15,13,4,-24.46,0.0052,2
15,13,5,4.14,1.8462,2
15,13,6,-17.03,0.0283,2
15,13,7,-18.93,0.0183,2
15,13,8,-11.70,0.0945,2
15,13,9,-23.92,0.0058,2
15,13,10,-54.47,0.0000,2
15,13,11,-17.91,0.0232,2
15,13,12,-42.71,0.0001,2
15,13,13,-58.45,0.0000,2
15,13,14,-46.27,0.0000,2
15,13,15,-30.89,0.0012,2
15,13,16,-24.95,0.0046,2
15,13,17,-18.81,0.0188,2
15,13,18,-32.59,0.0008,2
15,13,19,-46.88,0.0000,2
15,13,20,-0.89,0.8594,2
15,13,21,-46.91,0.0000,2
15,13,22,-25.14,0.0044,2
15,13,23,-9.11,0.1670,2
15,13,24,-14.32,0.0524,2
15,13,25,-21.97,0.0091,2
15,13,26,-6.56,0.2881,2
15,13,27,-3.43,0.5404,2
15,13,28,-30.22,0.0014,2
15,13,29,-40.62,0.0001,2
15,13,30,-0.41,0.9340,2
15,13,31,-18.78,0.0190,2
15,13,32,-36.17,0.0003,2
15,13,33,-29.06,0.0018,2
15,13,34,-15.89,0.0367,2
15,13,35,2.42,1.4573,2
15,13,36,-40.90,0.0001,2
15,13,37,-50.21,0.0000,2
15,13,38,-46.43,0.0000,2
15,13,39,-40.06,0.0001,2
15,13,40,-31.39,0.0010,2
15,13,41,-47.93,0.0000,2
15,14,0,-69.24,0.0000,2
15,14,1,-55.09,0.0000,2
15,14,2,-29.97,0.0015,2
15,14,3,-57.78,0.0000,2
15,14,4,-37.36,0.0003,2
15,14,5,-55.26,0.0000,2
15,14,6,-29.55,0.0016,2
15,14,7,-23.85,0.0059,2
15,14,8,-26.71,0.0031,2
15,14,9,-45.93,0.0000,2
15,14,10,-28.34,0.0021,2
15,14,11,-0.61,0.9027,2
15,14,12,-27.64,0.0025,2
15,14,13,-24.79,0.0048,2
15,14,14,-36.63,0.0003,2
15,14,15,-30.58,0.0013,2
15,14,16,-29.69,0.0015,2
15,14,17,-44.81,0.0000,2
15,14,18,-38.75,0.0002,2
15,14,19,-31.49,0.0010,2
15,14,20,-40.59,0.0001,2
15,14,21,-21.16,0.0110,2
15,14,22,-48.13,0.0000,2
15,14,23,-24.47,0.0052,2
15,14,24,-39.10,0.0002,2
15,14,25,-17.30,0.0266,2
15,14,26,-54.32,0.0000,2
15,14,27,-27.99,0.0023,2
15,14,28,-36.39,0.0003,2
15,14,29,5.01,2.0597,2
15,14,30,-17.53,0.0252,2
15,14,31,-22.61,0.0079,2
15,14,32,-50.72,0.0000,2
15,14,33,-51.68,0.0000,2
15,14,34,-26.03,0.0036,2
15,14,35,-8.49,0.1910,2
15,14,36,-45.22,0.0000,2
15,14,37,-55.81,0.0000,2
15,14,38,-31.38,0.0010,2
15,14,39,-25.11,0.0044,2
15,14,40,-49.94,0.0000,2
15,14,41,-34.18,0.0006,2
15,15,0,-11.52,0.0983,2
15,15,1,-48.16,0.0000,2
15,15,2,-24.22,0.0054,2
15,15,3,-13.14,0.0684,2
15,15,4,-9.67,0.1478,2
15,15,5,-8.38,0.1956,2
15,15,6,-7.92,0.2159,2
15,15,7,-1.62,0.7563,2
15,15,8,-18.97,0.0182,2
15,15,9,-14.77,0.0473,2
15,15,10,-18.90,0.0185,2
15,15,11,3.47,1.6878,2
15,15,12,-18.32,0.0211,2
15,15,13,-20.68,0.0123,2
15,15,14,-10.22,0.1311,2
15,15,15,-47.39,0.0000,2
15,15,16,-38.05,0.0002,2
15,15,17,-34.94,0.0005,2
15,15,18,-24.78,0.0048,2
15,15,19,-29.32,0.0017,2
15,15,20,-5.06,0.3918,2
15,15,21,-36.36,0.0003,2
15,15,22,-29.30,0.0017,2
15,15,23,-9.48,0.1541,2
15,15,24,-15.84,0.0371,2
15,15,25,-31.15,0.0011,2
15,15,26,0.82,1.1427,2
15,15,27,-10.64,0.1194,2
15,15,28,-6.94,0.2660,2
15,15,29,-8.04,0.2103,2
15,15,30,94.18,31.2850,2
15,15,31,9.33,3.2585,2
15,15,32,9.15,3.2055,2
15,15,33,56.11,18.6402,2
15,15,34,-20.13,0.0139,2
15,15,35,43.22,14.3585,2
15,15,36,-17.35,0.0263,2
15,15,37,-18.85,0.0187,2
15,15,38,-19.30,0.0169,2
15,15,39,-6.95,0.2652,2
15,15,40,-10.64,0.1195,2
15,15,41,-20.64,0.0124,2
15,16,0,-56.23,0.0000,2
15,16,1,-44.01,0.0001,2
15,16,2,-47.42,0.0000,2
15,16,3,-38.82,0.0002,2
15,16,4,-53.22,0.0000,2
15,16,5,-60.21,0.0000,2
15,16,6,-49.51,0.0000,2
15,16,7,-28.08,0.0022,2
15,16,8,-55.09,0.0000,2
15,16,9,-46.31,0.0000,2
15,16,10,-43.97,0.0001,2
15,16,11,-16.28,0.0336,2
15,16,12,-37.50,0.0003,2
15,16,13,-34.86,0.0005,2
15,16,14,-42.44,0.0001,2
15,16,15,-32.07,0.0009,2
15,16,16,-24.30,0.0053,2
15,16,17,-29.74,0.0015,2
15,16,18,-40.69,0.0001,2
15,16,19,-4.69,0.4218,2
15,16,20,0.17,1.0289,2
15,16,21,-35.72,0.0004,2
15,16,22,-44.61,0.0000,2
15,16,23,-40.52,0.0001,2
15,16,24,-43.14,0.0001,2
15,16,25,-35.16,0.0004,2
15,16,26,-32.03,0.0009,2
15,16,27,-48.94,0.0000,2
15,16,28,-16.49,0.0320,2
15,16,29,-55.09,0.0000,2
15,16,30,-18.39,0.0208,2
15,16,31,-28.25,0.0022,2
15,16,32,-20.48,0.0129,2
15,16,33,12.75,4.3112,2
15,16,34,-48.52,0.0000,2
15,16,35,-15.07,0.0442,2
15,16,36,-12.76,0.0744,2
15,16,37,-39.26,0.0002,2
15,16,38,-29.70,0.0015,2
15,16,39,-15.88,0.0367,2
15,16,40,-25.92,0.0037,2
15,16,41,-19.97,0.0144,2
15,17,0,-60.79,0.0000,2
15,17,1,-38.66,0.0002,2
15,17,2,-40.36,0.0001,2
15,17,3,-25.16,0.0044,2
15,17,4,-43.27,0.0001,2
15,17,5,-42.85,0.0001,2
15,17,6,-34.59,0.0005,2
15,17,7,-1.40,0.7862,2
15,17,8,7.40,2.6987,2
15,17,9,-11.65,0.0955,2
15,17,10,-38.20,0.0002,2
15,17,11,-0.72,0.8859,2
15,17,12,-40.16,0.0001,2
15,17,13,-41.33,0.0001,2
15,17,14,-47.56,0.0000,2
15,17,15,-49.46,0.0000,2
15,17,16,-29.16,0.0018,2
15,17,17,-22.42,0.0082,2
15,17,18,-23.64,0.0062,2
15,17,19,0.58,1.0992,2
15,17,20,-10.80,0.1153,2
15,17,21,-22.60,0.0079,2
15,17,22,-28.79,0.0019,2
15,17,23,-11.06,0.1087,2
15,17,24,-43.32,0.0001,2
15,17,25,-30.17,0.0014,2
15,17,26,-28.29,0.0021,2
15,17,27,-32.58,0.0008,2
15,17,28,-11.14,0.1069,2
15,17,29,-36.37,0.0003,2
15,17,30,11.19,3.8229,2
15,17,31,-12.97,0.0710,2
15,17,32,-11.97,0.0888,2
15,17,33,27.64,9.1857,2
15,17,34,-4.57,0.4318,2
15,17,35,11.85,4.0269,2
15,17,36,-40.56,0.0001,2
15,17,37,-51.04,0.0000,2
15,17,38,-39.87,0.0001,2
15,17,39,-36.63,0.0003,2
15,17,40,-21.71,0.0097,2
15,17,41,-60.79,0.0000,2
15,18,0,-30.27,0.0014,2
15,18,1,-32.35,0.0008,2
15,18,2,-32.66,0.0008,2
15,18,3,-38.69,0.0002,2
15,18,4,-24.58,0.0050,2
15,18,5,-39.43,0.0002,2
15,18,6,-63.22,0.0000,2
15,18,7,0.23,1.0386,2
15,18,8,-47.09,0.0000,2
15,18,9,-41.81,0.0001,2
15,18,10,-33.64,0.0006,2
15,18,11,-8.30,0.1989,2
15,18,12,-60.21,0.0000,2
15,18,13,-30.49,0.0013,2
15,18,14,-56.93,0.0000,2
15,18,15,-58.82,0.0000,2
15,18,16,-57.48,0.0000,2
15,18,17,-66.23,0.0000,2
15,18,18,-47.53,0.0000,2
15,18,19,-35.16,0.0004,2
15,18,20,-43.43,0.0001,2
15,18,21,-57.78,0.0000,2
15,18,22,-57.78,0.0000,2
15,18,23,-12.58,0.0776,2
15,18,24,-61.46,0.0000,2
15,18,25,-300.00,0.0000,2
15,18,26,-69.24,0.0000,2
15,18,27,-56.93,0.0000,2
15,18,28,-57.48,0.0000,2
15,18,29,-60.21,0.0000,2
15,18,30,-22.53,0.0080,2
15,18,31,-41.78,0.0001,2
15,18,32,-32.39,0.0008,2
15,18,33,-300.00,0.0000,2
15,18,34,-40.87,0.0001,2
15,18,35,-31.03,0.0011,2
15,18,36,-4.91,0.4033,2
15,18,37,-9.15,0.1657,2
15,18,38,-24.77,0.0048,2
15,18,39,-23.40,0.0066,2
15,18,40,-26.30,0.0034,2
15,18,41,-38.89,0.0002,2
15,19,0,-300.00,0.0000,2
15,19,1,-300.00,0.0000,2
15,19,2,-53.67,0.0000,2
15,19,3,-300.00,0.0000,2
15,19,4,-44.34,0.0001,2
15,19,5,-300.00,0.0000,2
15,19,6,-48.16,0.0000,2
15,19,7,-40.97,0.0001,2
15,19,8,-46.98,0.0000,2
15,19,9,-50.15,0.0000,2
15,19,10,-38.04,0.0002,2
15,19,11,-5.82,0.3356,2
15,19,12,-45.22,0.0000,2
15,19,13,-33.16,0.0007,2
15,19,14,-46.14,0.0000,2
15,19,15,-11.56,0.0973,2
15,19,16,-300.00,0.0000,2
15,19,17,-38.86,0.0002,2
15,19,18,-43.42,0.0001,2
15,19,19,-18.60,0.0198,2
15,19,20,-0.19,0.9686,2
15,19,21,-41.12,0.0001,2
15,19,22,-32.09,0.0009,2
15,19,23,3.84,1.7739,2
15,19,24,-27.64,0.0025,2
15,19,25,-14.60,0.0491,2
15,19,26,-37.59,0.0003,2
15,19,27,-30.36,0.0013,2
15,19,28,-29.27,0.0017,2
15,19,29,-24.15,0.0055,2
15,19,30,-27.05,0.0028,2
15,19,31,-48.82,0.0000,2
15,19,32,-51.76,0.0000,2
15,19,33,-300.00,0.0000,2
15,19,34,-37.46,0.0003,2
15,19,35,-53.67,0.0000,2
15,19,36,-34.36,0.0005,2
15,19,37,-16.20,0.0342,2
15,19,38,-2.88,0.6001,2
15,19,39,-12.03,0.0877,2
15,19,40,-59.24,0.0000,2
15,19,41,-42.77,0.0001,2
15,20,0,-37.74,0.0002,2
15,20,1,-47.71,0.0000,2
15,20,2,-34.42,0.0005,2
15,20,3,-30.87,0.0012,2
15,20,4,-23.88,0.0059,2
15,20,5,-42.68,0.0001,2
15,20,6,-20.96,0.0115,2
15,20,7,-7.72,0.2252,2
15,20,8,-61.46,0.0000,2
15,20,9,-64.47,0.0000,2
15,20,10,-47.36,0.0000,2
15,20,11,-27.93,0.0023,2
15,20,12,-33.32,0.0007,2
15,20,13,-19.98,0.0144,2
15,20,14,-19.55,0.0159,2
15,20,15,-29.94,0.0015,2
15,20,16,-42.47,0.0001,2
15,20,17,-19.99,0.0144,2
15,20,18,-44.16,0.0001,2
15,20,19,-51.60,0.0000,2
15,20,20,-42.14,0.0001,2
15,20,21,-42.58,0.0001,2
15,20,22,-54.32,0.0000,2
15,20,23,-0.25,0.9588,2
15,20,24,-31.14,0.0011,2
15,20,25,-19.25,0.0171,2
15,20,26,-31.19,0.0011,2
15,20,27,-60.21,0.0000,2
15,20,28,-32.49,0.0008,2
15,20,29,-26.82,0.0030,2
15,20,30,-23.23,0.0068,2
15,20,31,-21.57,0.0100,2
15,20,32,-23.12,0.0070,2
15,20,33,-23.60,0.0063,2
15,20,34,-58.45,0.0000,2
15,20,35,-14.10,0.0551,2
15,20,36,-23.27,0.0068,2
15,20,37,1.32,1.2356,2
15,20,38,-19.28,0.0169,2
15,20,39,-44.77,0.0000,2
15,20,40,-4.67,0.4237,2
15,20,41,-7.25,0.2490,2
16,0,0,-5.62,0.3496,2
16,0,1,13.82,4.6482,2
16,0,2,-29.60,0.0016,2
16,0,3,-23.08,0.0071,2
16,0,4,8.86,3.1189,2
16,0,5,0.53,1.0907,2
16,0,6,-33.53,0.0006,2
16,0,7,-7.22,0.2505,2
16,0,8,-45.83,0.0000,2
16,0,9,-18.44,0.0205,2
16,0,10,-19.32,0.0168,2
16,0,11,11.64,3.9619,2
16,0,12,-14.56,0.0496,2
16,0,13,-20.42,0.0130,2
16,0,14,-16.10,0.0350,2
16,0,15,-21.42,0.0104,2
16,0,16,-20.01,0.0143,2
16,0,17,-10.03,0.1367,2
16,0,18,-10.45,0.1246,2
16,0,19,-38.45,0.0002,2
16,0,20,11.19,3.8243,2
16,0,21,3.64,1.7276,2
16,0,22,-25.98,0.0036,2
16,0,23,3.98,1.8082,2
16,0,24,-9.58,0.1509,2
16,0,25,-32.70,0.0008,2
16,0,26,-4.37,0.4500,2
16,0,27,-26.98,0.0029,2
16,0,28,-24.32,0.0053,2
16,0,29,-10.68,0.1184,2
16,0,30,-3.85,0.4982,2
16,0,31,-47.45,0.0000,2
16,0,32,-35.36,0.0004,2
16,0,33,-36.42,0.0003,2
16,0,34,-37.83,0.0002,2
16,0,35,-39.16,0.0002,2
16,0,36,-7.62,0.2304,2
16,0,37,-28.77,0.0019,2
16,0,38,-23.18,0.0069,2
16,0,39,-42.19,0.0001,2
16,0,40,-47.78,0.0000,2
16,0,41,-50.54,0.0000,2
16,1,0,9.54,3.3202,2
16,1,1,-31.53,0.0010,2
16,1,2,51.76,17.1952,2
16,1,3,-0.03,0.9948,2
16,1,4,13.29,4.4803,2
16,1,5,-27.76,0.0024,2
16,1,6,-12.44,0.0801,2
16,1,7,30.23,10.0427,2
16,1,8,-24.22,0.0055,2
16,1,9,-15.93,0.0364,2
16,1,10,-1.71,0.7440,2
16,1,11,-0.38,0.9384,2
16,1,12,-26.41,0.0033,2
16,1,13,-17.08,0.0280,2
16,1,14,-21.00,0.0114,2
16,1,15,-20.06,0.0142,2
16,1,16,-17.00,0.0285,2
16,1,17,-26.84,0.0030,2
16,1,18,-13.61,0.0615,2
16,1,19,-1.23,0.8103,2
16,1,20,-1.58,0.7617,2
16,1,21,-34.14,0.0006,2
16,1,22,-46.86,0.0000,2
16,1,23,-30.00,0.0014,2
16,1,24,-31.05,0.0011,2
16,1,25,-32.05,0.0009,2
16,1,26,-28.82,0.0019,2
16,1,27,-21.03,0.0113,2
16,1,28,-42.68,0.0001,2
16,1,29,-29.77,0.0015,2
16,1,30,9.53,3.3170,2
16,1,31,-20.82,0.0119,2
16,1,32,-31.95,0.0009,2
16,1,33,-15.84,0.0371,2
16,1,34,-39.30,0.0002,2
16,1,35,-18.57,0.0199,2
16,1,36,2.09,1.3892,2
16,1,37,-5.76,0.3399,2
16,1,38,-5.67,0.3456,2
16,1,39,-25.80,0.0038,2
16,1,40,11.42,3.8939,2
16,1,41,-18.31,0.0211,2
16,2,0,-27.54,0.0025,2
16,2,1,-4.08,0.4762,2
16,2,2,-23.38,0.0066,2
16,2,3,-8.80,0.1785,2
16,2,4,20.46,6.8095,2
16,2,5,-0.37,0.9391,2
16,2,6,-48.45,0.0000,2
16,2,7,-17.48,0.0256,2
16,2,8,-3.48,0.5347,2
16,2,9,-22.25,0.0086,2
16,2,10,-30.89,0.0012,2
16,2,11,-13.16,0.0681,2
16,2,12,-56.01,0.0000,2
16,2,13,-28.36,0.0021,2
16,2,14,-39.86,0.0001,2
16,2,15,-49.28,0.0000,2
16,2,16,-32.51,0.0008,2
16,2,17,-43.40,0.0001,2
16,2,18,-25.33,0.0042,2
16,2,19,-58.82,0.0000,2
16,2,20,24.70,8.2099,2
16,2,21,-36.14,0.0004,2
16,2,22,-16.79,0.0299,2
16,2,23,-9.24,0.1623,2
16,2,24,-1.98,0.7086,2
16,2,25,-28.31,0.0021,2
16,2,26,-14.02,0.0560,2
16,2,27,-12.10,0.0863,2
16,2,28,-25.30,0.0042,2
16,2,29,-58.10,0.0000,2
16,2,30,1.13,1.1992,2
16,2,31,-11.89,0.0905,2
16,2,32,-17.74,0.0241,2
16,2,33,-21.02,0.0114,2
16,2,34,-4.04,0.4793,2
16,2,35,-8.15,0.2056,2
16,2,36,-43.91,0.0001,2
16,2,37,-5.68,0.3451,2
16,2,38,-39.81,0.0002,2
16,2,39,-26.32,0.0034,2
16,2,40,-5.75,0.3402,2
16,2,41,-26.90,0.0029,2
16,3,0,-15.65,0.0388,2
16,3,1,-39.44,0.0002,2
16,3,2,-41.83,0.0001,2
16,3,3,-9.26,0.1617,2
16,3,4,-33.91,0.0006,2
16,3,5,-21.85,0.0094,2
16,3,6,5.14,2.0927,2
16,3,7,5.63,2.2199,2
16,3,8,0.08,1.0127,2
16,3,9,-17.43,0.0259,2
16,3,10,-23.73,0.0061,2
16,3,11,12.55,4.2470,2
16,3,12,-33.15,0.0007,2
16,3,13,-8.51,0.1904,2
16,3,14,-23.43,0.0065,2
16,3,15,1.02,1.1795,2
16,3,16,-30.87,0.0012,2
16,3,17,-21.04,0.0113,2
16,3,18,-29.47,0.0016,2
16,3,19,-20.31,0.0134,2
16,3,20,-7.63,0.2299,2
16,3,21,-31.45,0.0010,2
16,3,22,-300.00,0.0000,2
16,3,23,-17.85,0.0235,2
16,3,24,-34.59,0.0005,2
16,3,25,-20.98,0.0115,2
16,3,26,-8.89,0.1751,2
16,3,27,-25.85,0.0037,2
16,3,28,-23.70,0.0061,2
16,3,29,-9.39,0.1571,2
16,3,30,-1.03,0.8396,2
16,3,31,-15.71,0.0383,2
16,3,32,-23.02,0.0072,2
16,3,33,-22.46,0.0082,2
16,3,34,-23.54,0.0064,2
16,3,35,-9.44,0.1555,2
16,3,36,-42.57,0.0001,2
16,3,37,-54.77,0.0000,2
16,3,38,-59.69,0.0000,2
16,3,39,-44.99,0.0000,2
16,3,40,-29.90,0.0015,2
16,3,41,-39.49,0.0002,2
16,4,0,-41.00,0.0001,2
16,4,1,-46.50,0.0000,2
16,4,2,-45.81,0.0000,2
16,4,3,-30.46,0.0013,2
16,4,4,-22.48,0.0081,2
16,4,5,-18.21,0.0216,2
16,4,6,-32.21,0.0009,2
16,4,7,-8.90,0.1750,2
16,4,8,-22.64,0.0078,2
16,4,9,-16.41,0.0326,2
16,4,10,-33.06,0.0007,2
16,4,11,-1.46,0.7775,2
16,4,12,-47.51,0.0000,2
16,4,13,-59.24,0.0000,2
16,4,14,-24.06,0.0057,2
16,4,15,-64.47,0.0000,2
16,4,16,-34.19,0.0005,2
16,4,17,-41.94,0.0001,2
16,4,18,-21.72,0.0097,2
16,4,19,-14.52,0.0500,2
16,4,20,0.08,1.0126,2
16,4,21,-64.47,0.0000,2
16,4,22,-34.07,0.0006,2
16,4,23,-12.58,0.0775,2
16,4,24,-22.40,0.0083,2
16,4,25,-15.42,0.0408,2
16,4,26,-24.20,0.0055,2
16,4,27,-30.42,0.0013,2
16,4,28,-31.35,0.0011,2
16,4,29,-9.63,0.1490,2
16,4,30,11.02,3.7709,2
16,4,31,-5.11,0.3878,2
16,4,32,-30.08,0.0014,2
16,4,33,-25.22,0.0043,2
16,4,34,-11.27,0.1038,2
16,4,35,14.61,4.9039,2
16,4,36,-26.29,0.0034,2
16,4,37,-45.54,0.0000,2
16,4,38,-37.09,0.0003,2
16,4,39,-44.01,0.0001,2
16,4,40,-64.47,0.0000,2
16,4,41,-26.51,0.0032,2
16,5,0,7.19,2.6402,2
16,5,1,-31.27,0.0011,2
16,5,2,0.22,1.0367,2
16,5,3,-6.63,0.2839,2
16,5,4,-8.24,0.2015,2
16,5,5,-37.77,0.0002,2
16,5,6,-16.31,0.0333,2
16,5,7,4.92,2.0371,2
16,5,8,-8.86,0.1765,2
16,5,9,-14.29,0.0528,2
16,5,10,-6.47,0.2935,2
16,5,11,71.22,23.6595,2
16,5,12,-25.12,0.0044,2
16,5,13,-28.92,0.0019,2
16,5,14,-15.39,0.0411,2
16,5,15,-16.11,0.0349,2
16,5,16,-21.42,0.0104,2
16,5,17,-17.75,0.0240,2
16,5,18,-20.34,0.0133,2
16,5,19,-30.11,0.0014,2
16,5,20,-20.57,0.0126,2
16,5,21,-14.45,0.0508,2
16,5,22,-28.97,0.0018,2
16,5,23,-2.25,0.6740,2
16,5,24,-48.45,0.0000,2
16,5,25,-34.24,0.0005,2
16,5,26,-37.54,0.0003,2
16,5,27,-32.72,0.0008,2
16,5,28,-15.49,0.0402,2
16,5,29,-27.41,0.0026,2
16,5,30,-23.91,0.0059,2
16,5,31,-32.55,0.0008,2
16,5,32,-33.50,0.0006,2
16,5,33,-42.37,0.0001,2
16,5,34,-27.15,0.0028,2
16,5,35,-7.52,0.2351,2
16,5,36,-4.53,0.4354,2
16,5,37,-11.45,0.0999,2
16,5,38,-28.40,0.0021,2
16,5,39,-22.82,0.0075,2
16,5,40,-13.61,0.0615,2
16,5,41,-23.77,0.0060,2
16,6,0,-39.59,0.0002,2
16,6,1,-15.96,0.0361,2
16,6,2,-64.47,0.0000,2
16,6,3,-33.49,0.0006,2
16,6,4,-43.81,0.0001,2
16,6,5,-66.23,0.0000,2
16,6,6,-27.71,0.0024,2
16,6,7,-29.07,0.0018,2
16,6,8,-35.96,0.0004,2
16,6,9,-48.52,0.0000,2
16,6,10,-31.27,0.0011,2
16,6,11,-15.90,0.0366,2
16,6,12,10.60,3.6410,2
16,6,13,-28.96,0.0018,2
16,6,14,13.08,4.4146,2
16,6,15,-21.88,0.0093,2
16,6,16,-21.34,0.0106,2
16,6,17,-13.49,0.0632,2
16,6,18,-3.39,0.5437,2
16,6,19,-6.20,0.3100,2
16,6,20,-7.38,0.2421,2
16,6,21,-28.44,0.0021,2
16,6,22,-29.14,0.0018,2
16,6,23,-6.94,0.2658,2
16,6,24,-35.07,0.0004,2
16,6,25,-32.80,0.0008,2
16,6,26,-50.49,0.0000,2
16,6,27,-52.16,0.0000,2
16,6,28,-22.81,0.0075,2
16,6,29,-14.06,0.0556,2
16,6,30,-5.34,0.3697,2
16,6,31,-39.02,0.0002,2
16,6,32,-10.85,0.1139,2
16,6,33,-19.64,0.0156,2
16,6,34,-45.05,0.0000,2
16,6,35,3.27,1.6436,2
16,6,36,-45.36,0.0000,2
16,6,37,-36.86,0.0003,2
16,6,38,-31.97,0.0009,2
16,6,39,-28.40,0.0021,2
16,6,40,-7.97,0.2138,2
16,6,41,-11.07,0.1086,2
16,7,0,-19.07,0.0178,2
16,7,1,-16.19,0.0343,2
16,7,2,-15.60,0.0392,2
16,7,3,-4.90,0.4041,2
16,7,4,-35.38,0.0004,2
16,7,5,-40.09,0.0001,2
16,7,6,-10.47,0.1239,2
16,7,7,-9.16,0.1653,2
16,7,8,-7.33,0.2449,2
16,7,9,-13.71,0.0602,2
16,7,10,-26.12,0.0035,2
16,7,11,7.16,2.6322,2
16,7,12,-31.81,0.0010,2
16,7,13,-33.83,0.0006,2
16,7,14,22.50,7.4838,2
16,7,15,-6.15,0.3133,2
16,7,16,-28.19,0.0022,2
16,7,17,5.99,2.3143,2
16,7,18,-34.45,0.0005,2
16,7,19,-47.28,0.0000,2
16,7,20,-16.37,0.0329,2
16,7,21,-40.88,0.0001,2
16,7,22,-20.80,0.0119,2
16,7,23,-3.32,0.5514,2
16,7,24,-7.45,0.2388,2
16,7,25,-17.90,0.0232,2
16,7,26,-39.45,0.0002,2
16,7,27,-14.26,0.0531,2
16,7,28,-18.00,0.0227,2
16,7,29,19.59,6.5249,2
16,7,30,-15.66,0.0387,2
16,7,31,-39.99,0.0001,2
16,7,32,-36.07,0.0004,2
16,7,33,-37.74,0.0002,2
16,7,34,-21.25,0.0108,2
16,7,35,-12.84,0.0732,2
16,7,36,-10.84,0.1141,2
16,7,37,-35.07,0.0004,2
16,7,38,-12.69,0.0756,2
16,7,39,-5.00,0.3961,2
16,7,40,-44.13,0.0001,2
16,7,41,-27.59,0.0025,2
16,8,0,-27.87,0.0024,2
16,8,1,-7.48,0.2372,2
16,8,2,-30.38,0.0013,2
16,8,3,-49.15,0.0000,2
16,8,4,-23.00,0.0072,2
16,8,5,-32.52,0.0008,2
16,8,6,-55.26,0.0000,2
16,8,7,-19.83,0.0149,2
16,8,8,-27.69,0.0025,2
16,8,9,-23.26,0.0068,2
16,8,10,-31.08,0.0011,2
16,8,11,-3.72,0.5104,2
16,8,12,-0.13,0.9788,2
16,8,13,-31.49,0.0010,2
16,8,14,-10.73,0.1169,2
16,8,15,-53.67,0.0000,2
16,8,16,-12.88,0.0724,2
16,8,17,-5.69,0.3444,2
16,8,18,-22.14,0.0088,2
16,8,19,-39.19,0.0002,2
16,8,20,17.27,5.7627,2
16,8,21,5.65,2.2239,2
16,8,22,-40.72,0.0001,2
16,8,23,-32.01,0.0009,2
16,8,24,-22.54,0.0080,2
16,8,25,-41.85,0.0001,2
16,8,26,-69.24,0.0000,2
16,8,27,-40.69,0.0001,2
16,8,28,-34.11,0.0006,2
16,8,29,-42.53,0.0001,2
16,8,30,-17.32,0.0265,2
16,8,31,-39.03,0.0002,2
16,8,32,-49.89,0.0000,2
16,8,33,-43.61,0.0001,2
16,8,34,-62.25,0.0000,2
16,8,35,-2.21,0.6788,2
16,8,36,-49.46,0.0000,2
16,8,37,-300.00,0.0000,2
16,8,38,-58.10,0.0000,2
16,8,39,-30.68,0.0012,2
16,8,40,-42.73,0.0001,2
16,8,41,-43.50,0.0001,2
16,9,0,-28.71,0.0019,2
16,9,1,-15.81,0.0374,2
16,9,2,-12.92,0.0719,2
16,9,3,-56.68,0.0000,2
16,9,4,-48.67,0.0000,2
16,9,5,-6.81,0.2733,2
16,9,6,-39.05,0.0002,2
16,9,7,-11.19,0.1056,2
16,9,8,-18.68,0.0194,2
16,9,9,-15.00,0.0449,2
16,9,10,-37.58,0.0003,2
16,9,11,13.91,4.6775,2
16,9,12,-27.05,0.0028,2
16,9,13,-41.51,0.0001,2
16,9,14,-39.02,0.0002,2
16,9,15,-48.23,0.0000,2
16,9,16,-25.87,0.0037,2
16,9,17,2.76,1.5295,2
16,9,18,1.54,1.2788,2
16,9,19,12.70,4.2956,2
16,9,20,48.91,16.2490,2
16,9,21,-27.66,0.0025,2
16,9,22,-40.32,0.0001,2
16,9,23,15.01,5.0302,2
16,9,24,-6.98,0.2637,2
16,9,25,-24.94,0.0046,2
16,9,26,-51.18,0.0000,2
16,9,27,-44.47,0.0001,2
16,9,28,-31.17,0.0011,2
16,9,29,-48.10,0.0000,2
16,9,30,-14.57,0.0496,2
16,9,31,-2.15,0.6861,2
16,9,32,5.56,2.2021,2
16,9,33,1.11,1.1961,2
16,9,34,-10.43,0.1250,2
16,9,35,1.64,1.2978,2
16,9,36,-12.42,0.0804,2
16,9,37,-32.85,0.0007,2
16,9,38,-9.46,0.1548,2
16,9,39,-32.89,0.0007,2
16,9,40,-43.91,0.0001,2
16,9,41,-14.83,0.0467,2
16,10,0,-1.91,0.7174,2
16,10,1,-5.13,0.3865,2
16,10,2,-1.07,0.8333,2
16,10,3,-8.24,0.2014,2
16,10,4,-7.78,0.2223,2
16,10,5,-19.62,0.0157,2
16,10,6,-5.00,0.3966,2
16,10,7,-30.16,0.0014,2
16,10,8,-40.02,0.0001,2
16,10,9,-26.32,0.0034,2
16,10,10,-12.78,0.0741,2
16,10,11,-12.34,0.0818,2
16,10,12,-10.97,0.1110,2
16,10,13,-39.65,0.0002,2
16,10,14,-24.87,0.0047,2
16,10,15,-16.44,0.0324,2
16,10,16,-7.03,0.2608,2
16,10,17,-11.43,0.1002,2
16,10,18,-2.66,0.6251,2
16,10,19,-18.62,0.0197,2
16,10,20,13.70,4.6123,2
16,10,21,23.82,7.9199,2
16,10,22,-25.57,0.0040,2
16,10,23,-12.24,0.0837,2
16,10,24,-5.67,0.3462,2
16,10,25,-49.89,0.0000,2
16,10,26,-21.43,0.0103,2
16,10,27,-19.10,0.0176,2
16,10,28,-30.15,0.0014,2
16,10,29,-28.43,0.0021,2
16,10,30,-0.29,0.9533,2
16,10,31,-34.06,0.0006,2
16,10,32,-35.97,0.0004,2
16,10,33,-22.71,0.0077,2
16,10,34,-18.41,0.0206,2
16,10,35,-20.14,0.0139,2
16,10,36,-39.91,0.0001,2
16,10,37,-57.20,0.0000,2
16,10,38,-18.01,0.0226,2
16,10,39,-36.61,0.0003,2
16,10,40,-15.73,0.0381,2
16,10,41,-1.55,0.7658,2
16,11,0,-300.00,0.0000,2
16,11,1,-33.03,0.0007,2
16,11,2,-63.22,0.0000,2
16,11,3,-55.43,0.0000,2
16,11,4,-44.69,0.0000,2
16,11,5,-32.57,0.0008,2
16,11,6,-44.99,0.0000,2
16,11,7,-45.07,0.0000,2
16,11,8,-28.27,0.0021,2
16,11,9,-51.38,0.0000,2
16,11,10,-45.81,0.0000,2
16,11,11,-3.88,0.4954,2
16,11,12,-24.40,0.0052,2
16,11,13,-32.87,0.0007,2
16,11,14,-62.25,0.0000,2
16,11,15,-27.15,0.0028,2
16,11,16,-24.19,0.0055,2
16,11,17,-47.42,0.0000,2
16,11,18,-15.59,0.0393,2
16,11,19,-19.72,0.0153,2
16,11,20,4.76,1.9963,2
16,11,21,-11.01,0.1100,2
16,11,22,-20.27,0.0135,2
16,11,23,-8.18,0.2044,2
16,11,24,-11.59,0.0967,2
16,11,25,-34.88,0.0005,2
16,11,26,-8.62,0.1857,2
16,11,27,-18.85,0.0187,2
16,11,28,-37.15,0.0003,2
16,11,29,-10.29,0.1290,2
16,11,30,-40.58,0.0001,2
16,11,31,-64.47,0.0000,2
16,11,32,-63.22,0.0000,2
16,11,33,-46.57,0.0000,2
16,11,34,-41.94,0.0001,2
16,11,35,-2.78,0.6113,2
16,11,36,-26.01,0.0036,2
16,11,37,-28.16,0.0022,2
16,11,38,-54.32,0.0000,2
16,11,39,-36.77,0.0003,2
16,11,40,-31.71,0.0010,2
16,11,41,-15.08,0.0441,2
16,12,0,-45.60,0.0000,2
16,12,1,-36.72,0.0003,2
16,12,2,-55.81,0.0000,2
16,12,3,-34.30,0.0005,2
16,12,4,-46.59,0.0000,2
16,12,5,-38.74,0.0002,2
16,12,6,-44.25,0.0001,2
16,12,7,-39.95,0.0001,2
16,12,8,-61.46,0.0000,2
16,12,9,-54.19,0.0000,2
16,12,10,-45.77,0.0000,2
16,12,11,-25.20,0.0044,2
16,12,12,-47.09,0.0000,2
16,12,13,-20.16,0.0138,2
16,12,14,-40.30,0.0001,2
16,12,15,-30.96,0.0012,2
16,12,16,-54.61,0.0000,2
16,12,17,-38.63,0.0002,2
16,12,18,-18.47,0.0204,2
16,12,19,-300.00,0.0000,2
16,12,20,-18.92,0.0184,2
16,12,21,-34.64,0.0005,2
16,12,22,-27.18,0.0028,2
16,12,23,5.27,2.1254,2
16,12,24,-21.07,0.0112,2
16,12,25,-35.81,0.0004,2
16,12,26,-11.04,0.1093,2
16,12,27,-26.81,0.0030,2
16,12,28,-25.80,0.0038,2
16,12,29,-32.20,0.0009,2
16,12,30,-15.57,0.0394,2
16,12,31,-44.58,0.0001,2
16,12,32,-66.23,0.0000,2
16,12,33,-57.48,0.0000,2
16,12,34,-50.37,0.0000,2
16,12,35,-44.24,0.0001,2
16,12,36,0.40,1.0672,2
16,12,37,-38.23,0.0002,2
16,12,38,-25.22,0.0043,2
16,12,39,-16.10,0.0350,2
16,12,40,-38.41,0.0002,2
16,12,41,-26.75,0.0030,2
16,13,0,-22.17,0.0087,2
16,13,1,-31.85,0.0009,2
16,13,2,-28.26,0.0022,2
16,13,3,-8.38,0.1958,2
16,13,4,-24.46,0.0052,2
16,13,5,4.14,1.8462,2
16,13,6,-17.03,0.0283,2
16,13,7,-18.93,0.0183,2
16,13,8,-11.70,0.0945,2
16,13,9,-23.92,0.0058,2
16,13,10,-54.47,0.0000,2
16,13,11,-17.91,0.0232,2
16,13,12,-42.71,0.0001,2
16,13,13,-58.45,0.0000,2
16,13,14,-46.27,0.0000,2
16,13,15,-30.89,0.0012,2
16,13,16,-24.95,0.0046,2
16,13,17,-18.81,0.0188,2
16,13,18,-32.59,0.0008,2
16,13,19,-46.88,0.0000,2
16,13,20,-0.89,0.8594,2
16,13,21,-46.91,0.0000,2
16,13,22,-25.14,0.0044,2
16,13,23,-9.11,0.1670,2
16,13,24,-14.32,0.0524,2
16,13,25,-21.97,0.0091,2
16,13,26,-6.56,0.2881,2
16,13,27,-3.43,0.5404,2
16,13,28,-30.22,0.0014,2
16,13,29,-40.62,0.0001,2
16,13,30,-0.41,0.9340,2
16,13,31,-18.78,0.0190,2
16,13,32,-36.17,0.0003,2
16,13,33,-29.06,0.0018,2
16,13,34,-15.89,0.0367,2
16,13,35,2.42,1.4573,2
16,13,36,-40.90,0.0001,2
16,13,37,-50.21,0.0000,2
16,13,38,-46.43,0.0000,2
16,13,39,-40.06,0.0001,2
16,13,40,-31.39,0.0010,2
16,13,41,-47.93,0.0000,2
16,14,0,-69.24,0.0000,2
16,14,1,-55.09,0.0000,2
16,14,2,-29.97,0.0015,2
16,14,3,-57.78,0.0000,2
16,14,4,-37.36,0.0003,2
16,14,5,-55.26,0.0000,2
16,14,6,-29.55,0.0016,2
16,14,7,-23.85,0.0059,2
16,14,8,-26.71,0.0031,2
16,14,9,-45.93,0.0000,2
16,14,10,-28.34,0.0021,2
16,14,11,-0.61,0.9027,2
16,14,12,-27.64,0.0025,2
16,14,13,-24.79,0.0048,2
16,14,14,-36.63,0.0003,2
16,14,15,-30.58,0.0013,2
16,14,16,-29.69,0.0015,2
16,14,17,-44.81,0.0000,2
16,14,18,-38.75,0.0002,2
16,14,19,-31.49,0.0010,2
16,14,20,-40.59,0.0001,2
16,14,21,-21.16,0.0110,2
16,14,22,-48.13,0.0000,2
16,14,23,-24.47,0.0052,2
16,14,24,-39.10,0.0002,2
16,14,25,-17.30,0.0266,2
16,14,26,-54.32,0.0000,2
16,14,27,-27.99,0.0023,2
16,14,28,-36.39,0.0003,2
16,14,29,5.01,2.0597,2
16,14,30,-17.53,0.0252,2
16,14,31,-22.61,0.0079,2
16,14,32,-50.72,0.0000,2
16,14,33,-51.68,0.0000,2
16,14,34,-26.03,0.0036,2
16,14,35,-8.49,0.1910,2
16,14,36,-45.22,0.0000,2
16,14,37,-55.81,0.0000,2
16,14,38,-31.38,0.0010,2
16,14,39,-25.11,0.0044,2
16,14,40,-49.94,0.0000,2
16,14,41,-34.18,0.0006,2
16,15,0,-11.52,0.0983,2
16,15,1,-48.16,0.0000,2
16,15,2,-24.22,0.0054,2
16,15,3,-13.14,0.0684,2
16,15,4,-9.67,0.1478,2
16,15,5,-8.38,0.1956,2
16,15,6,-7.92,0.2159,2
16,15,7,-1.62,0.7563,2
16,15,8,-18.97,0.0182,2
16,15,9,-14.77,0.0473,2
16,15,10,-18.90,0.0185,2
16,15,11,3.47,1.6878,2
16,15,12,-18.32,0.0211,2
16,15,13,-20.68,0.0123,2
16,15,14,-10.22,0.1311,2
16,15,15,-47.39,0.0000,2
16,15,16,-38.05,0.0002,2
16,15,17,-34.94,0.0005,2
16,15,18,-24.78,0.0048,2
16,15,19,-29.32,0.0017,2
16,15,20,-5.06,0.3918,2
16,15,21,-36.36,0.0003,2
16,15,22,-29.30,0.0017,2
16,15,23,-9.48,0.1541,2
16,15,24,-15.84,0.0371,2
16,15,25,-31.15,0.0011,2
16,15,26,0.82,1.1427,2
16,15,27,-10.64,0.1194,2
16,15,28,-6.94,0.2660,2
16,15,29,-8.04,0.2103,2
16,15,30,94.18,31.2850,2
16,15,31,9.33,3.2585,2
16,15,32,9.15,3.2055,2
16,15,33,56.11,18.6402,2
16,15,34,-20.13,0.0139,2
16,15,35,43.22,14.3585,2
16,15,36,-17.35,0.0263,2
16,15,37,-18.85,0.0187,2
16,15,38,-19.30,0.0169,2
16,15,39,-6.95,0.2652,2
16,15,40,-10.64,0.1195,2
16,15,41,-20.64,0.0124,2
16,16,0,-56.23,0.0000,2
16,16,1,-44.01,0.0001,2
16,16,2,-47.42,0.0000,2
16,16,3,-38.82,0.0002,2
16,16,4,-53.22,0.0000,2
16,16,5,-60.21,0.0000,2
16,16,6,-49.51,0.0000,2
16,16,7,-28.08,0.0022,2
16,16,8,-55.09,0.0000,2
16,16,9,-46.31,0.0000,2
16,16,10,-43.97,0.0001,2
16,16,11,-16.28,0.0336,2
16,16,12,-37.50,0.0003,2
16,16,13,-34.86,0.0005,2
16,16,14,-42.44,0.0001,2
16,16,15,-32.07,0.0009,2
16,16,16,-24.30,0.0053,2
16,16,17,-29.74,0.0015,2
16,16,18,-40.69,0.0001,2
16,16,19,-4.69,0.4218,2
16,16,20,0.17,1.0289,2
16,16,21,-35.72,0.0004,2
16,16,22,-44.61,0.0000,2
16,16,23,-40.52,0.0001,2
16,16,24,-43.14,0.0001,2
16,16,25,-35.16,0.0004,2
16,16,26,-32.03,0.0009,2
16,16,27,-48.94,0.0000,2
16,16,28,-16.49,0.0320,2
16,16,29,-55.09,0.0000,2
16,16,30,-18.39,0.0208,2
16,16,31,-28.25,0.0022,2
16,16,32,-20.48,0.0129,2
16,16,33,12.75,4.3112,2
16,16,34,-48.52,0.0000,2
16,16,35,-15.07,0.0442,2
16,16,36,-12.76,0.0744,2
16,16,37,-39.26,0.0002,2
16,16,38,-29.70,0.0015,2
16,16,39,-15.88,0.0367,2
16,16,40,-25.92,0.0037,2
16,16,41,-19.97,0.0144,2
16,17,0,-60.79,0.0000,2
16,17,1,-38.66,0.0002,2
16,17,2,-40.36,0.0001,2
16,17,3,-25.16,0.0044,2
16,17,4,-43.27,0.0001,2
16,17,5,-42.85,0.0001,2
16,17,6,-34.59,0.0005,2
16,17,7,-1.40,0.7862,2
16,17,8,7.40,2.6987,2
16,17,9,-11.65,0.0955,2
16,17,10,-38.20,0.0002,2
16,17,11,-0.72,0.8859,2
16,17,12,-40.16,0.0001,2
16,17,13,-41.33,0.0001,2
16,17,14,-47.56,0.0000,2
16,17,15,-49.46,0.0000,2
16,17,16,-29.16,0.0018,2
16,17,17,-22.42,0.0082,2
16,17,18,-23.64,0.0062,2
16,17,19,0.58,1.0992,2
16,17,20,-10.80,0.1153,2
16,17,21,-22.60,0.0079,2
16,17,22,-28.79,0.0019,2
16,17,23,-11.06,0.1087,2
16,17,24,-43.32,0.0001,2
16,17,25,-30.17,0.0014,2
16,17,26,-28.29,0.0021,2
16,17,27,-32.58,0.0008,2
16,17,28,-11.14,0.1069,2
16,17,29,-36.37,0.0003,2
16,17,30,11.19,3.8229,2
16,17,31,-12.97,0.0710,2
16,17,32,-11.97,0.0888,2
16,17,33,27.64,9.1857,2
16,17,34,-4.57,0.4318,2
16,17,35,11.85,4.0269,2
16,17,36,-40.56,0.0001,2
16,17,37,-51.04,0.0000,2
16,17,38,-39.87,0.0001,2
16,17,39,-36.63,0.0003,2
16,17,40,-21.71,0.0097,2
16,17,41,-60.79,0.0000,2
16,18,0,-30.27,0.0014,2
16,18,1,-32.35,0.0008,2
16,18,2,-32.66,0.0008,2
16,18,3,-38.69,0.0002,2
16,18,4,-24.58,0.0050,2
16,18,5,-39.43,0.0002,2
16,18,6,-63.22,0.0000,2
16,18,7,0.23,1.0386,2
16,18,8,-47.09,0.0000,2
16,18,9,-41.81,0.0001,2
16,18,10,-33.64,0.0006,2
16,18,11,-8.30,0.1989,2
16,18,12,-60.21,0.0000,2
16,18,13,-30.49,0.0013,2
16,18,14,-56.93,0.0000,2
16,18,15,-58.82,0.0000,2
16,18,16,-57.48,0.0000,2
16,18,17,-66.23,0.0000,2
16,18,18,-47.53,0.0000,2
16,18,19,-35.16,0.0004,2
16,18,20,-43.43,0.0001,2
16,18,21,-57.78,0.0000,2
16,18,22,-57.78,0.0000,2
16,18,23,-12.58,0.0776,2
16,18,24,-61.46,0.0000,2
16,18,25,-300.00,0.0000,2
16,18,26,-69.24,0.0000,2
16,18,27,-56.93,0.0000,2
16,18,28,-57.48,0.0000,2
16,18,29,-60.21,0.0000,2
16,18,30,-22.53,0.0080,2
16,18,31,-41.78,0.0001,2
16,18,32,-32.39,0.0008,2
16,18,33,-300.00,0.0000,2
16,18,34,-40.87,0.0001,2
16,18,35,-31.03,0.0011,2
16,18,36,-4.91,0.4033,2
16,18,37,-9.15,0.1657,2
16,18,38,-24.77,0.0048,2
16,18,39,-23.40,0.0066,2
16,18,40,-26.30,0.0034,2
16,18,41,-38.89,0.0002,2
16,19,0,-300.00,0.0000,2
16,19,1,-300.00,0.0000,2
16,19,2,-53.67,0.0000,2
16,19,3,-300.00,0.0000,2
16,19,4,-44.34,0.0001,2
16,19,5,-300.00,0.0000,2
16,19,6,-48.16,0.0000,2
16,19,7,-40.97,0.0001,2
16,19,8,-46.98,0.0000,2
16,19,9,-50.15,0.0000,2
16,19,10,-38.04,0.0002,2
16,19,11,-5.82,0.3356,2
16,19,12,-45.22,0.0000,2
16,19,13,-33.16,0.0007,2
16,19,14,-46.14,0.0000,2
16,19,15,-11.56,0.0973,2
16,19,16,-300.00,0.0000,2
16,19,17,-38.86,0.0002,2
16,19,18,-43.42,0.0001,2
16,19,19,-18.60,0.0198,2
16,19,20,-0.19,0.9686,2
16,19,21,-41.12,0.0001,2
16,19,22,-32.09,0.0009,2
16,19,23,3.84,1.7739,2
16,19,24,-27.64,0.0025,2
16,19,25,-14.60,0.0491,2
16,19,26,-37.59,0.0003,2
16,19,27,-30.36,0.0013,2
16,19,28,-29.27,0.0017,2
16,19,29,-24.15,0.0055,2
16,19,30,-27.05,0.0028,2
16,19,31,-48.82,0.0000,2
16,19,32,-51.76,0.0000,2
16,19,33,-300.00,0.0000,2
16,19,34,-37.46,0.0003,2
16,19,35,-53.67,0.0000,2
16,19,36,-34.36,0.0005,2
16,19,37,-16.20,0.0342,2
16,19,38,-2.88,0.6001,2
16,19,39,-12.03,0.0877,2
16,19,40,-59.24,0.0000,2
16,19,41,-42.77,0.0001,2
16,20,0,-37.74,0.0002,2
16,20,1,-47.71,0.0000,2
16,20,2,-34.42,0.0005,2
16,20,3,-30.87,0.0012,2
16,20,4,-23.88,0.0059,2
16,20,5,-42.68,0.0001,2
16,20,6,-20.96,0.0115,2
16,20,7,-7.72,0.2252,2
16,20,8,-61.46,0.0000,2
16,20,9,-64.47,0.0000,2
16,20,10,-47.36,0.0000,2
16,20,11,-27.93,0.0023,2
16,20,12,-33.32,0.0007,2
16,20,13,-19.98,0.0144,2
16,20,14,-19.55,0.0159,2
16,20,15,-29.94,0.0015,2
16,20,16,-42.47,0.0001,2
16,20,17,-19.99,0.0144,2
16,20,18,-44.16,0.0001,2
16,20,19,-51.60,0.0000,2
16,20,20,-42.14,0.0001,2
16,20,21,-42.58,0.0001,2
16,20,22,-54.32,0.0000,2
16,20,23,-0.25,0.9588,2
16,20,24,-31.14,0.0011,2
16,20,25,-19.25,0.0171,2
16,20,26,-31.19,0.0011,2
16,20,27,-60.21,0.0000,2
16,20,28,-32.49,0.0008,2
16,20,29,-26.82,0.0030,2
16,20,30,-23.23,0.0068,2
16,20,31,-21.57,0.0100,2
16,20,32,-23.12,0.0070,2
16,20,33,-23.60,0.0063,2
16,20,34,-58.45,0.0000,2
16,20,35,-14.10,0.0551,2
16,20,36,-23.27,0.0068,2
16,20,37,1.32,1.2356,2
16,20,38,-19.28,0.0169,2
16,20,39,-44.77,0.0000,2
16,20,40,-4.67,0.4237,2
16,20,41,-7.25,0.2490,2
17,0,0,-5.62,0.3496,2
17,0,1,13.82,4.6482,2
17,0,2,-29.60,0.0016,2
17,0,3,-23.08,0.0071,2
17,0,4,8.86,3.1189,2
17,0,5,0.53,1.0907,2
17,0,6,-33.53,0.0006,2
17,0,7,-7.22,0.2505,2
17,0,8,-45.83,0.0000,2
17,0,9,-18.44,0.0205,2
17,0,10,-19.32,0.0168,2
17,0,11,11.64,3.9619,2
17,0,12,-14.56,0.0496,2
17,0,13,-20.42,0.0130,2
17,0,14,-16.10,0.0350,2
17,0,15,-21.42,0.0104,2
17,0,16,-20.01,0.0143,2
17,0,17,-10.03,0.1367,2
17,0,18,-10.45,0.1246,2
17,0,19,-38.45,0.0002,2
17,0,20,11.19,3.8243,2
17,0,21,3.64,1.7276,2
17,0,22,-25.98,0.0036,2
17,0,23,3.98,1.8082,2
17,0,24,-9.58,0.1509,2
17,0,25,-32.70,0.0008,2
17,0,26,-4.37,0.4500,2
17,0,27,-26.98,0.0029,2
17,0,28,-24.32,0.0053,2
17,0,29,-10.68,0.1184,2
17,0,30,-3.85,0.4982,2
17,0,31,-47.45,0.0000,2
17,0,32,-35.36,0.0004,2
17,0,33,-36.42,0.0003,2
17,0,34,-37.83,0.0002,2
17,0,35,-39.16,0.0002,2
17,0,36,-7.62,0.2304,2
17,0,37,-28.77,0.0019,2
17,0,38,-23.18,0.0069,2
17,0,39,-42.19,0.0001,2
17,0,40,-47.78,0.0000,2
17,0,41,-50.54,0.0000,2
17,1,0,9.54,3.3202,2
17,1,1,-31.53,0.0010,2
17,1,2,51.76,17.1952,2
17,1,3,-0.03,0.9948,2
17,1,4,13.29,4.4803,2
17,1,5,-27.76,0.0024,2
17,1,6,-12.44,0.0801,2
17,1,7,30.23,10.0427,2
17,1,8,-24.22,0.0055,2
17,1,9,-15.93,0.0364,2
17,1,10,-1.71,0.7440,2
17,1,11,-0.38,0.9384,2
17,1,12,-26.41,0.0033,2
17,1,13,-17.08,0.0280,2
17,1,14,-21.00,0.0114,2
17,1,15,-20.06,0.0142,2
17,1,16,-17.00,0.0285,2
17,1,17,-26.84,0.0030,2
17,1,18,-13.61,0.0615,2
17,1,19,-1.23,0.8103,2
17,1,20,-1.58,0.7617,2
17,1,21,-34.14,0.0006,2
17,1,22,-46.86,0.0000,2
17,1,23,-30.00,0.0014,2
17,1,24,-31.05,0.0011,2
17,1,25,-32.05,0.0009,2
17,1,26,-28.82,0.0019,2
17,1,27,-21.03,0.0113,2
17,1,28,-42.68,0.0001,2
17,1,29,-29.77,0.0015,2
17,1,30,9.53,3.3170,2
17,1,31,-20.82,0.0119,2
17,1,32,-31.95,0.0009,2
17,1,33,-15.84,0.0371,2
17,1,34,-39.30,0.0002,2
17,1,35,-18.57,0.0199,2
17,1,36,2.09,1.3892,2
17,1,37,-5.76,0.3399,2
17,1,38,-5.67,0.3456,2
17,1,39,-25.80,0.0038,2
17,1,40,11.42,3.8939,2
17,1,41,-18.31,0.0211,2
17,2,0,-27.54,0.0025,2
17,2,1,-4.08,0.4762,2
17,2,2,-23.38,0.0066,2
17,2,3,-8.80,0.1785,2
17,2,4,20.46,6.8095,2
17,2,5,-0.37,0.9391,2
17,2,6,-48.45,0.0000,2
17,2,7,-17.48,0.0256,2
17,2,8,-3.48,0.5347,2
17,2,9,-22.25,0.0086,2
17,2,10,-30.89,0.0012,2
17,2,11,-13.16,0.0681,2
17,2,12,-56.01,0.0000,2
17,2,13,-28.36,0.0021,2
17,2,14,-39.86,0.0001,2
17,2,15,-49.28,0.0000,2
17,2,16,-32.51,0.0008,2
17,2,17,-43.40,0.0001,2
17,2,18,-25.33,0.0042,2
17,2,19,-58.82,0.0000,2
17,2,20,24.70,8.2099,2
17,2,21,-36.14,0.0004,2
17,2,22,-16.79,0.0299,2
17,2,23,-9.24,0.1623,2
17,2,24,-1.98,0.7086,2
17,2,25,-28.31,0.0021,2
17,2,26,-14.02,0.0560,2
17,2,27,-12.10,0.0863,2
17,2,28,-25.30,0.0042,2
17,2,29,-58.10,0.0000,2
17,2,30,1.13,1.1992,2
17,2,31,-11.89,0.0905,2
17,2,32,-17.74,0.0241,2
17,2,33,-21.02,0.0114,2
17,2,34,-4.04,0.4793,2
17,2,35,-8.15,0.2056,2
17,2,36,-43.91,0.0001,2
17,2,37,-5.68,0.3451,2
17,2,38,-39.81,0.0002,2
17,2,39,-26.32,0.0034,2
17,2,40,-5.75,0.3402,2
17,2,41,-26.90,0.0029,2
17,3,0,-15.65,0.0388,2
17,3,1,-39.44,0.0002,2
17,3,2,-41.83,0.0001,2
17,3,3,-9.26,0.1617,2
17,3,4,-33.91,0.0006,2
17,3,5,-21.85,0.0094,2
17,3,6,5.14,2.0927,2
17,3,7,5.63,2.2199,2
17,3,8,0.08,1.0127,2
17,3,9,-17.43,0.0259,2
17,3,10,-23.73,0.0061,2
17,3,11,12.55,4.2470,2
17,3,12,-33.15,0.0007,2
17,3,13,-8.51,0.1904,2
17,3,14,-23.43,0.0065,2
17,3,15,1.02,1.1795,2
17,3,16,-30.87,0.0012,2
17,3,17,-21.04,0.0113,2
17,3,18,-29.47,0.0016,2
17,3,19,-20.31,0.0134,2
17,3,20,-7.63,0.2299,2
17,3,21,-31.45,0.0010,2
17,3,22,-300.00,0.0000,2
17,3,23,-17.85,0.0235,2
17,3,24,-34.59,0.0005,2
17,3,25,-20.98,0.0115,2
17,3,26,-8.89,0.1751,2
17,3,27,-25.85,0.0037,2
17,3,28,-23.70,0.0061,2
17,3,29,-9.39,0.1571,2
17,3,30,-1.03,0.8396,2
17,3,31,-15.71,0.0383,2
17,3,32,-23.02,0.0072,2
17,3,33,-22.46,0.0082,2
17,3,34,-23.54,0.0064,2
17,3,35,-9.44,0.1555,2
17,3,36,-42.57,0.0001,2
17,3,37,-54.77,0.0000,2
17,3,38,-59.69,0.0000,2
17,3,39,-44.99,0.0000,2
17,3,40,-29.90,0.0015,2
17,3,41,-39.49,0.0002,2
17,4,0,-41.00,0.0001,2
17,4,1,-46.50,0.0000,2
17,4,2,-45.81,0.0000,2
17,4,3,-30.46,0.0013,2
17,4,4,-22.48,0.0081,2
17,4,5,-18.21,0.0216,2
17,4,6,-32.21,0.0009,2
17,4,7,-8.90,0.1750,2
17,4,8,-22.64,0.0078,2
17,4,9,-16.41,0.0326,2
17,4,10,-33.06,0.0007,2
17,4,11,-1.46,0.7775,2
17,4,12,-47.51,0.0000,2
17,4,13,-59.24,0.0000,2
17,4,14,-24.06,0.0057,2
17,4,15,-64.47,0.0000,2
17,4,16,-34.19,0.0005,2
17,4,17,-41.94,0.0001,2
17,4,18,-21.72,0.0097,2
17,4,19,-14.52,0.0500,2
17,4,20,0.08,1.0126,2
17,4,21,-64.47,0.0000,2
17,4,22,-34.07,0.0006,2
17,4,23,-12.58,0.0775,2
17,4,24,-22.40,0.0083,2
17,4,25,-15.42,0.0408,2
17,4,26,-24.20,0.0055,2
17,4,27,-30.42,0.0013,2
17,4,28,-31.35,0.0011,2
17,4,29,-9.63,0.1490,2
17,4,30,11.02,3.7709,2
17,4,31,-5.11,0.3878,2
17,4,32,-30.08,0.0014,2
17,4,33,-25.22,0.0043,2
17,4,34,-11.27,0.1038,2
17,4,35,14.61,4.9039,2
17,4,36,-26.29,0.0034,2
17,4,37,-45.54,0.0000,2
17,4,38,-37.09,0.0003,2
17,4,39,-44.01,0.0001,2
17,4,40,-64.47,0.0000,2
17,4,41,-26.51,0.0032,2
17,5,0,7.19,2.6402,2
17,5,1,-31.27,0.0011,2
17,5,2,0.22,1.0367,2
17,5,3,-6.63,0.2839,2
17,5,4,-8.24,0.2015,2
17,5,5,-37.77,0.0002,2
17,5,6,-16.31,0.0333,2
17,5,7,4.92,2.0371,2
17,5,8,-8.86,0.1765,2
17,5,9,-14.29,0.0528,2
17,5,10,-6.47,0.2935,2
17,5,11,71.22,23.6595,2
17,5,12,-25.12,0.0044,2
17,5,13,-28.92,0.0019,2
17,5,14,-15.39,0.0411,2
17,5,15,-16.11,0.0349,2
17,5,16,-21.42,0.0104,2
17,5,17,-17.75,0.0240,2
17,5,18,-20.34,0.0133,2
17,5,19,-30.11,0.0014,2
17,5,20,-20.57,0.0126,2
17,5,21,-14.45,0.0508,2
17,5,22,-28.97,0.0018,2
17,5,23,-2.25,0.6740,2
17,5,24,-48.45,0.0000,2
17,5,25,-34.24,0.0005,2
17,5,26,-37.54,0.0003,2
17,5,27,-32.72,0.0008,2
17,5,28,-15.49,0.0402,2
17,5,29,-27.41,0.0026,2
17,5,30,-23.91,0.0059,2
17,5,31,-32.55,0.0008,2
17,5,32,-33.50,0.0006,2
17,5,33,-42.37,0.0001,2
17,5,34,-27.15,0.0028,2
17,5,35,-7.52,0.2351,2
17,5,36,-4.53,0.4354,2
17,5,37,-11.45,0.0999,2
17,5,38,-28.40,0.0021,2
17,5,39,-22.82,0.0075,2
17,5,40,-13.61,0.0615,2
17,5,41,-23.77,0.0060,2
17,6,0,-39.59,0.0002,2
17,6,1,-15.96,0.0361,2
17,6,2,-64.47,0.0000,2
17,6,3,-33.49,0.0006,2
17,6,4,-43.81,0.0001,2
17,6,5,-66.23,0.0000,2
17,6,6,-27.71,0.0024,2
17,6,7,-29.07,0.0018,2
17,6,8,-35.96,0.0004,2
17,6,9,-48.52,0.0000,2
17,6,10,-31.27,0.0011,2
17,6,11,-15.90,0.0366,2
17,6,12,10.60,3.6410,2
17,6,13,-28.96,0.0018,2
17,6,14,13.08,4.4146,2
17,6,15,-21.88,0.0093,2
17,6,16,-21.34,0.0106,2
17,6,17,-13.49,0.0632,2
17,6,18,-3.39,0.5437,2
17,6,19,-6.20,0.3100,2
17,6,20,-7.38,0.2421,2
17,6,21,-28.44,0.0021,2
17,6,22,-29.14,0.0018,2
17,6,23,-6.94,0.2658,2
17,6,24,-35.07,0.0004,2
17,6,25,-32.80,0.0008,2
17,6,26,-50.49,0.0000,2
17,6,27,-52.16,0.0000,2
17,6,28,-22.81,0.0075,2
17,6,29,-14.06,0.0556,2
17,6,30,-5.34,0.3697,2
17,6,31,-39.02,0.0002,2
17,6,32,-10.85,0.1139,2
17,6,33,-19.64,0.0156,2
17,6,34,-45.05,0.0000,2
17,6,35,3.27,1.6436,2
17,6,36,-45.36,0.0000,2
17,6,37,-36.86,0.0003,2
17,6,38,-31.97,0.0009,2
17,6,39,-28.40,0.0021,2
17,6,40,-7.97,0.2138,2
17,6,41,-11.07,0.1086,2
17,7,0,-19.07,0.0178,2
17,7,1,-16.19,0.0343,2
17,7,2,-15.60,0.0392,2
17,7,3,-4.90,0.4041,2
17,7,4,-35.38,0.0004,2
17,7,5,-40.09,0.0001,2
17,7,6,-10.47,0.1239,2
17,7,7,-9.16,0.1653,2
17,7,8,-7.33,0.2449,2
17,7,9,-13.71,0.0602,2
17,7,10,-26.12,0.0035,2
17,7,11,7.16,2.6322,2
17,7,12,-31.81,0.0010,2
17,7,13,-33.83,0.0006,2
17,7,14,22.50,7.4838,2
17,7,15,-6.15,0.3133,2
17,7,16,-28.19,0.0022,2
17,7,17,5.99,2.3143,2
17,7,18,-34.45,0.0005,2
17,7,19,-47.28,0.0000,2
17,7,20,-16.37,0.0329,2
17,7,21,-40.88,0.0001,2
17,7,22,-20.80,0.0119,2
17,7,23,-3.32,0.5514,2
17,7,24,-7.45,0.2388,2
17,7,25,-17.90,0.0232,2
17,7,26,-39.45,0.0002,2
17,7,27,-14.26,0.0531,2
17,7,28,-18.00,0.0227,2
17,7,29,19.59,6.5249,2
17,7,30,-15.66,0.0387,2
17,7,31,-39.99,0.0001,2
17,7,32,-36.07,0.0004,2
17,7,33,-37.74,0.0002,2
17,7,34,-21.25,0.0108,2
17,7,35,-12.84,0.0732,2
17,7,36,-10.84,0.1141,2
17,7,37,-35.07,0.0004,2
17,7,38,-12.69,0.0756,2
17,7,39,-5.00,0.3961,2
17,7,40,-44.13,0.0001,2
17,7,41,-27.59,0.0025,2
17,8,0,-27.87,0.0024,2
17,8,1,-7.48,0.2372,2
17,8,2,-30.38,0.0013,2
17,8,3,-49.15,0.0000,2
17,8,4,-23.00,0.0072,2
17,8,5,-32.52,0.0008,2
17,8,6,-55.26,0.0000,2
17,8,7,-19.83,0.0149,2
17,8,8,-27.69,0.0025,2
17,8,9,-23.26,0.0068,2
17,8,10,-31.08,0.0011,2
17,8,11,-3.72,0.5104,2
17,8,12,-0.13,0.9788,2
17,8,13,-31.49,0.0010,2
17,8,14,-10.73,0.1169,2
17,8,15,-53.67,0.0000,2
17,8,16,-12.88,0.0724,2
17,8,17,-5.69,0.3444,2
17,8,18,-22.14,0.0088,2
17,8,19,-39.19,0.0002,2
17,8,20,17.27,5.7627,2
17,8,21,5.65,2.2239,2
17,8,22,-40.72,0.0001,2
17,8,23,-32.01,0.0009,2
17,8,24,-22.54,0.0080,2
17,8,25,-41.85,0.0001,2
17,8,26,-69.24,0.0000,2
17,8,27,-40.69,0.0001,2
17,8,28,-34.11,0.0006,2
17,8,29,-42.53,0.0001,2
17,8,30,-17.32,0.0265,2
17,8,31,-39.03,0.0002,2
17,8,32,-49.89,0.0000,2
17,8,33,-43.61,0.0001,2
17,8,34,-62.25,0.0000,2
17,8,35,-2.21,0.6788,2
17,8,36,-49.46,0.0000,2
17,8,37,-300.00,0.0000,2
17,8,38,-58.10,0.0000,2
17,8,39,-30.68,0.0012,2
17,8,40,-42.73,0.0001,2
17,8,41,-43.50,0.0001,2
17,9,0,-28.71,0.0019,2
17,9,1,-15.81,0.0374,2
17,9,2,-12.92,0.0719,2
17,9,3,-56.68,0.0000,2
17,9,4,-48.67,0.0000,2
17,9,5,-6.81,0.2733,2
17,9,6,-39.05,0.0002,2
17,9,7,-11.19,0.1056,2
17,9,8,-18.68,0.0194,2
17,9,9,-15.00,0.0449,2
17,9,10,-37.58,0.0003,2
17,9,11,13.91,4.6775,2
17,9,12,-27.05,0.0028,2
17,9,13,-41.51,0.0001,2
17,9,14,-39.02,0.0002,2
17,9,15,-48.23,0.0000,2
17,9,16,-25.87,0.0037,2
17,9,17,2.76,1.5295,2
17,9,18,1.54,1.2788,2
17,9,19,12.70,4.2956,2
17,9,20,48.91,16.2490,2
17,9,21,-27.66,0.0025,2
17,9,22,-40.32,0.0001,2
17,9,23,15.01,5.0302,2
17,9,24,-6.98,0.2637,2
17,9,25,-24.94,0.0046,2
17,9,26,-51.18,0.0000,2
17,9,27,-44.47,0.0001,2
17,9,28,-31.17,0.0011,2
17,9,29,-48.10,0.0000,2
17,9,30,-14.57,0.0496,2
17,9,31,-2.15,0.6861,2
17,9,32,5.56,2.2021,2
17,9,33,1.11,1.1961,2
17,9,34,-10.43,0.1250,2
17,9,35,1.64,1.2978,2
17,9,36,-12.42,0.0804,2
17,9,37,-32.85,0.0007,2
17,9,38,-9.46,0.1548,2
17,9,39,-32.89,0.0007,2
17,9,40,-43.91,0.0001,2
17,9,41,-14.83,0.0467,2
17,10,0,-1.91,0.7174,2
17,10,1,-5.13,0.3865,2
17,10,2,-1.07,0.8333,2
17,10,3,-8.24,0.2014,2
17,10,4,-7.78,0.2223,2
17,10,5,-19.62,0.0157,2
17,10,6,-5.00,0.3966,2
17,10,7,-30.16,0.0014,2
17,10,8,-40.02,0.0001,2
17,10,9,-26.32,0.0034,2
17,10,10,-12.78,0.0741,2
17,10,11,-12.34,0.0818,2
17,10,12,-10.97,0.1110,2
17,10,13,-39.65,0.0002,2
17,10,14,-24.87,0.0047,2
17,10,15,-16.44,0.0324,2
17,10,16,-7.03,0.2608,2
17,10,17,-11.43,0.1002,2
17,10,18,-2.66,0.6251,2
17,10,19,-18.62,0.0197,2
17,10,20,13.70,4.6123,2
17,10,21,23.82,7.9199,2
17,10,22,-25.57,0.0040,2
17,10,23,-12.24,0.0837,2
17,10,24,-5.67,0.3462,2
17,10,25,-49.89,0.0000,2
17,10,26,-21.43,0.0103,2
17,10,27,-19.10,0.0176,2
17,10,28,-30.15,0.0014,2
17,10,29,-28.43,0.0021,2
17,10,30,-0.29,0.9533,2
17,10,31,-34.06,0.0006,2
17,10,32,-35.97,0.0004,2
17,10,33,-22.71,0.0077,2
17,10,34,-18.41,0.0206,2
17,10,35,-20.14,0.0139,2
17,10,36,-39.91,0.0001,2
17,10,37,-57.20,0.0000,2
17,10,38,-18.01,0.0226,2
17,10,39,-36.61,0.0003,2
17,10,40,-15.73,0.0381,2
17,10,41,-1.55,0.7658,2
17,11,0,-300.00,0.0000,2
17,11,1,-33.03,0.0007,2
17,11,2,-63.22,0.0000,2
17,11,3,-55.43,0.0000,2
17,11,4,-44.69,0.0000,2
17,11,5,-32.57,0.0008,2
17,11,6,-44.99,0.0000,2
17,11,7,-45.07,0.0000,2
17,11,8,-28.27,0.0021,2
17,11,9,-51.38,0.0000,2
17,11,10,-45.81,0.0000,2
17,11,11,-3.88,0.4954,2
17,11,12,-24.40,0.0052,2
17,11,13,-32.87,0.0007,2
17,11,14,-62.25,0.0000,2
17,11,15,-27.15,0.0028,2
17,11,16,-24.19,0.0055,2
17,11,17,-47.42,0.0000,2
17,11,18,-15.59,0.0393,2
17,11,19,-19.72,0.0153,2
17,11,20,4.76,1.9963,2
17,11,21,-11.01,0.1100,2
17,11,22,-20.27,0.0135,2
17,11,23,-8.18,0.2044,2
17,11,24,-11.59,0.0967,2
17,11,25,-34.88,0.0005,2
17,11,26,-8.62,0.1857,2
17,11,27,-18.85,0.0187,2
17,11,28,-37.15,0.0003,2
17,11,29,-10.29,0.1290,2
17,11,30,-40.58,0.0001,2
17,11,31,-64.47,0.0000,2
17,11,32,-63.22,0.0000,2
17,11,33,-46.57,0.0000,2
17,11,34,-41.94,0.0001,2
17,11,35,-2.78,0.6113,2
17,11,36,-26.01,0.0036,2
17,11,37,-28.16,0.0022,2
17,11,38,-54.32,0.0000,2
17,11,39,-36.77,0.0003,2
17,11,40,-31.71,0.0010,2
17,11,41,-15.08,0.0441,2
17,12,0,-45.60,0.0000,2
17,12,1,-36.72,0.0003,2
17,12,2,-55.81,0.0000,2
17,12,3,-34.30,0.0005,2
17,12,4,-46.59,0.0000,2
17,12,5,-38.74,0.0002,2
17,12,6,-44.25,0.0001,2
17,12,7,-39.95,0.0001,2
17,12,8,-61.46,0.0000,2
17,12,9,-54.19,0.0000,2
17,12,10,-45.77,0.0000,2
17,12,11,-25.20,0.0044,2
17,12,12,-47.09,0.0000,2
17,12,13,-20.16,0.0138,2
17,12,14,-40.30,0.0001,2
17,12,15,-30.96,0.0012,2
17,12,16,-54.61,0.0000,2
17,12,17,-38.63,0.0002,2
17,12,18,-18.47,0.0204,2
17,12,19,-300.00,0.0000,2
17,12,20,-18.92,0.0184,2
17,12,21,-34.64,0.0005,2
17,12,22,-27.18,0.0028,2
17,12,23,5.27,2.1254,2
17,12,24,-21.07,0.0112,2
17,12,25,-35.81,0.0004,2
17,12,26,-11.04,0.1093,2
17,12,27,-26.81,0.0030,2
17,12,28,-25.80,0.0038,2
17,12,29,-32.20,0.0009,2
17,12,30,-15.57,0.0394,2
17,12,31,-44.58,0.0001,2
17,12,32,-66.23,0.0000,2
17,12,33,-57.48,0.0000,2
17,12,34,-50.37,0.0000,2
17,12,35,-44.24,0.0001,2
17,12,36,0.40,1.0672,2
17,12,37,-38.23,0.0002,2
17,12,38,-25.22,0.0043,2
17,12,39,-16.10,0.0350,2
17,12,40,-38.41,0.0002,2
17,12,41,-26.75,0.0030,2
17,13,0,-22.17,0.0087,2
17,13,1,-31.85,0.0009,2
17,13,2,-28.26,0.0022,2
17,13,3,-8.38,0.1958,2
17,13,4,-24.46,0.0052,2
17,13,5,4.14,1.8462,2
17,13,6,-17.03,0.0283,2
17,13,7,-18.93,0.0183,2
17,13,8,-11.70,0.0945,2
17,13,9,-23.92,0.0058,2
17,13,10,-54.47,0.0000,2
17,13,11,-17.91,0.0232,2
17,13,12,-42.71,0.0001,2
17,13,13,-58.45,0.0000,2
17,13,14,-46.27,0.0000,2
17,13,15,-30.89,0.0012,2
17,13,16,-24.95,0.0046,2
17,13,17,-18.81,0.0188,2
17,13,18,-32.59,0.0008,2
17,13,19,-46.88,0.0000,2
17,13,20,-0.89,0.8594,2
17,13,21,-46.91,0.0000,2
17,13,22,-25.14,0.0044,2
17,13,23,-9.11,0.1670,2
17,13,24,-14.32,0.0524,2
17,13,25,-21.97,0.0091,2
17,13,26,-6.56,0.2881,2
17,13,27,-3.43,0.5404,2
17,13,28,-30.22,0.0014,2
17,13,29,-40.62,0.0001,2
17,13,30,-0.41,0.9340,2
17,13,31,-18.78,0.0190,2
17,13,32,-36.17,0.0003,2
17,13,33,-29.06,0.0018,2
17,13,34,-15.89,0.0367,2
17,13,35,2.42,1.4573,2
17,13,36,-40.90,0.0001,2
17,13,37,-50.21,0.0000,2
17,13,38,-46.43,0.0000,2
17,13,39,-40.06,0.0001,2
17,13,40,-31.39,0.0010,2
17,13,41,-47.93,0.0000,2
17,14,0,-69.24,0.0000,2
17,14,1,-55.09,0.0000,2
17,14,2,-29.97,0.0015,2
17,14,3,-57.78,0.0000,2
17,14,4,-37.36,0.0003,2
17,14,5,-55.26,0.0000,2
17,14,6,-29.55,0.0016,2
17,14,7,-23.85,0.0059,2
17,14,8,-26.71,0.0031,2
17,14,9,-45.93,0.0000,2
17,14,10,-28.34,0.0021,2
17,14,11,-0.61,0.9027,2
17,14,12,-27.64,0.0025,2
17,14,13,-24.79,0.0048,2
17,14,14,-36.63,0.0003,2
17,14,15,-30.58,0.0013,2
17,14,16,-29.69,0.0015,2
17,14,17,-44.81,0.0000,2
17,14,18,-38.75,0.0002,2
17,14,19,-31.49,0.0010,2
17,14,20,-40.59,0.0001,2
17,14,21,-21.16,0.0110,2
17,14,22,-48.13,0.0000,2
17,14,23,-24.47,0.0052,2
17,14,24,-39.10,0.0002,2
17,14,25,-17.30,0.0266,2
17,14,26,-54.32,0.0000,2
17,14,27,-27.99,0.0023,2
17,14,28,-36.39,0.0003,2
17,14,29,5.01,2.0597,2
17,14,30,-17.53,0.0252,2
17,14,31,-22.61,0.0079,2
17,14,32,-50.72,0.0000,2
17,14,33,-51.68,0.0000,2
17,14,34,-26.03,0.0036,2
17,14,35,-8.49,0.1910,2
17,14,36,-45.22,0.0000,2
17,14,37,-55.81,0.0000,2
17,14,38,-31.38,0.0010,2
17,14,39,-25.11,0.0044,2
17,14,40,-49.94,0.0000,2
17,14,41,-34.18,0.0006,2
17,15,0,-11.52,0.0983,2
17,15,1,-48.16,0.0000,2
17,15,2,-24.22,0.0054,2
17,15,3,-13.14,0.0684,2
17,15,4,-9.67,0.1478,2
17,15,5,-8.38,0.1956,2
17,15,6,-7.92,0.2159,2
17,15,7,-1.62,0.7563,2
17,15,8,-18.97,0.0182,2
17,15,9,-14.77,0.0473,2
17,15,10,-18.90,0.0185,2
17,15,11,3.47,1.6878,2
17,15,12,-18.32,0.0211,2
17,15,13,-20.68,0.0123,2
17,15,14,-10.22,0.1311,2
17,15,15,-47.39,0.0000,2
17,15,16,-38.05,0.0002,2
17,15,17,-34.94,0.0005,2
17,15,18,-24.78,0.0048,2
17,15,19,-29.32,0.0017,2
17,15,20,-5.06,0.3918,2
17,15,21,-36.36,0.0003,2
17,15,22,-29.30,0.0017,2
17,15,23,-9.48,0.1541,2
17,15,24,-15.84,0.0371,2
17,15,25,-31.15,0.0011,2
17,15,26,0.82,1.1427,2
17,15,27,-10.64,0.1194,2
17,15,28,-6.94,0.2660,2
17,15,29,-8.04,0.2103,2
17,15,30,94.18,31.2850,2
17,15,31,9.33,3.2585,2
17,15,32,9.15,3.2055,2
17,15,33,56.11,18.6402,2
17,15,34,-20.13,0.0139,2
17,15,35,43.22,14.3585,2
17,15,36,-17.35,0.0263,2
17,15,37,-18.85,0.0187,2
17,15,38,-19.30,0.0169,2
17,15,39,-6.95,0.2652,2
17,15,40,-10.64,0.1195,2
17,15,41,-20.64,0.0124,2
17,16,0,-56.23,0.0000,2
17,16,1,-44.01,0.0001,2
17,16,2,-47.42,0.0000,2
17,16,3,-38.82,0.0002,2
17,16,4,-53.22,0.0000,2
17,16,5,-60.21,0.0000,2
17,16,6,-49.51,0.0000,2
17,16,7,-28.08,0.0022,2
17,16,8,-55.09,0.0000,2
17,16,9,-46.31,0.0000,2
17,16,10,-43.97,0.0001,2
17,16,11,-16.28,0.0336,2
17,16,12,-37.50,0.0003,2
17,16,13,-34.86,0.0005,2
17,16,14,-42.44,0.0001,2
17,16,15,-32.07,0.0009,2
17,16,16,-24.30,0.0053,2
17,16,17,-29.74,0.0015,2
17,16,18,-40.69,0.0001,2
17,16,19,-4.69,0.4218,2
17,16,20,0.17,1.0289,2
17,16,21,-35.72,0.0004,2
17,16,22,-44.61,0.0000,2
17,16,23,-40.52,0.0001,2
17,16,24,-43.14,0.0001,2
17,16,25,-35.16,0.0004,2
17,16,26,-32.03,0.0009,2
17,16,27,-48.94,0.0000,2
17,16,28,-16.49,0.0320,2
17,16,29,-55.09,0.0000,2
17,16,30,-18.39,0.0208,2
17,16,31,-28.25,0.0022,2
17,16,32,-20.48,0.0129,2
17,16,33,12.75,4.3112,2
17,16,34,-48.52,0.0000,2
17,16,35,-15.07,0.0442,2
17,16,36,-12.76,0.0744,2
17,16,37,-39.26,0.0002,2
17,16,38,-29.70,0.0015,2
17,16,39,-15.88,0.0367,2
17,16,40,-25.92,0.0037,2
17,16,41,-19.97,0.0144,2
17,17,0,-60.79,0.0000,2
17,17,1,-38.66,0.0002,2
17,17,2,-40.36,0.0001,2
17,17,3,-25.16,0.0044,2
17,17,4,-43.27,0.0001,2
17,17,5,-42.85,0.0001,2
17,17,6,-34.59,0.0005,2
17,17,7,-1.40,0.7862,2
17,17,8,7.40,2.6987,2
17,17,9,-11.65,0.0955,2
17,17,10,-38.20,0.0002,2
17,17,11,-0.72,0.8859,2
17,17,12,-40.16,0.0001,2
17,17,13,-41.33,0.0001,2
17,17,14,-47.56,0.0000,2
17,17,15,-49.46,0.0000,2
17,17,16,-29.16,0.0018,2
17,17,17,-22.42,0.0082,2
17,17,18,-23.64,0.0062,2
17,17,19,0.58,1.0992,2
17,17,20,-10.80,0.1153,2
17,17,21,-22.60,0.0079,2
17,17,22,-28.79,0.0019,2
17,17,23,-11.06,0.1087,2
17,17,24,-43.32,0.0001,2
17,17,25,-30.17,0.0014,2
17,17,26,-28.29,0.0021,2
17,17,27,-32.58,0.0008,2
17,17,28,-11.14,0.1069,2
17,17,29,-36.37,0.0003,2
17,17,30,11.19,3.8229,2
17,17,31,-12.97,0.0710,2
17,17,32,-11.97,0.0888,2
17,17,33,27.64,9.1857,2
17,17,34,-4.57,0.4318,2
17,17,35,11.85,4.0269,2
17,17,36,-40.56,0.0001,2
17,17,37,-51.04,0.0000,2
17,17,38,-39.87,0.0001,2
17,17,39,-36.63,0.0003,2
17,17,40,-21.71,0.0097,2
17,17,41,-60.79,0.0000,2
17,18,0,-30.27,0.0014,2
17,18,1,-32.35,0.0008,2
17,18,2,-32.66,0.0008,2
17,18,3,-38.69,0.0002,2
17,18,4,-24.58,0.0050,2
17,18,5,-39.43,0.0002,2
17,18,6,-63.22,0.0000,2
17,18,7,0.23,1.0386,2
17,18,8,-47.09,0.0000,2
17,18,9,-41.81,0.0001,2
17,18,10,-33.64,0.0006,2
17,18,11,-8.30,0.1989,2
17,18,12,-60.21,0.0000,2
17,18,13,-30.49,0.0013,2
17,18,14,-56.93,0.0000,2
17,18,15,-58.82,0.0000,2
17,18,16,-57.48,0.0000,2
17,18,17,-66.23,0.0000,2
17,18,18,-47.53,0.0000,2
17,18,19,-35.16,0.0004,2
17,18,20,-43.43,0.0001,2
17,18,21,-57.78,0.0000,2
17,18,22,-57.78,0.0000,2
17,18,23,-12.58,0.0776,2
17,18,24,-61.46,0.0000,2
17,18,25,-300.00,0.0000,2
17,18,26,-69.24,0.0000,2
17,18,27,-56.93,0.0000,2
17,18,28,-57.48,0.0000,2
17,18,29,-60.21,0.0000,2
17,18,30,-22.53,0.0080,2
17,18,31,-41.78,0.0001,2
17,18,32,-32.39,0.0008,2
17,18,33,-300.00,0.0000,2
17,18,34,-40.87,0.0001,2
17,18,35,-31.03,0.0011,2
17,18,36,-4.91,0.4033,2
17,18,37,-9.15,0.1657,2
17,18,38,-24.77,0.0048,2
17,18,39,-23.40,0.0066,2
17,18,40,-26.30,0.0034,2
17,18,41,-38.89,0.0002,2
17,19,0,-300.00,0.0000,2
17,19,1,-300.00,0.0000,2
17,19,2,-53.67,0.0000,2
17,19,3,-300.00,0.0000,2
17,19,4,-44.34,0.0001,2
17,19,5,-300.00,0.0000,2
17,19,6,-48.16,0.0000,2
17,19,7,-40.97,0.0001,2
17,19,8,-46.98,0.0000,2
17,19,9,-50.15,0.0000,2
17,19,10,-38.04,0.0002,2
17,19,11,-5.82,0.3356,2
17,19,12,-45.22,0.0000,2
17,19,13,-33.16,0.0007,2
17,19,14,-46.14,0.0000,2
17,19,15,-11.56,0.0973,2
17,19,16,-300.00,0.0000,2
17,19,17,-38.86,0.0002,2
17,19,18,-43.42,0.0001,2
17,19,19,-18.60,0.0198,2
17,19,20,-0.19,0.9686,2
17,19,21,-41.12,0.0001,2
17,19,22,-32.09,0.0009,2
17,19,23,3.84,1.7739,2
17,19,24,-27.64,0.0025,2
17,19,25,-14.60,0.0491,2
17,19,26,-37.59,0.0003,2
17,19,27,-30.36,0.0013,2
17,19,28,-29.27,0.0017,2
17,19,29,-24.15,0.0055,2
17,19,30,-27.05,0.0028,2
17,19,31,-48.82,0.0000,2
17,19,32,-51.76,0.0000,2
17,19,33,-300.00,0.0000,2
17,19,34,-37.46,0.0003,2
17,19,35,-53.67,0.0000,2
17,19,36,-34.36,0.0005,2
17,19,37,-16.20,0.0342,2
17,19,38,-2.88,0.6001,2
17,19,39,-12.03,0.0877,2
17,19,40,-59.24,0.0000,2
17,19,41,-42.77,0.0001,2
17,20,0,-37.74,0.0002,2
17,20,1,-47.71,0.0000,2
17,20,2,-34.42,0.0005,2
17,20,3,-30.87,0.0012,2
17,20,4,-23.88,0.0059,2
17,20,5,-42.68,0.0001,2
17,20,6,-20.96,0.0115,2
17,20,7,-7.72,0.2252,2
17,20,8,-61.46,0.0000,2
17,20,9,-64.47,0.0000,2
17,20,10,-47.36,0.0000,2
17,20,11,-27.93,0.0023,2
17,20,12,-33.32,0.0007,2
17,20,13,-19.98,0.0144,2
17,20,14,-19.55,0.0159,2
17,20,15,-29.94,0.0015,2
17,20,16,-42.47,0.0001,2
17,20,17,-19.99,0.0144,2
17,20,18,-44.16,0.0001,2
17,20,19,-51.60,0.0000,2
17,20,20,-42.14,0.0001,2
17,20,21,-42.58,0.0001,2
17,20,22,-54.32,0.0000,2
17,20,23,-0.25,0.9588,2
17,20,24,-31.14,0.0011,2
17,20,25,-19.25,0.0171,2
17,20,26,-31.19,0.0011,2
17,20,27,-60.21,0.0000,2
17,20,28,-32.49,0.0008,2
17,20,29,-26.82,0.0030,2
17,20,30,-23.23,0.0068,2
17,20,31,-21.57,0.0100,2
17,20,32,-23.12,0.0070,2
17,20,33,-23.60,0.0063,2
17,20,34,-58.45,0.0000,2
17,20,35,-14.10,0.0551,2
17,20,36,-23.27,0.0068,2
17,20,37,1.32,1.2356,2
17,20,38,-19.28,0.0169,2
17,20,39,-44.77,0.0000,2
17,20,40,-4.67,0.4237,2
17,20,41,-7.25,0.2490,2
18,0,0,-5.62,0.3496,2
18,0,1,13.82,4.6482,2
18,0,2,-29.60,0.0016,2
18,0,3,-23.08,0.0071,2
18,0,4,8.86,3.1189,2
18,0,5,0.53,1.0907,2
18,0,6,-33.53,0.0006,2
18,0,7,-7.22,0.2505,2
18,0,8,-45.83,0.0000,2
18,0,9,-18.44,0.0205,2
18,0,10,-19.32,0.0168,2
18,0,11,11.64,3.9619,2
18,0,12,-14.56,0.0496,2
18,0,13,-20.42,0.0130,2
18,0,14,-16.10,0.0350,2
18,0,15,-21.42,0.0104,2
18,0,16,-20.01,0.0143,2
18,0,17,-10.03,0.1367,2
18,0,18,-10.45,0.1246,2
18,0,19,-38.45,0.0002,2
18,0,20,11.19,3.8243,2
18,0,21,3.64,1.7276,2
18,0,22,-25.98,0.0036,2
18,0,23,3.98,1.8082,2
18,0,24,-9.58,0.1509,2
18,0,25,-32.70,0.0008,2
18,0,26,-4.37,0.4500,2
18,0,27,-26.98,0.0029,2
18,0,28,-24.32,0.0053,2
18,0,29,-10.68,0.1184,2
18,0,30,-3.85,0.4982,2
18,0,31,-47.45,0.0000,2
18,0,32,-35.36,0.0004,2
18,0,33,-36.42,0.0003,2
18,0,34,-37.83,0.0002,2
18,0,35,-39.16,0.0002,2
18,0,36,-7.62,0.2304,2
18,0,37,-28.77,0.0019,2
18,0,38,-23.18,0.0069,2
18,0,39,-42.19,0.0001,2
18,0,40,-47.78,0.0000,2
18,0,41,-50.54,0.0000,2
18,1,0,9.54,3.3202,2
18,1,1,-31.53,0.0010,2
18,1,2,51.76,17.1952,2
18,1,3,-0.03,0.9948,2
18,1,4,13.29,4.4803,2
18,1,5,-27.76,0.0024,2
18,1,6,-12.44,0.0801,2
18,1,7,30.23,10.0427,2
18,1,8,-24.22,0.0055,2
18,1,9,-15.93,0.0364,2
18,1,10,-1.71,0.7440,2
18,1,11,-0.38,0.9384,2
18,1,12,-26.41,0.0033,2
18,1,13,-17.08,0.0280,2
18,1,14,-21.00,0.0114,2
18,1,15,-20.06,0.0142,2
18,1,16,-17.00,0.0285,2
18,1,17,-26.84,0.0030,2
18,1,18,-13.61,0.0615,2
18,1,19,-1.23,0.8103,2
18,1,20,-1.58,0.7617,2
18,1,21,-34.14,0.0006,2
18,1,22,-46.86,0.0000,2
18,1,23,-30.00,0.0014,2
18,1,24,-31.05,0.0011,2
18,1,25,-32.05,0.0009,2
18,1,26,-28.82,0.0019,2
18,1,27,-21.03,0.0113,2
18,1,28,-42.68,0.0001,2
18,1,29,-29.77,0.0015,2
18,1,30,9.53,3.3170,2
18,1,31,-20.82,0.0119,2
18,1,32,-31.95,0.0009,2
18,1,33,-15.84,0.0371,2
18,1,34,-39.30,0.0002,2
18,1,35,-18.57,0.0199,2
18,1,36,2.09,1.3892,2
18,1,37,-5.76,0.3399,2
18,1,38,-5.67,0.3456,2
18,1,39,-25.80,0.0038,2
18,1,40,11.42,3.8939,2
18,1,41,-18.31,0.0211,2
18,2,0,-27.54,0.0025,2
18,2,1,-4.08,0.4762,2
18,2,2,-23.38,0.0066,2
18,2,3,-8.80,0.1785,2
18,2,4,20.46,6.8095,2
18,2,5,-0.37,0.9391,2
18,2,6,-48.45,0.0000,2
18,2,7,-17.48,0.0256,2
18,2,8,-3.48,0.5347,2
18,2,9,-22.25,0.0086,2
18,2,10,-30.89,0.0012,2
18,2,11,-13.16,0.0681,2
18,2,12,-56.01,0.0000,2
18,2,13,-28.36,0.0021,2
18,2,14,-39.86,0.0001,2
18,2,15,-49.28,0.0000,2
18,2,16,-32.51,0.0008,2
18,2,17,-43.40,0.0001,2
18,2,18,-25.33,0.0042,2
18,2,19,-58.82,0.0000,2
18,2,20,24.70,8.2099,2
18,2,21,-36.14,0.0004,2
18,2,22,-16.79,0.0299,2
18,2,23,-9.24,0.1623,2
18,2,24,-1.98,0.7086,2
18,2,25,-28.31,0.0021,2
18,2,26,-14.02,0.0560,2
18,2,27,-12.10,0.0863,2
18,2,28,-25.30,0.0042,2
18,2,29,-58.10,0.0000,2
18,2,30,1.13,1.1992,2
18,2,31,-11.89,0.0905,2
18,2,32,-17.74,0.0241,2
18,2,33,-21.02,0.0114,2
18,2,34,-4.04,0.4793,2
18,2,35,-8.15,0.2056,2
18,2,36,-43.91,0.0001,2
18,2,37,-5.68,0.3451,2
18,2,38,-39.81,0.0002,2
18,2,39,-26.32,0.0034,2
18,2,40,-5.75,0.3402,2
18,2,41,-26.90,0.0029,2
18,3,0,-15.65,0.0388,2
18,3,1,-39.44,0.0002,2
18,3,2,-41.83,0.0001,2
18,3,3,-9.26,0.1617,2
18,3,4,-33.91,0.0006,2
18,3,5,-21.85,0.0094,2
18,3,6,5.14,2.0927,2
18,3,7,5.63,2.2199,2
18,3,8,0.08,1.0127,2
18,3,9,-17.43,0.0259,2
18,3,10,-23.73,0.0061,2
18,3,11,12.55,4.2470,2
18,3,12,-33.15,0.0007,2
18,3,13,-8.51,0.1904,2
18,3,14,-23.43,0.0065,2
18,3,15,1.02,1.1795,2
18,3,16,-30.87,0.0012,2
18,3,17,-21.04,0.0113,2
18,3,18,-29.47,0.0016,2
18,3,19,-20.31,0.0134,2
18,3,20,-7.63,0.2299,2
18,3,21,-31.45,0.0010,2
18,3,22,-300.00,0.0000,2
18,3,23,-17.85,0.0235,2
18,3,24,-34.59,0.0005,2
18,3,25,-20.98,0.0115,2
18,3,26,-8.89,0.1751,2
18,3,27,-25.85,0.0037,2
18,3,28,-23.70,0.0061,2
18,3,29,-9.39,0.1571,2
18,3,30,-1.03,0.8396,2
18,3,31,-15.71,0.0383,2
18,3,32,-23.02,0.0072,2
18,3,33,-22.46,0.0082,2
18,3,34,-23.54,0.0064,2
18,3,35,-9.44,0.1555,2
18,3,36,-42.57,0.0001,2
18,3,37,-54.77,0.0000,2
18,3,38,-59.69,0.0000,2
18,3,39,-44.99,0.0000,2
18,3,40,-29.90,0.0015,2
18,3,41,-39.49,0.0002,2
18,4,0,-41.00,0.0001,2
18,4,1,-46.50,0.0000,2
18,4,2,-45.81,0.0000,2
18,4,3,-30.46,0.0013,2
18,4,4,-22.48,0.0081,2
18,4,5,-18.21,0.0216,2
18,4,6,-32.21,0.0009,2
18,4,7,-8.90,0.1750,2
18,4,8,-22.64,0.0078,2
18,4,9,-16.41,0.0326,2
18,4,10,-33.06,0.0007,2
18,4,11,-1.46,0.7775,2
18,4,12,-47.51,0.0000,2
18,4,13,-59.24,0.0000,2
18,4,14,-24.06,0.0057,2
18,4,15,-64.47,0.0000,2
18,4,16,-34.19,0.0005,2
18,4,17,-41.94,0.0001,2
18,4,18,-21.72,0.0097,2
18,4,19,-14.52,0.0500,2
18,4,20,0.08,1.0126,2
18,4,21,-64.47,0.0000,2
18,4,22,-34.07,0.0006,2
18,4,23,-12.58,0.0775,2
18,4,24,-22.40,0.0083,2
18,4,25,-15.42,0.0408,2
18,4,26,-24.20,0.0055,2
18,4,27,-30.42,0.0013,2
18,4,28,-31.35,0.0011,2
18,4,29,-9.63,0.1490,2
18,4,30,11.02,3.7709,2
18,4,31,-5.11,0.3878,2
18,4,32,-30.08,0.0014,2
18,4,33,-25.22,0.0043,2
18,4,34,-11.27,0.1038,2
18,4,35,14.61,4.9039,2
18,4,36,-26.29,0.0034,2
18,4,37,-45.54,0.0000,2
18,4,38,-37.09,0.0003,2
18,4,39,-44.01,0.0001,2
18,4,40,-64.47,0.0000,2
18,4,41,-26.51,0.0032,2
18,5,0,7.19,2.6402,2
18,5,1,-31.27,0.0011,2
18,5,2,0.22,1.0367,2
18,5,3,-6.63,0.2839,2
18,5,4,-8.24,0.2015,2
18,5,5,-37.77,0.0002,2
18,5,6,-16.31,0.0333,2
18,5,7,4.92,2.0371,2
18,5,8,-8.86,0.1765,2
18,5,9,-14.29,0.0528,2
18,5,10,-6.47,0.2935,2
18,5,11,71.22,23.6595,2
18,5,12,-25.12,0.0044,2
18,5,13,-28.92,0.0019,2
18,5,14,-15.39,0.0411,2
18,5,15,-16.11,0.0349,2
18,5,16,-21.42,0.0104,2
18,5,17,-17.75,0.0240,2
18,5,18,-20.34,0.0133,2
18,5,19,-30.11,0.0014,2
18,5,20,-20.57,0.0126,2
18,5,21,-14.45,0.0508,2
18,5,22,-28.97,0.0018,2
18,5,23,-2.25,0.6740,2
18,5,24,-48.45,0.0000,2
18,5,25,-34.24,0.0005,2
18,5,26,-37.54,0.0003,2
18,5,27,-32.72,0.0008,2
18,5,28,-15.49,0.0402,2
18,5,29,-27.41,0.0026,2
18,5,30,-23.91,0.0059,2
18,5,31,-32.55,0.0008,2
18,5,32,-33.50,0.0006,2
18,5,33,-42.37,0.0001,2
18,5,34,-27.15,0.0028,2
18,5,35,-7.52,0.2351,2
18,5,36,-4.53,0.4354,2
18,5,37,-11.45,0.0999,2
18,5,38,-28.40,0.0021,2
18,5,39,-22.82,0.0075,2
18,5,40,-13.61,0.0615,2
18,5,41,-23.77,0.0060,2
18,6,0,-39.59,0.0002,2
18,6,1,-15.96,0.0361,2
18,6,2,-64.47,0.0000,2
18,6,3,-33.49,0.0006,2
18,6,4,-43.81,0.0001,2
18,6,5,-66.23,0.0000,2
18,6,6,-27.71,0.0024,2
18,6,7,-29.07,0.0018,2
18,6,8,-35.96,0.0004,2
18,6,9,-48.52,0.0000,2
18,6,10,-31.27,0.0011,2
18,6,11,-15.90,0.0366,2
18,6,12,10.60,3.6410,2
18,6,13,-28.96,0.0018,2
18,6,14,13.08,4.4146,2
18,6,15,-21.88,0.0093,2
18,6,16,-21.34,0.0106,2
18,6,17,-13.49,0.0632,2
18,6,18,-3.39,0.5437,2
18,6,19,-6.20,0.3100,2
18,6,20,-7.38,0.2421,2
18,6,21,-28.44,0.0021,2
18,6,22,-29.14,0.0018,2
18,6,23,-6.94,0.2658,2
18,6,24,-35.07,0.0004,2
18,6,25,-32.80,0.0008,2
18,6,26,-50.49,0.0000,2
18,6,27,-52.16,0.0000,2
18,6,28,-22.81,0.0075,2
18,6,29,-14.06,0.0556,2
18,6,30,-5.34,0.3697,2
18,6,31,-39.02,0.0002,2
18,6,32,-10.85,0.1139,2
18,6,33,-19.64,0.0156,2
18,6,34,-45.05,0.0000,2
18,6,35,3.27,1.6436,2
18,6,36,-45.36,0.0000,2
18,6,37,-36.86,0.0003,2
18,6,38,-31.97,0.0009,2
18,6,39,-28.40,0.0021,2
18,6,40,-7.97,0.2138,2
18,6,41,-11.07,0.1086,2
18,7,0,-19.07,0.0178,2
18,7,1,-16.19,0.0343,2
18,7,2,-15.60,0.0392,2
18,7,3,-4.90,0.4041,2
18,7,4,-35.38,0.0004,2
18,7,5,-40.09,0.0001,2
18,7,6,-10.47,0.1239,2
18,7,7,-9.16,0.1653,2
18,7,8,-7.33,0.2449,2
18,7,9,-13.71,0.0602,2
18,7,10,-26.12,0.0035,2
18,7,11,7.16,2.6322,2
18,7,12,-31.81,0.0010,2
18,7,13,-33.83,0.0006,2
18,7,14,22.50,7.4838,2
18,7,15,-6.15,0.3133,2
18,7,16,-28.19,0.0022,2
18,7,17,5.99,2.3143,2
18,7,18,-34.45,0.0005,2
18,7,19,-47.28,0.0000,2
18,7,20,-16.37,0.0329,2
18,7,21,-40.88,0.0001,2
18,7,22,-20.80,0.0119,2
18,7,23,-3.32,0.5514,2
18,7,24,-7.45,0.2388,2
18,7,25,-17.90,0.0232,2
18,7,26,-39.45,0.0002,2
18,7,27,-14.26,0.0531,2
18,7,28,-18.00,0.0227,2
18,7,29,19.59,6.5249,2
18,7,30,-15.66,0.0387,2
18,7,31,-39.99,0.0001,2
18,7,32,-36.07,0.0004,2
18,7,33,-37.74,0.0002,2
18,7,34,-21.25,0.0108,2
18,7,35,-12.84,0.0732,2
18,7,36,-10.84,0.1141,2
18,7,37,-35.07,0.0004,2
18,7,38,-12.69,0.0756,2
18,7,39,-5.00,0.3961,2
18,7,40,-44.13,0.0001,2
18,7,41,-27.59,0.0025,2
18,8,0,-27.87,0.0024,2
18,8,1,-7.48,0.2372,2
18,8,2,-30.38,0.0013,2
18,8,3,-49.15,0.0000,2
18,8,4,-23.00,0.0072,2
18,8,5,-32.52,0.0008,2
18,8,6,-55.26,0.0000,2
18,8,7,-19.83,0.0149,2
18,8,8,-27.69,0.0025,2
18,8,9,-23.26,0.0068,2
18,8,10,-31.08,0.0011,2
18,8,11,-3.72,0.5104,2
18,8,12,-0.13,0.9788,2
18,8,13,-31.49,0.0010,2
18,8,14,-10.73,0.1169,2
18,8,15,-53.67,0.0000,2
18,8,16,-12.88,0.0724,2
18,8,17,-5.69,0.3444,2
18,8,18,-22.14,0.0088,2
18,8,19,-39.19,0.0002,2
18,8,20,17.27,5.7627,2
18,8,21,5.65,2.2239,2
18,8,22,-40.72,0.0001,2
18,8,23,-32.01,0.0009,2
18,8,24,-22.54,0.0080,2
18,8,25,-41.85,0.0001,2
18,8,26,-69.24,0.0000,2
18,8,27,-40.69,0.0001,2
18,8,28,-34.11,0.0006,2
18,8,29,-42.53,0.0001,2
18,8,30,-17.32,0.0265,2
18,8,31,-39.03,0.0002,2
18,8,32,-49.89,0.0000,2
18,8,33,-43.61,0.0001,2
18,8,34,-62.25,0.0000,2
18,8,35,-2.21,0.6788,2
18,8,36,-49.46,0.0000,2
18,8,37,-300.00,0.0000,2
18,8,38,-58.10,0.0000,2
18,8,39,-30.68,0.0012,2
18,8,40,-42.73,0.0001,2
18,8,41,-43.50,0.0001,2
18,9,0,-28.71,0.0019,2
18,9,1,-15.81,0.0374,2
18,9,2,-12.92,0.0719,2
18,9,3,-56.68,0.0000,2
18,9,4,-48.67,0.0000,2
18,9,5,-6.81,0.2733,2
18,9,6,-39.05,0.0002,2
18,9,7,-11.19,0.1056,2
18,9,8,-18.68,0.0194,2
18,9,9,-15.00,0.0449,2
18,9,10,-37.58,0.0003,2
18,9,11,13.91,4.6775,2
18,9,12,-27.05,0.0028,2
18,9,13,-41.51,0.0001,2
18,9,14,-39.02,0.0002,2
18,9,15,-48.23,0.0000,2
18,9,16,-25.87,0.0037,2
18,9,17,2.76,1.5295,2
18,9,18,1.54,1.2788,2
18,9,19,12.70,4.2956,2
18,9,20,48.91,16.2490,2
18,9,21,-27.66,0.0025,2
18,9,22,-40.32,0.0001,2
18,9,23,15.01,5.0302,2
18,9,24,-6.98,0.2637,2
18,9,25,-24.94,0.0046,2
18,9,26,-51.18,0.0000,2
18,9,27,-44.47,0.0001,2
18,9,28,-31.17,0.0011,2
18,9,29,-48.10,0.0000,2
18,9,30,-14.57,0.0496,2
18,9,31,-2.15,0.6861,2
18,9,32,5.56,2.2021,2
18,9,33,1.11,1.1961,2
18,9,34,-10.43,0.1250,2
18,9,35,1.64,1.2978,2
18,9,36,-12.42,0.0804,2
18,9,37,-32.85,0.0007,2
18,9,38,-9.46,0.1548,2
18,9,39,-32.89,0.0007,2
18,9,40,-43.91,0.0001,2
18,9,41,-14.83,0.0467,2
18,10,0,-1.91,0.7174,2
18,10,1,-5.13,0.3865,2
18,10,2,-1.07,0.8333,2
18,10,3,-8.24,0.2014,2
18,10,4,-7.78,0.2223,2
18,10,5,-19.62,0.0157,2
18,10,6,-5.00,0.3966,2
18,10,7,-30.16,0.0014,2
18,10,8,-40.02,0.0001,2
18,10,9,-26.32,0.0034,2
18,10,10,-12.78,0.0741,2
18,10,11,-12.34,0.0818,2
18,10,12,-10.97,0.1110,2
18,10,13,-39.65,0.0002,2
18,10,14,-24.87,0.0047,2
18,10,15,-16.44,0.0324,2
18,10,16,-7.03,0.2608,2
18,10,17,-11.43,0.1002,2
18,10,18,-2.66,0.6251,2
18,10,19,-18.62,0.0197,2
18,10,20,13.70,4.6123,2
18,10,21,23.82,7.9199,2
18,10,22,-25.57,0.0040,2
18,10,23,-12.24,0.0837,2
18,10,24,-5.67,0.3462,2
18,10,25,-49.89,0.0000,2
18,10,26,-21.43,0.0103,2
18,10,27,-19.10,0.0176,2
18,10,28,-30.15,0.0014,2
18,10,29,-28.43,0.0021,2
18,10,30,-0.29,0.9533,2
18,10,31,-34.06,0.0006,2
18,10,32,-35.97,0.0004,2
18,10,33,-22.71,0.0077,2
18,10,34,-18.41,0.0206,2
18,10,35,-20.14,0.0139,2
18,10,36,-39.91,0.0001,2
18,10,37,-57.20,0.0000,2
18,10,38,-18.01,0.0226,2
18,10,39,-36.61,0.0003,2
18,10,40,-15.73,0.0381,2
18,10,41,-1.55,0.7658,2
18,11,0,-300.00,0.0000,2
18,11,1,-33.03,0.0007,2
18,11,2,-63.22,0.0000,2
18,11,3,-55.43,0.0000,2
18,11,4,-44.69,0.0000,2
18,11,5,-32.57,0.0008,2
18,11,6,-44.99,0.0000,2
18,11,7,-45.07,0.0000,2
18,11,8,-28.27,0.0021,2
18,11,9,-51.38,0.0000,2
18,11,10,-45.81,0.0000,2
18,11,11,-3.88,0.4954,2
18,11,12,-24.40,0.0052,2
18,11,13,-32.87,0.0007,2
18,11,14,-62.25,0.0000,2
18,11,15,-27.15,0.0028,2
18,11,16,-24.19,0.0055,2
18,11,17,-47.42,0.0000,2
18,11,18,-15.59,0.0393,2
18,11,19,-19.72,0.0153,2
18,11,20,4.76,1.9963,2
18,11,21,-11.01,0.1100,2
18,11,22,-20.27,0.0135,2
18,11,23,-8.18,0.2044,2
18,11,24,-11.59,0.0967,2
18,11,25,-34.88,0.0005,2
18,11,26,-8.62,0.1857,2
18,11,27,-18.85,0.0187,2
18,11,28,-37.15,0.0003,2
18,11,29,-10.29,0.1290,2
18,11,30,-40.58,0.0001,2
18,11,31,-64.47,0.0000,2
18,11,32,-63.22,0.0000,2
18,11,33,-46.57,0.0000,2
18,11,34,-41.94,0.0001,2
18,11,35,-2.78,0.6113,2
18,11,36,-26.01,0.0036,2
18,11,37,-28.16,0.0022,2
18,11,38,-54.32,0.0000,2
18,11,39,-36.77,0.0003,2
18,11,40,-31.71,0.0010,2
18,11,41,-15.08,0.0441,2
18,12,0,-45.60,0.0000,2
18,12,1,-36.72,0.0003,2
18,12,2,-55.81,0.0000,2
18,12,3,-34.30,0.0005,2
18,12,4,-46.59,0.0000,2
18,12,5,-38.74,0.0002,2
18,12,6,-44.25,0.0001,2
18,12,7,-39.95,0.0001,2
18,12,8,-61.46,0.0000,2
18,12,9,-54.19,0.0000,2
18,12,10,-45.77,0.0000,2
18,12,11,-25.20,0.0044,2
18,12,12,-47.09,0.0000,2
18,12,13,-20.16,0.0138,2
18,12,14,-40.30,0.0001,2
18,12,15,-30.96,0.0012,2
18,12,16,-54.61,0.0000,2
18,12,17,-38.63,0.0002,2
18,12,18,-18.47,0.0204,2
18,12,19,-300.00,0.0000,2
18,12,20,-18.92,0.0184,2
18,12,21,-34.64,0.0005,2
18,12,22,-27.18,0.0028,2
18,12,23,5.27,2.1254,2
18,12,24,-21.07,0.0112,2
18,12,25,-35.81,0.0004,2
18,12,26,-11.04,0.1093,2
18,12,27,-26.81,0.0030,2
18,12,28,-25.80,0.0038,2
18,12,29,-32.20,0.0009,2
18,12,30,-15.57,0.0394,2
18,12,31,-44.58,0.0001,2
18,12,32,-66.23,0.0000,2
18,12,33,-57.48,0.0000,2
18,12,34,-50.37,0.0000,2
18,12,35,-44.24,0.0001,2
18,12,36,0.40,1.0672,2
18,12,37,-38.23,0.0002,2
18,12,38,-25.22,0.0043,2
18,12,39,-16.10,0.0350,2
18,12,40,-38.41,0.0002,2
18,12,41,-26.75,0.0030,2
18,13,0,-22.17,0.0087,2
18,13,1,-31.85,0.0009,2
18,13,2,-28.26,0.0022,2
18,13,3,-8.38,0.1958,2
18,13,4,-24.46,0.0052,2
18,13,5,4.14,1.8462,2
18,13,6,-17.03,0.0283,2
18,13,7,-18.93,0.0183,2
18,13,8,-11.70,0.0945,2
18,13,9,-23.92,0.0058,2
18,13,10,-54.47,0.0000,2
18,13,11,-17.91,0.0232,2
18,13,12,-42.71,0.0001,2
18,13,13,-58.45,0.0000,2
18,13,14,-46.27,0.0000,2
18,13,15,-30.89,0.0012,2
18,13,16,-24.95,0.0046,2
18,13,17,-18.81,0.0188,2
18,13,18,-32.59,0.0008,2
18,13,19,-46.88,0.0000,2
18,13,20,-0.89,0.8594,2
18,13,21,-46.91,0.0000,2
18,13,22,-25.14,0.0044,2
18,13,23,-9.11,0.1670,2
18,13,24,-14.32,0.0524,2
18,13,25,-21.97,0.0091,2
18,13,26,-6.56,0.2881,2
18,13,27,-3.43,0.5404,2
18,13,28,-30.22,0.0014,2
18,13,29,-40.62,0.0001,2
18,13,30,-0.41,0.9340,2
18,13,31,-18.78,0.0190,2
18,13,32,-36.17,0.0003,2
18,13,33,-29.06,0.0018,2
18,13,34,-15.89,0.0367,2
18,13,35,2.42,1.4573,2
18,13,36,-40.90,0.0001,2
18,13,37,-50.21,0.0000,2
18,13,38,-46.43,0.0000,2
18,13,39,-40.06,0.0001,2
18,13,40,-31.39,0.0010,2
18,13,41,-47.93,0.0000,2
18,14,0,-69.24,0.0000,2
18,14,1,-55.09,0.0000,2
18,14,2,-29.97,0.0015,2
18,14,3,-57.78,0.0000,2
18,14,4,-37.36,0.0003,2
18,14,5,-55.26,0.0000,2
18,14,6,-29.55,0.0016,2
18,14,7,-23.85,0.0059,2
18,14,8,-26.71,0.0031,2
18,14,9,-45.93,0.0000,2
18,14,10,-28.34,0.0021,2
18,14,11,-0.61,0.9027,2
18,14,12,-27.64,0.0025,2
18,14,13,-24.79,0.0048,2
18,14,14,-36.63,0.0003,2
18,14,15,-30.58,0.0013,2
18,14,16,-29.69,0.0015,2
18,14,17,-44.81,0.0000,2
18,14,18,-38.75,0.0002,2
18,14,19,-31.49,0.0010,2
18,14,20,-40.59,0.0001,2
18,14,21,-21.16,0.0110,2
18,14,22,-48.13,0.0000,2
18,14,23,-24.47,0.0052,2
18,14,24,-39.10,0.0002,2
18,14,25,-17.30,0.0266,2
18,14,26,-54.32,0.0000,2
18,14,27,-27.99,0.0023,2
18,14,28,-36.39,0.0003,2
18,14,29,5.01,2.0597,2
18,14,30,-17.53,0.0252,2
18,14,31,-22.61,0.0079,2
18,14,32,-50.72,0.0000,2
18,14,33,-51.68,0.0000,2
18,14,34,-26.03,0.0036,2
18,14,35,-8.49,0.1910,2
18,14,36,-45.22,0.0000,2
18,14,37,-55.81,0.0000,2
18,14,38,-31.38,0.0010,2
18,14,39,-25.11,0.0044,2
18,14,40,-49.94,0.0000,2
18,14,41,-34.18,0.0006,2
18,15,0,-11.52,0.0983,2
18,15,1,-48.16,0.0000,2
18,15,2,-24.22,0.0054,2
18,15,3,-13.14,0.0684,2
18,15,4,-9.67,0.1478,2
18,15,5,-8.38,0.1956,2
18,15,6,-7.92,0.2159,2
18,15,7,-1.62,0.7563,2
18,15,8,-18.97,0.0182,2
18,15,9,-14.77,0.0473,2
18,15,10,-18.90,0.0185,2
18,15,11,3.47,1.6878,2
18,15,12,-18.32,0.0211,2
18,15,13,-20.68,0.0123,2
18,15,14,-10.22,0.1311,2
18,15,15,-47.39,0.0000,2
18,15,16,-38.05,0.0002,2
18,15,17,-34.94,0.0005,2
18,15,18,-24.78,0.0048,2
18,15,19,-29.32,0.0017,2
18,15,20,-5.06,0.3918,2
18,15,21,-36.36,0.0003,2
18,15,22,-29.30,0.0017,2
18,15,23,-9.48,0.1541,2
18,15,24,-15.84,0.0371,2
18,15,25,-31.15,0.0011,2
18,15,26,0.82,1.1427,2
18,15,27,-10.64,0.1194,2
18,15,28,-6.94,0.2660,2
18,15,29,-8.04,0.2103,2
18,15,30,94.18,31.2850,2
18,15,31,9.33,3.2585,2
18,15,32,9.15,3.2055,2
18,15,33,56.11,18.6402,2
18,15,34,-20.13,0.0139,2
18,15,35,43.22,14.3585,2
18,15,36,-17.35,0.0263,2
18,15,37,-18.85,0.0187,2
18,15,38,-19.30,0.0169,2
18,15,39,-6.95,0.2652,2
18,15,40,-10.64,0.1195,2
18,15,41,-20.64,0.0124,2
18,16,0,-56.23,0.0000,2
18,16,1,-44.01,0.0001,2
18,16,2,-47.42,0.0000,2
18,16,3,-38.82,0.0002,2
18,16,4,-53.22,0.0000,2
18,16,5,-60.21,0.0000,2
18,16,6,-49.51,0.0000,2
18,16,7,-28.08,0.0022,2
18,16,8,-55.09,0.0000,2
18,16,9,-46.31,0.0000,2
18,16,10,-43.97,0.0001,2
18,16,11,-16.28,0.0336,2
18,16,12,-37.50,0.0003,2
18,16,13,-34.86,0.0005,2
18,16,14,-42.44,0.0001,2
18,16,15,-32.07,0.0009,2
18,16,16,-24.30,0.0053,2
18,16,17,-29.74,0.0015,2
18,16,18,-40.69,0.0001,2
18,16,19,-4.69,0.4218,2
18,16,20,0.17,1.0289,2
18,16,21,-35.72,0.0004,2
18,16,22,-44.61,0.0000,2
18,16,23,-40.52,0.0001,2
18,16,24,-43.14,0.0001,2
18,16,25,-35.16,0.0004,2
18,16,26,-32.03,0.0009,2
18,16,27,-48.94,0.0000,2
18,16,28,-16.49,0.0320,2
18,16,29,-55.09,0.0000,2
18,16,30,-18.39,0.0208,2
18,16,31,-28.25,0.0022,2
18,16,32,-20.48,0.0129,2
18,16,33,12.75,4.3112,2
18,16,34,-48.52,0.0000,2
18,16,35,-15.07,0.0442,2
18,16,36,-12.76,0.0744,2
18,16,37,-39.26,0.0002,2
18,16,38,-29.70,0.0015,2
18,16,39,-15.88,0.0367,2
18,16,40,-25.92,0.0037,2
18,16,41,-19.97,0.0144,2
18,17,0,-60.79,0.0000,2
18,17,1,-38.66,0.0002,2
18,17,2,-40.36,0.0001,2
18,17,3,-25.16,0.0044,2
18,17,4,-43.27,0.0001,2
18,17,5,-42.85,0.0001,2
18,17,6,-34.59,0.0005,2
18,17,7,-1.40,0.7862,2
18,17,8,7.40,2.6987,2
18,17,9,-11.65,0.0955,2
18,17,10,-38.20,0.0002,2
18,17,11,-0.72,0.8859,2
18,17,12,-40.16,0.0001,2
18,17,13,-41.33,0.0001,2
18,17,14,-47.56,0.0000,2
18,17,15,-49.46,0.0000,2
18,17,16,-29.16,0.0018,2
18,17,17,-22.42,0.0082,2
18,17,18,-23.64,0.0062,2
18,17,19,0.58,1.0992,2
18,17,20,-10.80,0.1153,2
18,17,21,-22.60,0.0079,2
18,17,22,-28.79,0.0019,2
18,17,23,-11.06,0.1087,2
18,17,24,-43.32,0.0001,2
18,17,25,-30.17,0.0014,2
18,17,26,-28.29,0.0021,2
18,17,27,-32.58,0.0008,2
18,17,28,-11.14,0.1069,2
18,17,29,-36.37,0.0003,2
18,17,30,11.19,3.8229,2
18,17,31,-12.97,0.0710,2
18,17,32,-11.97,0.0888,2
18,17,33,27.64,9.1857,2
18,17,34,-4.57,0.4318,2
18,17,35,11.85,4.0269,2
18,17,36,-40.56,0.0001,2
18,17,37,-51.04,0.0000,2
18,17,38,-39.87,0.0001,2
18,17,39,-36.63,0.0003,2
18,17,40,-21.71,0.0097,2
18,17,41,-60.79,0.0000,2
18,18,0,-30.27,0.0014,2
18,18,1,-32.35,0.0008,2
18,18,2,-32.66,0.0008,2
18,18,3,-38.69,0.0002,2
18,18,4,-24.58,0.0050,2
18,18,5,-39.43,0.0002,2
18,18,6,-63.22,0.0000,2
18,18,7,0.23,1.0386,2
18,18,8,-47.09,0.0000,2
18,18,9,-41.81,0.0001,2
18,18,10,-33.64,0.0006,2
18,18,11,-8.30,0.1989,2
18,18,12,-60.21,0.0000,2
18,18,13,-30.49,0.0013,2
18,18,14,-56.93,0.0000,2
18,18,15,-58.82,0.0000,2
18,18,16,-57.48,0.0000,2
18,18,17,-66.23,0.0000,2
18,18,18,-47.53,0.0000,2
18,18,19,-35.16,0.0004,2
18,18,20,-43.43,0.0001,2
18,18,21,-57.78,0.0000,2
18,18,22,-57.78,0.0000,2
18,18,23,-12.58,0.0776,2
18,18,24,-61.46,0.0000,2
18,18,25,-300.00,0.0000,2
18,18,26,-69.24,0.0000,2
18,18,27,-56.93,0.0000,2
18,18,28,-57.48,0.0000,2
18,18,29,-60.21,0.0000,2
18,18,30,-22.53,0.0080,2
18,18,31,-41.78,0.0001,2
18,18,32,-32.39,0.0008,2
18,18,33,-300.00,0.0000,2
18,18,34,-40.87,0.0001,2
18,18,35,-31.03,0.0011,2
18,18,36,-4.91,0.4033,2
18,18,37,-9.15,0.1657,2
18,18,38,-24.77,0.0048,2
18,18,39,-23.40,0.0066,2
18,18,40,-26.30,0.0034,2
18,18,41,-38.89,0.0002,2
18,19,0,-300.00,0.0000,2
18,19,1,-300.00,0.0000,2
18,19,2,-53.67,0.0000,2
18,19,3,-300.00,0.0000,2
18,19,4,-44.34,0.0001,2
18,19,5,-300.00,0.0000,2
18,19,6,-48.16,0.0000,2
18,19,7,-40.97,0.0001,2
18,19,8,-46.98,0.0000,2
18,19,9,-50.15,0.0000,2
18,19,10,-38.04,0.0002,2
18,19,11,-5.82,0.3356,2
18,19,12,-45.22,0.0000,2
18,19,13,-33.16,0.0007,2
18,19,14,-46.14,0.0000,2
18,19,15,-11.56,0.0973,2
18,19,16,-300.00,0.0000,2
18,19,17,-38.86,0.0002,2
18,19,18,-43.42,0.0001,2
18,19,19,-18.60,0.0198,2
18,19,20,-0.19,0.9686,2
18,19,21,-41.12,0.0001,2
18,19,22,-32.09,0.0009,2
18,19,23,3.84,1.7739,2
18,19,24,-27.64,0.0025,2
18,19,25,-14.60,0.0491,2
18,19,26,-37.59,0.0003,2
18,19,27,-30.36,0.0013,2
18,19,28,-29.27,0.0017,2
18,19,29,-24.15,0.0055,2
18,19,30,-27.05,0.0028,2
18,19,31,-48.82,0.0000,2
18,19,32,-51.76,0.0000,2
18,19,33,-300.00,0.0000,2
18,19,34,-37.46,0.0003,2
18,19,35,-53.67,0.0000,2
18,19,36,-34.36,0.0005,2
18,19,37,-16.20,0.0342,2
18,19,38,-2.88,0.6001,2
18,19,39,-12.03,0.0877,2
18,19,40,-59.24,0.0000,2
18,19,41,-42.77,0.0001,2
18,20,0,-37.74,0.0002,2
18,20,1,-47.71,0.0000,2
18,20,2,-34.42,0.0005,2
18,20,3,-30.87,0.0012,2
18,20,4,-23.88,0.0059,2
18,20,5,-42.68,0.0001,2
18,20,6,-20.96,0.0115,2
18,20,7,-7.72,0.2252,2
18,20,8,-61.46,0.0000,2
18,20,9,-64.47,0.0000,2
18,20,10,-47.36,0.0000,2
18,20,11,-27.93,0.0023,2
18,20,12,-33.32,0.0007,2
18,20,13,-19.98,0.0144,2
18,20,14,-19.55,0.0159,2
18,20,15,-29.94,0.0015,2
18,20,16,-42.47,0.0001,2
18,20,17,-19.99,0.0144,2
18,20,18,-44.16,0.0001,2
18,20,19,-51.60,0.0000,2
18,20,20,-42.14,0.0001,2
18,20,21,-42.58,0.0001,2
18,20,22,-54.32,0.0000,2
18,20,23,-0.25,0.9588,2
18,20,24,-31.14,0.0011,2
18,20,25,-19.25,0.0171,2
18,20,26,-31.19,0.0011,2
18,20,27,-60.21,0.0000,2
18,20,28,-32.49,0.0008,2
18,20,29,-26.82,0.0030,2
18,20,30,-23.23,0.0068,2
18,20,31,-21.57,0.0100,2
18,20,32,-23.12,0.0070,2
18,20,33,-23.60,0.0063,2
18,20,34,-58.45,0.0000,2
18,20,35,-14.10,0.0551,2
18,20,36,-23.27,0.0068,2
18,20,37,1.32,1.2356,2
18,20,38,-19.28,0.0169,2
18,20,39,-44.77,0.0000,2
18,20,40,-4.67,0.4237,2
18,20,41,-7.25,0.2490,2
19,0,0,-5.62,0.3496,2
19,0,1,13.82,4.6482,2
19,0,2,-29.60,0.0016,2
19,0,3,-23.08,0.0071,2
19,0,4,8.86,3.1189,2
19,0,5,0.53,1.0907,2
19,0,6,-33.53,0.0006,2
19,0,7,-7.22,0.2505,2
19,0,8,-45.83,0.0000,2
19,0,9,-18.44,0.0205,2
19,0,10,-19.32,0.0168,2
19,0,11,11.64,3.9619,2
19,0,12,-14.56,0.0496,2
19,0,13,-20.42,0.0130,2
19,0,14,-16.10,0.0350,2
19,0,15,-21.42,0.0104,2
19,0,16,-20.01,0.0143,2
19,0,17,-10.03,0.1367,2
19,0,18,-10.45,0.1246,2
19,0,19,-38.45,0.0002,2
19,0,20,11.19,3.8243,2
19,0,21,3.64,1.7276,2
19,0,22,-25.98,0.0036,2
19,0,23,3.98,1.8082,2
19,0,24,-9.58,0.1509,2
19,0,25,-32.70,0.0008,2
19,0,26,-4.37,0.4500,2
19,0,27,-26.98,0.0029,2
19,0,28,-24.32,0.0053,2
19,0,29,-10.68,0.1184,2
19,0,30,-3.85,0.4982,2
19,0,31,-47.45,0.0000,2
19,0,32,-35.36,0.0004,2
19,0,33,-36.42,0.0003,2
19,0,34,-37.83,0.0002,2
19,0,35,-39.16,0.0002,2
19,0,36,-7.62,0.2304,2
19,0,37,-28.77,0.0019,2
19,0,38,-23.18,0.0069,2
19,0,39,-42.19,0.0001,2
19,0,40,-47.78,0.0000,2
19,0,41,-50.54,0.0000,2
19,1,0,9.54,3.3202,2
19,1,1,-31.53,0.0010,2
19,1,2,51.76,17.1952,2
19,1,3,-0.03,0.9948,2
19,1,4,13.29,4.4803,2
19,1,5,-27.76,0.0024,2
19,1,6,-12.44,0.0801,2
19,1,7,30.23,10.0427,2
19,1,8,-24.22,0.0055,2
19,1,9,-15.93,0.0364,2
19,1,10,-1.71,0.7440,2
19,1,11,-0.38,0.9384,2
19,1,12,-26.41,0.0033,2
19,1,13,-17.08,0.0280,2
19,1,14,-21.00,0.0114,2
19,1,15,-20.06,0.0142,2
19,1,16,-17.00,0.0285,2
19,1,17,-26.84,0.0030,2
19,1,18,-13.61,0.0615,2
19,1,19,-1.23,0.8103,2
19,1,20,-1.58,0.7617,2
19,1,21,-34.14,0.0006,2
19,1,22,-46.86,0.0000,2
19,1,23,-30.00,0.0014,2
19,1,24,-31.05,0.0011,2
19,1,25,-32.05,0.0009,2
19,1,26,-28.82,0.0019,2
19,1,27,-21.03,0.0113,2
19,1,28,-42.68,0.0001,2
19,1,29,-29.77,0.0015,2
19,1,30,9.53,3.3170,2
19,1,31,-20.82,0.0119,2
19,1,32,-31.95,0.0009,2
19,1,33,-15.84,0.0371,2
19,1,34,-39.30,0.0002,2
19,1,35,-18.57,0.0199,2
19,1,36,2.09,1.3892,2
19,1,37,-5.76,0.3399,2
19,1,38,-5.67,0.3456,2
19,1,39,-25.80,0.0038,2
19,1,40,11.42,3.8939,2
19,1,41,-18.31,0.0211,2
19,2,0,-27.54,0.0025,2
19,2,1,-4.08,0.4762,2
19,2,2,-23.38,0.0066,2
19,2,3,-8.80,0.1785,2
19,2,4,20.46,6.8095,2
19,2,5,-0.37,0.9391,2
19,2,6,-48.45,0.0000,2
19,2,7,-17.48,0.0256,2
19,2,8,-3.48,0.5347,2
19,2,9,-22.25,0.0086,2
19,2,10,-30.89,0.0012,2
19,2,11,-13.16,0.0681,2
19,2,12,-56.01,0.0000,2
19,2,13,-28.36,0.0021,2
19,2,14,-39.86,0.0001,2
19,2,15,-49.28,0.0000,2
19,2,16,-32.51,0.0008,2
19,2,17,-43.40,0.0001,2
19,2,18,-25.33,0.0042,2
19,2,19,-58.82,0.0000,2
19,2,20,24.70,8.2099,2
19,2,21,-36.14,0.0004,2
19,2,22,-16.79,0.0299,2
19,2,23,-9.24,0.1623,2
19,2,24,-1.98,0.7086,2
19,2,25,-28.31,0.0021,2
19,2,26,-14.02,0.0560,2
19,2,27,-12.10,0.0863,2
19,2,28,-25.30,0.0042,2
19,2,29,-58.10,0.0000,2
19,2,30,1.13,1.1992,2
19,2,31,-11.89,0.0905,2
19,2,32,-17.74,0.0241,2
19,2,33,-21.02,0.0114,2
19,2,34,-4.04,0.4793,2
19,2,35,-8.15,0.2056,2
19,2,36,-43.91,0.0001,2
19,2,37,-5.68,0.3451,2
19,2,38,-39.81,0.0002,2
19,2,39,-26.32,0.0034,2
19,2,40,-5.75,0.3402,2
19,2,41,-26.90,0.0029,2
19,3,0,-15.65,0.0388,2
19,3,1,-39.44,0.0002,2
19,3,2,-41.83,0.0001,2
19,3,3,-9.26,0.1617,2
19,3,4,-33.91,0.0006,2
19,3,5,-21.85,0.0094,2
19,3,6,5.14,2.0927,2
19,3,7,5.63,2.2199,2
19,3,8,0.08,1.0127,2
19,3,9,-17.43,0.0259,2
19,3,10,-23.73,0.0061,2
19,3,11,12.55,4.2470,2
19,3,12,-33.15,0.0007,2
19,3,13,-8.51,0.1904,2
19,3,14,-23.43,0.0065,2
19,3,15,1.02,1.1795,2
19,3,16,-30.87,0.0012,2
19,3,17,-21.04,0.0113,2
19,3,18,-29.47,0.0016,2
19,3,19,-20.31,0.0134,2
19,3,20,-7.63,0.2299,2
19,3,21,-31.45,0.0010,2
19,3,22,-300.00,0.0000,2
19,3,23,-17.85,0.0235,2
19,3,24,-34.59,0.0005,2
19,3,25,-20.98,0.0115,2
19,3,26,-8.89,0.1751,2
19,3,27,-25.85,0.0037,2
19,3,28,-23.70,0.0061,2
19,3,29,-9.39,0.1571,2
19,3,30,-1.03,0.8396,2
19,3,31,-15.71,0.0383,2
19,3,32,-23.02,0.0072,2
19,3,33,-22.46,0.0082,2
19,3,34,-23.54,0.0064,2
19,3,35,-9.44,0.1555,2
19,3,36,-42.57,0.0001,2
19,3,37,-54.77,0.0000,2
19,3,38,-59.69,0.0000,2
19,3,39,-44.99,0.0000,2
19,3,40,-29.90,0.0015,2
19,3,41,-39.49,0.0002,2
19,4,0,-41.00,0.0001,2
19,4,1,-46.50,0.0000,2
19,4,2,-45.81,0.0000,2
19,4,3,-30.46,0.0013,2
19,4,4,-22.48,0.0081,2
19,4,5,-18.21,0.0216,2
19,4,6,-32.21,0.0009,2
19,4,7,-8.90,0.1750,2
19,4,8,-22.64,0.0078,2
19,4,9,-16.41,0.0326,2
19,4,10,-33.06,0.0007,2
19,4,11,-1.46,0.7775,2
19,4,12,-47.51,0.0000,2
19,4,13,-59.24,0.0000,2
19,4,14,-24.06,0.0057,2
19,4,15,-64.47,0.0000,2
19,4,16,-34.19,0.0005,2
19,4,17,-41.94,0.0001,2
19,4,18,-21.72,0.0097,2
19,4,19,-14.52,0.0500,2
19,4,20,0.08,1.0126,2
19,4,21,-64.47,0.0000,2
19,4,22,-34.07,0.0006,2
19,4,23,-12.58,0.0775,2
19,4,24,-22.40,0.0083,2
19,4,25,-15.42,0.0408,2
19,4,26,-24.20,0.0055,2
19,4,27,-30.42,0.0013,2
19,4,28,-31.35,0.0011,2
19,4,29,-9.63,0.1490,2
19,4,30,11.02,3.7709,2
19,4,31,-5.11,0.3878,2
19,4,32,-30.08,0.0014,2
19,4,33,-25.22,0.0043,2
19,4,34,-11.27,0.1038,2
19,4,35,14.61,4.9039,2
19,4,36,-26.29,0.0034,2
19,4,37,-45.54,0.0000,2
19,4,38,-37.09,0.0003,2
19,4,39,-44.01,0.0001,2
19,4,40,-64.47,0.0000,2
19,4,41,-26.51,0.0032,2
19,5,0,7.19,2.6402,2
19,5,1,-31.27,0.0011,2
19,5,2,0.22,1.0367,2
19,5,3,-6.63,0.2839,2
19,5,4,-8.24,0.2015,2
19,5,5,-37.77,0.0002,2
19,5,6,-16.31,0.0333,2
19,5,7,4.92,2.0371,2
19,5,8,-8.86,0.1765,2
19,5,9,-14.29,0.0528,2
19,5,10,-6.47,0.2935,2
19,5,11,71.22,23.6595,2
19,5,12,-25.12,0.0044,2
19,5,13,-28.92,0.0019,2
19,5,14,-15.39,0.0411,2
19,5,15,-16.11,0.0349,2
19,5,16,-21.42,0.0104,2
19,5,17,-17.75,0.0240,2
19,5,18,-20.34,0.0133,2
19,5,19,-30.11,0.0014,2
19,5,20,-20.57,0.0126,2
19,5,21,-14.45,0.0508,2
19,5,22,-28.97,0.0018,2
19,5,23,-2.25,0.6740,2
19,5,24,-48.45,0.0000,2
19,5,25,-34.24,0.0005,2
19,5,26,-37.54,0.0003,2
19,5,27,-32.72,0.0008,2
19,5,28,-15.49,0.0402,2
19,5,29,-27.41,0.0026,2
19,5,30,-23.91,0.0059,2
19,5,31,-32.55,0.0008,2
19,5,32,-33.50,0.0006,2
19,5,33,-42.37,0.0001,2
19,5,34,-27.15,0.0028,2
19,5,35,-7.52,0.2351,2
19,5,36,-4.53,0.4354,2
19,5,37,-11.45,0.0999,2
19,5,38,-28.40,0.0021,2
19,5,39,-22.82,0.0075,2
19,5,40,-13.61,0.0615,2
19,5,41,-23.77,0.0060,2
19,6,0,-39.59,0.0002,2
19,6,1,-15.96,0.0361,2
19,6,2,-64.47,0.0000,2
19,6,3,-33.49,0.0006,2
19,6,4,-43.81,0.0001,2
19,6,5,-66.23,0.0000,2
19,6,6,-27.71,0.0024,2
19,6,7,-29.07,0.0018,2
19,6,8,-35.96,0.0004,2
19,6,9,-48.52,0.0000,2
19,6,10,-31.27,0.0011,2
19,6,11,-15.90,0.0366,2
19,6,12,10.60,3.6410,2
19,6,13,-28.96,0.0018,2
19,6,14,13.08,4.4146,2
19,6,15,-21.88,0.0093,2
19,6,16,-21.34,0.0106,2
19,6,17,-13.49,0.0632,2
19,6,18,-3.39,0.5437,2
19,6,19,-6.20,0.3100,2
19,6,20,-7.38,0.2421,2
19,6,21,-28.44,0.0021,2
19,6,22,-29.14,0.0018,2
19,6,23,-6.94,0.2658,2
19,6,24,-35.07,0.0004,2
19,6,25,-32.80,0.0008,2
19,6,26,-50.49,0.0000,2
19,6,27,-52.16,0.0000,2
19,6,28,-22.81,0.0075,2
19,6,29,-14.06,0.0556,2
19,6,30,-5.34,0.3697,2
19,6,31,-39.02,0.0002,2
19,6,32,-10.85,0.1139,2
19,6,33,-19.64,0.0156,2
19,6,34,-45.05,0.0000,2
19,6,35,3.27,1.6436,2
19,6,36,-45.36,0.0000,2
19,6,37,-36.86,0.0003,2
19,6,38,-31.97,0.0009,2
19,6,39,-28.40,0.0021,2
19,6,40,-7.97,0.2138,2
19,6,41,-11.07,0.1086,2
19,7,0,-19.07,0.0178,2
19,7,1,-16.19,0.0343,2
19,7,2,-15.60,0.0392,2
19,7,3,-4.90,0.4041,2
19,7,4,-35.38,0.0004,2
19,7,5,-40.09,0.0001,2
19,7,6,-10.47,0.1239,2
19,7,7,-9.16,0.1653,2
19,7,8,-7.33,0.2449,2
19,7,9,-13.71,0.0602,2
19,7,10,-26.12,0.0035,2
19,7,11,7.16,2.6322,2
19,7,12,-31.81,0.0010,2
19,7,13,-33.83,0.0006,2
19,7,14,22.50,7.4838,2
19,7,15,-6.15,0.3133,2
19,7,16,-28.19,0.0022,2
19,7,17,5.99,2.3143,2
19,7,18,-34.45,0.0005,2
19,7,19,-47.28,0.0000,2
19,7,20,-16.37,0.0329,2
19,7,21,-40.88,0.0001,2
19,7,22,-20.80,0.0119,2
19,7,23,-3.32,0.5514,2
19,7,24,-7.45,0.2388,2
19,7,25,-17.90,0.0232,2
19,7,26,-39.45,0.0002,2
19,7,27,-14.26,0.0531,2
19,7,28,-18.00,0.0227,2
19,7,29,19.59,6.5249,2
19,7,30,-15.66,0.0387,2
19,7,31,-39.99,0.0001,2
19,7,32,-36.07,0.0004,2
19,7,33,-37.74,0.0002,2
19,7,34,-21.25,0.0108,2
19,7,35,-12.84,0.0732,2
19,7,36,-10.84,0.1141,2
19,7,37,-35.07,0.0004,2
19,7,38,-12.69,0.0756,2
19,7,39,-5.00,0.3961,2
19,7,40,-44.13,0.0001,2
19,7,41,-27.59,0.0025,2
19,8,0,-27.87,0.0024,2
19,8,1,-7.48,0.2372,2
19,8,2,-30.38,0.0013,2
19,8,3,-49.15,0.0000,2
19,8,4,-23.00,0.0072,2
19,8,5,-32.52,0.0008,2
19,8,6,-55.26,0.0000,2
19,8,7,-19.83,0.0149,2
19,8,8,-27.69,0.0025,2
19,8,9,-23.26,0.0068,2
19,8,10,-31.08,0.0011,2
19,8,11,-3.72,0.5104,2
19,8,12,-0.13,0.9788,2
19,8,13,-31.49,0.0010,2
19,8,14,-10.73,0.1169,2
19,8,15,-53.67,0.0000,2
19,8,16,-12.88,0.0724,2
19,8,17,-5.69,0.3444,2
19,8,18,-22.14,0.0088,2
19,8,19,-39.19,0.0002,2
19,8,20,17.27,5.7627,2
19,8,21,5.65,2.2239,2
19,8,22,-40.72,0.0001,2
19,8,23,-32.01,0.0009,2
19,8,24,-22.54,0.0080,2
19,8,25,-41.85,0.0001,2
19,8,26,-69.24,0.0000,2
19,8,27,-40.69,0.0001,2
19,8,28,-34.11,0.0006,2
19,8,29,-42.53,0.0001,2
19,8,30,-17.32,0.0265,2
19,8,31,-39.03,0.0002,2
19,8,32,-49.89,0.0000,2
19,8,33,-43.61,0.0001,2
19,8,34,-62.25,0.0000,2
19,8,35,-2.21,0.6788,2
19,8,36,-49.46,0.0000,2
19,8,37,-300.00,0.0000,2
19,8,38,-58.10,0.0000,2
19,8,39,-30.68,0.0012,2
19,8,40,-42.73,0.0001,2
19,8,41,-43.50,0.0001,2
19,9,0,-28.71,0.0019,2
19,9,1,-15.81,0.0374,2
19,9,2,-12.92,0.0719,2
19,9,3,-56.68,0.0000,2
19,9,4,-48.67,0.0000,2
19,9,5,-6.81,0.2733,2
19,9,6,-39.05,0.0002,2
19,9,7,-11.19,0.1056,2
19,9,8,-18.68,0.0194,2
19,9,9,-15.00,0.0449,2
19,9,10,-37.58,0.0003,2
19,9,11,13.91,4.6775,2
19,9,12,-27.05,0.0028,2
19,9,13,-41.51,0.0001,2
19,9,14,-39.02,0.0002,2
19,9,15,-48.23,0.0000,2
19,9,16,-25.87,0.0037,2
19,9,17,2.76,1.5295,2
19,9,18,1.54,1.2788,2
19,9,19,12.70,4.2956,2
19,9,20,48.91,16.2490,2
19,9,21,-27.66,0.0025,2
19,9,22,-40.32,0.0001,2
19,9,23,15.01,5.0302,2
19,9,24,-6.98,0.2637,2
19,9,25,-24.94,0.0046,2
19,9,26,-51.18,0.0000,2
19,9,27,-44.47,0.0001,2
19,9,28,-31.17,0.0011,2
19,9,29,-48.10,0.0000,2
19,9,30,-14.57,0.0496,2
19,9,31,-2.15,0.6861,2
19,9,32,5.56,2.2021,2
19,9,33,1.11,1.1961,2
19,9,34,-10.43,0.1250,2
19,9,35,1.64,1.2978,2
19,9,36,-12.42,0.0804,2
19,9,37,-32.85,0.0007,2
19,9,38,-9.46,0.1548,2
19,9,39,-32.89,0.0007,2
19,9,40,-43.91,0.0001,2
19,9,41,-14.83,0.0467,2
19,10,0,-1.91,0.7174,2
19,10,1,-5.13,0.3865,2
19,10,2,-1.07,0.8333,2
19,10,3,-8.24,0.2014,2
19,10,4,-7.78,0.2223,2
19,10,5,-19.62,0.0157,2
19,10,6,-5.00,0.3966,2
19,10,7,-30.16,0.0014,2
19,10,8,-40.02,0.0001,2
19,10,9,-26.32,0.0034,2
19,10,10,-12.78,0.0741,2
19,10,11,-12.34,0.0818,2
19,10,12,-10.97,0.1110,2
19,10,13,-39.65,0.0002,2
19,10,14,-24.87,0.0047,2
19,10,15,-16.44,0.0324,2
19,10,16,-7.03,0.2608,2
19,10,17,-11.43,0.1002,2
19,10,18,-2.66,0.6251,2
19,10,19,-18.62,0.0197,2
19,10,20,13.70,4.6123,2
19,10,21,23.82,7.9199,2
19,10,22,-25.57,0.0040,2
19,10,23,-12.24,0.0837,2
19,10,24,-5.67,0.3462,2
19,10,25,-49.89,0.0000,2
19,10,26,-21.43,0.0103,2
19,10,27,-19.10,0.0176,2
19,10,28,-30.15,0.0014,2
19,10,29,-28.43,0.0021,2
19,10,30,-0.29,0.9533,2
19,10,31,-34.06,0.0006,2
19,10,32,-35.97,0.0004,2
19,10,33,-22.71,0.0077,2
19,10,34,-18.41,0.0206,2
19,10,35,-20.14,0.0139,2
19,10,36,-39.91,0.0001,2
19,10,37,-57.20,0.0000,2
19,10,38,-18.01,0.0226,2
19,10,39,-36.61,0.0003,2
19,10,40,-15.73,0.0381,2
19,10,41,-1.55,0.7658,2
19,11,0,-300.00,0.0000,2
19,11,1,-33.03,0.0007,2
19,11,2,-63.22,0.0000,2
19,11,3,-55.43,0.0000,2
19,11,4,-44.69,0.0000,2
19,11,5,-32.57,0.0008,2
19,11,6,-44.99,0.0000,2
19,11,7,-45.07,0.0000,2
19,11,8,-28.27,0.0021,2
19,11,9,-51.38,0.0000,2
19,11,10,-45.81,0.0000,2
19,11,11,-3.88,0.4954,2
19,11,12,-24.40,0.0052,2
19,11,13,-32.87,0.0007,2
19,11,14,-62.25,0.0000,2
19,11,15,-27.15,0.0028,2
19,11,16,-24.19,0.0055,2
19,11,17,-47.42,0.0000,2
19,11,18,-15.59,0.0393,2
19,11,19,-19.72,0.0153,2
19,11,20,4.76,1.9963,2
19,11,21,-11.01,0.1100,2
19,11,22,-20.27,0.0135,2
19,11,23,-8.18,0.2044,2
19,11,24,-11.59,0.0967,2
19,11,25,-34.88,0.0005,2
19,11,26,-8.62,0.1857,2
19,11,27,-18.85,0.0187,2
19,11,28,-37.15,0.0003,2
19,11,29,-10.29,0.1290,2
19,11,30,-40.58,0.0001,2
19,11,31,-64.47,0.0000,2
19,11,32,-63.22,0.0000,2
19,11,33,-46.57,0.0000,2
19,11,34,-41.94,0.0001,2
19,11,35,-2.78,0.6113,2
19,11,36,-26.01,0.0036,2
19,11,37,-28.16,0.0022,2
19,11,38,-54.32,0.0000,2
19,11,39,-36.77,0.0003,2
19,11,40,-31.71,0.0010,2
19,11,41,-15.08,0.0441,2
19,12,0,-45.60,0.0000,2
19,12,1,-36.72,0.0003,2
19,12,2,-55.81,0.0000,2
19,12,3,-34.30,0.0005,2
19,12,4,-46.59,0.0000,2
19,12,5,-38.74,0.0002,2
19,12,6,-44.25,0.0001,2
19,12,7,-39.95,0.0001,2
19,12,8,-61.46,0.0000,2
19,12,9,-54.19,0.0000,2
19,12,10,-45.77,0.0000,2
19,12,11,-25.20,0.0044,2
19,12,12,-47.09,0.0000,2
19,12,13,-20.16,0.0138,2
19,12,14,-40.30,0.0001,2
19,12,15,-30.96,0.0012,2
19,12,16,-54.61,0.0000,2
19,12,17,-38.63,0.0002,2
19,12,18,-18.47,0.0204,2
19,12,19,-300.00,0.0000,2
19,12,20,-18.92,0.0184,2
19,12,21,-34.64,0.0005,2
19,12,22,-27.18,0.0028,2
19,12,23,5.27,2.1254,2
19,12,24,-21.07,0.0112,2
19,12,25,-35.81,0.0004,2
19,12,26,-11.04,0.1093,2
19,12,27,-26.81,0.0030,2
19,12,28,-25.80,0.0038,2
19,12,29,-32.20,0.0009,2
19,12,30,-15.57,0.0394,2
19,12,31,-44.58,0.0001,2
19,12,32,-66.23,0.0000,2
19,12,33,-57.48,0.0000,2
19,12,34,-50.37,0.0000,2
19,12,35,-44.24,0.0001,2
19,12,36,0.40,1.0672,2
19,12,37,-38.23,0.0002,2
19,12,38,-25.22,0.0043,2
19,12,39,-16.10,0.0350,2
19,12,40,-38.41,0.0002,2
19,12,41,-26.75,0.0030,2
19,13,0,-22.17,0.0087,2
19,13,1,-31.85,0.0009,2
19,13,2,-28.26,0.0022,2
19,13,3,-8.38,0.1958,2
19,13,4,-24.46,0.0052,2
19,13,5,4.14,1.8462,2
19,13,6,-17.03,0.0283,2
19,13,7,-18.93,0.0183,2
19,13,8,-11.70,0.0945,2
19,13,9,-23.92,0.0058,2
19,13,10,-54.47,0.0000,2
19,13,11,-17.91,0.0232,2
19,13,12,-42.71,0.0001,2
19,13,13,-58.45,0.0000,2
19,13,14,-46.27,0.0000,2
19,13,15,-30.89,0.0012,2
19,13,16,-24.95,0.0046,2
19,13,17,-18.81,0.0188,2
19,13,18,-32.59,0.0008,2
19,13,19,-46.88,0.0000,2
19,13,20,-0.89,0.8594,2
19,13,21,-46.91,0.0000,2
19,13,22,-25.14,0.0044,2
19,13,23,-9.11,0.1670,2
19,13,24,-14.32,0.0524,2
19,13,25,-21.97,0.0091,2
19,13,26,-6.56,0.2881,2
19,13,27,-3.43,0.5404,2
19,13,28,-30.22,0.0014,2
19,13,29,-40.62,0.0001,2
19,13,30,-0.41,0.9340,2
19,13,31,-18.78,0.0190,2
19,13,32,-36.17,0.0003,2
19,13,33,-29.06,0.0018,2
19,13,34,-15.89,0.0367,2
19,13,35,2.42,1.4573,2
19,13,36,-40.90,0.0001,2
19,13,37,-50.21,0.0000,2
19,13,38,-46.43,0.0000,2
19,13,39,-40.06,0.0001,2
19,13,40,-31.39,0.0010,2
19,13,41,-47.93,0.0000,2
19,14,0,-69.24,0.0000,2
19,14,1,-55.09,0.0000,2
19,14,2,-29.97,0.0015,2
19,14,3,-57.78,0.0000,2
19,14,4,-37.36,0.0003,2
19,14,5,-55.26,0.0000,2
19,14,6,-29.55,0.0016,2
19,14,7,-23.85,0.0059,2
19,14,8,-26.71,0.0031,2
19,14,9,-45.93,0.0000,2
19,14,10,-28.34,0.0021,2
19,14,11,-0.61,0.9027,2
19,14,12,-27.64,0.0025,2
19,14,13,-24.79,0.0048,2
19,14,14,-36.63,0.0003,2
19,14,15,-30.58,0.0013,2
19,14,16,-29.69,0.0015,2
19,14,17,-44.81,0.0000,2
19,14,18,-38.75,0.0002,2
19,14,19,-31.49,0.0010,2
19,14,20,-40.59,0.0001,2
19,14,21,-21.16,0.0110,2
19,14,22,-48.13,0.0000,2
19,14,23,-24.47,0.0052,2
19,14,24,-39.10,0.0002,2
19,14,25,-17.30,0.0266,2
19,14,26,-54.32,0.0000,2
19,14,27,-27.99,0.0023,2
19,14,28,-36.39,0.0003,2
19,14,29,5.01,2.0597,2
19,14,30,-17.53,0.0252,2
19,14,31,-22.61,0.0079,2
19,14,32,-50.72,0.0000,2
19,14,33,-51.68,0.0000,2
19,14,34,-26.03,0.0036,2
19,14,35,-8.49,0.1910,2
19,14,36,-45.22,0.0000,2
19,14,37,-55.81,0.0000,2
19,14,38,-31.38,0.0010,2
19,14,39,-25.11,0.0044,2
19,14,40,-49.94,0.0000,2
19,14,41,-34.18,0.0006,2
19,15,0,-11.52,0.0983,2
19,15,1,-48.16,0.0000,2
19,15,2,-24.22,0.0054,2
19,15,3,-13.14,0.0684,2
19,15,4,-9.67,0.1478,2
19,15,5,-8.38,0.1956,2
19,15,6,-7.92,0.2159,2
19,15,7,-1.62,0.7563,2
19,15,8,-18.97,0.0182,2
19,15,9,-14.77,0.0473,2
19,15,10,-18.90,0.0185,2
19,15,11,3.47,1.6878,2
19,15,12,-18.32,0.0211,2
19,15,13,-20.68,0.0123,2
19,15,14,-10.22,0.1311,2
19,15,15,-47.39,0.0000,2
19,15,16,-38.05,0.0002,2
19,15,17,-34.94,0.0005,2
19,15,18,-24.78,0.0048,2
19,15,19,-29.32,0.0017,2
19,15,20,-5.06,0.3918,2
19,15,21,-36.36,0.0003,2
19,15,22,-29.30,0.0017,2
19,15,23,-9.48,0.1541,2
19,15,24,-15.84,0.0371,2
19,15,25,-31.15,0.0011,2
19,15,26,0.82,1.1427,2
19,15,27,-10.64,0.1194,2
19,15,28,-6.94,0.2660,2
19,15,29,-8.04,0.2103,2
19,15,30,94.18,31.2850,2
19,15,31,9.33,3.2585,2
19,15,32,9.15,3.2055,2
19,15,33,56.11,18.6402,2
19,15,34,-20.13,0.0139,2
19,15,35,43.22,14.3585,2
19,15,36,-17.35,0.0263,2
19,15,37,-18.85,0.0187,2
19,15,38,-19.30,0.0169,2
19,15,39,-6.95,0.2652,2
19,15,40,-10.64,0.1195,2
19,15,41,-20.64,0.0124,2
19,16,0,-56.23,0.0000,2
19,16,1,-44.01,0.0001,2
19,16,2,-47.42,0.0000,2
19,16,3,-38.82,0.0002,2
19,16,4,-53.22,0.0000,2
19,16,5,-60.21,0.0000,2
19,16,6,-49.51,0.0000,2
19,16,7,-28.08,0.0022,2
19,16,8,-55.09,0.0000,2
19,16,9,-46.31,0.0000,2
19,16,10,-43.97,0.0001,2
19,16,11,-16.28,0.0336,2
19,16,12,-37.50,0.0003,2
19,16,13,-34.86,0.0005,2
19,16,14,-42.44,0.0001,2
19,16,15,-32.07,0.0009,2
19,16,16,-24.30,0.0053,2
19,16,17,-29.74,0.0015,2
19,16,18,-40.69,0.0001,2
19,16,19,-4.69,0.4218,2
19,16,20,0.17,1.0289,2
19,16,21,-35.72,0.0004,2
19,16,22,-44.61,0.0000,2
19,16,23,-40.52,0.0001,2
19,16,24,-43.14,0.0001,2
19,16,25,-35.16,0.0004,2
19,16,26,-32.03,0.0009,2
19,16,27,-48.94,0.0000,2
19,16,28,-16.49,0.0320,2
19,16,29,-55.09,0.0000,2
19,16,30,-18.39,0.0208,2
19,16,31,-28.25,0.0022,2
19,16,32,-20.48,0.0129,2
19,16,33,12.75,4.3112,2
19,16,34,-48.52,0.0000,2
19,16,35,-15.07,0.0442,2
19,16,36,-12.76,0.0744,2
19,16,37,-39.26,0.0002,2
19,16,38,-29.70,0.0015,2
19,16,39,-15.88,0.0367,2
19,16,40,-25.92,0.0037,2
19,16,41,-19.97,0.0144,2
19,17,0,-60.79,0.0000,2
19,17,1,-38.66,0.0002,2
19,17,2,-40.36,0.0001,2
19,17,3,-25.16,0.0044,2
19,17,4,-43.27,0.0001,2
19,17,5,-42.85,0.0001,2
19,17,6,-34.59,0.0005,2
19,17,7,-1.40,0.7862,2
19,17,8,7.40,2.6987,2
19,17,9,-11.65,0.0955,2
19,17,10,-38.20,0.0002,2
19,17,11,-0.72,0.8859,2
19,17,12,-40.16,0.0001,2
19,17,13,-41.33,0.0001,2
19,17,14,-47.56,0.0000,2
19,17,15,-49.46,0.0000,2
19,17,16,-29.16,0.0018,2
19,17,17,-22.42,0.0082,2
19,17,18,-23.64,0.0062,2
19,17,19,0.58,1.0992,2
19,17,20,-10.80,0.1153,2
19,17,21,-22.60,0.0079,2
19,17,22,-28.79,0.0019,2
19,17,23,-11.06,0.1087,2
19,17,24,-43.32,0.0001,2
19,17,25,-30.17,0.0014,2
19,17,26,-28.29,0.0021,2
19,17,27,-32.58,0.0008,2
19,17,28,-11.14,0.1069,2
19,17,29,-36.37,0.0003,2
19,17,30,11.19,3.8229,2
19,17,31,-12.97,0.0710,2
19,17,32,-11.97,0.0888,2
19,17,33,27.64,9.1857,2
19,17,34,-4.57,0.4318,2
19,17,35,11.85,4.0269,2
19,17,36,-40.56,0.0001,2
19,17,37,-51.04,0.0000,2
19,17,38,-39.87,0.0001,2
19,17,39,-36.63,0.0003,2
19,17,40,-21.71,0.0097,2
19,17,41,-60.79,0.0000,2
19,18,0,-30.27,0.0014,2
19,18,1,-32.35,0.0008,2
19,18,2,-32.66,0.0008,2
19,18,3,-38.69,0.0002,2
19,18,4,-24.58,0.0050,2
19,18,5,-39.43,0.0002,2
19,18,6,-63.22,0.0000,2
19,18,7,0.23,1.0386,2
19,18,8,-47.09,0.0000,2
19,18,9,-41.81,0.0001,2
19,18,10,-33.64,0.0006,2
19,18,11,-8.30,0.1989,2
19,18,12,-60.21,0.0000,2
19,18,13,-30.49,0.0013,2
19,18,14,-56.93,0.0000,2
19,18,15,-58.82,0.0000,2
19,18,16,-57.48,0.0000,2
19,18,17,-66.23,0.0000,2
19,18,18,-47.53,0.0000,2
19,18,19,-35.16,0.0004,2
19,18,20,-43.43,0.0001,2
19,18,21,-57.78,0.0000,2
19,18,22,-57.78,0.0000,2
19,18,23,-12.58,0.0776,2
19,18,24,-61.46,0.0000,2
19,18,25,-300.00,0.0000,2
19,18,26,-69.24,0.0000,2
19,18,27,-56.93,0.0000,2
19,18,28,-57.48,0.0000,2
19,18,29,-60.21,0.0000,2
19,18,30,-22.53,0.0080,2
19,18,31,-41.78,0.0001,2
19,18,32,-32.39,0.0008,2
19,18,33,-300.00,0.0000,2
19,18,34,-40.87,0.0001,2
19,18,35,-31.03,0.0011,2
19,18,36,-4.91,0.4033,2
19,18,37,-9.15,0.1657,2
19,18,38,-24.77,0.0048,2
19,18,39,-23.40,0.0066,2
19,18,40,-26.30,0.0034,2
19,18,41,-38.89,0.0002,2
19,19,0,-300.00,0.0000,2
19,19,1,-300.00,0.0000,2
19,19,2,-53.67,0.0000,2
19,19,3,-300.00,0.0000,2
19,19,4,-44.34,0.0001,2
19,19,5,-300.00,0.0000,2
19,19,6,-48.16,0.0000,2
19,19,7,-40.97,0.0001,2
19,19,8,-46.98,0.0000,2
19,19,9,-50.15,0.0000,2
19,19,10,-38.04,0.0002,2
19,19,11,-5.82,0.3356,2
19,19,12,-45.22,0.0000,2
19,19,13,-33.16,0.0007,2
19,19,14,-46.14,0.0000,2
19,19,15,-11.56,0.0973,2
19,19,16,-300.00,0.0000,2
19,19,17,-38.86,0.0002,2
19,19,18,-43.42,0.0001,2
19,19,19,-18.60,0.0198,2
19,19,20,-0.19,0.9686,2
19,19,21,-41.12,0.0001,2
19,19,22,-32.09,0.0009,2
19,19,23,3.84,1.7739,2
19,19,24,-27.64,0.0025,2
19,19,25,-14.60,0.0491,2
19,19,26,-37.59,0.0003,2
19,19,27,-30.36,0.0013,2
19,19,28,-29.27,0.0017,2
19,19,29,-24.15,0.0055,2
19,19,30,-27.05,0.0028,2
19,19,31,-48.82,0.0000,2
19,19,32,-51.76,0.0000,2
19,19,33,-300.00,0.0000,2
19,19,34,-37.46,0.0003,2
19,19,35,-53.67,0.0000,2
19,19,36,-34.36,0.0005,2
19,19,37,-16.20,0.0342,2
19,19,38,-2.88,0.6001,2
19,19,39,-12.03,0.0877,2
19,19,40,-59.24,0.0000,2
19,19,41,-42.77,0.0001,2
19,20,0,-37.74,0.0002,2
19,20,1,-47.71,0.0000,2
19,20,2,-34.42,0.0005,2
19,20,3,-30.87,0.0012,2
19,20,4,-23.88,0.0059,2
19,20,5,-42.68,0.0001,2
19,20,6,-20.96,0.0115,2
19,20,7,-7.72,0.2252,2
19,20,8,-61.46,0.0000,2
19,20,9,-64.47,0.0000,2
19,20,10,-47.36,0.0000,2
19,20,11,-27.93,0.0023,2
19,20,12,-33.32,0.0007,2
19,20,13,-19.98,0.0144,2
19,20,14,-19.55,0.0159,2
19,20,15,-29.94,0.0015,2
19,20,16,-42.47,0.0001,2
19,20,17,-19.99,0.0144,2
19,20,18,-44.16,0.0001,2
19,20,19,-51.60,0.0000,2
19,20,20,-42.14,0.0001,2
19,20,21,-42.58,0.0001,2
19,20,22,-54.32,0.0000,2
19,20,23,-0.25,0.9588,2
19,20,24,-31.14,0.0011,2
19,20,25,-19.25,0.0171,2
19,20,26,-31.19,0.0011,2
19,20,27,-60.21,0.0000,2
19,20,28,-32.49,0.0008,2
19,20,29,-26.82,0.0030,2
19,20,30,-23.23,0.0068,2
19,20,31,-21.57,0.0100,2
19,20,32,-23.12,0.0070,2
19,20,33,-23.60,0.0063,2
19,20,34,-58.45,0.0000,2
19,20,35,-14.10,0.0551,2
19,20,36,-23.27,0.0068,2
19,20,37,1.32,1.2356,2
19,20,38,-19.28,0.0169,2
19,20,39,-44.77,0.0000,2
19,20,40,-4.67,0.4237,2
19,20,41,-7.25,0.2490,2
