slot,cell_id,ue_id,sinr_db,se_bps_hz,n_layers
0,0,0,9.54,3.3202,2
0,0,1,13.82,4.6482,2
0,0,2,51.76,17.1952,2
0,0,3,-0.03,0.9948,2
0,0,4,20.46,6.8095,2
0,0,5,0.53,1.0907,2
0,0,6,-12.44,0.0801,2
0,0,7,30.23,10.0427,2
0,0,8,-3.48,0.5347,2
0,0,9,-15.93,0.0364,2
0,0,10,-1.71,0.7440,2
0,0,11,11.64,3.9619,2
0,0,12,-14.56,0.0496,2
0,0,13,-17.08,0.0280,2
0,0,14,-16.10,0.0350,2
0,0,15,-20.06,0.0142,2
0,0,16,-17.00,0.0285,2
0,0,17,-10.03,0.1367,2
0,0,18,-10.45,0.1246,2
0,0,19,-1.23,0.8103,2
0,0,20,24.70,8.2099,2
0,0,21,3.64,1.7276,2
0,0,22,-16.79,0.0299,2
0,0,23,3.98,1.8082,2
0,0,24,-1.98,0.7086,2
0,0,25,-28.31,0.0021,2
0,0,26,-4.37,0.4500,2
0,0,27,-12.10,0.0863,2
0,0,28,-24.32,0.0053,2
0,0,29,-10.68,0.1184,2
0,0,30,9.53,3.3170,2
0,0,31,-11.89,0.0905,2
0,0,32,-17.74,0.0241,2
0,0,33,-15.84,0.0371,2
0,0,34,-4.04,0.4793,2
0,0,35,-8.15,0.2056,2
0,0,36,2.09,1.3892,2
0,0,37,-5.68,0.3451,2
0,0,38,-5.67,0.3456,2
0,0,39,-25.80,0.0038,2
0,0,40,11.42,3.8939,2
0,0,41,-18.31,0.0211,2
0,1,0,7.19,2.6402,2
0,1,1,-31.27,0.0011,2
0,1,2,0.22,1.0367,2
0,1,3,-6.63,0.2839,2
0,1,4,-8.24,0.2015,2
0,1,5,-18.21,0.0216,2
0,1,6,5.14,2.0927,2
0,1,7,5.63,2.2199,2
0,1,8,0.08,1.0127,2
0,1,9,-14.29,0.0528,2
0,1,10,-6.47,0.2935,2
0,1,11,71.22,23.6595,2
0,1,12,-25.12,0.0044,2
0,1,13,-8.51,0.1904,2
0,1,14,-15.39,0.0411,2
0,1,15,1.02,1.1795,2
0,1,16,-21.42,0.0104,2
0,1,17,-17.75,0.0240,2
0,1,18,-20.34,0.0133,2
0,1,19,-14.52,0.0500,2
0,1,20,0.08,1.0126,2
0,1,21,-14.45,0.0508,2
0,1,22,-28.97,0.0018,2
0,1,23,-2.25,0.6740,2
0,1,24,-22.40,0.0083,2
0,1,25,-15.42,0.0408,2
0,1,26,-8.89,0.1751,2
0,1,27,-25.85,0.0037,2
0,1,28,-15.49,0.0402,2
0,1,29,-9.39,0.1571,2
0,1,30,11.02,3.7709,2
0,1,31,-5.11,0.3878,2
0,1,32,-23.02,0.0072,2
0,1,33,-22.46,0.0082,2
0,1,34,-11.27,0.1038,2
0,1,35,14.61,4.9039,2
0,1,36,-4.53,0.4354,2
0,1,37,-11.45,0.0999,2
0,1,38,-28.40,0.0021,2
0,1,39,-22.82,0.0075,2
0,1,40,-13.61,0.0615,2
0,1,41,-23.77,0.0060,2
0,2,0,-19.07,0.0178,2
0,2,1,-7.48,0.2372,2
0,2,2,-15.60,0.0392,2
0,2,3,-4.90,0.4041,2
0,2,4,-23.00,0.0072,2
0,2,5,-32.52,0.0008,2
0,2,6,-10.47,0.1239,2
0,2,7,-9.16,0.1653,2
0,2,8,-7.33,0.2449,2
0,2,9,-13.71,0.0602,2
0,2,10,-26.12,0.0035,2
0,2,11,7.16,2.6322,2
0,2,12,10.60,3.6410,2
0,2,13,-28.96,0.0018,2
0,2,14,22.50,7.4838,2
0,2,15,-6.15,0.3133,2
0,2,16,-12.88,0.0724,2
0,2,17,5.99,2.3143,2
0,2,18,-3.39,0.5437,2
0,2,19,-6.20,0.3100,2
0,2,20,17.27,5.7627,2
0,2,21,5.65,2.2239,2
0,2,22,-20.80,0.0119,2
0,2,23,-3.32,0.5514,2
0,2,24,-7.45,0.2388,2
0,2,25,-17.90,0.0232,2
0,2,26,-39.45,0.0002,2
0,2,27,-14.26,0.0531,2
0,2,28,-18.00,0.0227,2
0,2,29,19.59,6.5249,2
0,2,30,-5.34,0.3697,2
0,2,31,-39.02,0.0002,2
0,2,32,-10.85,0.1139,2
0,2,33,-19.64,0.0156,2
0,2,34,-21.25,0.0108,2
0,2,35,3.27,1.6436,2
0,2,36,-10.84,0.1141,2
0,2,37,-35.07,0.0004,2
0,2,38,-12.69,0.0756,2
0,2,39,-5.00,0.3961,2
0,2,40,-7.97,0.2138,2
0,2,41,-11.07,0.1086,2
0,3,0,-1.91,0.7174,2
0,3,1,-5.13,0.3865,2
0,3,2,-1.07,0.8333,2
0,3,3,-8.24,0.2014,2
0,3,4,-7.78,0.2223,2
0,3,5,-6.81,0.2733,2
0,3,6,-5.00,0.3966,2
0,3,7,-11.19,0.1056,2
0,3,8,-18.68,0.0194,2
0,3,9,-15.00,0.0449,2
0,3,10,-12.78,0.0741,2
0,3,11,13.91,4.6775,2
0,3,12,-10.97,0.1110,2
0,3,13,-32.87,0.0007,2
0,3,14,-24.87,0.0047,2
0,3,15,-16.44,0.0324,2
0,3,16,-7.03,0.2608,2
0,3,17,2.76,1.5295,2
0,3,18,1.54,1.2788,2
0,3,19,12.70,4.2956,2
0,3,20,48.91,16.2490,2
0,3,21,23.82,7.9199,2
0,3,22,-20.27,0.0135,2
0,3,23,15.01,5.0302,2
0,3,24,-5.67,0.3462,2
0,3,25,-24.94,0.0046,2
0,3,26,-8.62,0.1857,2
0,3,27,-18.85,0.0187,2
0,3,28,-30.15,0.0014,2
0,3,29,-10.29,0.1290,2
0,3,30,-0.29,0.9533,2
0,3,31,-2.15,0.6861,2
0,3,32,5.56,2.2021,2
0,3,33,1.11,1.1961,2
0,3,34,-10.43,0.1250,2
0,3,35,1.64,1.2978,2
0,3,36,-12.42,0.0804,2
0,3,37,-28.16,0.0022,2
0,3,38,-9.46,0.1548,2
0,3,39,-32.89,0.0007,2
0,3,40,-15.73,0.0381,2
0,3,41,-1.55,0.7658,2
0,4,0,-22.17,0.0087,2
0,4,1,-31.85,0.0009,2
0,4,2,-28.26,0.0022,2
0,4,3,-8.38,0.1958,2
0,4,4,-24.46,0.0052,2
0,4,5,4.14,1.8462,2
0,4,6,-17.03,0.0283,2
0,4,7,-18.93,0.0183,2
0,4,8,-11.70,0.0945,2
0,4,9,-23.92,0.0058,2
0,4,10,-28.34,0.0021,2
0,4,11,-0.61,0.9027,2
0,4,12,-27.64,0.0025,2
0,4,13,-20.16,0.0138,2
0,4,14,-36.63,0.0003,2
0,4,15,-30.58,0.0013,2
0,4,16,-24.95,0.0046,2
0,4,17,-18.81,0.0188,2
0,4,18,-18.47,0.0204,2
0,4,19,-31.49,0.0010,2
0,4,20,-0.89,0.8594,2
0,4,21,-21.16,0.0110,2
0,4,22,-25.14,0.0044,2
0,4,23,5.27,2.1254,2
0,4,24,-14.32,0.0524,2
0,4,25,-17.30,0.0266,2
0,4,26,-6.56,0.2881,2
0,4,27,-3.43,0.5404,2
0,4,28,-25.80,0.0038,2
0,4,29,5.01,2.0597,2
0,4,30,-0.41,0.9340,2
0,4,31,-18.78,0.0190,2
0,4,32,-36.17,0.0003,2
0,4,33,-29.06,0.0018,2
0,4,34,-15.89,0.0367,2
0,4,35,2.42,1.4573,2
0,4,36,0.40,1.0672,2
0,4,37,-38.23,0.0002,2
0,4,38,-25.22,0.0043,2
0,4,39,-16.10,0.0350,2
0,4,40,-31.39,0.0010,2
0,4,41,-26.75,0.0030,2
0,5,0,-11.52,0.0983,2
0,5,1,-38.66,0.0002,2
0,5,2,-24.22,0.0054,2
0,5,3,-13.14,0.0684,2
0,5,4,-9.67,0.1478,2
0,5,5,-8.38,0.1956,2
0,5,6,-7.92,0.2159,2
0,5,7,-1.40,0.7862,2
0,5,8,7.40,2.6987,2
0,5,9,-11.65,0.0955,2
0,5,10,-18.90,0.0185,2
0,5,11,3.47,1.6878,2
0,5,12,-18.32,0.0211,2
0,5,13,-20.68,0.0123,2
0,5,14,-10.22,0.1311,2
0,5,15,-32.07,0.0009,2
0,5,16,-24.30,0.0053,2
0,5,17,-22.42,0.0082,2
0,5,18,-23.64,0.0062,2
0,5,19,0.58,1.0992,2
0,5,20,0.17,1.0289,2
0,5,21,-22.60,0.0079,2
0,5,22,-28.79,0.0019,2
0,5,23,-9.48,0.1541,2
0,5,24,-15.84,0.0371,2
0,5,25,-30.17,0.0014,2
0,5,26,0.82,1.1427,2
0,5,27,-10.64,0.1194,2
0,5,28,-6.94,0.2660,2
0,5,29,-8.04,0.2103,2
0,5,30,94.18,31.2850,2
0,5,31,9.33,3.2585,2
0,5,32,9.15,3.2055,2
0,5,33,56.11,18.6402,2
0,5,34,-4.57,0.4318,2
0,5,35,43.22,14.3585,2
0,5,36,-12.76,0.0744,2
0,5,37,-18.85,0.0187,2
0,5,38,-19.30,0.0169,2
0,5,39,-6.95,0.2652,2
0,5,40,-10.64,0.1195,2
0,5,41,-19.97,0.0144,2
0,6,0,-30.27,0.0014,2
0,6,1,-32.35,0.0008,2
0,6,2,-32.66,0.0008,2
0,6,3,-30.87,0.0012,2
0,6,4,-23.88,0.0059,2
0,6,5,-39.43,0.0002,2
0,6,6,-20.96,0.0115,2
0,6,7,0.23,1.0386,2
0,6,8,-46.98,0.0000,2
0,6,9,-41.81,0.0001,2
0,6,10,-33.64,0.0006,2
0,6,11,-5.82,0.3356,2
0,6,12,-33.32,0.0007,2
0,6,13,-19.98,0.0144,2
0,6,14,-19.55,0.0159,2
0,6,15,-11.56,0.0973,2
0,6,16,-42.47,0.0001,2
0,6,17,-19.99,0.0144,2
0,6,18,-43.42,0.0001,2
0,6,19,-18.60,0.0198,2
0,6,20,-0.19,0.9686,2
0,6,21,-41.12,0.0001,2
0,6,22,-32.09,0.0009,2
0,6,23,3.84,1.7739,2
0,6,24,-27.64,0.0025,2
0,6,25,-14.60,0.0491,2
0,6,26,-31.19,0.0011,2
0,6,27,-30.36,0.0013,2
0,6,28,-29.27,0.0017,2
0,6,29,-24.15,0.0055,2
0,6,30,-22.53,0.0080,2
0,6,31,-21.57,0.0100,2
0,6,32,-23.12,0.0070,2
0,6,33,-23.60,0.0063,2
0,6,34,-37.46,0.0003,2
0,6,35,-14.10,0.0551,2
0,6,36,-4.91,0.4033,2
0,6,37,1.32,1.2356,2
0,6,38,-2.88,0.6001,2
0,6,39,-12.03,0.0877,2
0,6,40,-4.67,0.4237,2
0,6,41,-7.25,0.2490,2
1,0,0,9.54,3.3202,2
1,0,1,13.82,4.6482,2
1,0,2,51.76,17.1952,2
1,0,3,-0.03,0.9948,2
1,0,4,20.46,6.8095,2
1,0,5,0.53,1.0907,2
1,0,6,-12.44,0.0801,2
1,0,7,30.23,10.0427,2
1,0,8,-3.48,0.5347,2
1,0,9,-15.93,0.0364,2
1,0,10,-1.71,0.7440,2
1,0,11,11.64,3.9619,2
1,0,12,-14.56,0.0496,2
1,0,13,-17.08,0.0280,2
1,0,14,-16.10,0.0350,2
1,0,15,-20.06,0.0142,2
1,0,16,-17.00,0.0285,2
1,0,17,-10.03,0.1367,2
1,0,18,-10.45,0.1246,2
1,0,19,-1.23,0.8103,2
1,0,20,24.70,8.2099,2
1,0,21,3.64,1.7276,2
1,0,22,-16.79,0.0299,2
1,0,23,3.98,1.8082,2
1,0,24,-1.98,0.7086,2
1,0,25,-28.31,0.0021,2
1,0,26,-4.37,0.4500,2
1,0,27,-12.10,0.0863,2
1,0,28,-24.32,0.0053,2
1,0,29,-10.68,0.1184,2
1,0,30,9.53,3.3170,2
1,0,31,-11.89,0.0905,2
1,0,32,-17.74,0.0241,2
1,0,33,-15.84,0.0371,2
1,0,34,-4.04,0.4793,2
1,0,35,-8.15,0.2056,2
1,0,36,2.09,1.3892,2
1,0,37,-5.68,0.3451,2
1,0,38,-5.67,0.3456,2
1,0,39,-25.80,0.0038,2
1,0,40,11.42,3.8939,2
1,0,41,-18.31,0.0211,2
1,1,0,7.19,2.6402,2
1,1,1,-31.27,0.0011,2
1,1,2,0.22,1.0367,2
1,1,3,-6.63,0.2839,2
1,1,4,-8.24,0.2015,2
1,1,5,-18.21,0.0216,2
1,1,6,5.14,2.0927,2
1,1,7,5.63,2.2199,2
1,1,8,0.08,1.0127,2
1,1,9,-14.29,0.0528,2
1,1,10,-6.47,0.2935,2
1,1,11,71.22,23.6595,2
1,1,12,-25.12,0.0044,2
1,1,13,-8.51,0.1904,2
1,1,14,-15.39,0.0411,2
1,1,15,1.02,1.1795,2
1,1,16,-21.42,0.0104,2
1,1,17,-17.75,0.0240,2
1,1,18,-20.34,0.0133,2
1,1,19,-14.52,0.0500,2
1,1,20,0.08,1.0126,2
1,1,21,-14.45,0.0508,2
1,1,22,-28.97,0.0018,2
1,1,23,-2.25,0.6740,2
1,1,24,-22.40,0.0083,2
1,1,25,-15.42,0.0408,2
1,1,26,-8.89,0.1751,2
1,1,27,-25.85,0.0037,2
1,1,28,-15.49,0.0402,2
1,1,29,-9.39,0.1571,2
1,1,30,11.02,3.7709,2
1,1,31,-5.11,0.3878,2
1,1,32,-23.02,0.0072,2
1,1,33,-22.46,0.0082,2
1,1,34,-11.27,0.1038,2
1,1,35,14.61,4.9039,2
1,1,36,-4.53,0.4354,2
1,1,37,-11.45,0.0999,2
1,1,38,-28.40,0.0021,2
1,1,39,-22.82,0.0075,2
1,1,40,-13.61,0.0615,2
1,1,41,-23.77,0.0060,2
1,2,0,-19.07,0.0178,2
1,2,1,-7.48,0.2372,2
1,2,2,-15.60,0.0392,2
1,2,3,-4.90,0.4041,2
1,2,4,-23.00,0.0072,2
1,2,5,-32.52,0.0008,2
1,2,6,-10.47,0.1239,2
1,2,7,-9.16,0.1653,2
1,2,8,-7.33,0.2449,2
1,2,9,-13.71,0.0602,2
1,2,10,-26.12,0.0035,2
1,2,11,7.16,2.6322,2
1,2,12,10.60,3.6410,2
1,2,13,-28.96,0.0018,2
1,2,14,22.50,7.4838,2
1,2,15,-6.15,0.3133,2
1,2,16,-12.88,0.0724,2
1,2,17,5.99,2.3143,2
1,2,18,-3.39,0.5437,2
1,2,19,-6.20,0.3100,2
1,2,20,17.27,5.7627,2
1,2,21,5.65,2.2239,2
1,2,22,-20.80,0.0119,2
1,2,23,-3.32,0.5514,2
1,2,24,-7.45,0.2388,2
1,2,25,-17.90,0.0232,2
1,2,26,-39.45,0.0002,2
1,2,27,-14.26,0.0531,2
1,2,28,-18.00,0.0227,2
1,2,29,19.59,6.5249,2
1,2,30,-5.34,0.3697,2
1,2,31,-39.02,0.0002,2
1,2,32,-10.85,0.1139,2
1,2,33,-19.64,0.0156,2
1,2,34,-21.25,0.0108,2
1,2,35,3.27,1.6436,2
1,2,36,-10.84,0.1141,2
1,2,37,-35.07,0.0004,2
1,2,38,-12.69,0.0756,2
1,2,39,-5.00,0.3961,2
1,2,40,-7.97,0.2138,2
1,2,41,-11.07,0.1086,2
1,3,0,-1.91,0.7174,2
1,3,1,-5.13,0.3865,2
1,3,2,-1.07,0.8333,2
1,3,3,-8.24,0.2014,2
1,3,4,-7.78,0.2223,2
1,3,5,-6.81,0.2733,2
1,3,6,-5.00,0.3966,2
1,3,7,-11.19,0.1056,2
1,3,8,-18.68,0.0194,2
1,3,9,-15.00,0.0449,2
1,3,10,-12.78,0.0741,2
1,3,11,13.91,4.6775,2
1,3,12,-10.97,0.1110,2
1,3,13,-32.87,0.0007,2
1,3,14,-24.87,0.0047,2
1,3,15,-16.44,0.0324,2
1,3,16,-7.03,0.2608,2
1,3,17,2.76,1.5295,2
1,3,18,1.54,1.2788,2
1,3,19,12.70,4.2956,2
1,3,20,48.91,16.2490,2
1,3,21,23.82,7.9199,2
1,3,22,-20.27,0.0135,2
1,3,23,15.01,5.0302,2
1,3,24,-5.67,0.3462,2
1,3,25,-24.94,0.0046,2
1,3,26,-8.62,0.1857,2
1,3,27,-18.85,0.0187,2
1,3,28,-30.15,0.0014,2
1,3,29,-10.29,0.1290,2
1,3,30,-0.29,0.9533,2
1,3,31,-2.15,0.6861,2
1,3,32,5.56,2.2021,2
1,3,33,1.11,1.1961,2
1,3,34,-10.43,0.1250,2
1,3,35,1.64,1.2978,2
1,3,36,-12.42,0.0804,2
1,3,37,-28.16,0.0022,2
1,3,38,-9.46,0.1548,2
1,3,39,-32.89,0.0007,2
1,3,40,-15.73,0.0381,2
1,3,41,-1.55,0.7658,2
1,4,0,-22.17,0.0087,2
1,4,1,-31.85,0.0009,2
1,4,2,-28.26,0.0022,2
1,4,3,-8.38,0.1958,2
1,4,4,-24.46,0.0052,2
1,4,5,4.14,1.8462,2
1,4,6,-17.03,0.0283,2
1,4,7,-18.93,0.0183,2
1,4,8,-11.70,0.0945,2
1,4,9,-23.92,0.0058,2
1,4,10,-28.34,0.0021,2
1,4,11,-0.61,0.9027,2
1,4,12,-27.64,0.0025,2
1,4,13,-20.16,0.0138,2
1,4,14,-36.63,0.0003,2
1,4,15,-30.58,0.0013,2
1,4,16,-24.95,0.0046,2
1,4,17,-18.81,0.0188,2
1,4,18,-18.47,0.0204,2
1,4,19,-31.49,0.0010,2
1,4,20,-0.89,0.8594,2
1,4,21,-21.16,0.0110,2
1,4,22,-25.14,0.0044,2
1,4,23,5.27,2.1254,2
1,4,24,-14.32,0.0524,2
1,4,25,-17.30,0.0266,2
1,4,26,-6.56,0.2881,2
1,4,27,-3.43,0.5404,2
1,4,28,-25.80,0.0038,2
1,4,29,5.01,2.0597,2
1,4,30,-0.41,0.9340,2
1,4,31,-18.78,0.0190,2
1,4,32,-36.17,0.0003,2
1,4,33,-29.06,0.0018,2
1,4,34,-15.89,0.0367,2
1,4,35,2.42,1.4573,2
1,4,36,0.40,1.0672,2
1,4,37,-38.23,0.0002,2
1,4,38,-25.22,0.0043,2
1,4,39,-16.10,0.0350,2
1,4,40,-31.39,0.0010,2
1,4,41,-26.75,0.0030,2
1,5,0,-11.52,0.0983,2
1,5,1,-38.66,0.0002,2
1,5,2,-24.22,0.0054,2
1,5,3,-13.14,0.0684,2
1,5,4,-9.67,0.1478,2
1,5,5,-8.38,0.1956,2
1,5,6,-7.92,0.2159,2
1,5,7,-1.40,0.7862,2
1,5,8,7.40,2.6987,2
1,5,9,-11.65,0.0955,2
1,5,10,-18.90,0.0185,2
1,5,11,3.47,1.6878,2
1,5,12,-18.32,0.0211,2
1,5,13,-20.68,0.0123,2
1,5,14,-10.22,0.1311,2
1,5,15,-32.07,0.0009,2
1,5,16,-24.30,0.0053,2
1,5,17,-22.42,0.0082,2
1,5,18,-23.64,0.0062,2
1,5,19,0.58,1.0992,2
1,5,20,0.17,1.0289,2
1,5,21,-22.60,0.0079,2
1,5,22,-28.79,0.0019,2
1,5,23,-9.48,0.1541,2
1,5,24,-15.84,0.0371,2
1,5,25,-30.17,0.0014,2
1,5,26,0.82,1.1427,2
1,5,27,-10.64,0.1194,2
1,5,28,-6.94,0.2660,2
1,5,29,-8.04,0.2103,2
1,5,30,94.18,31.2850,2
1,5,31,9.33,3.2585,2
1,5,32,9.15,3.2055,2
1,5,33,56.11,18.6402,2
1,5,34,-4.57,0.4318,2
1,5,35,43.22,14.3585,2
1,5,36,-12.76,0.0744,2
1,5,37,-18.85,0.0187,2
1,5,38,-19.30,0.0169,2
1,5,39,-6.95,0.2652,2
1,5,40,-10.64,0.1195,2
1,5,41,-19.97,0.0144,2
1,6,0,-30.27,0.0014,2
1,6,1,-32.35,0.0008,2
1,6,2,-32.66,0.0008,2
1,6,3,-30.87,0.0012,2
1,6,4,-23.88,0.0059,2
1,6,5,-39.43,0.0002,2
1,6,6,-20.96,0.0115,2
1,6,7,0.23,1.0386,2
1,6,8,-46.98,0.0000,2
1,6,9,-41.81,0.0001,2
1,6,10,-33.64,0.0006,2
1,6,11,-5.82,0.3356,2
1,6,12,-33.32,0.0007,2
1,6,13,-19.98,0.0144,2
1,6,14,-19.55,0.0159,2
1,6,15,-11.56,0.0973,2
1,6,16,-42.47,0.0001,2
1,6,17,-19.99,0.0144,2
1,6,18,-43.42,0.0001,2
1,6,19,-18.60,0.0198,2
1,6,20,-0.19,0.9686,2
1,6,21,-41.12,0.0001,2
1,6,22,-32.09,0.0009,2
1,6,23,3.84,1.7739,2
1,6,24,-27.64,0.0025,2
1,6,25,-14.60,0.0491,2
1,6,26,-31.19,0.0011,2
1,6,27,-30.36,0.0013,2
1,6,28,-29.27,0.0017,2
1,6,29,-24.15,0.0055,2
1,6,30,-22.53,0.0080,2
1,6,31,-21.57,0.0100,2
1,6,32,-23.12,0.0070,2
1,6,33,-23.60,0.0063,2
1,6,34,-37.46,0.0003,2
1,6,35,-14.10,0.0551,2
1,6,36,-4.91,0.4033,2
1,6,37,1.32,1.2356,2
1,6,38,-2.88,0.6001,2
1,6,39,-12.03,0.0877,2
1,6,40,-4.67,0.4237,2
1,6,41,-7.25,0.2490,2
2,0,0,9.54,3.3202,2
2,0,1,13.82,4.6482,2
2,0,2,51.76,17.1952,2
2,0,3,-0.03,0.9948,2
2,0,4,20.46,6.8095,2
2,0,5,0.53,1.0907,2
2,0,6,-12.44,0.0801,2
2,0,7,30.23,10.0427,2
2,0,8,-3.48,0.5347,2
2,0,9,-15.93,0.0364,2
2,0,10,-1.71,0.7440,2
2,0,11,11.64,3.9619,2
2,0,12,-14.56,0.0496,2
2,0,13,-17.08,0.0280,2
2,0,14,-16.10,0.0350,2
2,0,15,-20.06,0.0142,2
2,0,16,-17.00,0.0285,2
2,0,17,-10.03,0.1367,2
2,0,18,-10.45,0.1246,2
2,0,19,-1.23,0.8103,2
2,0,20,24.70,8.2099,2
2,0,21,3.64,1.7276,2
2,0,22,-16.79,0.0299,2
2,0,23,3.98,1.8082,2
2,0,24,-1.98,0.7086,2
2,0,25,-28.31,0.0021,2
2,0,26,-4.37,0.4500,2
2,0,27,-12.10,0.0863,2
2,0,28,-24.32,0.0053,2
2,0,29,-10.68,0.1184,2
2,0,30,9.53,3.3170,2
2,0,31,-11.89,0.0905,2
2,0,32,-17.74,0.0241,2
2,0,33,-15.84,0.0371,2
2,0,34,-4.04,0.4793,2
2,0,35,-8.15,0.2056,2
2,0,36,2.09,1.3892,2
2,0,37,-5.68,0.3451,2
2,0,38,-5.67,0.3456,2
2,0,39,-25.80,0.0038,2
2,0,40,11.42,3.8939,2
2,0,41,-18.31,0.0211,2
2,1,0,7.19,2.6402,2
2,1,1,-31.27,0.0011,2
2,1,2,0.22,1.0367,2
2,1,3,-6.63,0.2839,2
2,1,4,-8.24,0.2015,2
2,1,5,-18.21,0.0216,2
2,1,6,5.14,2.0927,2
2,1,7,5.63,2.2199,2
2,1,8,0.08,1.0127,2
2,1,9,-14.29,0.0528,2
2,1,10,-6.47,0.2935,2
2,1,11,71.22,23.6595,2
2,1,12,-25.12,0.0044,2
2,1,13,-8.51,0.1904,2
2,1,14,-15.39,0.0411,2
2,1,15,1.02,1.1795,2
2,1,16,-21.42,0.0104,2
2,1,17,-17.75,0.0240,2
2,1,18,-20.34,0.0133,2
2,1,19,-14.52,0.0500,2
2,1,20,0.08,1.0126,2
2,1,21,-14.45,0.0508,2
2,1,22,-28.97,0.0018,2
2,1,23,-2.25,0.6740,2
2,1,24,-22.40,0.0083,2
2,1,25,-15.42,0.0408,2
2,1,26,-8.89,0.1751,2
2,1,27,-25.85,0.0037,2
2,1,28,-15.49,0.0402,2
2,1,29,-9.39,0.1571,2
2,1,30,11.02,3.7709,2
2,1,31,-5.11,0.3878,2
2,1,32,-23.02,0.0072,2
2,1,33,-22.46,0.0082,2
2,1,34,-11.27,0.1038,2
2,1,35,14.61,4.9039,2
2,1,36,-4.53,0.4354,2
2,1,37,-11.45,0.0999,2
2,1,38,-28.40,0.0021,2
2,1,39,-22.82,0.0075,2
2,1,40,-13.61,0.0615,2
2,1,41,-23.77,0.0060,2
2,2,0,-19.07,0.0178,2
2,2,1,-7.48,0.2372,2
2,2,2,-15.60,0.0392,2
2,2,3,-4.90,0.4041,2
2,2,4,-23.00,0.0072,2
2,2,5,-32.52,0.0008,2
2,2,6,-10.47,0.1239,2
2,2,7,-9.16,0.1653,2
2,2,8,-7.33,0.2449,2
2,2,9,-13.71,0.0602,2
2,2,10,-26.12,0.0035,2
2,2,11,7.16,2.6322,2
2,2,12,10.60,3.6410,2
2,2,13,-28.96,0.0018,2
2,2,14,22.50,7.4838,2
2,2,15,-6.15,0.3133,2
2,2,16,-12.88,0.0724,2
2,2,17,5.99,2.3143,2
2,2,18,-3.39,0.5437,2
2,2,19,-6.20,0.3100,2
2,2,20,17.27,5.7627,2
2,2,21,5.65,2.2239,2
2,2,22,-20.80,0.0119,2
2,2,23,-3.32,0.5514,2
2,2,24,-7.45,0.2388,2
2,2,25,-17.90,0.0232,2
2,2,26,-39.45,0.0002,2
2,2,27,-14.26,0.0531,2
2,2,28,-18.00,0.0227,2
2,2,29,19.59,6.5249,2
2,2,30,-5.34,0.3697,2
2,2,31,-39.02,0.0002,2
2,2,32,-10.85,0.1139,2
2,2,33,-19.64,0.0156,2
2,2,34,-21.25,0.0108,2
2,2,35,3.27,1.6436,2
2,2,36,-10.84,0.1141,2
2,2,37,-35.07,0.0004,2
2,2,38,-12.69,0.0756,2
2,2,39,-5.00,0.3961,2
2,2,40,-7.97,0.2138,2
2,2,41,-11.07,0.1086,2
2,3,0,-1.91,0.7174,2
2,3,1,-5.13,0.3865,2
2,3,2,-1.07,0.8333,2
2,3,3,-8.24,0.2014,2
2,3,4,-7.78,0.2223,2
2,3,5,-6.81,0.2733,2
2,3,6,-5.00,0.3966,2
2,3,7,-11.19,0.1056,2
2,3,8,-18.68,0.0194,2
2,3,9,-15.00,0.0449,2
2,3,10,-12.78,0.0741,2
2,3,11,13.91,4.6775,2
2,3,12,-10.97,0.1110,2
2,3,13,-32.87,0.0007,2
2,3,14,-24.87,0.0047,2
2,3,15,-16.44,0.0324,2
2,3,16,-7.03,0.2608,2
2,3,17,2.76,1.5295,2
2,3,18,1.54,1.2788,2
2,3,19,12.70,4.2956,2
2,3,20,48.91,16.2490,2
2,3,21,23.82,7.9199,2
2,3,22,-20.27,0.0135,2
2,3,23,15.01,5.0302,2
2,3,24,-5.67,0.3462,2
2,3,25,-24.94,0.0046,2
2,3,26,-8.62,0.1857,2
2,3,27,-18.85,0.0187,2
2,3,28,-30.15,0.0014,2
2,3,29,-10.29,0.1290,2
2,3,30,-0.29,0.9533,2
2,3,31,-2.15,0.6861,2
2,3,32,5.56,2.2021,2
2,3,33,1.11,1.1961,2
2,3,34,-10.43,0.1250,2
2,3,35,1.64,1.2978,2
2,3,36,-12.42,0.0804,2
2,3,37,-28.16,0.0022,2
2,3,38,-9.46,0.1548,2
2,3,39,-32.89,0.0007,2
2,3,40,-15.73,0.0381,2
2,3,41,-1.55,0.7658,2
2,4,0,-22.17,0.0087,2
2,4,1,-31.85,0.0009,2
2,4,2,-28.26,0.0022,2
2,4,3,-8.38,0.1958,2
2,4,4,-24.46,0.0052,2
2,4,5,4.14,1.8462,2
2,4,6,-17.03,0.0283,2
2,4,7,-18.93,0.0183,2
2,4,8,-11.70,0.0945,2
2,4,9,-23.92,0.0058,2
2,4,10,-28.34,0.0021,2
2,4,11,-0.61,0.9027,2
2,4,12,-27.64,0.0025,2
2,4,13,-20.16,0.0138,2
2,4,14,-36.63,0.0003,2
2,4,15,-30.58,0.0013,2
2,4,16,-24.95,0.0046,2
2,4,17,-18.81,0.0188,2
2,4,18,-18.47,0.0204,2
2,4,19,-31.49,0.0010,2
2,4,20,-0.89,0.8594,2
2,4,21,-21.16,0.0110,2
2,4,22,-25.14,0.0044,2
2,4,23,5.27,2.1254,2
2,4,24,-14.32,0.0524,2
2,4,25,-17.30,0.0266,2
2,4,26,-6.56,0.2881,2
2,4,27,-3.43,0.5404,2
2,4,28,-25.80,0.0038,2
2,4,29,5.01,2.0597,2
2,4,30,-0.41,0.9340,2
2,4,31,-18.78,0.0190,2
2,4,32,-36.17,0.0003,2
2,4,33,-29.06,0.0018,2
2,4,34,-15.89,0.0367,2
2,4,35,2.42,1.4573,2
2,4,36,0.40,1.0672,2
2,4,37,-38.23,0.0002,2
2,4,38,-25.22,0.0043,2
2,4,39,-16.10,0.0350,2
2,4,40,-31.39,0.0010,2
2,4,41,-26.75,0.0030,2
2,5,0,-11.52,0.0983,2
2,5,1,-38.66,0.0002,2
2,5,2,-24.22,0.0054,2
2,5,3,-13.14,0.0684,2
2,5,4,-9.67,0.1478,2
2,5,5,-8.38,0.1956,2
2,5,6,-7.92,0.2159,2
2,5,7,-1.40,0.7862,2
2,5,8,7.40,2.6987,2
2,5,9,-11.65,0.0955,2
2,5,10,-18.90,0.0185,2
2,5,11,3.47,1.6878,2
2,5,12,-18.32,0.0211,2
2,5,13,-20.68,0.0123,2
2,5,14,-10.22,0.1311,2
2,5,15,-32.07,0.0009,2
2,5,16,-24.30,0.0053,2
2,5,17,-22.42,0.0082,2
2,5,18,-23.64,0.0062,2
2,5,19,0.58,1.0992,2
2,5,20,0.17,1.0289,2
2,5,21,-22.60,0.0079,2
2,5,22,-28.79,0.0019,2
2,5,23,-9.48,0.1541,2
2,5,24,-15.84,0.0371,2
2,5,25,-30.17,0.0014,2
2,5,26,0.82,1.1427,2
2,5,27,-10.64,0.1194,2
2,5,28,-6.94,0.2660,2
2,5,29,-8.04,0.2103,2
2,5,30,94.18,31.2850,2
2,5,31,9.33,3.2585,2
2,5,32,9.15,3.2055,2
2,5,33,56.11,18.6402,2
2,5,34,-4.57,0.4318,2
2,5,35,43.22,14.3585,2
2,5,36,-12.76,0.0744,2
2,5,37,-18.85,0.0187,2
2,5,38,-19.30,0.0169,2
2,5,39,-6.95,0.2652,2
2,5,40,-10.64,0.1195,2
2,5,41,-19.97,0.0144,2
2,6,0,-30.27,0.0014,2
2,6,1,-32.35,0.0008,2
2,6,2,-32.66,0.0008,2
2,6,3,-30.87,0.0012,2
2,6,4,-23.88,0.0059,2
2,6,5,-39.43,0.0002,2
2,6,6,-20.96,0.0115,2
2,6,7,0.23,1.0386,2
2,6,8,-46.98,0.0000,2
2,6,9,-41.81,0.0001,2
2,6,10,-33.64,0.0006,2
2,6,11,-5.82,0.3356,2
2,6,12,-33.32,0.0007,2
2,6,13,-19.98,0.0144,2
2,6,14,-19.55,0.0159,2
2,6,15,-11.56,0.0973,2
2,6,16,-42.47,0.0001,2
2,6,17,-19.99,0.0144,2
2,6,18,-43.42,0.0001,2
2,6,19,-18.60,0.0198,2
2,6,20,-0.19,0.9686,2
2,6,21,-41.12,0.0001,2
2,6,22,-32.09,0.0009,2
2,6,23,3.84,1.7739,2
2,6,24,-27.64,0.0025,2
2,6,25,-14.60,0.0491,2
2,6,26,-31.19,0.0011,2
2,6,27,-30.36,0.0013,2
2,6,28,-29.27,0.0017,2
2,6,29,-24.15,0.0055,2
2,6,30,-22.53,0.0080,2
2,6,31,-21.57,0.0100,2
2,6,32,-23.12,0.0070,2
2,6,33,-23.60,0.0063,2
2,6,34,-37.46,0.0003,2
2,6,35,-14.10,0.0551,2
2,6,36,-4.91,0.4033,2
2,6,37,1.32,1.2356,2
2,6,38,-2.88,0.6001,2
2,6,39,-12.03,0.0877,2
2,6,40,-4.67,0.4237,2
2,6,41,-7.25,0.2490,2
3,0,0,9.54,3.3202,2
3,0,1,13.82,4.6482,2
3,0,2,51.76,17.1952,2
3,0,3,-0.03,0.9948,2
3,0,4,20.46,6.8095,2
3,0,5,0.53,1.0907,2
3,0,6,-12.44,0.0801,2
3,0,7,30.23,10.0427,2
3,0,8,-3.48,0.5347,2
3,0,9,-15.93,0.0364,2
3,0,10,-1.71,0.7440,2
3,0,11,11.64,3.9619,2
3,0,12,-14.56,0.0496,2
3,0,13,-17.08,0.0280,2
3,0,14,-16.10,0.0350,2
3,0,15,-20.06,0.0142,2
3,0,16,-17.00,0.0285,2
3,0,17,-10.03,0.1367,2
3,0,18,-10.45,0.1246,2
3,0,19,-1.23,0.8103,2
3,0,20,24.70,8.2099,2
3,0,21,3.64,1.7276,2
3,0,22,-16.79,0.0299,2
3,0,23,3.98,1.8082,2
3,0,24,-1.98,0.7086,2
3,0,25,-28.31,0.0021,2
3,0,26,-4.37,0.4500,2
3,0,27,-12.10,0.0863,2
3,0,28,-24.32,0.0053,2
3,0,29,-10.68,0.1184,2
3,0,30,9.53,3.3170,2
3,0,31,-11.89,0.0905,2
3,0,32,-17.74,0.0241,2
3,0,33,-15.84,0.0371,2
3,0,34,-4.04,0.4793,2
3,0,35,-8.15,0.2056,2
3,0,36,2.09,1.3892,2
3,0,37,-5.68,0.3451,2
3,0,38,-5.67,0.3456,2
3,0,39,-25.80,0.0038,2
3,0,40,11.42,3.8939,2
3,0,41,-18.31,0.0211,2
3,1,0,7.19,2.6402,2
3,1,1,-31.27,0.0011,2
3,1,2,0.22,1.0367,2
3,1,3,-6.63,0.2839,2
3,1,4,-8.24,0.2015,2
3,1,5,-18.21,0.0216,2
3,1,6,5.14,2.0927,2
3,1,7,5.63,2.2199,2
3,1,8,0.08,1.0127,2
3,1,9,-14.29,0.0528,2
3,1,10,-6.47,0.2935,2
3,1,11,71.22,23.6595,2
3,1,12,-25.12,0.0044,2
3,1,13,-8.51,0.1904,2
3,1,14,-15.39,0.0411,2
3,1,15,1.02,1.1795,2
3,1,16,-21.42,0.0104,2
3,1,17,-17.75,0.0240,2
3,1,18,-20.34,0.0133,2
3,1,19,-14.52,0.0500,2
3,1,20,0.08,1.0126,2
3,1,21,-14.45,0.0508,2
3,1,22,-28.97,0.0018,2
3,1,23,-2.25,0.6740,2
3,1,24,-22.40,0.0083,2
3,1,25,-15.42,0.0408,2
3,1,26,-8.89,0.1751,2
3,1,27,-25.85,0.0037,2
3,1,28,-15.49,0.0402,2
3,1,29,-9.39,0.1571,2
3,1,30,11.02,3.7709,2
3,1,31,-5.11,0.3878,2
3,1,32,-23.02,0.0072,2
3,1,33,-22.46,0.0082,2
3,1,34,-11.27,0.1038,2
3,1,35,14.61,4.9039,2
3,1,36,-4.53,0.4354,2
3,1,37,-11.45,0.0999,2
3,1,38,-28.40,0.0021,2
3,1,39,-22.82,0.0075,2
3,1,40,-13.61,0.0615,2
3,1,41,-23.77,0.0060,2
3,2,0,-19.07,0.0178,2
3,2,1,-7.48,0.2372,2
3,2,2,-15.60,0.0392,2
3,2,3,-4.90,0.4041,2
3,2,4,-23.00,0.0072,2
3,2,5,-32.52,0.0008,2
3,2,6,-10.47,0.1239,2
3,2,7,-9.16,0.1653,2
3,2,8,-7.33,0.2449,2
3,2,9,-13.71,0.0602,2
3,2,10,-26.12,0.0035,2
3,2,11,7.16,2.6322,2
3,2,12,10.60,3.6410,2
3,2,13,-28.96,0.0018,2
3,2,14,22.50,7.4838,2
3,2,15,-6.15,0.3133,2
3,2,16,-12.88,0.0724,2
3,2,17,5.99,2.3143,2
3,2,18,-3.39,0.5437,2
3,2,19,-6.20,0.3100,2
3,2,20,17.27,5.7627,2
3,2,21,5.65,2.2239,2
3,2,22,-20.80,0.0119,2
3,2,23,-3.32,0.5514,2
3,2,24,-7.45,0.2388,2
3,2,25,-17.90,0.0232,2
3,2,26,-39.45,0.0002,2
3,2,27,-14.26,0.0531,2
3,2,28,-18.00,0.0227,2
3,2,29,19.59,6.5249,2
3,2,30,-5.34,0.3697,2
3,2,31,-39.02,0.0002,2
3,2,32,-10.85,0.1139,2
3,2,33,-19.64,0.0156,2
3,2,34,-21.25,0.0108,2
3,2,35,3.27,1.6436,2
3,2,36,-10.84,0.1141,2
3,2,37,-35.07,0.0004,2
3,2,38,-12.69,0.0756,2
3,2,39,-5.00,0.3961,2
3,2,40,-7.97,0.2138,2
3,2,41,-11.07,0.1086,2
3,3,0,-1.91,0.7174,2
3,3,1,-5.13,0.3865,2
3,3,2,-1.07,0.8333,2
3,3,3,-8.24,0.2014,2
3,3,4,-7.78,0.2223,2
3,3,5,-6.81,0.2733,2
3,3,6,-5.00,0.3966,2
3,3,7,-11.19,0.1056,2
3,3,8,-18.68,0.0194,2
3,3,9,-15.00,0.0449,2
3,3,10,-12.78,0.0741,2
3,3,11,13.91,4.6775,2
3,3,12,-10.97,0.1110,2
3,3,13,-32.87,0.0007,2
3,3,14,-24.87,0.0047,2
3,3,15,-16.44,0.0324,2
3,3,16,-7.03,0.2608,2
3,3,17,2.76,1.5295,2
3,3,18,1.54,1.2788,2
3,3,19,12.70,4.2956,2
3,3,20,48.91,16.2490,2
3,3,21,23.82,7.9199,2
3,3,22,-20.27,0.0135,2
3,3,23,15.01,5.0302,2
3,3,24,-5.67,0.3462,2
3,3,25,-24.94,0.0046,2
3,3,26,-8.62,0.1857,2
3,3,27,-18.85,0.0187,2
3,3,28,-30.15,0.0014,2
3,3,29,-10.29,0.1290,2
3,3,30,-0.29,0.9533,2
3,3,31,-2.15,0.6861,2
3,3,32,5.56,2.2021,2
3,3,33,1.11,1.1961,2
3,3,34,-10.43,0.1250,2
3,3,35,1.64,1.2978,2
3,3,36,-12.42,0.0804,2
3,3,37,-28.16,0.0022,2
3,3,38,-9.46,0.1548,2
3,3,39,-32.89,0.0007,2
3,3,40,-15.73,0.0381,2
3,3,41,-1.55,0.7658,2
3,4,0,-22.17,0.0087,2
3,4,1,-31.85,0.0009,2
3,4,2,-28.26,0.0022,2
3,4,3,-8.38,0.1958,2
3,4,4,-24.46,0.0052,2
3,4,5,4.14,1.8462,2
3,4,6,-17.03,0.0283,2
3,4,7,-18.93,0.0183,2
3,4,8,-11.70,0.0945,2
3,4,9,-23.92,0.0058,2
3,4,10,-28.34,0.0021,2
3,4,11,-0.61,0.9027,2
3,4,12,-27.64,0.0025,2
3,4,13,-20.16,0.0138,2
3,4,14,-36.63,0.0003,2
3,4,15,-30.58,0.0013,2
3,4,16,-24.95,0.0046,2
3,4,17,-18.81,0.0188,2
3,4,18,-18.47,0.0204,2
3,4,19,-31.49,0.0010,2
3,4,20,-0.89,0.8594,2
3,4,21,-21.16,0.0110,2
3,4,22,-25.14,0.0044,2
3,4,23,5.27,2.1254,2
3,4,24,-14.32,0.0524,2
3,4,25,-17.30,0.0266,2
3,4,26,-6.56,0.2881,2
3,4,27,-3.43,0.5404,2
3,4,28,-25.80,0.0038,2
3,4,29,5.01,2.0597,2
3,4,30,-0.41,0.9340,2
3,4,31,-18.78,0.0190,2
3,4,32,-36.17,0.0003,2
3,4,33,-29.06,0.0018,2
3,4,34,-15.89,0.0367,2
3,4,35,2.42,1.4573,2
3,4,36,0.40,1.0672,2
3,4,37,-38.23,0.0002,2
3,4,38,-25.22,0.0043,2
3,4,39,-16.10,0.0350,2
3,4,40,-31.39,0.0010,2
3,4,41,-26.75,0.0030,2
3,5,0,-11.52,0.0983,2
3,5,1,-38.66,0.0002,2
3,5,2,-24.22,0.0054,2
3,5,3,-13.14,0.0684,2
3,5,4,-9.67,0.1478,2
3,5,5,-8.38,0.1956,2
3,5,6,-7.92,0.2159,2
3,5,7,-1.40,0.7862,2
3,5,8,7.40,2.6987,2
3,5,9,-11.65,0.0955,2
3,5,10,-18.90,0.0185,2
3,5,11,3.47,1.6878,2
3,5,12,-18.32,0.0211,2
3,5,13,-20.68,0.0123,2
3,5,14,-10.22,0.1311,2
3,5,15,-32.07,0.0009,2
3,5,16,-24.30,0.0053,2
3,5,17,-22.42,0.0082,2
3,5,18,-23.64,0.0062,2
3,5,19,0.58,1.0992,2
3,5,20,0.17,1.0289,2
3,5,21,-22.60,0.0079,2
3,5,22,-28.79,0.0019,2
3,5,23,-9.48,0.1541,2
3,5,24,-15.84,0.0371,2
3,5,25,-30.17,0.0014,2
3,5,26,0.82,1.1427,2
3,5,27,-10.64,0.1194,2
3,5,28,-6.94,0.2660,2
3,5,29,-8.04,0.2103,2
3,5,30,94.18,31.2850,2
3,5,31,9.33,3.2585,2
3,5,32,9.15,3.2055,2
3,5,33,56.11,18.6402,2
3,5,34,-4.57,0.4318,2
3,5,35,43.22,14.3585,2
3,5,36,-12.76,0.0744,2
3,5,37,-18.85,0.0187,2
3,5,38,-19.30,0.0169,2
3,5,39,-6.95,0.2652,2
3,5,40,-10.64,0.1195,2
3,5,41,-19.97,0.0144,2
3,6,0,-30.27,0.0014,2
3,6,1,-32.35,0.0008,2
3,6,2,-32.66,0.0008,2
3,6,3,-30.87,0.0012,2
3,6,4,-23.88,0.0059,2
3,6,5,-39.43,0.0002,2
3,6,6,-20.96,0.0115,2
3,6,7,0.23,1.0386,2
3,6,8,-46.98,0.0000,2
3,6,9,-41.81,0.0001,2
3,6,10,-33.64,0.0006,2
3,6,11,-5.82,0.3356,2
3,6,12,-33.32,0.0007,2
3,6,13,-19.98,0.0144,2
3,6,14,-19.55,0.0159,2
3,6,15,-11.56,0.0973,2
3,6,16,-42.47,0.0001,2
3,6,17,-19.99,0.0144,2
3,6,18,-43.42,0.0001,2
3,6,19,-18.60,0.0198,2
3,6,20,-0.19,0.9686,2
3,6,21,-41.12,0.0001,2
3,6,22,-32.09,0.0009,2
3,6,23,3.84,1.7739,2
3,6,24,-27.64,0.0025,2
3,6,25,-14.60,0.0491,2
3,6,26,-31.19,0.0011,2
3,6,27,-30.36,0.0013,2
3,6,28,-29.27,0.0017,2
3,6,29,-24.15,0.0055,2
3,6,30,-22.53,0.0080,2
3,6,31,-21.57,0.0100,2
3,6,32,-23.12,0.0070,2
3,6,33,-23.60,0.0063,2
3,6,34,-37.46,0.0003,2
3,6,35,-14.10,0.0551,2
3,6,36,-4.91,0.4033,2
3,6,37,1.32,1.2356,2
3,6,38,-2.88,0.6001,2
3,6,39,-12.03,0.0877,2
3,6,40,-4.67,0.4237,2
3,6,41,-7.25,0.2490,2
4,0,0,9.54,3.3202,2
4,0,1,13.82,4.6482,2
4,0,2,51.76,17.1952,2
4,0,3,-0.03,0.9948,2
4,0,4,20.46,6.8095,2
4,0,5,0.53,1.0907,2
4,0,6,-12.44,0.0801,2
4,0,7,30.23,10.0427,2
4,0,8,-3.48,0.5347,2
4,0,9,-15.93,0.0364,2
4,0,10,-1.71,0.7440,2
4,0,11,11.64,3.9619,2
4,0,12,-14.56,0.0496,2
4,0,13,-17.08,0.0280,2
4,0,14,-16.10,0.0350,2
4,0,15,-20.06,0.0142,2
4,0,16,-17.00,0.0285,2
4,0,17,-10.03,0.1367,2
4,0,18,-10.45,0.1246,2
4,0,19,-1.23,0.8103,2
4,0,20,24.70,8.2099,2
4,0,21,3.64,1.7276,2
4,0,22,-16.79,0.0299,2
4,0,23,3.98,1.8082,2
4,0,24,-1.98,0.7086,2
4,0,25,-28.31,0.0021,2
4,0,26,-4.37,0.4500,2
4,0,27,-12.10,0.0863,2
4,0,28,-24.32,0.0053,2
4,0,29,-10.68,0.1184,2
4,0,30,9.53,3.3170,2
4,0,31,-11.89,0.0905,2
4,0,32,-17.74,0.0241,2
4,0,33,-15.84,0.0371,2
4,0,34,-4.04,0.4793,2
4,0,35,-8.15,0.2056,2
4,0,36,2.09,1.3892,2
4,0,37,-5.68,0.3451,2
4,0,38,-5.67,0.3456,2
4,0,39,-25.80,0.0038,2
4,0,40,11.42,3.8939,2
4,0,41,-18.31,0.0211,2
4,1,0,7.19,2.6402,2
4,1,1,-31.27,0.0011,2
4,1,2,0.22,1.0367,2
4,1,3,-6.63,0.2839,2
4,1,4,-8.24,0.2015,2
4,1,5,-18.21,0.0216,2
4,1,6,5.14,2.0927,2
4,1,7,5.63,2.2199,2
4,1,8,0.08,1.0127,2
4,1,9,-14.29,0.0528,2
4,1,10,-6.47,0.2935,2
4,1,11,71.22,23.6595,2
4,1,12,-25.12,0.0044,2
4,1,13,-8.51,0.1904,2
4,1,14,-15.39,0.0411,2
4,1,15,1.02,1.1795,2
4,1,16,-21.42,0.0104,2
4,1,17,-17.75,0.0240,2
4,1,18,-20.34,0.0133,2
4,1,19,-14.52,0.0500,2
4,1,20,0.08,1.0126,2
4,1,21,-14.45,0.0508,2
4,1,22,-28.97,0.0018,2
4,1,23,-2.25,0.6740,2
4,1,24,-22.40,0.0083,2
4,1,25,-15.42,0.0408,2
4,1,26,-8.89,0.1751,2
4,1,27,-25.85,0.0037,2
4,1,28,-15.49,0.0402,2
4,1,29,-9.39,0.1571,2
4,1,30,11.02,3.7709,2
4,1,31,-5.11,0.3878,2
4,1,32,-23.02,0.0072,2
4,1,33,-22.46,0.0082,2
4,1,34,-11.27,0.1038,2
4,1,35,14.61,4.9039,2
4,1,36,-4.53,0.4354,2
4,1,37,-11.45,0.0999,2
4,1,38,-28.40,0.0021,2
4,1,39,-22.82,0.0075,2
4,1,40,-13.61,0.0615,2
4,1,41,-23.77,0.0060,2
4,2,0,-19.07,0.0178,2
4,2,1,-7.48,0.2372,2
4,2,2,-15.60,0.0392,2
4,2,3,-4.90,0.4041,2
4,2,4,-23.00,0.0072,2
4,2,5,-32.52,0.0008,2
4,2,6,-10.47,0.1239,2
4,2,7,-9.16,0.1653,2
4,2,8,-7.33,0.2449,2
4,2,9,-13.71,0.0602,2
4,2,10,-26.12,0.0035,2
4,2,11,7.16,2.6322,2
4,2,12,10.60,3.6410,2
4,2,13,-28.96,0.0018,2
4,2,14,22.50,7.4838,2
4,2,15,-6.15,0.3133,2
4,2,16,-12.88,0.0724,2
4,2,17,5.99,2.3143,2
4,2,18,-3.39,0.5437,2
4,2,19,-6.20,0.3100,2
4,2,20,17.27,5.7627,2
4,2,21,5.65,2.2239,2
4,2,22,-20.80,0.0119,2
4,2,23,-3.32,0.5514,2
4,2,24,-7.45,0.2388,2
4,2,25,-17.90,0.0232,2
4,2,26,-39.45,0.0002,2
4,2,27,-14.26,0.0531,2
4,2,28,-18.00,0.0227,2
4,2,29,19.59,6.5249,2
4,2,30,-5.34,0.3697,2
4,2,31,-39.02,0.0002,2
4,2,32,-10.85,0.1139,2
4,2,33,-19.64,0.0156,2
4,2,34,-21.25,0.0108,2
4,2,35,3.27,1.6436,2
4,2,36,-10.84,0.1141,2
4,2,37,-35.07,0.0004,2
4,2,38,-12.69,0.0756,2
4,2,39,-5.00,0.3961,2
4,2,40,-7.97,0.2138,2
4,2,41,-11.07,0.1086,2
4,3,0,-1.91,0.7174,2
4,3,1,-5.13,0.3865,2
4,3,2,-1.07,0.8333,2
4,3,3,-8.24,0.2014,2
4,3,4,-7.78,0.2223,2
4,3,5,-6.81,0.2733,2
4,3,6,-5.00,0.3966,2
4,3,7,-11.19,0.1056,2
4,3,8,-18.68,0.0194,2
4,3,9,-15.00,0.0449,2
4,3,10,-12.78,0.0741,2
4,3,11,13.91,4.6775,2
4,3,12,-10.97,0.1110,2
4,3,13,-32.87,0.0007,2
4,3,14,-24.87,0.0047,2
4,3,15,-16.44,0.0324,2
4,3,16,-7.03,0.2608,2
4,3,17,2.76,1.5295,2
4,3,18,1.54,1.2788,2
4,3,19,12.70,4.2956,2
4,3,20,48.91,16.2490,2
4,3,21,23.82,7.9199,2
4,3,22,-20.27,0.0135,2
4,3,23,15.01,5.0302,2
4,3,24,-5.67,0.3462,2
4,3,25,-24.94,0.0046,2
4,3,26,-8.62,0.1857,2
4,3,27,-18.85,0.0187,2
4,3,28,-30.15,0.0014,2
4,3,29,-10.29,0.1290,2
4,3,30,-0.29,0.9533,2
4,3,31,-2.15,0.6861,2
4,3,32,5.56,2.2021,2
4,3,33,1.11,1.1961,2
4,3,34,-10.43,0.1250,2
4,3,35,1.64,1.2978,2
4,3,36,-12.42,0.0804,2
4,3,37,-28.16,0.0022,2
4,3,38,-9.46,0.1548,2
4,3,39,-32.89,0.0007,2
4,3,40,-15.73,0.0381,2
4,3,41,-1.55,0.7658,2
4,4,0,-22.17,0.0087,2
4,4,1,-31.85,0.0009,2
4,4,2,-28.26,0.0022,2
4,4,3,-8.38,0.1958,2
4,4,4,-24.46,0.0052,2
4,4,5,4.14,1.8462,2
4,4,6,-17.03,0.0283,2
4,4,7,-18.93,0.0183,2
4,4,8,-11.70,0.0945,2
4,4,9,-23.92,0.0058,2
4,4,10,-28.34,0.0021,2
4,4,11,-0.61,0.9027,2
4,4,12,-27.64,0.0025,2
4,4,13,-20.16,0.0138,2
4,4,14,-36.63,0.0003,2
4,4,15,-30.58,0.0013,2
4,4,16,-24.95,0.0046,2
4,4,17,-18.81,0.0188,2
4,4,18,-18.47,0.0204,2
4,4,19,-31.49,0.0010,2
4,4,20,-0.89,0.8594,2
4,4,21,-21.16,0.0110,2
4,4,22,-25.14,0.0044,2
4,4,23,5.27,2.1254,2
4,4,24,-14.32,0.0524,2
4,4,25,-17.30,0.0266,2
4,4,26,-6.56,0.2881,2
4,4,27,-3.43,0.5404,2
4,4,28,-25.80,0.0038,2
4,4,29,5.01,2.0597,2
4,4,30,-0.41,0.9340,2
4,4,31,-18.78,0.0190,2
4,4,32,-36.17,0.0003,2
4,4,33,-29.06,0.0018,2
4,4,34,-15.89,0.0367,2
4,4,35,2.42,1.4573,2
4,4,36,0.40,1.0672,2
4,4,37,-38.23,0.0002,2
4,4,38,-25.22,0.0043,2
4,4,39,-16.10,0.0350,2
4,4,40,-31.39,0.0010,2
4,4,41,-26.75,0.0030,2
4,5,0,-11.52,0.0983,2
4,5,1,-38.66,0.0002,2
4,5,2,-24.22,0.0054,2
4,5,3,-13.14,0.0684,2
4,5,4,-9.67,0.1478,2
4,5,5,-8.38,0.1956,2
4,5,6,-7.92,0.2159,2
4,5,7,-1.40,0.7862,2
4,5,8,7.40,2.6987,2
4,5,9,-11.65,0.0955,2
4,5,10,-18.90,0.0185,2
4,5,11,3.47,1.6878,2
4,5,12,-18.32,0.0211,2
4,5,13,-20.68,0.0123,2
4,5,14,-10.22,0.1311,2
4,5,15,-32.07,0.0009,2
4,5,16,-24.30,0.0053,2
4,5,17,-22.42,0.0082,2
4,5,18,-23.64,0.0062,2
4,5,19,0.58,1.0992,2
4,5,20,0.17,1.0289,2
4,5,21,-22.60,0.0079,2
4,5,22,-28.79,0.0019,2
4,5,23,-9.48,0.1541,2
4,5,24,-15.84,0.0371,2
4,5,25,-30.17,0.0014,2
4,5,26,0.82,1.1427,2
4,5,27,-10.64,0.1194,2
4,5,28,-6.94,0.2660,2
4,5,29,-8.04,0.2103,2
4,5,30,94.18,31.2850,2
4,5,31,9.33,3.2585,2
4,5,32,9.15,3.2055,2
4,5,33,56.11,18.6402,2
4,5,34,-4.57,0.4318,2
4,5,35,43.22,14.3585,2
4,5,36,-12.76,0.0744,2
4,5,37,-18.85,0.0187,2
4,5,38,-19.30,0.0169,2
4,5,39,-6.95,0.2652,2
4,5,40,-10.64,0.1195,2
4,5,41,-19.97,0.0144,2
4,6,0,-30.27,0.0014,2
4,6,1,-32.35,0.0008,2
4,6,2,-32.66,0.0008,2
4,6,3,-30.87,0.0012,2
4,6,4,-23.88,0.0059,2
4,6,5,-39.43,0.0002,2
4,6,6,-20.96,0.0115,2
4,6,7,0.23,1.0386,2
4,6,8,-46.98,0.0000,2
4,6,9,-41.81,0.0001,2
4,6,10,-33.64,0.0006,2
4,6,11,-5.82,0.3356,2
4,6,12,-33.32,0.0007,2
4,6,13,-19.98,0.0144,2
4,6,14,-19.55,0.0159,2
4,6,15,-11.56,0.0973,2
4,6,16,-42.47,0.0001,2
4,6,17,-19.99,0.0144,2
4,6,18,-43.42,0.0001,2
4,6,19,-18.60,0.0198,2
4,6,20,-0.19,0.9686,2
4,6,21,-41.12,0.0001,2
4,6,22,-32.09,0.0009,2
4,6,23,3.84,1.7739,2
4,6,24,-27.64,0.0025,2
4,6,25,-14.60,0.0491,2
4,6,26,-31.19,0.0011,2
4,6,27,-30.36,0.0013,2
4,6,28,-29.27,0.0017,2
4,6,29,-24.15,0.0055,2
4,6,30,-22.53,0.0080,2
4,6,31,-21.57,0.0100,2
4,6,32,-23.12,0.0070,2
4,6,33,-23.60,0.0063,2
4,6,34,-37.46,0.0003,2
4,6,35,-14.10,0.0551,2
4,6,36,-4.91,0.4033,2
4,6,37,1.32,1.2356,2
4,6,38,-2.88,0.6001,2
4,6,39,-12.03,0.0877,2
4,6,40,-4.67,0.4237,2
4,6,41,-7.25,0.2490,2
5,0,0,9.54,3.3202,2
5,0,1,13.82,4.6482,2
5,0,2,51.76,17.1952,2
5,0,3,-0.03,0.9948,2
5,0,4,20.46,6.8095,2
5,0,5,0.53,1.0907,2
5,0,6,-12.44,0.0801,2
5,0,7,30.23,10.0427,2
5,0,8,-3.48,0.5347,2
5,0,9,-15.93,0.0364,2
5,0,10,-1.71,0.7440,2
5,0,11,11.64,3.9619,2
5,0,12,-14.56,0.0496,2
5,0,13,-17.08,0.0280,2
5,0,14,-16.10,0.0350,2
5,0,15,-20.06,0.0142,2
5,0,16,-17.00,0.0285,2
5,0,17,-10.03,0.1367,2
5,0,18,-10.45,0.1246,2
5,0,19,-1.23,0.8103,2
5,0,20,24.70,8.2099,2
5,0,21,3.64,1.7276,2
5,0,22,-16.79,0.0299,2
5,0,23,3.98,1.8082,2
5,0,24,-1.98,0.7086,2
5,0,25,-28.31,0.0021,2
5,0,26,-4.37,0.4500,2
5,0,27,-12.10,0.0863,2
5,0,28,-24.32,0.0053,2
5,0,29,-10.68,0.1184,2
5,0,30,9.53,3.3170,2
5,0,31,-11.89,0.0905,2
5,0,32,-17.74,0.0241,2
5,0,33,-15.84,0.0371,2
5,0,34,-4.04,0.4793,2
5,0,35,-8.15,0.2056,2
5,0,36,2.09,1.3892,2
5,0,37,-5.68,0.3451,2
5,0,38,-5.67,0.3456,2
5,0,39,-25.80,0.0038,2
5,0,40,11.42,3.8939,2
5,0,41,-18.31,0.0211,2
5,1,0,7.19,2.6402,2
5,1,1,-31.27,0.0011,2
5,1,2,0.22,1.0367,2
5,1,3,-6.63,0.2839,2
5,1,4,-8.24,0.2015,2
5,1,5,-18.21,0.0216,2
5,1,6,5.14,2.0927,2
5,1,7,5.63,2.2199,2
5,1,8,0.08,1.0127,2
5,1,9,-14.29,0.0528,2
5,1,10,-6.47,0.2935,2
5,1,11,71.22,23.6595,2
5,1,12,-25.12,0.0044,2
5,1,13,-8.51,0.1904,2
5,1,14,-15.39,0.0411,2
5,1,15,1.02,1.1795,2
5,1,16,-21.42,0.0104,2
5,1,17,-17.75,0.0240,2
5,1,18,-20.34,0.0133,2
5,1,19,-14.52,0.0500,2
5,1,20,0.08,1.0126,2
5,1,21,-14.45,0.0508,2
5,1,22,-28.97,0.0018,2
5,1,23,-2.25,0.6740,2
5,1,24,-22.40,0.0083,2
5,1,25,-15.42,0.0408,2
5,1,26,-8.89,0.1751,2
5,1,27,-25.85,0.0037,2
5,1,28,-15.49,0.0402,2
5,1,29,-9.39,0.1571,2
5,1,30,11.02,3.7709,2
5,1,31,-5.11,0.3878,2
5,1,32,-23.02,0.0072,2
5,1,33,-22.46,0.0082,2
5,1,34,-11.27,0.1038,2
5,1,35,14.61,4.9039,2
5,1,36,-4.53,0.4354,2
5,1,37,-11.45,0.0999,2
5,1,38,-28.40,0.0021,2
5,1,39,-22.82,0.0075,2
5,1,40,-13.61,0.0615,2
5,1,41,-23.77,0.0060,2
5,2,0,-19.07,0.0178,2
5,2,1,-7.48,0.2372,2
5,2,2,-15.60,0.0392,2
5,2,3,-4.90,0.4041,2
5,2,4,-23.00,0.0072,2
5,2,5,-32.52,0.0008,2
5,2,6,-10.47,0.1239,2
5,2,7,-9.16,0.1653,2
5,2,8,-7.33,0.2449,2
5,2,9,-13.71,0.0602,2
5,2,10,-26.12,0.0035,2
5,2,11,7.16,2.6322,2
5,2,12,10.60,3.6410,2
5,2,13,-28.96,0.0018,2
5,2,14,22.50,7.4838,2
5,2,15,-6.15,0.3133,2
5,2,16,-12.88,0.0724,2
5,2,17,5.99,2.3143,2
5,2,18,-3.39,0.5437,2
5,2,19,-6.20,0.3100,2
5,2,20,17.27,5.7627,2
5,2,21,5.65,2.2239,2
5,2,22,-20.80,0.0119,2
5,2,23,-3.32,0.5514,2
5,2,24,-7.45,0.2388,2
5,2,25,-17.90,0.0232,2
5,2,26,-39.45,0.0002,2
5,2,27,-14.26,0.0531,2
5,2,28,-18.00,0.0227,2
5,2,29,19.59,6.5249,2
5,2,30,-5.34,0.3697,2
5,2,31,-39.02,0.0002,2
5,2,32,-10.85,0.1139,2
5,2,33,-19.64,0.0156,2
5,2,34,-21.25,0.0108,2
5,2,35,3.27,1.6436,2
5,2,36,-10.84,0.1141,2
5,2,37,-35.07,0.0004,2
5,2,38,-12.69,0.0756,2
5,2,39,-5.00,0.3961,2
5,2,40,-7.97,0.2138,2
5,2,41,-11.07,0.1086,2
5,3,0,-1.91,0.7174,2
5,3,1,-5.13,0.3865,2
5,3,2,-1.07,0.8333,2
5,3,3,-8.24,0.2014,2
5,3,4,-7.78,0.2223,2
5,3,5,-6.81,0.2733,2
5,3,6,-5.00,0.3966,2
5,3,7,-11.19,0.1056,2
5,3,8,-18.68,0.0194,2
5,3,9,-15.00,0.0449,2
5,3,10,-12.78,0.0741,2
5,3,11,13.91,4.6775,2
5,3,12,-10.97,0.1110,2
5,3,13,-32.87,0.0007,2
5,3,14,-24.87,0.0047,2
5,3,15,-16.44,0.0324,2
5,3,16,-7.03,0.2608,2
5,3,17,2.76,1.5295,2
5,3,18,1.54,1.2788,2
5,3,19,12.70,4.2956,2
5,3,20,48.91,16.2490,2
5,3,21,23.82,7.9199,2
5,3,22,-20.27,0.0135,2
5,3,23,15.01,5.0302,2
5,3,24,-5.67,0.3462,2
5,3,25,-24.94,0.0046,2
5,3,26,-8.62,0.1857,2
5,3,27,-18.85,0.0187,2
5,3,28,-30.15,0.0014,2
5,3,29,-10.29,0.1290,2
5,3,30,-0.29,0.9533,2
5,3,31,-2.15,0.6861,2
5,3,32,5.56,2.2021,2
5,3,33,1.11,1.1961,2
5,3,34,-10.43,0.1250,2
5,3,35,1.64,1.2978,2
5,3,36,-12.42,0.0804,2
5,3,37,-28.16,0.0022,2
5,3,38,-9.46,0.1548,2
5,3,39,-32.89,0.0007,2
5,3,40,-15.73,0.0381,2
5,3,41,-1.55,0.7658,2
5,4,0,-22.17,0.0087,2
5,4,1,-31.85,0.0009,2
5,4,2,-28.26,0.0022,2
5,4,3,-8.38,0.1958,2
5,4,4,-24.46,0.0052,2
5,4,5,4.14,1.8462,2
5,4,6,-17.03,0.0283,2
5,4,7,-18.93,0.0183,2
5,4,8,-11.70,0.0945,2
5,4,9,-23.92,0.0058,2
5,4,10,-28.34,0.0021,2
5,4,11,-0.61,0.9027,2
5,4,12,-27.64,0.0025,2
5,4,13,-20.16,0.0138,2
5,4,14,-36.63,0.0003,2
5,4,15,-30.58,0.0013,2
5,4,16,-24.95,0.0046,2
5,4,17,-18.81,0.0188,2
5,4,18,-18.47,0.0204,2
5,4,19,-31.49,0.0010,2
5,4,20,-0.89,0.8594,2
5,4,21,-21.16,0.0110,2
5,4,22,-25.14,0.0044,2
5,4,23,5.27,2.1254,2
5,4,24,-14.32,0.0524,2
5,4,25,-17.30,0.0266,2
5,4,26,-6.56,0.2881,2
5,4,27,-3.43,0.5404,2
5,4,28,-25.80,0.0038,2
5,4,29,5.01,2.0597,2
5,4,30,-0.41,0.9340,2
5,4,31,-18.78,0.0190,2
5,4,32,-36.17,0.0003,2
5,4,33,-29.06,0.0018,2
5,4,34,-15.89,0.0367,2
5,4,35,2.42,1.4573,2
5,4,36,0.40,1.0672,2
5,4,37,-38.23,0.0002,2
5,4,38,-25.22,0.0043,2
5,4,39,-16.10,0.0350,2
5,4,40,-31.39,0.0010,2
5,4,41,-26.75,0.0030,2
5,5,0,-11.52,0.0983,2
5,5,1,-38.66,0.0002,2
5,5,2,-24.22,0.0054,2
5,5,3,-13.14,0.0684,2
5,5,4,-9.67,0.1478,2
5,5,5,-8.38,0.1956,2
5,5,6,-7.92,0.2159,2
5,5,7,-1.40,0.7862,2
5,5,8,7.40,2.6987,2
5,5,9,-11.65,0.0955,2
5,5,10,-18.90,0.0185,2
5,5,11,3.47,1.6878,2
5,5,12,-18.32,0.0211,2
5,5,13,-20.68,0.0123,2
5,5,14,-10.22,0.1311,2
5,5,15,-32.07,0.0009,2
5,5,16,-24.30,0.0053,2
5,5,17,-22.42,0.0082,2
5,5,18,-23.64,0.0062,2
5,5,19,0.58,1.0992,2
5,5,20,0.17,1.0289,2
5,5,21,-22.60,0.0079,2
5,5,22,-28.79,0.0019,2
5,5,23,-9.48,0.1541,2
5,5,24,-15.84,0.0371,2
5,5,25,-30.17,0.0014,2
5,5,26,0.82,1.1427,2
5,5,27,-10.64,0.1194,2
5,5,28,-6.94,0.2660,2
5,5,29,-8.04,0.2103,2
5,5,30,94.18,31.2850,2
5,5,31,9.33,3.2585,2
5,5,32,9.15,3.2055,2
5,5,33,56.11,18.6402,2
5,5,34,-4.57,0.4318,2
5,5,35,43.22,14.3585,2
5,5,36,-12.76,0.0744,2
5,5,37,-18.85,0.0187,2
5,5,38,-19.30,0.0169,2
5,5,39,-6.95,0.2652,2
5,5,40,-10.64,0.1195,2
5,5,41,-19.97,0.0144,2
5,6,0,-30.27,0.0014,2
5,6,1,-32.35,0.0008,2
5,6,2,-32.66,0.0008,2
5,6,3,-30.87,0.0012,2
5,6,4,-23.88,0.0059,2
5,6,5,-39.43,0.0002,2
5,6,6,-20.96,0.0115,2
5,6,7,0.23,1.0386,2
5,6,8,-46.98,0.0000,2
5,6,9,-41.81,0.0001,2
5,6,10,-33.64,0.0006,2
5,6,11,-5.82,0.3356,2
5,6,12,-33.32,0.0007,2
5,6,13,-19.98,0.0144,2
5,6,14,-19.55,0.0159,2
5,6,15,-11.56,0.0973,2
5,6,16,-42.47,0.0001,2
5,6,17,-19.99,0.0144,2
5,6,18,-43.42,0.0001,2
5,6,19,-18.60,0.0198,2
5,6,20,-0.19,0.9686,2
5,6,21,-41.12,0.0001,2
5,6,22,-32.09,0.0009,2
5,6,23,3.84,1.7739,2
5,6,24,-27.64,0.0025,2
5,6,25,-14.60,0.0491,2
5,6,26,-31.19,0.0011,2
5,6,27,-30.36,0.0013,2
5,6,28,-29.27,0.0017,2
5,6,29,-24.15,0.0055,2
5,6,30,-22.53,0.0080,2
5,6,31,-21.57,0.0100,2
5,6,32,-23.12,0.0070,2
5,6,33,-23.60,0.0063,2
5,6,34,-37.46,0.0003,2
5,6,35,-14.10,0.0551,2
5,6,36,-4.91,0.4033,2
5,6,37,1.32,1.2356,2
5,6,38,-2.88,0.6001,2
5,6,39,-12.03,0.0877,2
5,6,40,-4.67,0.4237,2
5,6,41,-7.25,0.2490,2
6,0,0,9.54,3.3202,2
6,0,1,13.82,4.6482,2
6,0,2,51.76,17.1952,2
6,0,3,-0.03,0.9948,2
6,0,4,20.46,6.8095,2
6,0,5,0.53,1.0907,2
6,0,6,-12.44,0.0801,2
6,0,7,30.23,10.0427,2
6,0,8,-3.48,0.5347,2
6,0,9,-15.93,0.0364,2
6,0,10,-1.71,0.7440,2
6,0,11,11.64,3.9619,2
6,0,12,-14.56,0.0496,2
6,0,13,-17.08,0.0280,2
6,0,14,-16.10,0.0350,2
6,0,15,-20.06,0.0142,2
6,0,16,-17.00,0.0285,2
6,0,17,-10.03,0.1367,2
6,0,18,-10.45,0.1246,2
6,0,19,-1.23,0.8103,2
6,0,20,24.70,8.2099,2
6,0,21,3.64,1.7276,2
6,0,22,-16.79,0.0299,2
6,0,23,3.98,1.8082,2
6,0,24,-1.98,0.7086,2
6,0,25,-28.31,0.0021,2
6,0,26,-4.37,0.4500,2
6,0,27,-12.10,0.0863,2
6,0,28,-24.32,0.0053,2
6,0,29,-10.68,0.1184,2
6,0,30,9.53,3.3170,2
6,0,31,-11.89,0.0905,2
6,0,32,-17.74,0.0241,2
6,0,33,-15.84,0.0371,2
6,0,34,-4.04,0.4793,2
6,0,35,-8.15,0.2056,2
6,0,36,2.09,1.3892,2
6,0,37,-5.68,0.3451,2
6,0,38,-5.67,0.3456,2
6,0,39,-25.80,0.0038,2
6,0,40,11.42,3.8939,2
6,0,41,-18.31,0.0211,2
6,1,0,7.19,2.6402,2
6,1,1,-31.27,0.0011,2
6,1,2,0.22,1.0367,2
6,1,3,-6.63,0.2839,2
6,1,4,-8.24,0.2015,2
6,1,5,-18.21,0.0216,2
6,1,6,5.14,2.0927,2
6,1,7,5.63,2.2199,2
6,1,8,0.08,1.0127,2
6,1,9,-14.29,0.0528,2
6,1,10,-6.47,0.2935,2
6,1,11,71.22,23.6595,2
6,1,12,-25.12,0.0044,2
6,1,13,-8.51,0.1904,2
6,1,14,-15.39,0.0411,2
6,1,15,1.02,1.1795,2
6,1,16,-21.42,0.0104,2
6,1,17,-17.75,0.0240,2
6,1,18,-20.34,0.0133,2
6,1,19,-14.52,0.0500,2
6,1,20,0.08,1.0126,2
6,1,21,-14.45,0.0508,2
6,1,22,-28.97,0.0018,2
6,1,23,-2.25,0.6740,2
6,1,24,-22.40,0.0083,2
6,1,25,-15.42,0.0408,2
6,1,26,-8.89,0.1751,2
6,1,27,-25.85,0.0037,2
6,1,28,-15.49,0.0402,2
6,1,29,-9.39,0.1571,2
6,1,30,11.02,3.7709,2
6,1,31,-5.11,0.3878,2
6,1,32,-23.02,0.0072,2
6,1,33,-22.46,0.0082,2
6,1,34,-11.27,0.1038,2
6,1,35,14.61,4.9039,2
6,1,36,-4.53,0.4354,2
6,1,37,-11.45,0.0999,2
6,1,38,-28.40,0.0021,2
6,1,39,-22.82,0.0075,2
6,1,40,-13.61,0.0615,2
6,1,41,-23.77,0.0060,2
6,2,0,-19.07,0.0178,2
6,2,1,-7.48,0.2372,2
6,2,2,-15.60,0.0392,2
6,2,3,-4.90,0.4041,2
6,2,4,-23.00,0.0072,2
6,2,5,-32.52,0.0008,2
6,2,6,-10.47,0.1239,2
6,2,7,-9.16,0.1653,2
6,2,8,-7.33,0.2449,2
6,2,9,-13.71,0.0602,2
6,2,10,-26.12,0.0035,2
6,2,11,7.16,2.6322,2
6,2,12,10.60,3.6410,2
6,2,13,-28.96,0.0018,2
6,2,14,22.50,7.4838,2
6,2,15,-6.15,0.3133,2
6,2,16,-12.88,0.0724,2
6,2,17,5.99,2.3143,2
6,2,18,-3.39,0.5437,2
6,2,19,-6.20,0.3100,2
6,2,20,17.27,5.7627,2
6,2,21,5.65,2.2239,2
6,2,22,-20.80,0.0119,2
6,2,23,-3.32,0.5514,2
6,2,24,-7.45,0.2388,2
6,2,25,-17.90,0.0232,2
6,2,26,-39.45,0.0002,2
6,2,27,-14.26,0.0531,2
6,2,28,-18.00,0.0227,2
6,2,29,19.59,6.5249,2
6,2,30,-5.34,0.3697,2
6,2,31,-39.02,0.0002,2
6,2,32,-10.85,0.1139,2
6,2,33,-19.64,0.0156,2
6,2,34,-21.25,0.0108,2
6,2,35,3.27,1.6436,2
6,2,36,-10.84,0.1141,2
6,2,37,-35.07,0.0004,2
6,2,38,-12.69,0.0756,2
6,2,39,-5.00,0.3961,2
6,2,40,-7.97,0.2138,2
6,2,41,-11.07,0.1086,2
6,3,0,-1.91,0.7174,2
6,3,1,-5.13,0.3865,2
6,3,2,-1.07,0.8333,2
6,3,3,-8.24,0.2014,2
6,3,4,-7.78,0.2223,2
6,3,5,-6.81,0.2733,2
6,3,6,-5.00,0.3966,2
6,3,7,-11.19,0.1056,2
6,3,8,-18.68,0.0194,2
6,3,9,-15.00,0.0449,2
6,3,10,-12.78,0.0741,2
6,3,11,13.91,4.6775,2
6,3,12,-10.97,0.1110,2
6,3,13,-32.87,0.0007,2
6,3,14,-24.87,0.0047,2
6,3,15,-16.44,0.0324,2
6,3,16,-7.03,0.2608,2
6,3,17,2.76,1.5295,2
6,3,18,1.54,1.2788,2
6,3,19,12.70,4.2956,2
6,3,20,48.91,16.2490,2
6,3,21,23.82,7.9199,2
6,3,22,-20.27,0.0135,2
6,3,23,15.01,5.0302,2
6,3,24,-5.67,0.3462,2
6,3,25,-24.94,0.0046,2
6,3,26,-8.62,0.1857,2
6,3,27,-18.85,0.0187,2
6,3,28,-30.15,0.0014,2
6,3,29,-10.29,0.1290,2
6,3,30,-0.29,0.9533,2
6,3,31,-2.15,0.6861,2
6,3,32,5.56,2.2021,2
6,3,33,1.11,1.1961,2
6,3,34,-10.43,0.1250,2
6,3,35,1.64,1.2978,2
6,3,36,-12.42,0.0804,2
6,3,37,-28.16,0.0022,2
6,3,38,-9.46,0.1548,2
6,3,39,-32.89,0.0007,2
6,3,40,-15.73,0.0381,2
6,3,41,-1.55,0.7658,2
6,4,0,-22.17,0.0087,2
6,4,1,-31.85,0.0009,2
6,4,2,-28.26,0.0022,2
6,4,3,-8.38,0.1958,2
6,4,4,-24.46,0.0052,2
6,4,5,4.14,1.8462,2
6,4,6,-17.03,0.0283,2
6,4,7,-18.93,0.0183,2
6,4,8,-11.70,0.0945,2
6,4,9,-23.92,0.0058,2
6,4,10,-28.34,0.0021,2
6,4,11,-0.61,0.9027,2
6,4,12,-27.64,0.0025,2
6,4,13,-20.16,0.0138,2
6,4,14,-36.63,0.0003,2
6,4,15,-30.58,0.0013,2
6,4,16,-24.95,0.0046,2
6,4,17,-18.81,0.0188,2
6,4,18,-18.47,0.0204,2
6,4,19,-31.49,0.0010,2
6,4,20,-0.89,0.8594,2
6,4,21,-21.16,0.0110,2
6,4,22,-25.14,0.0044,2
6,4,23,5.27,2.1254,2
6,4,24,-14.32,0.0524,2
6,4,25,-17.30,0.0266,2
6,4,26,-6.56,0.2881,2
6,4,27,-3.43,0.5404,2
6,4,28,-25.80,0.0038,2
6,4,29,5.01,2.0597,2
6,4,30,-0.41,0.9340,2
6,4,31,-18.78,0.0190,2
6,4,32,-36.17,0.0003,2
6,4,33,-29.06,0.0018,2
6,4,34,-15.89,0.0367,2
6,4,35,2.42,1.4573,2
6,4,36,0.40,1.0672,2
6,4,37,-38.23,0.0002,2
6,4,38,-25.22,0.0043,2
6,4,39,-16.10,0.0350,2
6,4,40,-31.39,0.0010,2
6,4,41,-26.75,0.0030,2
6,5,0,-11.52,0.0983,2
6,5,1,-38.66,0.0002,2
6,5,2,-24.22,0.0054,2
6,5,3,-13.14,0.0684,2
6,5,4,-9.67,0.1478,2
6,5,5,-8.38,0.1956,2
6,5,6,-7.92,0.2159,2
6,5,7,-1.40,0.7862,2
6,5,8,7.40,2.6987,2
6,5,9,-11.65,0.0955,2
6,5,10,-18.90,0.0185,2
6,5,11,3.47,1.6878,2
6,5,12,-18.32,0.0211,2
6,5,13,-20.68,0.0123,2
6,5,14,-10.22,0.1311,2
6,5,15,-32.07,0.0009,2
6,5,16,-24.30,0.0053,2
6,5,17,-22.42,0.0082,2
6,5,18,-23.64,0.0062,2
6,5,19,0.58,1.0992,2
6,5,20,0.17,1.0289,2
6,5,21,-22.60,0.0079,2
6,5,22,-28.79,0.0019,2
6,5,23,-9.48,0.1541,2
6,5,24,-15.84,0.0371,2
6,5,25,-30.17,0.0014,2
6,5,26,0.82,1.1427,2
6,5,27,-10.64,0.1194,2
6,5,28,-6.94,0.2660,2
6,5,29,-8.04,0.2103,2
6,5,30,94.18,31.2850,2
6,5,31,9.33,3.2585,2
6,5,32,9.15,3.2055,2
6,5,33,56.11,18.6402,2
6,5,34,-4.57,0.4318,2
6,5,35,43.22,14.3585,2
6,5,36,-12.76,0.0744,2
6,5,37,-18.85,0.0187,2
6,5,38,-19.30,0.0169,2
6,5,39,-6.95,0.2652,2
6,5,40,-10.64,0.1195,2
6,5,41,-19.97,0.0144,2
6,6,0,-30.27,0.0014,2
6,6,1,-32.35,0.0008,2
6,6,2,-32.66,0.0008,2
6,6,3,-30.87,0.0012,2
6,6,4,-23.88,0.0059,2
6,6,5,-39.43,0.0002,2
6,6,6,-20.96,0.0115,2
6,6,7,0.23,1.0386,2
6,6,8,-46.98,0.0000,2
6,6,9,-41.81,0.0001,2
6,6,10,-33.64,0.0006,2
6,6,11,-5.82,0.3356,2
6,6,12,-33.32,0.0007,2
6,6,13,-19.98,0.0144,2
6,6,14,-19.55,0.0159,2
6,6,15,-11.56,0.0973,2
6,6,16,-42.47,0.0001,2
6,6,17,-19.99,0.0144,2
6,6,18,-43.42,0.0001,2
6,6,19,-18.60,0.0198,2
6,6,20,-0.19,0.9686,2
6,6,21,-41.12,0.0001,2
6,6,22,-32.09,0.0009,2
6,6,23,3.84,1.7739,2
6,6,24,-27.64,0.0025,2
6,6,25,-14.60,0.0491,2
6,6,26,-31.19,0.0011,2
6,6,27,-30.36,0.0013,2
6,6,28,-29.27,0.0017,2
6,6,29,-24.15,0.0055,2
6,6,30,-22.53,0.0080,2
6,6,31,-21.57,0.0100,2
6,6,32,-23.12,0.0070,2
6,6,33,-23.60,0.0063,2
6,6,34,-37.46,0.0003,2
6,6,35,-14.10,0.0551,2
6,6,36,-4.91,0.4033,2
6,6,37,1.32,1.2356,2
6,6,38,-2.88,0.6001,2
6,6,39,-12.03,0.0877,2
6,6,40,-4.67,0.4237,2
6,6,41,-7.25,0.2490,2
7,0,0,9.54,3.3202,2
7,0,1,13.82,4.6482,2
7,0,2,51.76,17.1952,2
7,0,3,-0.03,0.9948,2
7,0,4,20.46,6.8095,2
7,0,5,0.53,1.0907,2
7,0,6,-12.44,0.0801,2
7,0,7,30.23,10.0427,2
7,0,8,-3.48,0.5347,2
7,0,9,-15.93,0.0364,2
7,0,10,-1.71,0.7440,2
7,0,11,11.64,3.9619,2
7,0,12,-14.56,0.0496,2
7,0,13,-17.08,0.0280,2
7,0,14,-16.10,0.0350,2
7,0,15,-20.06,0.0142,2
7,0,16,-17.00,0.0285,2
7,0,17,-10.03,0.1367,2
7,0,18,-10.45,0.1246,2
7,0,19,-1.23,0.8103,2
7,0,20,24.70,8.2099,2
7,0,21,3.64,1.7276,2
7,0,22,-16.79,0.0299,2
7,0,23,3.98,1.8082,2
7,0,24,-1.98,0.7086,2
7,0,25,-28.31,0.0021,2
7,0,26,-4.37,0.4500,2
7,0,27,-12.10,0.0863,2
7,0,28,-24.32,0.0053,2
7,0,29,-10.68,0.1184,2
7,0,30,9.53,3.3170,2
7,0,31,-11.89,0.0905,2
7,0,32,-17.74,0.0241,2
7,0,33,-15.84,0.0371,2
7,0,34,-4.04,0.4793,2
7,0,35,-8.15,0.2056,2
7,0,36,2.09,1.3892,2
7,0,37,-5.68,0.3451,2
7,0,38,-5.67,0.3456,2
7,0,39,-25.80,0.0038,2
7,0,40,11.42,3.8939,2
7,0,41,-18.31,0.0211,2
7,1,0,7.19,2.6402,2
7,1,1,-31.27,0.0011,2
7,1,2,0.22,1.0367,2
7,1,3,-6.63,0.2839,2
7,1,4,-8.24,0.2015,2
7,1,5,-18.21,0.0216,2
7,1,6,5.14,2.0927,2
7,1,7,5.63,2.2199,2
7,1,8,0.08,1.0127,2
7,1,9,-14.29,0.0528,2
7,1,10,-6.47,0.2935,2
7,1,11,71.22,23.6595,2
7,1,12,-25.12,0.0044,2
7,1,13,-8.51,0.1904,2
7,1,14,-15.39,0.0411,2
7,1,15,1.02,1.1795,2
7,1,16,-21.42,0.0104,2
7,1,17,-17.75,0.0240,2
7,1,18,-20.34,0.0133,2
7,1,19,-14.52,0.0500,2
7,1,20,0.08,1.0126,2
7,1,21,-14.45,0.0508,2
7,1,22,-28.97,0.0018,2
7,1,23,-2.25,0.6740,2
7,1,24,-22.40,0.0083,2
7,1,25,-15.42,0.0408,2
7,1,26,-8.89,0.1751,2
7,1,27,-25.85,0.0037,2
7,1,28,-15.49,0.0402,2
7,1,29,-9.39,0.1571,2
7,1,30,11.02,3.7709,2
7,1,31,-5.11,0.3878,2
7,1,32,-23.02,0.0072,2
7,1,33,-22.46,0.0082,2
7,1,34,-11.27,0.1038,2
7,1,35,14.61,4.9039,2
7,1,36,-4.53,0.4354,2
7,1,37,-11.45,0.0999,2
7,1,38,-28.40,0.0021,2
7,1,39,-22.82,0.0075,2
7,1,40,-13.61,0.0615,2
7,1,41,-23.77,0.0060,2
7,2,0,-19.07,0.0178,2
7,2,1,-7.48,0.2372,2
7,2,2,-15.60,0.0392,2
7,2,3,-4.90,0.4041,2
7,2,4,-23.00,0.0072,2
7,2,5,-32.52,0.0008,2
7,2,6,-10.47,0.1239,2
7,2,7,-9.16,0.1653,2
7,2,8,-7.33,0.2449,2
7,2,9,-13.71,0.0602,2
7,2,10,-26.12,0.0035,2
7,2,11,7.16,2.6322,2
7,2,12,10.60,3.6410,2
7,2,13,-28.96,0.0018,2
7,2,14,22.50,7.4838,2
7,2,15,-6.15,0.3133,2
7,2,16,-12.88,0.0724,2
7,2,17,5.99,2.3143,2
7,2,18,-3.39,0.5437,2
7,2,19,-6.20,0.3100,2
7,2,20,17.27,5.7627,2
7,2,21,5.65,2.2239,2
7,2,22,-20.80,0.0119,2
7,2,23,-3.32,0.5514,2
7,2,24,-7.45,0.2388,2
7,2,25,-17.90,0.0232,2
7,2,26,-39.45,0.0002,2
7,2,27,-14.26,0.0531,2
7,2,28,-18.00,0.0227,2
7,2,29,19.59,6.5249,2
7,2,30,-5.34,0.3697,2
7,2,31,-39.02,0.0002,2
7,2,32,-10.85,0.1139,2
7,2,33,-19.64,0.0156,2
7,2,34,-21.25,0.0108,2
7,2,35,3.27,1.6436,2
7,2,36,-10.84,0.1141,2
7,2,37,-35.07,0.0004,2
7,2,38,-12.69,0.0756,2
7,2,39,-5.00,0.3961,2
7,2,40,-7.97,0.2138,2
7,2,41,-11.07,0.1086,2
7,3,0,-1.91,0.7174,2
7,3,1,-5.13,0.3865,2
7,3,2,-1.07,0.8333,2
7,3,3,-8.24,0.2014,2
7,3,4,-7.78,0.2223,2
7,3,5,-6.81,0.2733,2
7,3,6,-5.00,0.3966,2
7,3,7,-11.19,0.1056,2
7,3,8,-18.68,0.0194,2
7,3,9,-15.00,0.0449,2
7,3,10,-12.78,0.0741,2
7,3,11,13.91,4.6775,2
7,3,12,-10.97,0.1110,2
7,3,13,-32.87,0.0007,2
7,3,14,-24.87,0.0047,2
7,3,15,-16.44,0.0324,2
7,3,16,-7.03,0.2608,2
7,3,17,2.76,1.5295,2
7,3,18,1.54,1.2788,2
7,3,19,12.70,4.2956,2
7,3,20,48.91,16.2490,2
7,3,21,23.82,7.9199,2
7,3,22,-20.27,0.0135,2
7,3,23,15.01,5.0302,2
7,3,24,-5.67,0.3462,2
7,3,25,-24.94,0.0046,2
7,3,26,-8.62,0.1857,2
7,3,27,-18.85,0.0187,2
7,3,28,-30.15,0.0014,2
7,3,29,-10.29,0.1290,2
7,3,30,-0.29,0.9533,2
7,3,31,-2.15,0.6861,2
7,3,32,5.56,2.2021,2
7,3,33,1.11,1.1961,2
7,3,34,-10.43,0.1250,2
7,3,35,1.64,1.2978,2
7,3,36,-12.42,0.0804,2
7,3,37,-28.16,0.0022,2
7,3,38,-9.46,0.1548,2
7,3,39,-32.89,0.0007,2
7,3,40,-15.73,0.0381,2
7,3,41,-1.55,0.7658,2
7,4,0,-22.17,0.0087,2
7,4,1,-31.85,0.0009,2
7,4,2,-28.26,0.0022,2
7,4,3,-8.38,0.1958,2
7,4,4,-24.46,0.0052,2
7,4,5,4.14,1.8462,2
7,4,6,-17.03,0.0283,2
7,4,7,-18.93,0.0183,2
7,4,8,-11.70,0.0945,2
7,4,9,-23.92,0.0058,2
7,4,10,-28.34,0.0021,2
7,4,11,-0.61,0.9027,2
7,4,12,-27.64,0.0025,2
7,4,13,-20.16,0.0138,2
7,4,14,-36.63,0.0003,2
7,4,15,-30.58,0.0013,2
7,4,16,-24.95,0.0046,2
7,4,17,-18.81,0.0188,2
7,4,18,-18.47,0.0204,2
7,4,19,-31.49,0.0010,2
7,4,20,-0.89,0.8594,2
7,4,21,-21.16,0.0110,2
7,4,22,-25.14,0.0044,2
7,4,23,5.27,2.1254,2
7,4,24,-14.32,0.0524,2
7,4,25,-17.30,0.0266,2
7,4,26,-6.56,0.2881,2
7,4,27,-3.43,0.5404,2
7,4,28,-25.80,0.0038,2
7,4,29,5.01,2.0597,2
7,4,30,-0.41,0.9340,2
7,4,31,-18.78,0.0190,2
7,4,32,-36.17,0.0003,2
7,4,33,-29.06,0.0018,2
7,4,34,-15.89,0.0367,2
7,4,35,2.42,1.4573,2
7,4,36,0.40,1.0672,2
7,4,37,-38.23,0.0002,2
7,4,38,-25.22,0.0043,2
7,4,39,-16.10,0.0350,2
7,4,40,-31.39,0.0010,2
7,4,41,-26.75,0.0030,2
7,5,0,-11.52,0.0983,2
7,5,1,-38.66,0.0002,2
7,5,2,-24.22,0.0054,2
7,5,3,-13.14,0.0684,2
7,5,4,-9.67,0.1478,2
7,5,5,-8.38,0.1956,2
7,5,6,-7.92,0.2159,2
7,5,7,-1.40,0.7862,2
7,5,8,7.40,2.6987,2
7,5,9,-11.65,0.0955,2
7,5,10,-18.90,0.0185,2
7,5,11,3.47,1.6878,2
7,5,12,-18.32,0.0211,2
7,5,13,-20.68,0.0123,2
7,5,14,-10.22,0.1311,2
7,5,15,-32.07,0.0009,2
7,5,16,-24.30,0.0053,2
7,5,17,-22.42,0.0082,2
7,5,18,-23.64,0.0062,2
7,5,19,0.58,1.0992,2
7,5,20,0.17,1.0289,2
7,5,21,-22.60,0.0079,2
7,5,22,-28.79,0.0019,2
7,5,23,-9.48,0.1541,2
7,5,24,-15.84,0.0371,2
7,5,25,-30.17,0.0014,2
7,5,26,0.82,1.1427,2
7,5,27,-10.64,0.1194,2
7,5,28,-6.94,0.2660,2
7,5,29,-8.04,0.2103,2
7,5,30,94.18,31.2850,2
7,5,31,9.33,3.2585,2
7,5,32,9.15,3.2055,2
7,5,33,56.11,18.6402,2
7,5,34,-4.57,0.4318,2
7,5,35,43.22,14.3585,2
7,5,36,-12.76,0.0744,2
7,5,37,-18.85,0.0187,2
7,5,38,-19.30,0.0169,2
7,5,39,-6.95,0.2652,2
7,5,40,-10.64,0.1195,2
7,5,41,-19.97,0.0144,2
7,6,0,-30.27,0.0014,2
7,6,1,-32.35,0.0008,2
7,6,2,-32.66,0.0008,2
7,6,3,-30.87,0.0012,2
7,6,4,-23.88,0.0059,2
7,6,5,-39.43,0.0002,2
7,6,6,-20.96,0.0115,2
7,6,7,0.23,1.0386,2
7,6,8,-46.98,0.0000,2
7,6,9,-41.81,0.0001,2
7,6,10,-33.64,0.0006,2
7,6,11,-5.82,0.3356,2
7,6,12,-33.32,0.0007,2
7,6,13,-19.98,0.0144,2
7,6,14,-19.55,0.0159,2
7,6,15,-11.56,0.0973,2
7,6,16,-42.47,0.0001,2
7,6,17,-19.99,0.0144,2
7,6,18,-43.42,0.0001,2
7,6,19,-18.60,0.0198,2
7,6,20,-0.19,0.9686,2
7,6,21,-41.12,0.0001,2
7,6,22,-32.09,0.0009,2
7,6,23,3.84,1.7739,2
7,6,24,-27.64,0.0025,2
7,6,25,-14.60,0.0491,2
7,6,26,-31.19,0.0011,2
7,6,27,-30.36,0.0013,2
7,6,28,-29.27,0.0017,2
7,6,29,-24.15,0.0055,2
7,6,30,-22.53,0.0080,2
7,6,31,-21.57,0.0100,2
7,6,32,-23.12,0.0070,2
7,6,33,-23.60,0.0063,2
7,6,34,-37.46,0.0003,2
7,6,35,-14.10,0.0551,2
7,6,36,-4.91,0.4033,2
7,6,37,1.32,1.2356,2
7,6,38,-2.88,0.6001,2
7,6,39,-12.03,0.0877,2
7,6,40,-4.67,0.4237,2
7,6,41,-7.25,0.2490,2
8,0,0,9.54,3.3202,2
8,0,1,13.82,4.6482,2
8,0,2,51.76,17.1952,2
8,0,3,-0.03,0.9948,2
8,0,4,20.46,6.8095,2
8,0,5,0.53,1.0907,2
8,0,6,-12.44,0.0801,2
8,0,7,30.23,10.0427,2
8,0,8,-3.48,0.5347,2
8,0,9,-15.93,0.0364,2
8,0,10,-1.71,0.7440,2
8,0,11,11.64,3.9619,2
8,0,12,-14.56,0.0496,2
8,0,13,-17.08,0.0280,2
8,0,14,-16.10,0.0350,2
8,0,15,-20.06,0.0142,2
8,0,16,-17.00,0.0285,2
8,0,17,-10.03,0.1367,2
8,0,18,-10.45,0.1246,2
8,0,19,-1.23,0.8103,2
8,0,20,24.70,8.2099,2
8,0,21,3.64,1.7276,2
8,0,22,-16.79,0.0299,2
8,0,23,3.98,1.8082,2
8,0,24,-1.98,0.7086,2
8,0,25,-28.31,0.0021,2
8,0,26,-4.37,0.4500,2
8,0,27,-12.10,0.0863,2
8,0,28,-24.32,0.0053,2
8,0,29,-10.68,0.1184,2
8,0,30,9.53,3.3170,2
8,0,31,-11.89,0.0905,2
8,0,32,-17.74,0.0241,2
8,0,33,-15.84,0.0371,2
8,0,34,-4.04,0.4793,2
8,0,35,-8.15,0.2056,2
8,0,36,2.09,1.3892,2
8,0,37,-5.68,0.3451,2
8,0,38,-5.67,0.3456,2
8,0,39,-25.80,0.0038,2
8,0,40,11.42,3.8939,2
8,0,41,-18.31,0.0211,2
8,1,0,7.19,2.6402,2
8,1,1,-31.27,0.0011,2
8,1,2,0.22,1.0367,2
8,1,3,-6.63,0.2839,2
8,1,4,-8.24,0.2015,2
8,1,5,-18.21,0.0216,2
8,1,6,5.14,2.0927,2
8,1,7,5.63,2.2199,2
8,1,8,0.08,1.0127,2
8,1,9,-14.29,0.0528,2
8,1,10,-6.47,0.2935,2
8,1,11,71.22,23.6595,2
8,1,12,-25.12,0.0044,2
8,1,13,-8.51,0.1904,2
8,1,14,-15.39,0.0411,2
8,1,15,1.02,1.1795,2
8,1,16,-21.42,0.0104,2
8,1,17,-17.75,0.0240,2
8,1,18,-20.34,0.0133,2
8,1,19,-14.52,0.0500,2
8,1,20,0.08,1.0126,2
8,1,21,-14.45,0.0508,2
8,1,22,-28.97,0.0018,2
8,1,23,-2.25,0.6740,2
8,1,24,-22.40,0.0083,2
8,1,25,-15.42,0.0408,2
8,1,26,-8.89,0.1751,2
8,1,27,-25.85,0.0037,2
8,1,28,-15.49,0.0402,2
8,1,29,-9.39,0.1571,2
8,1,30,11.02,3.7709,2
8,1,31,-5.11,0.3878,2
8,1,32,-23.02,0.0072,2
8,1,33,-22.46,0.0082,2
8,1,34,-11.27,0.1038,2
8,1,35,14.61,4.9039,2
8,1,36,-4.53,0.4354,2
8,1,37,-11.45,0.0999,2
8,1,38,-28.40,0.0021,2
8,1,39,-22.82,0.0075,2
8,1,40,-13.61,0.0615,2
8,1,41,-23.77,0.0060,2
8,2,0,-19.07,0.0178,2
8,2,1,-7.48,0.2372,2
8,2,2,-15.60,0.0392,2
8,2,3,-4.90,0.4041,2
8,2,4,-23.00,0.0072,2
8,2,5,-32.52,0.0008,2
8,2,6,-10.47,0.1239,2
8,2,7,-9.16,0.1653,2
8,2,8,-7.33,0.2449,2
8,2,9,-13.71,0.0602,2
8,2,10,-26.12,0.0035,2
8,2,11,7.16,2.6322,2
8,2,12,10.60,3.6410,2
8,2,13,-28.96,0.0018,2
8,2,14,22.50,7.4838,2
8,2,15,-6.15,0.3133,2
8,2,16,-12.88,0.0724,2
8,2,17,5.99,2.3143,2
8,2,18,-3.39,0.5437,2
8,2,19,-6.20,0.3100,2
8,2,20,17.27,5.7627,2
8,2,21,5.65,2.2239,2
8,2,22,-20.80,0.0119,2
8,2,23,-3.32,0.5514,2
8,2,24,-7.45,0.2388,2
8,2,25,-17.90,0.0232,2
8,2,26,-39.45,0.0002,2
8,2,27,-14.26,0.0531,2
8,2,28,-18.00,0.0227,2
8,2,29,19.59,6.5249,2
8,2,30,-5.34,0.3697,2
8,2,31,-39.02,0.0002,2
8,2,32,-10.85,0.1139,2
8,2,33,-19.64,0.0156,2
8,2,34,-21.25,0.0108,2
8,2,35,3.27,1.6436,2
8,2,36,-10.84,0.1141,2
8,2,37,-35.07,0.0004,2
8,2,38,-12.69,0.0756,2
8,2,39,-5.00,0.3961,2
8,2,40,-7.97,0.2138,2
8,2,41,-11.07,0.1086,2
8,3,0,-1.91,0.7174,2
8,3,1,-5.13,0.3865,2
8,3,2,-1.07,0.8333,2
8,3,3,-8.24,0.2014,2
8,3,4,-7.78,0.2223,2
8,3,5,-6.81,0.2733,2
8,3,6,-5.00,0.3966,2
8,3,7,-11.19,0.1056,2
8,3,8,-18.68,0.0194,2
8,3,9,-15.00,0.0449,2
8,3,10,-12.78,0.0741,2
8,3,11,13.91,4.6775,2
8,3,12,-10.97,0.1110,2
8,3,13,-32.87,0.0007,2
8,3,14,-24.87,0.0047,2
8,3,15,-16.44,0.0324,2
8,3,16,-7.03,0.2608,2
8,3,17,2.76,1.5295,2
8,3,18,1.54,1.2788,2
8,3,19,12.70,4.2956,2
8,3,20,48.91,16.2490,2
8,3,21,23.82,7.9199,2
8,3,22,-20.27,0.0135,2
8,3,23,15.01,5.0302,2
8,3,24,-5.67,0.3462,2
8,3,25,-24.94,0.0046,2
8,3,26,-8.62,0.1857,2
8,3,27,-18.85,0.0187,2
8,3,28,-30.15,0.0014,2
8,3,29,-10.29,0.1290,2
8,3,30,-0.29,0.9533,2
8,3,31,-2.15,0.6861,2
8,3,32,5.56,2.2021,2
8,3,33,1.11,1.1961,2
8,3,34,-10.43,0.1250,2
8,3,35,1.64,1.2978,2
8,3,36,-12.42,0.0804,2
8,3,37,-28.16,0.0022,2
8,3,38,-9.46,0.1548,2
8,3,39,-32.89,0.0007,2
8,3,40,-15.73,0.0381,2
8,3,41,-1.55,0.7658,2
8,4,0,-22.17,0.0087,2
8,4,1,-31.85,0.0009,2
8,4,2,-28.26,0.0022,2
8,4,3,-8.38,0.1958,2
8,4,4,-24.46,0.0052,2
8,4,5,4.14,1.8462,2
8,4,6,-17.03,0.0283,2
8,4,7,-18.93,0.0183,2
8,4,8,-11.70,0.0945,2
8,4,9,-23.92,0.0058,2
8,4,10,-28.34,0.0021,2
8,4,11,-0.61,0.9027,2
8,4,12,-27.64,0.0025,2
8,4,13,-20.16,0.0138,2
8,4,14,-36.63,0.0003,2
8,4,15,-30.58,0.0013,2
8,4,16,-24.95,0.0046,2
8,4,17,-18.81,0.0188,2
8,4,18,-18.47,0.0204,2
8,4,19,-31.49,0.0010,2
8,4,20,-0.89,0.8594,2
8,4,21,-21.16,0.0110,2
8,4,22,-25.14,0.0044,2
8,4,23,5.27,2.1254,2
8,4,24,-14.32,0.0524,2
8,4,25,-17.30,0.0266,2
8,4,26,-6.56,0.2881,2
8,4,27,-3.43,0.5404,2
8,4,28,-25.80,0.0038,2
8,4,29,5.01,2.0597,2
8,4,30,-0.41,0.9340,2
8,4,31,-18.78,0.0190,2
8,4,32,-36.17,0.0003,2
8,4,33,-29.06,0.0018,2
8,4,34,-15.89,0.0367,2
8,4,35,2.42,1.4573,2
8,4,36,0.40,1.0672,2
8,4,37,-38.23,0.0002,2
8,4,38,-25.22,0.0043,2
8,4,39,-16.10,0.0350,2
8,4,40,-31.39,0.0010,2
8,4,41,-26.75,0.0030,2
8,5,0,-11.52,0.0983,2
8,5,1,-38.66,0.0002,2
8,5,2,-24.22,0.0054,2
8,5,3,-13.14,0.0684,2
8,5,4,-9.67,0.1478,2
8,5,5,-8.38,0.1956,2
8,5,6,-7.92,0.2159,2
8,5,7,-1.40,0.7862,2
8,5,8,7.40,2.6987,2
8,5,9,-11.65,0.0955,2
8,5,10,-18.90,0.0185,2
8,5,11,3.47,1.6878,2
8,5,12,-18.32,0.0211,2
8,5,13,-20.68,0.0123,2
8,5,14,-10.22,0.1311,2
8,5,15,-32.07,0.0009,2
8,5,16,-24.30,0.0053,2
8,5,17,-22.42,0.0082,2
8,5,18,-23.64,0.0062,2
8,5,19,0.58,1.0992,2
8,5,20,0.17,1.0289,2
8,5,21,-22.60,0.0079,2
8,5,22,-28.79,0.0019,2
8,5,23,-9.48,0.1541,2
8,5,24,-15.84,0.0371,2
8,5,25,-30.17,0.0014,2
8,5,26,0.82,1.1427,2
8,5,27,-10.64,0.1194,2
8,5,28,-6.94,0.2660,2
8,5,29,-8.04,0.2103,2
8,5,30,94.18,31.2850,2
8,5,31,9.33,3.2585,2
8,5,32,9.15,3.2055,2
8,5,33,56.11,18.6402,2
8,5,34,-4.57,0.4318,2
8,5,35,43.22,14.3585,2
8,5,36,-12.76,0.0744,2
8,5,37,-18.85,0.0187,2
8,5,38,-19.30,0.0169,2
8,5,39,-6.95,0.2652,2
8,5,40,-10.64,0.1195,2
8,5,41,-19.97,0.0144,2
8,6,0,-30.27,0.0014,2
8,6,1,-32.35,0.0008,2
8,6,2,-32.66,0.0008,2
8,6,3,-30.87,0.0012,2
8,6,4,-23.88,0.0059,2
8,6,5,-39.43,0.0002,2
8,6,6,-20.96,0.0115,2
8,6,7,0.23,1.0386,2
8,6,8,-46.98,0.0000,2
8,6,9,-41.81,0.0001,2
8,6,10,-33.64,0.0006,2
8,6,11,-5.82,0.3356,2
8,6,12,-33.32,0.0007,2
8,6,13,-19.98,0.0144,2
8,6,14,-19.55,0.0159,2
8,6,15,-11.56,0.0973,2
8,6,16,-42.47,0.0001,2
8,6,17,-19.99,0.0144,2
8,6,18,-43.42,0.0001,2
8,6,19,-18.60,0.0198,2
8,6,20,-0.19,0.9686,2
8,6,21,-41.12,0.0001,2
8,6,22,-32.09,0.0009,2
8,6,23,3.84,1.7739,2
8,6,24,-27.64,0.0025,2
8,6,25,-14.60,0.0491,2
8,6,26,-31.19,0.0011,2
8,6,27,-30.36,0.0013,2
8,6,28,-29.27,0.0017,2
8,6,29,-24.15,0.0055,2
8,6,30,-22.53,0.0080,2
8,6,31,-21.57,0.0100,2
8,6,32,-23.12,0.0070,2
8,6,33,-23.60,0.0063,2
8,6,34,-37.46,0.0003,2
8,6,35,-14.10,0.0551,2
8,6,36,-4.91,0.4033,2
8,6,37,1.32,1.2356,2
8,6,38,-2.88,0.6001,2
8,6,39,-12.03,0.0877,2
8,6,40,-4.67,0.4237,2
8,6,41,-7.25,0.2490,2
9,0,0,9.54,3.3202,2
9,0,1,13.82,4.6482,2
9,0,2,51.76,17.1952,2
9,0,3,-0.03,0.9948,2
9,0,4,20.46,6.8095,2
9,0,5,0.53,1.0907,2
9,0,6,-12.44,0.0801,2
9,0,7,30.23,10.0427,2
9,0,8,-3.48,0.5347,2
9,0,9,-15.93,0.0364,2
9,0,10,-1.71,0.7440,2
9,0,11,11.64,3.9619,2
9,0,12,-14.56,0.0496,2
9,0,13,-17.08,0.0280,2
9,0,14,-16.10,0.0350,2
9,0,15,-20.06,0.0142,2
9,0,16,-17.00,0.0285,2
9,0,17,-10.03,0.1367,2
9,0,18,-10.45,0.1246,2
9,0,19,-1.23,0.8103,2
9,0,20,24.70,8.2099,2
9,0,21,3.64,1.7276,2
9,0,22,-16.79,0.0299,2
9,0,23,3.98,1.8082,2
9,0,24,-1.98,0.7086,2
9,0,25,-28.31,0.0021,2
9,0,26,-4.37,0.4500,2
9,0,27,-12.10,0.0863,2
9,0,28,-24.32,0.0053,2
9,0,29,-10.68,0.1184,2
9,0,30,9.53,3.3170,2
9,0,31,-11.89,0.0905,2
9,0,32,-17.74,0.0241,2
9,0,33,-15.84,0.0371,2
9,0,34,-4.04,0.4793,2
9,0,35,-8.15,0.2056,2
9,0,36,2.09,1.3892,2
9,0,37,-5.68,0.3451,2
9,0,38,-5.67,0.3456,2
9,0,39,-25.80,0.0038,2
9,0,40,11.42,3.8939,2
9,0,41,-18.31,0.0211,2
9,1,0,7.19,2.6402,2
9,1,1,-31.27,0.0011,2
9,1,2,0.22,1.0367,2
9,1,3,-6.63,0.2839,2
9,1,4,-8.24,0.2015,2
9,1,5,-18.21,0.0216,2
9,1,6,5.14,2.0927,2
9,1,7,5.63,2.2199,2
9,1,8,0.08,1.0127,2
9,1,9,-14.29,0.0528,2
9,1,10,-6.47,0.2935,2
9,1,11,71.22,23.6595,2
9,1,12,-25.12,0.0044,2
9,1,13,-8.51,0.1904,2
9,1,14,-15.39,0.0411,2
9,1,15,1.02,1.1795,2
9,1,16,-21.42,0.0104,2
9,1,17,-17.75,0.0240,2
9,1,18,-20.34,0.0133,2
9,1,19,-14.52,0.0500,2
9,1,20,0.08,1.0126,2
9,1,21,-14.45,0.0508,2
9,1,22,-28.97,0.0018,2
9,1,23,-2.25,0.6740,2
9,1,24,-22.40,0.0083,2
9,1,25,-15.42,0.0408,2
9,1,26,-8.89,0.1751,2
9,1,27,-25.85,0.0037,2
9,1,28,-15.49,0.0402,2
9,1,29,-9.39,0.1571,2
9,1,30,11.02,3.7709,2
9,1,31,-5.11,0.3878,2
9,1,32,-23.02,0.0072,2
9,1,33,-22.46,0.0082,2
9,1,34,-11.27,0.1038,2
9,1,35,14.61,4.9039,2
9,1,36,-4.53,0.4354,2
9,1,37,-11.45,0.0999,2
9,1,38,-28.40,0.0021,2
9,1,39,-22.82,0.0075,2
9,1,40,-13.61,0.0615,2
9,1,41,-23.77,0.0060,2
9,2,0,-19.07,0.0178,2
9,2,1,-7.48,0.2372,2
9,2,2,-15.60,0.0392,2
9,2,3,-4.90,0.4041,2
9,2,4,-23.00,0.0072,2
9,2,5,-32.52,0.0008,2
9,2,6,-10.47,0.1239,2
9,2,7,-9.16,0.1653,2
9,2,8,-7.33,0.2449,2
9,2,9,-13.71,0.0602,2
9,2,10,-26.12,0.0035,2
9,2,11,7.16,2.6322,2
9,2,12,10.60,3.6410,2
9,2,13,-28.96,0.0018,2
9,2,14,22.50,7.4838,2
9,2,15,-6.15,0.3133,2
9,2,16,-12.88,0.0724,2
9,2,17,5.99,2.3143,2
9,2,18,-3.39,0.5437,2
9,2,19,-6.20,0.3100,2
9,2,20,17.27,5.7627,2
9,2,21,5.65,2.2239,2
9,2,22,-20.80,0.0119,2
9,2,23,-3.32,0.5514,2
9,2,24,-7.45,0.2388,2
9,2,25,-17.90,0.0232,2
9,2,26,-39.45,0.0002,2
9,2,27,-14.26,0.0531,2
9,2,28,-18.00,0.0227,2
9,2,29,19.59,6.5249,2
9,2,30,-5.34,0.3697,2
9,2,31,-39.02,0.0002,2
9,2,32,-10.85,0.1139,2
9,2,33,-19.64,0.0156,2
9,2,34,-21.25,0.0108,2
9,2,35,3.27,1.6436,2
9,2,36,-10.84,0.1141,2
9,2,37,-35.07,0.0004,2
9,2,38,-12.69,0.0756,2
9,2,39,-5.00,0.3961,2
9,2,40,-7.97,0.2138,2
9,2,41,-11.07,0.1086,2
9,3,0,-1.91,0.7174,2
9,3,1,-5.13,0.3865,2
9,3,2,-1.07,0.8333,2
9,3,3,-8.24,0.2014,2
9,3,4,-7.78,0.2223,2
9,3,5,-6.81,0.2733,2
9,3,6,-5.00,0.3966,2
9,3,7,-11.19,0.1056,2
9,3,8,-18.68,0.0194,2
9,3,9,-15.00,0.0449,2
9,3,10,-12.78,0.0741,2
9,3,11,13.91,4.6775,2
9,3,12,-10.97,0.1110,2
9,3,13,-32.87,0.0007,2
9,3,14,-24.87,0.0047,2
9,3,15,-16.44,0.0324,2
9,3,16,-7.03,0.2608,2
9,3,17,2.76,1.5295,2
9,3,18,1.54,1.2788,2
9,3,19,12.70,4.2956,2
9,3,20,48.91,16.2490,2
9,3,21,23.82,7.9199,2
9,3,22,-20.27,0.0135,2
9,3,23,15.01,5.0302,2
9,3,24,-5.67,0.3462,2
9,3,25,-24.94,0.0046,2
9,3,26,-8.62,0.1857,2
9,3,27,-18.85,0.0187,2
9,3,28,-30.15,0.0014,2
9,3,29,-10.29,0.1290,2
9,3,30,-0.29,0.9533,2
9,3,31,-2.15,0.6861,2
9,3,32,5.56,2.2021,2
9,3,33,1.11,1.1961,2
9,3,34,-10.43,0.1250,2
9,3,35,1.64,1.2978,2
9,3,36,-12.42,0.0804,2
9,3,37,-28.16,0.0022,2
9,3,38,-9.46,0.1548,2
9,3,39,-32.89,0.0007,2
9,3,40,-15.73,0.0381,2
9,3,41,-1.55,0.7658,2
9,4,0,-22.17,0.0087,2
9,4,1,-31.85,0.0009,2
9,4,2,-28.26,0.0022,2
9,4,3,-8.38,0.1958,2
9,4,4,-24.46,0.0052,2
9,4,5,4.14,1.8462,2
9,4,6,-17.03,0.0283,2
9,4,7,-18.93,0.0183,2
9,4,8,-11.70,0.0945,2
9,4,9,-23.92,0.0058,2
9,4,10,-28.34,0.0021,2
9,4,11,-0.61,0.9027,2
9,4,12,-27.64,0.0025,2
9,4,13,-20.16,0.0138,2
9,4,14,-36.63,0.0003,2
9,4,15,-30.58,0.0013,2
9,4,16,-24.95,0.0046,2
9,4,17,-18.81,0.0188,2
9,4,18,-18.47,0.0204,2
9,4,19,-31.49,0.0010,2
9,4,20,-0.89,0.8594,2
9,4,21,-21.16,0.0110,2
9,4,22,-25.14,0.0044,2
9,4,23,5.27,2.1254,2
9,4,24,-14.32,0.0524,2
9,4,25,-17.30,0.0266,2
9,4,26,-6.56,0.2881,2
9,4,27,-3.43,0.5404,2
9,4,28,-25.80,0.0038,2
9,4,29,5.01,2.0597,2
9,4,30,-0.41,0.9340,2
9,4,31,-18.78,0.0190,2
9,4,32,-36.17,0.0003,2
9,4,33,-29.06,0.0018,2
9,4,34,-15.89,0.0367,2
9,4,35,2.42,1.4573,2
9,4,36,0.40,1.0672,2
9,4,37,-38.23,0.0002,2
9,4,38,-25.22,0.0043,2
9,4,39,-16.10,0.0350,2
9,4,40,-31.39,0.0010,2
9,4,41,-26.75,0.0030,2
9,5,0,-11.52,0.0983,2
9,5,1,-38.66,0.0002,2
9,5,2,-24.22,0.0054,2
9,5,3,-13.14,0.0684,2
9,5,4,-9.67,0.1478,2
9,5,5,-8.38,0.1956,2
9,5,6,-7.92,0.2159,2
9,5,7,-1.40,0.7862,2
9,5,8,7.40,2.6987,2
9,5,9,-11.65,0.0955,2
9,5,10,-18.90,0.0185,2
9,5,11,3.47,1.6878,2
9,5,12,-18.32,0.0211,2
9,5,13,-20.68,0.0123,2
9,5,14,-10.22,0.1311,2
9,5,15,-32.07,0.0009,2
9,5,16,-24.30,0.0053,2
9,5,17,-22.42,0.0082,2
9,5,18,-23.64,0.0062,2
9,5,19,0.58,1.0992,2
9,5,20,0.17,1.0289,2
9,5,21,-22.60,0.0079,2
9,5,22,-28.79,0.0019,2
9,5,23,-9.48,0.1541,2
9,5,24,-15.84,0.0371,2
9,5,25,-30.17,0.0014,2
9,5,26,0.82,1.1427,2
9,5,27,-10.64,0.1194,2
9,5,28,-6.94,0.2660,2
9,5,29,-8.04,0.2103,2
9,5,30,94.18,31.2850,2
9,5,31,9.33,3.2585,2
9,5,32,9.15,3.2055,2
9,5,33,56.11,18.6402,2
9,5,34,-4.57,0.4318,2
9,5,35,43.22,14.3585,2
9,5,36,-12.76,0.0744,2
9,5,37,-18.85,0.0187,2
9,5,38,-19.30,0.0169,2
9,5,39,-6.95,0.2652,2
9,5,40,-10.64,0.1195,2
9,5,41,-19.97,0.0144,2
9,6,0,-30.27,0.0014,2
9,6,1,-32.35,0.0008,2
9,6,2,-32.66,0.0008,2
9,6,3,-30.87,0.0012,2
9,6,4,-23.88,0.0059,2
9,6,5,-39.43,0.0002,2
9,6,6,-20.96,0.0115,2
9,6,7,0.23,1.0386,2
9,6,8,-46.98,0.0000,2
9,6,9,-41.81,0.0001,2
9,6,10,-33.64,0.0006,2
9,6,11,-5.82,0.3356,2
9,6,12,-33.32,0.0007,2
9,6,13,-19.98,0.0144,2
9,6,14,-19.55,0.0159,2
9,6,15,-11.56,0.0973,2
9,6,16,-42.47,0.0001,2
9,6,17,-19.99,0.0144,2
9,6,18,-43.42,0.0001,2
9,6,19,-18.60,0.0198,2
9,6,20,-0.19,0.9686,2
9,6,21,-41.12,0.0001,2
9,6,22,-32.09,0.0009,2
9,6,23,3.84,1.7739,2
9,6,24,-27.64,0.0025,2
9,6,25,-14.60,0.0491,2
9,6,26,-31.19,0.0011,2
9,6,27,-30.36,0.0013,2
9,6,28,-29.27,0.0017,2
9,6,29,-24.15,0.0055,2
9,6,30,-22.53,0.0080,2
9,6,31,-21.57,0.0100,2
9,6,32,-23.12,0.0070,2
9,6,33,-23.60,0.0063,2
9,6,34,-37.46,0.0003,2
9,6,35,-14.10,0.0551,2
9,6,36,-4.91,0.4033,2
9,6,37,1.32,1.2356,2
9,6,38,-2.88,0.6001,2
9,6,39,-12.03,0.0877,2
9,6,40,-4.67,0.4237,2
9,6,41,-7.25,0.2490,2
10,0,0,9.54,3.3202,2
10,0,1,13.82,4.6482,2
10,0,2,51.76,17.1952,2
10,0,3,-0.03,0.9948,2
10,0,4,20.46,6.8095,2
10,0,5,0.53,1.0907,2
10,0,6,-12.44,0.0801,2
10,0,7,30.23,10.0427,2
10,0,8,-3.48,0.5347,2
10,0,9,-15.93,0.0364,2
10,0,10,-1.71,0.7440,2
10,0,11,11.64,3.9619,2
10,0,12,-14.56,0.0496,2
10,0,13,-17.08,0.0280,2
10,0,14,-16.10,0.0350,2
10,0,15,-20.06,0.0142,2
10,0,16,-17.00,0.0285,2
10,0,17,-10.03,0.1367,2
10,0,18,-10.45,0.1246,2
10,0,19,-1.23,0.8103,2
10,0,20,24.70,8.2099,2
10,0,21,3.64,1.7276,2
10,0,22,-16.79,0.0299,2
10,0,23,3.98,1.8082,2
10,0,24,-1.98,0.7086,2
10,0,25,-28.31,0.0021,2
10,0,26,-4.37,0.4500,2
10,0,27,-12.10,0.0863,2
10,0,28,-24.32,0.0053,2
10,0,29,-10.68,0.1184,2
10,0,30,9.53,3.3170,2
10,0,31,-11.89,0.0905,2
10,0,32,-17.74,0.0241,2
10,0,33,-15.84,0.0371,2
10,0,34,-4.04,0.4793,2
10,0,35,-8.15,0.2056,2
10,0,36,2.09,1.3892,2
10,0,37,-5.68,0.3451,2
10,0,38,-5.67,0.3456,2
10,0,39,-25.80,0.0038,2
10,0,40,11.42,3.8939,2
10,0,41,-18.31,0.0211,2
10,1,0,7.19,2.6402,2
10,1,1,-31.27,0.0011,2
10,1,2,0.22,1.0367,2
10,1,3,-6.63,0.2839,2
10,1,4,-8.24,0.2015,2
10,1,5,-18.21,0.0216,2
10,1,6,5.14,2.0927,2
10,1,7,5.63,2.2199,2
10,1,8,0.08,1.0127,2
10,1,9,-14.29,0.0528,2
10,1,10,-6.47,0.2935,2
10,1,11,71.22,23.6595,2
10,1,12,-25.12,0.0044,2
10,1,13,-8.51,0.1904,2
10,1,14,-15.39,0.0411,2
10,1,15,1.02,1.1795,2
10,1,16,-21.42,0.0104,2
10,1,17,-17.75,0.0240,2
10,1,18,-20.34,0.0133,2
10,1,19,-14.52,0.0500,2
10,1,20,0.08,1.0126,2
10,1,21,-14.45,0.0508,2
10,1,22,-28.97,0.0018,2
10,1,23,-2.25,0.6740,2
10,1,24,-22.40,0.0083,2
10,1,25,-15.42,0.0408,2
10,1,26,-8.89,0.1751,2
10,1,27,-25.85,0.0037,2
10,1,28,-15.49,0.0402,2
10,1,29,-9.39,0.1571,2
10,1,30,11.02,3.7709,2
10,1,31,-5.11,0.3878,2
10,1,32,-23.02,0.0072,2
10,1,33,-22.46,0.0082,2
10,1,34,-11.27,0.1038,2
10,1,35,14.61,4.9039,2
10,1,36,-4.53,0.4354,2
10,1,37,-11.45,0.0999,2
10,1,38,-28.40,0.0021,2
10,1,39,-22.82,0.0075,2
10,1,40,-13.61,0.0615,2
10,1,41,-23.77,0.0060,2
10,2,0,-19.07,0.0178,2
10,2,1,-7.48,0.2372,2
10,2,2,-15.60,0.0392,2
10,2,3,-4.90,0.4041,2
10,2,4,-23.00,0.0072,2
10,2,5,-32.52,0.0008,2
10,2,6,-10.47,0.1239,2
10,2,7,-9.16,0.1653,2
10,2,8,-7.33,0.2449,2
10,2,9,-13.71,0.0602,2
10,2,10,-26.12,0.0035,2
10,2,11,7.16,2.6322,2
10,2,12,10.60,3.6410,2
10,2,13,-28.96,0.0018,2
10,2,14,22.50,7.4838,2
10,2,15,-6.15,0.3133,2
10,2,16,-12.88,0.0724,2
10,2,17,5.99,2.3143,2
10,2,18,-3.39,0.5437,2
10,2,19,-6.20,0.3100,2
10,2,20,17.27,5.7627,2
10,2,21,5.65,2.2239,2
10,2,22,-20.80,0.0119,2
10,2,23,-3.32,0.5514,2
10,2,24,-7.45,0.2388,2
10,2,25,-17.90,0.0232,2
10,2,26,-39.45,0.0002,2
10,2,27,-14.26,0.0531,2
10,2,28,-18.00,0.0227,2
10,2,29,19.59,6.5249,2
10,2,30,-5.34,0.3697,2
10,2,31,-39.02,0.0002,2
10,2,32,-10.85,0.1139,2
10,2,33,-19.64,0.0156,2
10,2,34,-21.25,0.0108,2
10,2,35,3.27,1.6436,2
10,2,36,-10.84,0.1141,2
10,2,37,-35.07,0.0004,2
10,2,38,-12.69,0.0756,2
10,2,39,-5.00,0.3961,2
10,2,40,-7.97,0.2138,2
10,2,41,-11.07,0.1086,2
10,3,0,-1.91,0.7174,2
10,3,1,-5.13,0.3865,2
10,3,2,-1.07,0.8333,2
10,3,3,-8.24,0.2014,2
10,3,4,-7.78,0.2223,2
10,3,5,-6.81,0.2733,2
10,3,6,-5.00,0.3966,2
10,3,7,-11.19,0.1056,2
10,3,8,-18.68,0.0194,2
10,3,9,-15.00,0.0449,2
10,3,10,-12.78,0.0741,2
10,3,11,13.91,4.6775,2
10,3,12,-10.97,0.1110,2
10,3,13,-32.87,0.0007,2
10,3,14,-24.87,0.0047,2
10,3,15,-16.44,0.0324,2
10,3,16,-7.03,0.2608,2
10,3,17,2.76,1.5295,2
10,3,18,1.54,1.2788,2
10,3,19,12.70,4.2956,2
10,3,20,48.91,16.2490,2
10,3,21,23.82,7.9199,2
10,3,22,-20.27,0.0135,2
10,3,23,15.01,5.0302,2
10,3,24,-5.67,0.3462,2
10,3,25,-24.94,0.0046,2
10,3,26,-8.62,0.1857,2
10,3,27,-18.85,0.0187,2
10,3,28,-30.15,0.0014,2
10,3,29,-10.29,0.1290,2
10,3,30,-0.29,0.9533,2
10,3,31,-2.15,0.6861,2
10,3,32,5.56,2.2021,2
10,3,33,1.11,1.1961,2
10,3,34,-10.43,0.1250,2
10,3,35,1.64,1.2978,2
10,3,36,-12.42,0.0804,2
10,3,37,-28.16,0.0022,2
10,3,38,-9.46,0.1548,2
10,3,39,-32.89,0.0007,2
10,3,40,-15.73,0.0381,2
10,3,41,-1.55,0.7658,2
10,4,0,-22.17,0.0087,2
10,4,1,-31.85,0.0009,2
10,4,2,-28.26,0.0022,2
10,4,3,-8.38,0.1958,2
10,4,4,-24.46,0.0052,2
10,4,5,4.14,1.8462,2
10,4,6,-17.03,0.0283,2
10,4,7,-18.93,0.0183,2
10,4,8,-11.70,0.0945,2
10,4,9,-23.92,0.0058,2
10,4,10,-28.34,0.0021,2
10,4,11,-0.61,0.9027,2
10,4,12,-27.64,0.0025,2
10,4,13,-20.16,0.0138,2
10,4,14,-36.63,0.0003,2
10,4,15,-30.58,0.0013,2
10,4,16,-24.95,0.0046,2
10,4,17,-18.81,0.0188,2
10,4,18,-18.47,0.0204,2
10,4,19,-31.49,0.0010,2
10,4,20,-0.89,0.8594,2
10,4,21,-21.16,0.0110,2
10,4,22,-25.14,0.0044,2
10,4,23,5.27,2.1254,2
10,4,24,-14.32,0.0524,2
10,4,25,-17.30,0.0266,2
10,4,26,-6.56,0.2881,2
10,4,27,-3.43,0.5404,2
10,4,28,-25.80,0.0038,2
10,4,29,5.01,2.0597,2
10,4,30,-0.41,0.9340,2
10,4,31,-18.78,0.0190,2
10,4,32,-36.17,0.0003,2
10,4,33,-29.06,0.0018,2
10,4,34,-15.89,0.0367,2
10,4,35,2.42,1.4573,2
10,4,36,0.40,1.0672,2
10,4,37,-38.23,0.0002,2
10,4,38,-25.22,0.0043,2
10,4,39,-16.10,0.0350,2
10,4,40,-31.39,0.0010,2
10,4,41,-26.75,0.0030,2
10,5,0,-11.52,0.0983,2
10,5,1,-38.66,0.0002,2
10,5,2,-24.22,0.0054,2
10,5,3,-13.14,0.0684,2
10,5,4,-9.67,0.1478,2
10,5,5,-8.38,0.1956,2
10,5,6,-7.92,0.2159,2
10,5,7,-1.40,0.7862,2
10,5,8,7.40,2.6987,2
10,5,9,-11.65,0.0955,2
10,5,10,-18.90,0.0185,2
10,5,11,3.47,1.6878,2
10,5,12,-18.32,0.0211,2
10,5,13,-20.68,0.0123,2
10,5,14,-10.22,0.1311,2
10,5,15,-32.07,0.0009,2
10,5,16,-24.30,0.0053,2
10,5,17,-22.42,0.0082,2
10,5,18,-23.64,0.0062,2
10,5,19,0.58,1.0992,2
10,5,20,0.17,1.0289,2
10,5,21,-22.60,0.0079,2
10,5,22,-28.79,0.0019,2
10,5,23,-9.48,0.1541,2
10,5,24,-15.84,0.0371,2
10,5,25,-30.17,0.0014,2
10,5,26,0.82,1.1427,2
10,5,27,-10.64,0.1194,2
10,5,28,-6.94,0.2660,2
10,5,29,-8.04,0.2103,2
10,5,30,94.18,31.2850,2
10,5,31,9.33,3.2585,2
10,5,32,9.15,3.2055,2
10,5,33,56.11,18.6402,2
10,5,34,-4.57,0.4318,2
10,5,35,43.22,14.3585,2
10,5,36,-12.76,0.0744,2
10,5,37,-18.85,0.0187,2
10,5,38,-19.30,0.0169,2
10,5,39,-6.95,0.2652,2
10,5,40,-10.64,0.1195,2
10,5,41,-19.97,0.0144,2
10,6,0,-30.27,0.0014,2
10,6,1,-32.35,0.0008,2
10,6,2,-32.66,0.0008,2
10,6,3,-30.87,0.0012,2
10,6,4,-23.88,0.0059,2
10,6,5,-39.43,0.0002,2
10,6,6,-20.96,0.0115,2
10,6,7,0.23,1.0386,2
10,6,8,-46.98,0.0000,2
10,6,9,-41.81,0.0001,2
10,6,10,-33.64,0.0006,2
10,6,11,-5.82,0.3356,2
10,6,12,-33.32,0.0007,2
10,6,13,-19.98,0.0144,2
10,6,14,-19.55,0.0159,2
10,6,15,-11.56,0.0973,2
10,6,16,-42.47,0.0001,2
10,6,17,-19.99,0.0144,2
10,6,18,-43.42,0.0001,2
10,6,19,-18.60,0.0198,2
10,6,20,-0.19,0.9686,2
10,6,21,-41.12,0.0001,2
10,6,22,-32.09,0.0009,2
10,6,23,3.84,1.7739,2
10,6,24,-27.64,0.0025,2
10,6,25,-14.60,0.0491,2
10,6,26,-31.19,0.0011,2
10,6,27,-30.36,0.0013,2
10,6,28,-29.27,0.0017,2
10,6,29,-24.15,0.0055,2
10,6,30,-22.53,0.0080,2
10,6,31,-21.57,0.0100,2
10,6,32,-23.12,0.0070,2
10,6,33,-23.60,0.0063,2
10,6,34,-37.46,0.0003,2
10,6,35,-14.10,0.0551,2
10,6,36,-4.91,0.4033,2
10,6,37,1.32,1.2356,2
10,6,38,-2.88,0.6001,2
10,6,39,-12.03,0.0877,2
10,6,40,-4.67,0.4237,2
10,6,41,-7.25,0.2490,2
11,0,0,9.54,3.3202,2
11,0,1,13.82,4.6482,2
11,0,2,51.76,17.1952,2
11,0,3,-0.03,0.9948,2
11,0,4,20.46,6.8095,2
11,0,5,0.53,1.0907,2
11,0,6,-12.44,0.0801,2
11,0,7,30.23,10.0427,2
11,0,8,-3.48,0.5347,2
11,0,9,-15.93,0.0364,2
11,0,10,-1.71,0.7440,2
11,0,11,11.64,3.9619,2
11,0,12,-14.56,0.0496,2
11,0,13,-17.08,0.0280,2
11,0,14,-16.10,0.0350,2
11,0,15,-20.06,0.0142,2
11,0,16,-17.00,0.0285,2
11,0,17,-10.03,0.1367,2
11,0,18,-10.45,0.1246,2
11,0,19,-1.23,0.8103,2
11,0,20,24.70,8.2099,2
11,0,21,3.64,1.7276,2
11,0,22,-16.79,0.0299,2
11,0,23,3.98,1.8082,2
11,0,24,-1.98,0.7086,2
11,0,25,-28.31,0.0021,2
11,0,26,-4.37,0.4500,2
11,0,27,-12.10,0.0863,2
11,0,28,-24.32,0.0053,2
11,0,29,-10.68,0.1184,2
11,0,30,9.53,3.3170,2
11,0,31,-11.89,0.0905,2
11,0,32,-17.74,0.0241,2
11,0,33,-15.84,0.0371,2
11,0,34,-4.04,0.4793,2
11,0,35,-8.15,0.2056,2
11,0,36,2.09,1.3892,2
11,0,37,-5.68,0.3451,2
11,0,38,-5.67,0.3456,2
11,0,39,-25.80,0.0038,2
11,0,40,11.42,3.8939,2
11,0,41,-18.31,0.0211,2
11,1,0,7.19,2.6402,2
11,1,1,-31.27,0.0011,2
11,1,2,0.22,1.0367,2
11,1,3,-6.63,0.2839,2
11,1,4,-8.24,0.2015,2
11,1,5,-18.21,0.0216,2
11,1,6,5.14,2.0927,2
11,1,7,5.63,2.2199,2
11,1,8,0.08,1.0127,2
11,1,9,-14.29,0.0528,2
11,1,10,-6.47,0.2935,2
11,1,11,71.22,23.6595,2
11,1,12,-25.12,0.0044,2
11,1,13,-8.51,0.1904,2
11,1,14,-15.39,0.0411,2
11,1,15,1.02,1.1795,2
11,1,16,-21.42,0.0104,2
11,1,17,-17.75,0.0240,2
11,1,18,-20.34,0.0133,2
11,1,19,-14.52,0.0500,2
11,1,20,0.08,1.0126,2
11,1,21,-14.45,0.0508,2
11,1,22,-28.97,0.0018,2
11,1,23,-2.25,0.6740,2
11,1,24,-22.40,0.0083,2
11,1,25,-15.42,0.0408,2
11,1,26,-8.89,0.1751,2
11,1,27,-25.85,0.0037,2
11,1,28,-15.49,0.0402,2
11,1,29,-9.39,0.1571,2
11,1,30,11.02,3.7709,2
11,1,31,-5.11,0.3878,2
11,1,32,-23.02,0.0072,2
11,1,33,-22.46,0.0082,2
11,1,34,-11.27,0.1038,2
11,1,35,14.61,4.9039,2
11,1,36,-4.53,0.4354,2
11,1,37,-11.45,0.0999,2
11,1,38,-28.40,0.0021,2
11,1,39,-22.82,0.0075,2
11,1,40,-13.61,0.0615,2
11,1,41,-23.77,0.0060,2
11,2,0,-19.07,0.0178,2
11,2,1,-7.48,0.2372,2
11,2,2,-15.60,0.0392,2
11,2,3,-4.90,0.4041,2
11,2,4,-23.00,0.0072,2
11,2,5,-32.52,0.0008,2
11,2,6,-10.47,0.1239,2
11,2,7,-9.16,0.1653,2
11,2,8,-7.33,0.2449,2
11,2,9,-13.71,0.0602,2
11,2,10,-26.12,0.0035,2
11,2,11,7.16,2.6322,2
11,2,12,10.60,3.6410,2
11,2,13,-28.96,0.0018,2
11,2,14,22.50,7.4838,2
11,2,15,-6.15,0.3133,2
11,2,16,-12.88,0.0724,2
11,2,17,5.99,2.3143,2
11,2,18,-3.39,0.5437,2
11,2,19,-6.20,0.3100,2
11,2,20,17.27,5.7627,2
11,2,21,5.65,2.2239,2
11,2,22,-20.80,0.0119,2
11,2,23,-3.32,0.5514,2
11,2,24,-7.45,0.2388,2
11,2,25,-17.90,0.0232,2
11,2,26,-39.45,0.0002,2
11,2,27,-14.26,0.0531,2
11,2,28,-18.00,0.0227,2
11,2,29,19.59,6.5249,2
11,2,30,-5.34,0.3697,2
11,2,31,-39.02,0.0002,2
11,2,32,-10.85,0.1139,2
11,2,33,-19.64,0.0156,2
11,2,34,-21.25,0.0108,2
11,2,35,3.27,1.6436,2
11,2,36,-10.84,0.1141,2
11,2,37,-35.07,0.0004,2
11,2,38,-12.69,0.0756,2
11,2,39,-5.00,0.3961,2
11,2,40,-7.97,0.2138,2
11,2,41,-11.07,0.1086,2
11,3,0,-1.91,0.7174,2
11,3,1,-5.13,0.3865,2
11,3,2,-1.07,0.8333,2
11,3,3,-8.24,0.2014,2
11,3,4,-7.78,0.2223,2
11,3,5,-6.81,0.2733,2
11,3,6,-5.00,0.3966,2
11,3,7,-11.19,0.1056,2
11,3,8,-18.68,0.0194,2
11,3,9,-15.00,0.0449,2
11,3,10,-12.78,0.0741,2
11,3,11,13.91,4.6775,2
11,3,12,-10.97,0.1110,2
11,3,13,-32.87,0.0007,2
11,3,14,-24.87,0.0047,2
11,3,15,-16.44,0.0324,2
11,3,16,-7.03,0.2608,2
11,3,17,2.76,1.5295,2
11,3,18,1.54,1.2788,2
11,3,19,12.70,4.2956,2
11,3,20,48.91,16.2490,2
11,3,21,23.82,7.9199,2
11,3,22,-20.27,0.0135,2
11,3,23,15.01,5.0302,2
11,3,24,-5.67,0.3462,2
11,3,25,-24.94,0.0046,2
11,3,26,-8.62,0.1857,2
11,3,27,-18.85,0.0187,2
11,3,28,-30.15,0.0014,2
11,3,29,-10.29,0.1290,2
11,3,30,-0.29,0.9533,2
11,3,31,-2.15,0.6861,2
11,3,32,5.56,2.2021,2
11,3,33,1.11,1.1961,2
11,3,34,-10.43,0.1250,2
11,3,35,1.64,1.2978,2
11,3,36,-12.42,0.0804,2
11,3,37,-28.16,0.0022,2
11,3,38,-9.46,0.1548,2
11,3,39,-32.89,0.0007,2
11,3,40,-15.73,0.0381,2
11,3,41,-1.55,0.7658,2
11,4,0,-22.17,0.0087,2
11,4,1,-31.85,0.0009,2
11,4,2,-28.26,0.0022,2
11,4,3,-8.38,0.1958,2
11,4,4,-24.46,0.0052,2
11,4,5,4.14,1.8462,2
11,4,6,-17.03,0.0283,2
11,4,7,-18.93,0.0183,2
11,4,8,-11.70,0.0945,2
11,4,9,-23.92,0.0058,2
11,4,10,-28.34,0.0021,2
11,4,11,-0.61,0.9027,2
11,4,12,-27.64,0.0025,2
11,4,13,-20.16,0.0138,2
11,4,14,-36.63,0.0003,2
11,4,15,-30.58,0.0013,2
11,4,16,-24.95,0.0046,2
11,4,17,-18.81,0.0188,2
11,4,18,-18.47,0.0204,2
11,4,19,-31.49,0.0010,2
11,4,20,-0.89,0.8594,2
11,4,21,-21.16,0.0110,2
11,4,22,-25.14,0.0044,2
11,4,23,5.27,2.1254,2
11,4,24,-14.32,0.0524,2
11,4,25,-17.30,0.0266,2
11,4,26,-6.56,0.2881,2
11,4,27,-3.43,0.5404,2
11,4,28,-25.80,0.0038,2
11,4,29,5.01,2.0597,2
11,4,30,-0.41,0.9340,2
11,4,31,-18.78,0.0190,2
11,4,32,-36.17,0.0003,2
11,4,33,-29.06,0.0018,2
11,4,34,-15.89,0.0367,2
11,4,35,2.42,1.4573,2
11,4,36,0.40,1.0672,2
11,4,37,-38.23,0.0002,2
11,4,38,-25.22,0.0043,2
11,4,39,-16.10,0.0350,2
11,4,40,-31.39,0.0010,2
11,4,41,-26.75,0.0030,2
11,5,0,-11.52,0.0983,2
11,5,1,-38.66,0.0002,2
11,5,2,-24.22,0.0054,2
11,5,3,-13.14,0.0684,2
11,5,4,-9.67,0.1478,2
11,5,5,-8.38,0.1956,2
11,5,6,-7.92,0.2159,2
11,5,7,-1.40,0.7862,2
11,5,8,7.40,2.6987,2
11,5,9,-11.65,0.0955,2
11,5,10,-18.90,0.0185,2
11,5,11,3.47,1.6878,2
11,5,12,-18.32,0.0211,2
11,5,13,-20.68,0.0123,2
11,5,14,-10.22,0.1311,2
11,5,15,-32.07,0.0009,2
11,5,16,-24.30,0.0053,2
11,5,17,-22.42,0.0082,2
11,5,18,-23.64,0.0062,2
11,5,19,0.58,1.0992,2
11,5,20,0.17,1.0289,2
11,5,21,-22.60,0.0079,2
11,5,22,-28.79,0.0019,2
11,5,23,-9.48,0.1541,2
11,5,24,-15.84,0.0371,2
11,5,25,-30.17,0.0014,2
11,5,26,0.82,1.1427,2
11,5,27,-10.64,0.1194,2
11,5,28,-6.94,0.2660,2
11,5,29,-8.04,0.2103,2
11,5,30,94.18,31.2850,2
11,5,31,9.33,3.2585,2
11,5,32,9.15,3.2055,2
11,5,33,56.11,18.6402,2
11,5,34,-4.57,0.4318,2
11,5,35,43.22,14.3585,2
11,5,36,-12.76,0.0744,2
11,5,37,-18.85,0.0187,2
11,5,38,-19.30,0.0169,2
11,5,39,-6.95,0.2652,2
11,5,40,-10.64,0.1195,2
11,5,41,-19.97,0.0144,2
11,6,0,-30.27,0.0014,2
11,6,1,-32.35,0.0008,2
11,6,2,-32.66,0.0008,2
11,6,3,-30.87,0.0012,2
11,6,4,-23.88,0.0059,2
11,6,5,-39.43,0.0002,2
11,6,6,-20.96,0.0115,2
11,6,7,0.23,1.0386,2
11,6,8,-46.98,0.0000,2
11,6,9,-41.81,0.0001,2
11,6,10,-33.64,0.0006,2
11,6,11,-5.82,0.3356,2
11,6,12,-33.32,0.0007,2
11,6,13,-19.98,0.0144,2
11,6,14,-19.55,0.0159,2
11,6,15,-11.56,0.0973,2
11,6,16,-42.47,0.0001,2
11,6,17,-19.99,0.0144,2
11,6,18,-43.42,0.0001,2
11,6,19,-18.60,0.0198,2
11,6,20,-0.19,0.9686,2
11,6,21,-41.12,0.0001,2
11,6,22,-32.09,0.0009,2
11,6,23,3.84,1.7739,2
11,6,24,-27.64,0.0025,2
11,6,25,-14.60,0.0491,2
11,6,26,-31.19,0.0011,2
11,6,27,-30.36,0.0013,2
11,6,28,-29.27,0.0017,2
11,6,29,-24.15,0.0055,2
11,6,30,-22.53,0.0080,2
11,6,31,-21.57,0.0100,2
11,6,32,-23.12,0.0070,2
11,6,33,-23.60,0.0063,2
11,6,34,-37.46,0.0003,2
11,6,35,-14.10,0.0551,2
11,6,36,-4.91,0.4033,2
11,6,37,1.32,1.2356,2
11,6,38,-2.88,0.6001,2
11,6,39,-12.03,0.0877,2
11,6,40,-4.67,0.4237,2
11,6,41,-7.25,0.2490,2
12,0,0,9.54,3.3202,2
12,0,1,13.82,4.6482,2
12,0,2,51.76,17.1952,2
12,0,3,-0.03,0.9948,2
12,0,4,20.46,6.8095,2
12,0,5,0.53,1.0907,2
12,0,6,-12.44,0.0801,2
12,0,7,30.23,10.0427,2
12,0,8,-3.48,0.5347,2
12,0,9,-15.93,0.0364,2
12,0,10,-1.71,0.7440,2
12,0,11,11.64,3.9619,2
12,0,12,-14.56,0.0496,2
12,0,13,-17.08,0.0280,2
12,0,14,-16.10,0.0350,2
12,0,15,-20.06,0.0142,2
12,0,16,-17.00,0.0285,2
12,0,17,-10.03,0.1367,2
12,0,18,-10.45,0.1246,2
12,0,19,-1.23,0.8103,2
12,0,20,24.70,8.2099,2
12,0,21,3.64,1.7276,2
12,0,22,-16.79,0.0299,2
12,0,23,3.98,1.8082,2
12,0,24,-1.98,0.7086,2
12,0,25,-28.31,0.0021,2
12,0,26,-4.37,0.4500,2
12,0,27,-12.10,0.0863,2
12,0,28,-24.32,0.0053,2
12,0,29,-10.68,0.1184,2
12,0,30,9.53,3.3170,2
12,0,31,-11.89,0.0905,2
12,0,32,-17.74,0.0241,2
12,0,33,-15.84,0.0371,2
12,0,34,-4.04,0.4793,2
12,0,35,-8.15,0.2056,2
12,0,36,2.09,1.3892,2
12,0,37,-5.68,0.3451,2
12,0,38,-5.67,0.3456,2
12,0,39,-25.80,0.0038,2
12,0,40,11.42,3.8939,2
12,0,41,-18.31,0.0211,2
12,1,0,7.19,2.6402,2
12,1,1,-31.27,0.0011,2
12,1,2,0.22,1.0367,2
12,1,3,-6.63,0.2839,2
12,1,4,-8.24,0.2015,2
12,1,5,-18.21,0.0216,2
12,1,6,5.14,2.0927,2
12,1,7,5.63,2.2199,2
12,1,8,0.08,1.0127,2
12,1,9,-14.29,0.0528,2
12,1,10,-6.47,0.2935,2
12,1,11,71.22,23.6595,2
12,1,12,-25.12,0.0044,2
12,1,13,-8.51,0.1904,2
12,1,14,-15.39,0.0411,2
12,1,15,1.02,1.1795,2
12,1,16,-21.42,0.0104,2
12,1,17,-17.75,0.0240,2
12,1,18,-20.34,0.0133,2
12,1,19,-14.52,0.0500,2
12,1,20,0.08,1.0126,2
12,1,21,-14.45,0.0508,2
12,1,22,-28.97,0.0018,2
12,1,23,-2.25,0.6740,2
12,1,24,-22.40,0.0083,2
12,1,25,-15.42,0.0408,2
12,1,26,-8.89,0.1751,2
12,1,27,-25.85,0.0037,2
12,1,28,-15.49,0.0402,2
12,1,29,-9.39,0.1571,2
12,1,30,11.02,3.7709,2
12,1,31,-5.11,0.3878,2
12,1,32,-23.02,0.0072,2
12,1,33,-22.46,0.0082,2
12,1,34,-11.27,0.1038,2
12,1,35,14.61,4.9039,2
12,1,36,-4.53,0.4354,2
12,1,37,-11.45,0.0999,2
12,1,38,-28.40,0.0021,2
12,1,39,-22.82,0.0075,2
12,1,40,-13.61,0.0615,2
12,1,41,-23.77,0.0060,2
12,2,0,-19.07,0.0178,2
12,2,1,-7.48,0.2372,2
12,2,2,-15.60,0.0392,2
12,2,3,-4.90,0.4041,2
12,2,4,-23.00,0.0072,2
12,2,5,-32.52,0.0008,2
12,2,6,-10.47,0.1239,2
12,2,7,-9.16,0.1653,2
12,2,8,-7.33,0.2449,2
12,2,9,-13.71,0.0602,2
12,2,10,-26.12,0.0035,2
12,2,11,7.16,2.6322,2
12,2,12,10.60,3.6410,2
12,2,13,-28.96,0.0018,2
12,2,14,22.50,7.4838,2
12,2,15,-6.15,0.3133,2
12,2,16,-12.88,0.0724,2
12,2,17,5.99,2.3143,2
12,2,18,-3.39,0.5437,2
12,2,19,-6.20,0.3100,2
12,2,20,17.27,5.7627,2
12,2,21,5.65,2.2239,2
12,2,22,-20.80,0.0119,2
12,2,23,-3.32,0.5514,2
12,2,24,-7.45,0.2388,2
12,2,25,-17.90,0.0232,2
12,2,26,-39.45,0.0002,2
12,2,27,-14.26,0.0531,2
12,2,28,-18.00,0.0227,2
12,2,29,19.59,6.5249,2
12,2,30,-5.34,0.3697,2
12,2,31,-39.02,0.0002,2
12,2,32,-10.85,0.1139,2
12,2,33,-19.64,0.0156,2
12,2,34,-21.25,0.0108,2
12,2,35,3.27,1.6436,2
12,2,36,-10.84,0.1141,2
12,2,37,-35.07,0.0004,2
12,2,38,-12.69,0.0756,2
12,2,39,-5.00,0.3961,2
12,2,40,-7.97,0.2138,2
12,2,41,-11.07,0.1086,2
12,3,0,-1.91,0.7174,2
12,3,1,-5.13,0.3865,2
12,3,2,-1.07,0.8333,2
12,3,3,-8.24,0.2014,2
12,3,4,-7.78,0.2223,2
12,3,5,-6.81,0.2733,2
12,3,6,-5.00,0.3966,2
12,3,7,-11.19,0.1056,2
12,3,8,-18.68,0.0194,2
12,3,9,-15.00,0.0449,2
12,3,10,-12.78,0.0741,2
12,3,11,13.91,4.6775,2
12,3,12,-10.97,0.1110,2
12,3,13,-32.87,0.0007,2
12,3,14,-24.87,0.0047,2
12,3,15,-16.44,0.0324,2
12,3,16,-7.03,0.2608,2
12,3,17,2.76,1.5295,2
12,3,18,1.54,1.2788,2
12,3,19,12.70,4.2956,2
12,3,20,48.91,16.2490,2
12,3,21,23.82,7.9199,2
12,3,22,-20.27,0.0135,2
12,3,23,15.01,5.0302,2
12,3,24,-5.67,0.3462,2
12,3,25,-24.94,0.0046,2
12,3,26,-8.62,0.1857,2
12,3,27,-18.85,0.0187,2
12,3,28,-30.15,0.0014,2
12,3,29,-10.29,0.1290,2
12,3,30,-0.29,0.9533,2
12,3,31,-2.15,0.6861,2
12,3,32,5.56,2.2021,2
12,3,33,1.11,1.1961,2
12,3,34,-10.43,0.1250,2
12,3,35,1.64,1.2978,2
12,3,36,-12.42,0.0804,2
12,3,37,-28.16,0.0022,2
12,3,38,-9.46,0.1548,2
12,3,39,-32.89,0.0007,2
12,3,40,-15.73,0.0381,2
12,3,41,-1.55,0.7658,2
12,4,0,-22.17,0.0087,2
12,4,1,-31.85,0.0009,2
12,4,2,-28.26,0.0022,2
12,4,3,-8.38,0.1958,2
12,4,4,-24.46,0.0052,2
12,4,5,4.14,1.8462,2
12,4,6,-17.03,0.0283,2
12,4,7,-18.93,0.0183,2
12,4,8,-11.70,0.0945,2
12,4,9,-23.92,0.0058,2
12,4,10,-28.34,0.0021,2
12,4,11,-0.61,0.9027,2
12,4,12,-27.64,0.0025,2
12,4,13,-20.16,0.0138,2
12,4,14,-36.63,0.0003,2
12,4,15,-30.58,0.0013,2
12,4,16,-24.95,0.0046,2
12,4,17,-18.81,0.0188,2
12,4,18,-18.47,0.0204,2
12,4,19,-31.49,0.0010,2
12,4,20,-0.89,0.8594,2
12,4,21,-21.16,0.0110,2
12,4,22,-25.14,0.0044,2
12,4,23,5.27,2.1254,2
12,4,24,-14.32,0.0524,2
12,4,25,-17.30,0.0266,2
12,4,26,-6.56,0.2881,2
12,4,27,-3.43,0.5404,2
12,4,28,-25.80,0.0038,2
12,4,29,5.01,2.0597,2
12,4,30,-0.41,0.9340,2
12,4,31,-18.78,0.0190,2
12,4,32,-36.17,0.0003,2
12,4,33,-29.06,0.0018,2
12,4,34,-15.89,0.0367,2
12,4,35,2.42,1.4573,2
12,4,36,0.40,1.0672,2
12,4,37,-38.23,0.0002,2
12,4,38,-25.22,0.0043,2
12,4,39,-16.10,0.0350,2
12,4,40,-31.39,0.0010,2
12,4,41,-26.75,0.0030,2
12,5,0,-11.52,0.0983,2
12,5,1,-38.66,0.0002,2
12,5,2,-24.22,0.0054,2
12,5,3,-13.14,0.0684,2
12,5,4,-9.67,0.1478,2
12,5,5,-8.38,0.1956,2
12,5,6,-7.92,0.2159,2
12,5,7,-1.40,0.7862,2
12,5,8,7.40,2.6987,2
12,5,9,-11.65,0.0955,2
12,5,10,-18.90,0.0185,2
12,5,11,3.47,1.6878,2
12,5,12,-18.32,0.0211,2
12,5,13,-20.68,0.0123,2
12,5,14,-10.22,0.1311,2
12,5,15,-32.07,0.0009,2
12,5,16,-24.30,0.0053,2
12,5,17,-22.42,0.0082,2
12,5,18,-23.64,0.0062,2
12,5,19,0.58,1.0992,2
12,5,20,0.17,1.0289,2
12,5,21,-22.60,0.0079,2
12,5,22,-28.79,0.0019,2
12,5,23,-9.48,0.1541,2
12,5,24,-15.84,0.0371,2
12,5,25,-30.17,0.0014,2
12,5,26,0.82,1.1427,2
12,5,27,-10.64,0.1194,2
12,5,28,-6.94,0.2660,2
12,5,29,-8.04,0.2103,2
12,5,30,94.18,31.2850,2
12,5,31,9.33,3.2585,2
12,5,32,9.15,3.2055,2
12,5,33,56.11,18.6402,2
12,5,34,-4.57,0.4318,2
12,5,35,43.22,14.3585,2
12,5,36,-12.76,0.0744,2
12,5,37,-18.85,0.0187,2
12,5,38,-19.30,0.0169,2
12,5,39,-6.95,0.2652,2
12,5,40,-10.64,0.1195,2
12,5,41,-19.97,0.0144,2
12,6,0,-30.27,0.0014,2
12,6,1,-32.35,0.0008,2
12,6,2,-32.66,0.0008,2
12,6,3,-30.87,0.0012,2
12,6,4,-23.88,0.0059,2
12,6,5,-39.43,0.0002,2
12,6,6,-20.96,0.0115,2
12,6,7,0.23,1.0386,2
12,6,8,-46.98,0.0000,2
12,6,9,-41.81,0.0001,2
12,6,10,-33.64,0.0006,2
12,6,11,-5.82,0.3356,2
12,6,12,-33.32,0.0007,2
12,6,13,-19.98,0.0144,2
12,6,14,-19.55,0.0159,2
12,6,15,-11.56,0.0973,2
12,6,16,-42.47,0.0001,2
12,6,17,-19.99,0.0144,2
12,6,18,-43.42,0.0001,2
12,6,19,-18.60,0.0198,2
12,6,20,-0.19,0.9686,2
12,6,21,-41.12,0.0001,2
12,6,22,-32.09,0.0009,2
12,6,23,3.84,1.7739,2
12,6,24,-27.64,0.0025,2
12,6,25,-14.60,0.0491,2
12,6,26,-31.19,0.0011,2
12,6,27,-30.36,0.0013,2
12,6,28,-29.27,0.0017,2
12,6,29,-24.15,0.0055,2
12,6,30,-22.53,0.0080,2
12,6,31,-21.57,0.0100,2
12,6,32,-23.12,0.0070,2
12,6,33,-23.60,0.0063,2
12,6,34,-37.46,0.0003,2
12,6,35,-14.10,0.0551,2
12,6,36,-4.91,0.4033,2
12,6,37,1.32,1.2356,2
12,6,38,-2.88,0.6001,2
12,6,39,-12.03,0.0877,2
12,6,40,-4.67,0.4237,2
12,6,41,-7.25,0.2490,2
13,0,0,9.54,3.3202,2
13,0,1,13.82,4.6482,2
13,0,2,51.76,17.1952,2
13,0,3,-0.03,0.9948,2
13,0,4,20.46,6.8095,2
13,0,5,0.53,1.0907,2
13,0,6,-12.44,0.0801,2
13,0,7,30.23,10.0427,2
13,0,8,-3.48,0.5347,2
13,0,9,-15.93,0.0364,2
13,0,10,-1.71,0.7440,2
13,0,11,11.64,3.9619,2
13,0,12,-14.56,0.0496,2
13,0,13,-17.08,0.0280,2
13,0,14,-16.10,0.0350,2
13,0,15,-20.06,0.0142,2
13,0,16,-17.00,0.0285,2
13,0,17,-10.03,0.1367,2
13,0,18,-10.45,0.1246,2
13,0,19,-1.23,0.8103,2
13,0,20,24.70,8.2099,2
13,0,21,3.64,1.7276,2
13,0,22,-16.79,0.0299,2
13,0,23,3.98,1.8082,2
13,0,24,-1.98,0.7086,2
13,0,25,-28.31,0.0021,2
13,0,26,-4.37,0.4500,2
13,0,27,-12.10,0.0863,2
13,0,28,-24.32,0.0053,2
13,0,29,-10.68,0.1184,2
13,0,30,9.53,3.3170,2
13,0,31,-11.89,0.0905,2
13,0,32,-17.74,0.0241,2
13,0,33,-15.84,0.0371,2
13,0,34,-4.04,0.4793,2
13,0,35,-8.15,0.2056,2
13,0,36,2.09,1.3892,2
13,0,37,-5.68,0.3451,2
13,0,38,-5.67,0.3456,2
13,0,39,-25.80,0.0038,2
13,0,40,11.42,3.8939,2
13,0,41,-18.31,0.0211,2
13,1,0,7.19,2.6402,2
13,1,1,-31.27,0.0011,2
13,1,2,0.22,1.0367,2
13,1,3,-6.63,0.2839,2
13,1,4,-8.24,0.2015,2
13,1,5,-18.21,0.0216,2
13,1,6,5.14,2.0927,2
13,1,7,5.63,2.2199,2
13,1,8,0.08,1.0127,2
13,1,9,-14.29,0.0528,2
13,1,10,-6.47,0.2935,2
13,1,11,71.22,23.6595,2
13,1,12,-25.12,0.0044,2
13,1,13,-8.51,0.1904,2
13,1,14,-15.39,0.0411,2
13,1,15,1.02,1.1795,2
13,1,16,-21.42,0.0104,2
13,1,17,-17.75,0.0240,2
13,1,18,-20.34,0.0133,2
13,1,19,-14.52,0.0500,2
13,1,20,0.08,1.0126,2
13,1,21,-14.45,0.0508,2
13,1,22,-28.97,0.0018,2
13,1,23,-2.25,0.6740,2
13,1,24,-22.40,0.0083,2
13,1,25,-15.42,0.0408,2
13,1,26,-8.89,0.1751,2
13,1,27,-25.85,0.0037,2
13,1,28,-15.49,0.0402,2
13,1,29,-9.39,0.1571,2
13,1,30,11.02,3.7709,2
13,1,31,-5.11,0.3878,2
13,1,32,-23.02,0.0072,2
13,1,33,-22.46,0.0082,2
13,1,34,-11.27,0.1038,2
13,1,35,14.61,4.9039,2
13,1,36,-4.53,0.4354,2
13,1,37,-11.45,0.0999,2
13,1,38,-28.40,0.0021,2
13,1,39,-22.82,0.0075,2
13,1,40,-13.61,0.0615,2
13,1,41,-23.77,0.0060,2
13,2,0,-19.07,0.0178,2
13,2,1,-7.48,0.2372,2
13,2,2,-15.60,0.0392,2
13,2,3,-4.90,0.4041,2
13,2,4,-23.00,0.0072,2
13,2,5,-32.52,0.0008,2
13,2,6,-10.47,0.1239,2
13,2,7,-9.16,0.1653,2
13,2,8,-7.33,0.2449,2
13,2,9,-13.71,0.0602,2
13,2,10,-26.12,0.0035,2
13,2,11,7.16,2.6322,2
13,2,12,10.60,3.6410,2
13,2,13,-28.96,0.0018,2
13,2,14,22.50,7.4838,2
13,2,15,-6.15,0.3133,2
13,2,16,-12.88,0.0724,2
13,2,17,5.99,2.3143,2
13,2,18,-3.39,0.5437,2
13,2,19,-6.20,0.3100,2
13,2,20,17.27,5.7627,2
13,2,21,5.65,2.2239,2
13,2,22,-20.80,0.0119,2
13,2,23,-3.32,0.5514,2
13,2,24,-7.45,0.2388,2
13,2,25,-17.90,0.0232,2
13,2,26,-39.45,0.0002,2
13,2,27,-14.26,0.0531,2
13,2,28,-18.00,0.0227,2
13,2,29,19.59,6.5249,2
13,2,30,-5.34,0.3697,2
13,2,31,-39.02,0.0002,2
13,2,32,-10.85,0.1139,2
13,2,33,-19.64,0.0156,2
13,2,34,-21.25,0.0108,2
13,2,35,3.27,1.6436,2
13,2,36,-10.84,0.1141,2
13,2,37,-35.07,0.0004,2
13,2,38,-12.69,0.0756,2
13,2,39,-5.00,0.3961,2
13,2,40,-7.97,0.2138,2
13,2,41,-11.07,0.1086,2
13,3,0,-1.91,0.7174,2
13,3,1,-5.13,0.3865,2
13,3,2,-1.07,0.8333,2
13,3,3,-8.24,0.2014,2
13,3,4,-7.78,0.2223,2
13,3,5,-6.81,0.2733,2
13,3,6,-5.00,0.3966,2
13,3,7,-11.19,0.1056,2
13,3,8,-18.68,0.0194,2
13,3,9,-15.00,0.0449,2
13,3,10,-12.78,0.0741,2
13,3,11,13.91,4.6775,2
13,3,12,-10.97,0.1110,2
13,3,13,-32.87,0.0007,2
13,3,14,-24.87,0.0047,2
13,3,15,-16.44,0.0324,2
13,3,16,-7.03,0.2608,2
13,3,17,2.76,1.5295,2
13,3,18,1.54,1.2788,2
13,3,19,12.70,4.2956,2
13,3,20,48.91,16.2490,2
13,3,21,23.82,7.9199,2
13,3,22,-20.27,0.0135,2
13,3,23,15.01,5.0302,2
13,3,24,-5.67,0.3462,2
13,3,25,-24.94,0.0046,2
13,3,26,-8.62,0.1857,2
13,3,27,-18.85,0.0187,2
13,3,28,-30.15,0.0014,2
13,3,29,-10.29,0.1290,2
13,3,30,-0.29,0.9533,2
13,3,31,-2.15,0.6861,2
13,3,32,5.56,2.2021,2
13,3,33,1.11,1.1961,2
13,3,34,-10.43,0.1250,2
13,3,35,1.64,1.2978,2
13,3,36,-12.42,0.0804,2
13,3,37,-28.16,0.0022,2
13,3,38,-9.46,0.1548,2
13,3,39,-32.89,0.0007,2
13,3,40,-15.73,0.0381,2
13,3,41,-1.55,0.7658,2
13,4,0,-22.17,0.0087,2
13,4,1,-31.85,0.0009,2
13,4,2,-28.26,0.0022,2
13,4,3,-8.38,0.1958,2
13,4,4,-24.46,0.0052,2
13,4,5,4.14,1.8462,2
13,4,6,-17.03,0.0283,2
13,4,7,-18.93,0.0183,2
13,4,8,-11.70,0.0945,2
13,4,9,-23.92,0.0058,2
13,4,10,-28.34,0.0021,2
13,4,11,-0.61,0.9027,2
13,4,12,-27.64,0.0025,2
13,4,13,-20.16,0.0138,2
13,4,14,-36.63,0.0003,2
13,4,15,-30.58,0.0013,2
13,4,16,-24.95,0.0046,2
13,4,17,-18.81,0.0188,2
13,4,18,-18.47,0.0204,2
13,4,19,-31.49,0.0010,2
13,4,20,-0.89,0.8594,2
13,4,21,-21.16,0.0110,2
13,4,22,-25.14,0.0044,2
13,4,23,5.27,2.1254,2
13,4,24,-14.32,0.0524,2
13,4,25,-17.30,0.0266,2
13,4,26,-6.56,0.2881,2
13,4,27,-3.43,0.5404,2
13,4,28,-25.80,0.0038,2
13,4,29,5.01,2.0597,2
13,4,30,-0.41,0.9340,2
13,4,31,-18.78,0.0190,2
13,4,32,-36.17,0.0003,2
13,4,33,-29.06,0.0018,2
13,4,34,-15.89,0.0367,2
13,4,35,2.42,1.4573,2
13,4,36,0.40,1.0672,2
13,4,37,-38.23,0.0002,2
13,4,38,-25.22,0.0043,2
13,4,39,-16.10,0.0350,2
13,4,40,-31.39,0.0010,2
13,4,41,-26.75,0.0030,2
13,5,0,-11.52,0.0983,2
13,5,1,-38.66,0.0002,2
13,5,2,-24.22,0.0054,2
13,5,3,-13.14,0.0684,2
13,5,4,-9.67,0.1478,2
13,5,5,-8.38,0.1956,2
13,5,6,-7.92,0.2159,2
13,5,7,-1.40,0.7862,2
13,5,8,7.40,2.6987,2
13,5,9,-11.65,0.0955,2
13,5,10,-18.90,0.0185,2
13,5,11,3.47,1.6878,2
13,5,12,-18.32,0.0211,2
13,5,13,-20.68,0.0123,2
13,5,14,-10.22,0.1311,2
13,5,15,-32.07,0.0009,2
13,5,16,-24.30,0.0053,2
13,5,17,-22.42,0.0082,2
13,5,18,-23.64,0.0062,2
13,5,19,0.58,1.0992,2
13,5,20,0.17,1.0289,2
13,5,21,-22.60,0.0079,2
13,5,22,-28.79,0.0019,2
13,5,23,-9.48,0.1541,2
13,5,24,-15.84,0.0371,2
13,5,25,-30.17,0.0014,2
13,5,26,0.82,1.1427,2
13,5,27,-10.64,0.1194,2
13,5,28,-6.94,0.2660,2
13,5,29,-8.04,0.2103,2
13,5,30,94.18,31.2850,2
13,5,31,9.33,3.2585,2
13,5,32,9.15,3.2055,2
13,5,33,56.11,18.6402,2
13,5,34,-4.57,0.4318,2
13,5,35,43.22,14.3585,2
13,5,36,-12.76,0.0744,2
13,5,37,-18.85,0.0187,2
13,5,38,-19.30,0.0169,2
13,5,39,-6.95,0.2652,2
13,5,40,-10.64,0.1195,2
13,5,41,-19.97,0.0144,2
13,6,0,-30.27,0.0014,2
13,6,1,-32.35,0.0008,2
13,6,2,-32.66,0.0008,2
13,6,3,-30.87,0.0012,2
13,6,4,-23.88,0.0059,2
13,6,5,-39.43,0.0002,2
13,6,6,-20.96,0.0115,2
13,6,7,0.23,1.0386,2
13,6,8,-46.98,0.0000,2
13,6,9,-41.81,0.0001,2
13,6,10,-33.64,0.0006,2
13,6,11,-5.82,0.3356,2
13,6,12,-33.32,0.0007,2
13,6,13,-19.98,0.0144,2
13,6,14,-19.55,0.0159,2
13,6,15,-11.56,0.0973,2
13,6,16,-42.47,0.0001,2
13,6,17,-19.99,0.0144,2
13,6,18,-43.42,0.0001,2
13,6,19,-18.60,0.0198,2
13,6,20,-0.19,0.9686,2
13,6,21,-41.12,0.0001,2
13,6,22,-32.09,0.0009,2
13,6,23,3.84,1.7739,2
13,6,24,-27.64,0.0025,2
13,6,25,-14.60,0.0491,2
13,6,26,-31.19,0.0011,2
13,6,27,-30.36,0.0013,2
13,6,28,-29.27,0.0017,2
13,6,29,-24.15,0.0055,2
13,6,30,-22.53,0.0080,2
13,6,31,-21.57,0.0100,2
13,6,32,-23.12,0.0070,2
13,6,33,-23.60,0.0063,2
13,6,34,-37.46,0.0003,2
13,6,35,-14.10,0.0551,2
13,6,36,-4.91,0.4033,2
13,6,37,1.32,1.2356,2
13,6,38,-2.88,0.6001,2
13,6,39,-12.03,0.0877,2
13,6,40,-4.67,0.4237,2
13,6,41,-7.25,0.2490,2
14,0,0,9.54,3.3202,2
14,0,1,13.82,4.6482,2
14,0,2,51.76,17.1952,2
14,0,3,-0.03,0.9948,2
14,0,4,20.46,6.8095,2
14,0,5,0.53,1.0907,2
14,0,6,-12.44,0.0801,2
14,0,7,30.23,10.0427,2
14,0,8,-3.48,0.5347,2
14,0,9,-15.93,0.0364,2
14,0,10,-1.71,0.7440,2
14,0,11,11.64,3.9619,2
14,0,12,-14.56,0.0496,2
14,0,13,-17.08,0.0280,2
14,0,14,-16.10,0.0350,2
14,0,15,-20.06,0.0142,2
14,0,16,-17.00,0.0285,2
14,0,17,-10.03,0.1367,2
14,0,18,-10.45,0.1246,2
14,0,19,-1.23,0.8103,2
14,0,20,24.70,8.2099,2
14,0,21,3.64,1.7276,2
14,0,22,-16.79,0.0299,2
14,0,23,3.98,1.8082,2
14,0,24,-1.98,0.7086,2
14,0,25,-28.31,0.0021,2
14,0,26,-4.37,0.4500,2
14,0,27,-12.10,0.0863,2
14,0,28,-24.32,0.0053,2
14,0,29,-10.68,0.1184,2
14,0,30,9.53,3.3170,2
14,0,31,-11.89,0.0905,2
14,0,32,-17.74,0.0241,2
14,0,33,-15.84,0.0371,2
14,0,34,-4.04,0.4793,2
14,0,35,-8.15,0.2056,2
14,0,36,2.09,1.3892,2
14,0,37,-5.68,0.3451,2
14,0,38,-5.67,0.3456,2
14,0,39,-25.80,0.0038,2
14,0,40,11.42,3.8939,2
14,0,41,-18.31,0.0211,2
14,1,0,7.19,2.6402,2
14,1,1,-31.27,0.0011,2
14,1,2,0.22,1.0367,2
14,1,3,-6.63,0.2839,2
14,1,4,-8.24,0.2015,2
14,1,5,-18.21,0.0216,2
14,1,6,5.14,2.0927,2
14,1,7,5.63,2.2199,2
14,1,8,0.08,1.0127,2
14,1,9,-14.29,0.0528,2
14,1,10,-6.47,0.2935,2
14,1,11,71.22,23.6595,2
14,1,12,-25.12,0.0044,2
14,1,13,-8.51,0.1904,2
14,1,14,-15.39,0.0411,2
14,1,15,1.02,1.1795,2
14,1,16,-21.42,0.0104,2
14,1,17,-17.75,0.0240,2
14,1,18,-20.34,0.0133,2
14,1,19,-14.52,0.0500,2
14,1,20,0.08,1.0126,2
14,1,21,-14.45,0.0508,2
14,1,22,-28.97,0.0018,2
14,1,23,-2.25,0.6740,2
14,1,24,-22.40,0.0083,2
14,1,25,-15.42,0.0408,2
14,1,26,-8.89,0.1751,2
14,1,27,-25.85,0.0037,2
14,1,28,-15.49,0.0402,2
14,1,29,-9.39,0.1571,2
14,1,30,11.02,3.7709,2
14,1,31,-5.11,0.3878,2
14,1,32,-23.02,0.0072,2
14,1,33,-22.46,0.0082,2
14,1,34,-11.27,0.1038,2
14,1,35,14.61,4.9039,2
14,1,36,-4.53,0.4354,2
14,1,37,-11.45,0.0999,2
14,1,38,-28.40,0.0021,2
14,1,39,-22.82,0.0075,2
14,1,40,-13.61,0.0615,2
14,1,41,-23.77,0.0060,2
14,2,0,-19.07,0.0178,2
14,2,1,-7.48,0.2372,2
14,2,2,-15.60,0.0392,2
14,2,3,-4.90,0.4041,2
14,2,4,-23.00,0.0072,2
14,2,5,-32.52,0.0008,2
14,2,6,-10.47,0.1239,2
14,2,7,-9.16,0.1653,2
14,2,8,-7.33,0.2449,2
14,2,9,-13.71,0.0602,2
14,2,10,-26.12,0.0035,2
14,2,11,7.16,2.6322,2
14,2,12,10.60,3.6410,2
14,2,13,-28.96,0.0018,2
14,2,14,22.50,7.4838,2
14,2,15,-6.15,0.3133,2
14,2,16,-12.88,0.0724,2
14,2,17,5.99,2.3143,2
14,2,18,-3.39,0.5437,2
14,2,19,-6.20,0.3100,2
14,2,20,17.27,5.7627,2
14,2,21,5.65,2.2239,2
14,2,22,-20.80,0.0119,2
14,2,23,-3.32,0.5514,2
14,2,24,-7.45,0.2388,2
14,2,25,-17.90,0.0232,2
14,2,26,-39.45,0.0002,2
14,2,27,-14.26,0.0531,2
14,2,28,-18.00,0.0227,2
14,2,29,19.59,6.5249,2
14,2,30,-5.34,0.3697,2
14,2,31,-39.02,0.0002,2
14,2,32,-10.85,0.1139,2
14,2,33,-19.64,0.0156,2
14,2,34,-21.25,0.0108,2
14,2,35,3.27,1.6436,2
14,2,36,-10.84,0.1141,2
14,2,37,-35.07,0.0004,2
14,2,38,-12.69,0.0756,2
14,2,39,-5.00,0.3961,2
14,2,40,-7.97,0.2138,2
14,2,41,-11.07,0.1086,2
14,3,0,-1.91,0.7174,2
14,3,1,-5.13,0.3865,2
14,3,2,-1.07,0.8333,2
14,3,3,-8.24,0.2014,2
14,3,4,-7.78,0.2223,2
14,3,5,-6.81,0.2733,2
14,3,6,-5.00,0.3966,2
14,3,7,-11.19,0.1056,2
14,3,8,-18.68,0.0194,2
14,3,9,-15.00,0.0449,2
14,3,10,-12.78,0.0741,2
14,3,11,13.91,4.6775,2
14,3,12,-10.97,0.1110,2
14,3,13,-32.87,0.0007,2
14,3,14,-24.87,0.0047,2
14,3,15,-16.44,0.0324,2
14,3,16,-7.03,0.2608,2
14,3,17,2.76,1.5295,2
14,3,18,1.54,1.2788,2
14,3,19,12.70,4.2956,2
14,3,20,48.91,16.2490,2
14,3,21,23.82,7.9199,2
14,3,22,-20.27,0.0135,2
14,3,23,15.01,5.0302,2
14,3,24,-5.67,0.3462,2
14,3,25,-24.94,0.0046,2
14,3,26,-8.62,0.1857,2
14,3,27,-18.85,0.0187,2
14,3,28,-30.15,0.0014,2
14,3,29,-10.29,0.1290,2
14,3,30,-0.29,0.9533,2
14,3,31,-2.15,0.6861,2
14,3,32,5.56,2.2021,2
14,3,33,1.11,1.1961,2
14,3,34,-10.43,0.1250,2
14,3,35,1.64,1.2978,2
14,3,36,-12.42,0.0804,2
14,3,37,-28.16,0.0022,2
14,3,38,-9.46,0.1548,2
14,3,39,-32.89,0.0007,2
14,3,40,-15.73,0.0381,2
14,3,41,-1.55,0.7658,2
14,4,0,-22.17,0.0087,2
14,4,1,-31.85,0.0009,2
14,4,2,-28.26,0.0022,2
14,4,3,-8.38,0.1958,2
14,4,4,-24.46,0.0052,2
14,4,5,4.14,1.8462,2
14,4,6,-17.03,0.0283,2
14,4,7,-18.93,0.0183,2
14,4,8,-11.70,0.0945,2
14,4,9,-23.92,0.0058,2
14,4,10,-28.34,0.0021,2
14,4,11,-0.61,0.9027,2
14,4,12,-27.64,0.0025,2
14,4,13,-20.16,0.0138,2
14,4,14,-36.63,0.0003,2
14,4,15,-30.58,0.0013,2
14,4,16,-24.95,0.0046,2
14,4,17,-18.81,0.0188,2
14,4,18,-18.47,0.0204,2
14,4,19,-31.49,0.0010,2
14,4,20,-0.89,0.8594,2
14,4,21,-21.16,0.0110,2
14,4,22,-25.14,0.0044,2
14,4,23,5.27,2.1254,2
14,4,24,-14.32,0.0524,2
14,4,25,-17.30,0.0266,2
14,4,26,-6.56,0.2881,2
14,4,27,-3.43,0.5404,2
14,4,28,-25.80,0.0038,2
14,4,29,5.01,2.0597,2
14,4,30,-0.41,0.9340,2
14,4,31,-18.78,0.0190,2
14,4,32,-36.17,0.0003,2
14,4,33,-29.06,0.0018,2
14,4,34,-15.89,0.0367,2
14,4,35,2.42,1.4573,2
14,4,36,0.40,1.0672,2
14,4,37,-38.23,0.0002,2
14,4,38,-25.22,0.0043,2
14,4,39,-16.10,0.0350,2
14,4,40,-31.39,0.0010,2
14,4,41,-26.75,0.0030,2
14,5,0,-11.52,0.0983,2
14,5,1,-38.66,0.0002,2
14,5,2,-24.22,0.0054,2
14,5,3,-13.14,0.0684,2
14,5,4,-9.67,0.1478,2
14,5,5,-8.38,0.1956,2
14,5,6,-7.92,0.2159,2
14,5,7,-1.40,0.7862,2
14,5,8,7.40,2.6987,2
14,5,9,-11.65,0.0955,2
14,5,10,-18.90,0.0185,2
14,5,11,3.47,1.6878,2
14,5,12,-18.32,0.0211,2
14,5,13,-20.68,0.0123,2
14,5,14,-10.22,0.1311,2
14,5,15,-32.07,0.0009,2
14,5,16,-24.30,0.0053,2
14,5,17,-22.42,0.0082,2
14,5,18,-23.64,0.0062,2
14,5,19,0.58,1.0992,2
14,5,20,0.17,1.0289,2
14,5,21,-22.60,0.0079,2
14,5,22,-28.79,0.0019,2
14,5,23,-9.48,0.1541,2
14,5,24,-15.84,0.0371,2
14,5,25,-30.17,0.0014,2
14,5,26,0.82,1.1427,2
14,5,27,-10.64,0.1194,2
14,5,28,-6.94,0.2660,2
14,5,29,-8.04,0.2103,2
14,5,30,94.18,31.2850,2
14,5,31,9.33,3.2585,2
14,5,32,9.15,3.2055,2
14,5,33,56.11,18.6402,2
14,5,34,-4.57,0.4318,2
14,5,35,43.22,14.3585,2
14,5,36,-12.76,0.0744,2
14,5,37,-18.85,0.0187,2
14,5,38,-19.30,0.0169,2
14,5,39,-6.95,0.2652,2
14,5,40,-10.64,0.1195,2
14,5,41,-19.97,0.0144,2
14,6,0,-30.27,0.0014,2
14,6,1,-32.35,0.0008,2
14,6,2,-32.66,0.0008,2
14,6,3,-30.87,0.0012,2
14,6,4,-23.88,0.0059,2
14,6,5,-39.43,0.0002,2
14,6,6,-20.96,0.0115,2
14,6,7,0.23,1.0386,2
14,6,8,-46.98,0.0000,2
14,6,9,-41.81,0.0001,2
14,6,10,-33.64,0.0006,2
14,6,11,-5.82,0.3356,2
14,6,12,-33.32,0.0007,2
14,6,13,-19.98,0.0144,2
14,6,14,-19.55,0.0159,2
14,6,15,-11.56,0.0973,2
14,6,16,-42.47,0.0001,2
14,6,17,-19.99,0.0144,2
14,6,18,-43.42,0.0001,2
14,6,19,-18.60,0.0198,2
14,6,20,-0.19,0.9686,2
14,6,21,-41.12,0.0001,2
14,6,22,-32.09,0.0009,2
14,6,23,3.84,1.7739,2
14,6,24,-27.64,0.0025,2
14,6,25,-14.60,0.0491,2
14,6,26,-31.19,0.0011,2
14,6,27,-30.36,0.0013,2
14,6,28,-29.27,0.0017,2
14,6,29,-24.15,0.0055,2
14,6,30,-22.53,0.0080,2
14,6,31,-21.57,0.0100,2
14,6,32,-23.12,0.0070,2
14,6,33,-23.60,0.0063,2
14,6,34,-37.46,0.0003,2
14,6,35,-14.10,0.0551,2
14,6,36,-4.91,0.4033,2
14,6,37,1.32,1.2356,2
14,6,38,-2.88,0.6001,2
14,6,39,-12.03,0.0877,2
14,6,40,-4.67,0.4237,2
14,6,41,-7.25,0.2490,2
15,0,0,9.54,3.3202,2
15,0,1,13.82,4.6482,2
15,0,2,51.76,17.1952,2
15,0,3,-0.03,0.9948,2
15,0,4,20.46,6.8095,2
15,0,5,0.53,1.0907,2
15,0,6,-12.44,0.0801,2
15,0,7,30.23,10.0427,2
15,0,8,-3.48,0.5347,2
15,0,9,-15.93,0.0364,2
15,0,10,-1.71,0.7440,2
15,0,11,11.64,3.9619,2
15,0,12,-14.56,0.0496,2
15,0,13,-17.08,0.0280,2
15,0,14,-16.10,0.0350,2
15,0,15,-20.06,0.0142,2
15,0,16,-17.00,0.0285,2
15,0,17,-10.03,0.1367,2
15,0,18,-10.45,0.1246,2
15,0,19,-1.23,0.8103,2
15,0,20,24.70,8.2099,2
15,0,21,3.64,1.7276,2
15,0,22,-16.79,0.0299,2
15,0,23,3.98,1.8082,2
15,0,24,-1.98,0.7086,2
15,0,25,-28.31,0.0021,2
15,0,26,-4.37,0.4500,2
15,0,27,-12.10,0.0863,2
15,0,28,-24.32,0.0053,2
15,0,29,-10.68,0.1184,2
15,0,30,9.53,3.3170,2
15,0,31,-11.89,0.0905,2
15,0,32,-17.74,0.0241,2
15,0,33,-15.84,0.0371,2
15,0,34,-4.04,0.4793,2
15,0,35,-8.15,0.2056,2
15,0,36,2.09,1.3892,2
15,0,37,-5.68,0.3451,2
15,0,38,-5.67,0.3456,2
15,0,39,-25.80,0.0038,2
15,0,40,11.42,3.8939,2
15,0,41,-18.31,0.0211,2
15,1,0,7.19,2.6402,2
15,1,1,-31.27,0.0011,2
15,1,2,0.22,1.0367,2
15,1,3,-6.63,0.2839,2
15,1,4,-8.24,0.2015,2
15,1,5,-18.21,0.0216,2
15,1,6,5.14,2.0927,2
15,1,7,5.63,2.2199,2
15,1,8,0.08,1.0127,2
15,1,9,-14.29,0.0528,2
15,1,10,-6.47,0.2935,2
15,1,11,71.22,23.6595,2
15,1,12,-25.12,0.0044,2
15,1,13,-8.51,0.1904,2
15,1,14,-15.39,0.0411,2
15,1,15,1.02,1.1795,2
15,1,16,-21.42,0.0104,2
15,1,17,-17.75,0.0240,2
15,1,18,-20.34,0.0133,2
15,1,19,-14.52,0.0500,2
15,1,20,0.08,1.0126,2
15,1,21,-14.45,0.0508,2
15,1,22,-28.97,0.0018,2
15,1,23,-2.25,0.6740,2
15,1,24,-22.40,0.0083,2
15,1,25,-15.42,0.0408,2
15,1,26,-8.89,0.1751,2
15,1,27,-25.85,0.0037,2
15,1,28,-15.49,0.0402,2
15,1,29,-9.39,0.1571,2
15,1,30,11.02,3.7709,2
15,1,31,-5.11,0.3878,2
15,1,32,-23.02,0.0072,2
15,1,33,-22.46,0.0082,2
15,1,34,-11.27,0.1038,2
15,1,35,14.61,4.9039,2
15,1,36,-4.53,0.4354,2
15,1,37,-11.45,0.0999,2
15,1,38,-28.40,0.0021,2
15,1,39,-22.82,0.0075,2
15,1,40,-13.61,0.0615,2
15,1,41,-23.77,0.0060,2
15,2,0,-19.07,0.0178,2
15,2,1,-7.48,0.2372,2
15,2,2,-15.60,0.0392,2
15,2,3,-4.90,0.4041,2
15,2,4,-23.00,0.0072,2
15,2,5,-32.52,0.0008,2
15,2,6,-10.47,0.1239,2
15,2,7,-9.16,0.1653,2
15,2,8,-7.33,0.2449,2
15,2,9,-13.71,0.0602,2
15,2,10,-26.12,0.0035,2
15,2,11,7.16,2.6322,2
15,2,12,10.60,3.6410,2
15,2,13,-28.96,0.0018,2
15,2,14,22.50,7.4838,2
15,2,15,-6.15,0.3133,2
15,2,16,-12.88,0.0724,2
15,2,17,5.99,2.3143,2
15,2,18,-3.39,0.5437,2
15,2,19,-6.20,0.3100,2
15,2,20,17.27,5.7627,2
15,2,21,5.65,2.2239,2
15,2,22,-20.80,0.0119,2
15,2,23,-3.32,0.5514,2
15,2,24,-7.45,0.2388,2
15,2,25,-17.90,0.0232,2
15,2,26,-39.45,0.0002,2
15,2,27,-14.26,0.0531,2
15,2,28,-18.00,0.0227,2
15,2,29,19.59,6.5249,2
15,2,30,-5.34,0.3697,2
15,2,31,-39.02,0.0002,2
15,2,32,-10.85,0.1139,2
15,2,33,-19.64,0.0156,2
15,2,34,-21.25,0.0108,2
15,2,35,3.27,1.6436,2
15,2,36,-10.84,0.1141,2
15,2,37,-35.07,0.0004,2
15,2,38,-12.69,0.0756,2
15,2,39,-5.00,0.3961,2
15,2,40,-7.97,0.2138,2
15,2,41,-11.07,0.1086,2
15,3,0,-1.91,0.7174,2
15,3,1,-5.13,0.3865,2
15,3,2,-1.07,0.8333,2
15,3,3,-8.24,0.2014,2
15,3,4,-7.78,0.2223,2
15,3,5,-6.81,0.2733,2
15,3,6,-5.00,0.3966,2
15,3,7,-11.19,0.1056,2
15,3,8,-18.68,0.0194,2
15,3,9,-15.00,0.0449,2
15,3,10,-12.78,0.0741,2
15,3,11,13.91,4.6775,2
15,3,12,-10.97,0.1110,2
15,3,13,-32.87,0.0007,2
15,3,14,-24.87,0.0047,2
15,3,15,-16.44,0.0324,2
15,3,16,-7.03,0.2608,2
15,3,17,2.76,1.5295,2
15,3,18,1.54,1.2788,2
15,3,19,12.70,4.2956,2
15,3,20,48.91,16.2490,2
15,3,21,23.82,7.9199,2
15,3,22,-20.27,0.0135,2
15,3,23,15.01,5.0302,2
15,3,24,-5.67,0.3462,2
15,3,25,-24.94,0.0046,2
15,3,26,-8.62,0.1857,2
15,3,27,-18.85,0.0187,2
15,3,28,-30.15,0.0014,2
15,3,29,-10.29,0.1290,2
15,3,30,-0.29,0.9533,2
15,3,31,-2.15,0.6861,2
15,3,32,5.56,2.2021,2
15,3,33,1.11,1.1961,2
15,3,34,-10.43,0.1250,2
15,3,35,1.64,1.2978,2
15,3,36,-12.42,0.0804,2
15,3,37,-28.16,0.0022,2
15,3,38,-9.46,0.1548,2
15,3,39,-32.89,0.0007,2
15,3,40,-15.73,0.0381,2
15,3,41,-1.55,0.7658,2
15,4,0,-22.17,0.0087,2
15,4,1,-31.85,0.0009,2
15,4,2,-28.26,0.0022,2
15,4,3,-8.38,0.1958,2
15,4,4,-24.46,0.0052,2
15,4,5,4.14,1.8462,2
15,4,6,-17.03,0.0283,2
15,4,7,-18.93,0.0183,2
15,4,8,-11.70,0.0945,2
15,4,9,-23.92,0.0058,2
15,4,10,-28.34,0.0021,2
15,4,11,-0.61,0.9027,2
15,4,12,-27.64,0.0025,2
15,4,13,-20.16,0.0138,2
15,4,14,-36.63,0.0003,2
15,4,15,-30.58,0.0013,2
15,4,16,-24.95,0.0046,2
15,4,17,-18.81,0.0188,2
15,4,18,-18.47,0.0204,2
15,4,19,-31.49,0.0010,2
15,4,20,-0.89,0.8594,2
15,4,21,-21.16,0.0110,2
15,4,22,-25.14,0.0044,2
15,4,23,5.27,2.1254,2
15,4,24,-14.32,0.0524,2
15,4,25,-17.30,0.0266,2
15,4,26,-6.56,0.2881,2
15,4,27,-3.43,0.5404,2
15,4,28,-25.80,0.0038,2
15,4,29,5.01,2.0597,2
15,4,30,-0.41,0.9340,2
15,4,31,-18.78,0.0190,2
15,4,32,-36.17,0.0003,2
15,4,33,-29.06,0.0018,2
15,4,34,-15.89,0.0367,2
15,4,35,2.42,1.4573,2
15,4,36,0.40,1.0672,2
15,4,37,-38.23,0.0002,2
15,4,38,-25.22,0.0043,2
15,4,39,-16.10,0.0350,2
15,4,40,-31.39,0.0010,2
15,4,41,-26.75,0.0030,2
15,5,0,-11.52,0.0983,2
15,5,1,-38.66,0.0002,2
15,5,2,-24.22,0.0054,2
15,5,3,-13.14,0.0684,2
15,5,4,-9.67,0.1478,2
15,5,5,-8.38,0.1956,2
15,5,6,-7.92,0.2159,2
15,5,7,-1.40,0.7862,2
15,5,8,7.40,2.6987,2
15,5,9,-11.65,0.0955,2
15,5,10,-18.90,0.0185,2
15,5,11,3.47,1.6878,2
15,5,12,-18.32,0.0211,2
15,5,13,-20.68,0.0123,2
15,5,14,-10.22,0.1311,2
15,5,15,-32.07,0.0009,2
15,5,16,-24.30,0.0053,2
15,5,17,-22.42,0.0082,2
15,5,18,-23.64,0.0062,2
15,5,19,0.58,1.0992,2
15,5,20,0.17,1.0289,2
15,5,21,-22.60,0.0079,2
15,5,22,-28.79,0.0019,2
15,5,23,-9.48,0.1541,2
15,5,24,-15.84,0.0371,2
15,5,25,-30.17,0.0014,2
15,5,26,0.82,1.1427,2
15,5,27,-10.64,0.1194,2
15,5,28,-6.94,0.2660,2
15,5,29,-8.04,0.2103,2
15,5,30,94.18,31.2850,2
15,5,31,9.33,3.2585,2
15,5,32,9.15,3.2055,2
15,5,33,56.11,18.6402,2
15,5,34,-4.57,0.4318,2
15,5,35,43.22,14.3585,2
15,5,36,-12.76,0.0744,2
15,5,37,-18.85,0.0187,2
15,5,38,-19.30,0.0169,2
15,5,39,-6.95,0.2652,2
15,5,40,-10.64,0.1195,2
15,5,41,-19.97,0.0144,2
15,6,0,-30.27,0.0014,2
15,6,1,-32.35,0.0008,2
15,6,2,-32.66,0.0008,2
15,6,3,-30.87,0.0012,2
15,6,4,-23.88,0.0059,2
15,6,5,-39.43,0.0002,2
15,6,6,-20.96,0.0115,2
15,6,7,0.23,1.0386,2
15,6,8,-46.98,0.0000,2
15,6,9,-41.81,0.0001,2
15,6,10,-33.64,0.0006,2
15,6,11,-5.82,0.3356,2
15,6,12,-33.32,0.0007,2
15,6,13,-19.98,0.0144,2
15,6,14,-19.55,0.0159,2
15,6,15,-11.56,0.0973,2
15,6,16,-42.47,0.0001,2
15,6,17,-19.99,0.0144,2
15,6,18,-43.42,0.0001,2
15,6,19,-18.60,0.0198,2
15,6,20,-0.19,0.9686,2
15,6,21,-41.12,0.0001,2
15,6,22,-32.09,0.0009,2
15,6,23,3.84,1.7739,2
15,6,24,-27.64,0.0025,2
15,6,25,-14.60,0.0491,2
15,6,26,-31.19,0.0011,2
15,6,27,-30.36,0.0013,2
15,6,28,-29.27,0.0017,2
15,6,29,-24.15,0.0055,2
15,6,30,-22.53,0.0080,2
15,6,31,-21.57,0.0100,2
15,6,32,-23.12,0.0070,2
15,6,33,-23.60,0.0063,2
15,6,34,-37.46,0.0003,2
15,6,35,-14.10,0.0551,2
15,6,36,-4.91,0.4033,2
15,6,37,1.32,1.2356,2
15,6,38,-2.88,0.6001,2
15,6,39,-12.03,0.0877,2
15,6,40,-4.67,0.4237,2
15,6,41,-7.25,0.2490,2
16,0,0,9.54,3.3202,2
16,0,1,13.82,4.6482,2
16,0,2,51.76,17.1952,2
16,0,3,-0.03,0.9948,2
16,0,4,20.46,6.8095,2
16,0,5,0.53,1.0907,2
16,0,6,-12.44,0.0801,2
16,0,7,30.23,10.0427,2
16,0,8,-3.48,0.5347,2
16,0,9,-15.93,0.0364,2
16,0,10,-1.71,0.7440,2
16,0,11,11.64,3.9619,2
16,0,12,-14.56,0.0496,2
16,0,13,-17.08,0.0280,2
16,0,14,-16.10,0.0350,2
16,0,15,-20.06,0.0142,2
16,0,16,-17.00,0.0285,2
16,0,17,-10.03,0.1367,2
16,0,18,-10.45,0.1246,2
16,0,19,-1.23,0.8103,2
16,0,20,24.70,8.2099,2
16,0,21,3.64,1.7276,2
16,0,22,-16.79,0.0299,2
16,0,23,3.98,1.8082,2
16,0,24,-1.98,0.7086,2
16,0,25,-28.31,0.0021,2
16,0,26,-4.37,0.4500,2
16,0,27,-12.10,0.0863,2
16,0,28,-24.32,0.0053,2
16,0,29,-10.68,0.1184,2
16,0,30,9.53,3.3170,2
16,0,31,-11.89,0.0905,2
16,0,32,-17.74,0.0241,2
16,0,33,-15.84,0.0371,2
16,0,34,-4.04,0.4793,2
16,0,35,-8.15,0.2056,2
16,0,36,2.09,1.3892,2
16,0,37,-5.68,0.3451,2
16,0,38,-5.67,0.3456,2
16,0,39,-25.80,0.0038,2
16,0,40,11.42,3.8939,2
16,0,41,-18.31,0.0211,2
16,1,0,7.19,2.6402,2
16,1,1,-31.27,0.0011,2
16,1,2,0.22,1.0367,2
16,1,3,-6.63,0.2839,2
16,1,4,-8.24,0.2015,2
16,1,5,-18.21,0.0216,2
16,1,6,5.14,2.0927,2
16,1,7,5.63,2.2199,2
16,1,8,0.08,1.0127,2
16,1,9,-14.29,0.0528,2
16,1,10,-6.47,0.2935,2
16,1,11,71.22,23.6595,2
16,1,12,-25.12,0.0044,2
16,1,13,-8.51,0.1904,2
16,1,14,-15.39,0.0411,2
16,1,15,1.02,1.1795,2
16,1,16,-21.42,0.0104,2
16,1,17,-17.75,0.0240,2
16,1,18,-20.34,0.0133,2
16,1,19,-14.52,0.0500,2
16,1,20,0.08,1.0126,2
16,1,21,-14.45,0.0508,2
16,1,22,-28.97,0.0018,2
16,1,23,-2.25,0.6740,2
16,1,24,-22.40,0.0083,2
16,1,25,-15.42,0.0408,2
16,1,26,-8.89,0.1751,2
16,1,27,-25.85,0.0037,2
16,1,28,-15.49,0.0402,2
16,1,29,-9.39,0.1571,2
16,1,30,11.02,3.7709,2
16,1,31,-5.11,0.3878,2
16,1,32,-23.02,0.0072,2
16,1,33,-22.46,0.0082,2
16,1,34,-11.27,0.1038,2
16,1,35,14.61,4.9039,2
16,1,36,-4.53,0.4354,2
16,1,37,-11.45,0.0999,2
16,1,38,-28.40,0.0021,2
16,1,39,-22.82,0.0075,2
16,1,40,-13.61,0.0615,2
16,1,41,-23.77,0.0060,2
16,2,0,-19.07,0.0178,2
16,2,1,-7.48,0.2372,2
16,2,2,-15.60,0.0392,2
16,2,3,-4.90,0.4041,2
16,2,4,-23.00,0.0072,2
16,2,5,-32.52,0.0008,2
16,2,6,-10.47,0.1239,2
16,2,7,-9.16,0.1653,2
16,2,8,-7.33,0.2449,2
16,2,9,-13.71,0.0602,2
16,2,10,-26.12,0.0035,2
16,2,11,7.16,2.6322,2
16,2,12,10.60,3.6410,2
16,2,13,-28.96,0.0018,2
16,2,14,22.50,7.4838,2
16,2,15,-6.15,0.3133,2
16,2,16,-12.88,0.0724,2
16,2,17,5.99,2.3143,2
16,2,18,-3.39,0.5437,2
16,2,19,-6.20,0.3100,2
16,2,20,17.27,5.7627,2
16,2,21,5.65,2.2239,2
16,2,22,-20.80,0.0119,2
16,2,23,-3.32,0.5514,2
16,2,24,-7.45,0.2388,2
16,2,25,-17.90,0.0232,2
16,2,26,-39.45,0.0002,2
16,2,27,-14.26,0.0531,2
16,2,28,-18.00,0.0227,2
16,2,29,19.59,6.5249,2
16,2,30,-5.34,0.3697,2
16,2,31,-39.02,0.0002,2
16,2,32,-10.85,0.1139,2
16,2,33,-19.64,0.0156,2
16,2,34,-21.25,0.0108,2
16,2,35,3.27,1.6436,2
16,2,36,-10.84,0.1141,2
16,2,37,-35.07,0.0004,2
16,2,38,-12.69,0.0756,2
16,2,39,-5.00,0.3961,2
16,2,40,-7.97,0.2138,2
16,2,41,-11.07,0.1086,2
16,3,0,-1.91,0.7174,2
16,3,1,-5.13,0.3865,2
16,3,2,-1.07,0.8333,2
16,3,3,-8.24,0.2014,2
16,3,4,-7.78,0.2223,2
16,3,5,-6.81,0.2733,2
16,3,6,-5.00,0.3966,2
16,3,7,-11.19,0.1056,2
16,3,8,-18.68,0.0194,2
16,3,9,-15.00,0.0449,2
16,3,10,-12.78,0.0741,2
16,3,11,13.91,4.6775,2
16,3,12,-10.97,0.1110,2
16,3,13,-32.87,0.0007,2
16,3,14,-24.87,0.0047,2
16,3,15,-16.44,0.0324,2
16,3,16,-7.03,0.2608,2
16,3,17,2.76,1.5295,2
16,3,18,1.54,1.2788,2
16,3,19,12.70,4.2956,2
16,3,20,48.91,16.2490,2
16,3,21,23.82,7.9199,2
16,3,22,-20.27,0.0135,2
16,3,23,15.01,5.0302,2
16,3,24,-5.67,0.3462,2
16,3,25,-24.94,0.0046,2
16,3,26,-8.62,0.1857,2
16,3,27,-18.85,0.0187,2
16,3,28,-30.15,0.0014,2
16,3,29,-10.29,0.1290,2
16,3,30,-0.29,0.9533,2
16,3,31,-2.15,0.6861,2
16,3,32,5.56,2.2021,2
16,3,33,1.11,1.1961,2
16,3,34,-10.43,0.1250,2
16,3,35,1.64,1.2978,2
16,3,36,-12.42,0.0804,2
16,3,37,-28.16,0.0022,2
16,3,38,-9.46,0.1548,2
16,3,39,-32.89,0.0007,2
16,3,40,-15.73,0.0381,2
16,3,41,-1.55,0.7658,2
16,4,0,-22.17,0.0087,2
16,4,1,-31.85,0.0009,2
16,4,2,-28.26,0.0022,2
16,4,3,-8.38,0.1958,2
16,4,4,-24.46,0.0052,2
16,4,5,4.14,1.8462,2
16,4,6,-17.03,0.0283,2
16,4,7,-18.93,0.0183,2
16,4,8,-11.70,0.0945,2
16,4,9,-23.92,0.0058,2
16,4,10,-28.34,0.0021,2
16,4,11,-0.61,0.9027,2
16,4,12,-27.64,0.0025,2
16,4,13,-20.16,0.0138,2
16,4,14,-36.63,0.0003,2
16,4,15,-30.58,0.0013,2
16,4,16,-24.95,0.0046,2
16,4,17,-18.81,0.0188,2
16,4,18,-18.47,0.0204,2
16,4,19,-31.49,0.0010,2
16,4,20,-0.89,0.8594,2
16,4,21,-21.16,0.0110,2
16,4,22,-25.14,0.0044,2
16,4,23,5.27,2.1254,2
16,4,24,-14.32,0.0524,2
16,4,25,-17.30,0.0266,2
16,4,26,-6.56,0.2881,2
16,4,27,-3.43,0.5404,2
16,4,28,-25.80,0.0038,2
16,4,29,5.01,2.0597,2
16,4,30,-0.41,0.9340,2
16,4,31,-18.78,0.0190,2
16,4,32,-36.17,0.0003,2
16,4,33,-29.06,0.0018,2
16,4,34,-15.89,0.0367,2
16,4,35,2.42,1.4573,2
16,4,36,0.40,1.0672,2
16,4,37,-38.23,0.0002,2
16,4,38,-25.22,0.0043,2
16,4,39,-16.10,0.0350,2
16,4,40,-31.39,0.0010,2
16,4,41,-26.75,0.0030,2
16,5,0,-11.52,0.0983,2
16,5,1,-38.66,0.0002,2
16,5,2,-24.22,0.0054,2
16,5,3,-13.14,0.0684,2
16,5,4,-9.67,0.1478,2
16,5,5,-8.38,0.1956,2
16,5,6,-7.92,0.2159,2
16,5,7,-1.40,0.7862,2
16,5,8,7.40,2.6987,2
16,5,9,-11.65,0.0955,2
16,5,10,-18.90,0.0185,2
16,5,11,3.47,1.6878,2
16,5,12,-18.32,0.0211,2
16,5,13,-20.68,0.0123,2
16,5,14,-10.22,0.1311,2
16,5,15,-32.07,0.0009,2
16,5,16,-24.30,0.0053,2
16,5,17,-22.42,0.0082,2
16,5,18,-23.64,0.0062,2
16,5,19,0.58,1.0992,2
16,5,20,0.17,1.0289,2
16,5,21,-22.60,0.0079,2
16,5,22,-28.79,0.0019,2
16,5,23,-9.48,0.1541,2
16,5,24,-15.84,0.0371,2
16,5,25,-30.17,0.0014,2
16,5,26,0.82,1.1427,2
16,5,27,-10.64,0.1194,2
16,5,28,-6.94,0.2660,2
16,5,29,-8.04,0.2103,2
16,5,30,94.18,31.2850,2
16,5,31,9.33,3.2585,2
16,5,32,9.15,3.2055,2
16,5,33,56.11,18.6402,2
16,5,34,-4.57,0.4318,2
16,5,35,43.22,14.3585,2
16,5,36,-12.76,0.0744,2
16,5,37,-18.85,0.0187,2
16,5,38,-19.30,0.0169,2
16,5,39,-6.95,0.2652,2
16,5,40,-10.64,0.1195,2
16,5,41,-19.97,0.0144,2
16,6,0,-30.27,0.0014,2
16,6,1,-32.35,0.0008,2
16,6,2,-32.66,0.0008,2
16,6,3,-30.87,0.0012,2
16,6,4,-23.88,0.0059,2
16,6,5,-39.43,0.0002,2
16,6,6,-20.96,0.0115,2
16,6,7,0.23,1.0386,2
16,6,8,-46.98,0.0000,2
16,6,9,-41.81,0.0001,2
16,6,10,-33.64,0.0006,2
16,6,11,-5.82,0.3356,2
16,6,12,-33.32,0.0007,2
16,6,13,-19.98,0.0144,2
16,6,14,-19.55,0.0159,2
16,6,15,-11.56,0.0973,2
16,6,16,-42.47,0.0001,2
16,6,17,-19.99,0.0144,2
16,6,18,-43.42,0.0001,2
16,6,19,-18.60,0.0198,2
16,6,20,-0.19,0.9686,2
16,6,21,-41.12,0.0001,2
16,6,22,-32.09,0.0009,2
16,6,23,3.84,1.7739,2
16,6,24,-27.64,0.0025,2
16,6,25,-14.60,0.0491,2
16,6,26,-31.19,0.0011,2
16,6,27,-30.36,0.0013,2
16,6,28,-29.27,0.0017,2
16,6,29,-24.15,0.0055,2
16,6,30,-22.53,0.0080,2
16,6,31,-21.57,0.0100,2
16,6,32,-23.12,0.0070,2
16,6,33,-23.60,0.0063,2
16,6,34,-37.46,0.0003,2
16,6,35,-14.10,0.0551,2
16,6,36,-4.91,0.4033,2
16,6,37,1.32,1.2356,2
16,6,38,-2.88,0.6001,2
16,6,39,-12.03,0.0877,2
16,6,40,-4.67,0.4237,2
16,6,41,-7.25,0.2490,2
17,0,0,9.54,3.3202,2
17,0,1,13.82,4.6482,2
17,0,2,51.76,17.1952,2
17,0,3,-0.03,0.9948,2
17,0,4,20.46,6.8095,2
17,0,5,0.53,1.0907,2
17,0,6,-12.44,0.0801,2
17,0,7,30.23,10.0427,2
17,0,8,-3.48,0.5347,2
17,0,9,-15.93,0.0364,2
17,0,10,-1.71,0.7440,2
17,0,11,11.64,3.9619,2
17,0,12,-14.56,0.0496,2
17,0,13,-17.08,0.0280,2
17,0,14,-16.10,0.0350,2
17,0,15,-20.06,0.0142,2
17,0,16,-17.00,0.0285,2
17,0,17,-10.03,0.1367,2
17,0,18,-10.45,0.1246,2
17,0,19,-1.23,0.8103,2
17,0,20,24.70,8.2099,2
17,0,21,3.64,1.7276,2
17,0,22,-16.79,0.0299,2
17,0,23,3.98,1.8082,2
17,0,24,-1.98,0.7086,2
17,0,25,-28.31,0.0021,2
17,0,26,-4.37,0.4500,2
17,0,27,-12.10,0.0863,2
17,0,28,-24.32,0.0053,2
17,0,29,-10.68,0.1184,2
17,0,30,9.53,3.3170,2
17,0,31,-11.89,0.0905,2
17,0,32,-17.74,0.0241,2
17,0,33,-15.84,0.0371,2
17,0,34,-4.04,0.4793,2
17,0,35,-8.15,0.2056,2
17,0,36,2.09,1.3892,2
17,0,37,-5.68,0.3451,2
17,0,38,-5.67,0.3456,2
17,0,39,-25.80,0.0038,2
17,0,40,11.42,3.8939,2
17,0,41,-18.31,0.0211,2
17,1,0,7.19,2.6402,2
17,1,1,-31.27,0.0011,2
17,1,2,0.22,1.0367,2
17,1,3,-6.63,0.2839,2
17,1,4,-8.24,0.2015,2
17,1,5,-18.21,0.0216,2
17,1,6,5.14,2.0927,2
17,1,7,5.63,2.2199,2
17,1,8,0.08,1.0127,2
17,1,9,-14.29,0.0528,2
17,1,10,-6.47,0.2935,2
17,1,11,71.22,23.6595,2
17,1,12,-25.12,0.0044,2
17,1,13,-8.51,0.1904,2
17,1,14,-15.39,0.0411,2
17,1,15,1.02,1.1795,2
17,1,16,-21.42,0.0104,2
17,1,17,-17.75,0.0240,2
17,1,18,-20.34,0.0133,2
17,1,19,-14.52,0.0500,2
17,1,20,0.08,1.0126,2
17,1,21,-14.45,0.0508,2
17,1,22,-28.97,0.0018,2
17,1,23,-2.25,0.6740,2
17,1,24,-22.40,0.0083,2
17,1,25,-15.42,0.0408,2
17,1,26,-8.89,0.1751,2
17,1,27,-25.85,0.0037,2
17,1,28,-15.49,0.0402,2
17,1,29,-9.39,0.1571,2
17,1,30,11.02,3.7709,2
17,1,31,-5.11,0.3878,2
17,1,32,-23.02,0.0072,2
17,1,33,-22.46,0.0082,2
17,1,34,-11.27,0.1038,2
17,1,35,14.61,4.9039,2
17,1,36,-4.53,0.4354,2
17,1,37,-11.45,0.0999,2
17,1,38,-28.40,0.0021,2
17,1,39,-22.82,0.0075,2
17,1,40,-13.61,0.0615,2
17,1,41,-23.77,0.0060,2
17,2,0,-19.07,0.0178,2
17,2,1,-7.48,0.2372,2
17,2,2,-15.60,0.0392,2
17,2,3,-4.90,0.4041,2
17,2,4,-23.00,0.0072,2
17,2,5,-32.52,0.0008,2
17,2,6,-10.47,0.1239,2
17,2,7,-9.16,0.1653,2
17,2,8,-7.33,0.2449,2
17,2,9,-13.71,0.0602,2
17,2,10,-26.12,0.0035,2
17,2,11,7.16,2.6322,2
17,2,12,10.60,3.6410,2
17,2,13,-28.96,0.0018,2
17,2,14,22.50,7.4838,2
17,2,15,-6.15,0.3133,2
17,2,16,-12.88,0.0724,2
17,2,17,5.99,2.3143,2
17,2,18,-3.39,0.5437,2
17,2,19,-6.20,0.3100,2
17,2,20,17.27,5.7627,2
17,2,21,5.65,2.2239,2
17,2,22,-20.80,0.0119,2
17,2,23,-3.32,0.5514,2
17,2,24,-7.45,0.2388,2
17,2,25,-17.90,0.0232,2
17,2,26,-39.45,0.0002,2
17,2,27,-14.26,0.0531,2
17,2,28,-18.00,0.0227,2
17,2,29,19.59,6.5249,2
17,2,30,-5.34,0.3697,2
17,2,31,-39.02,0.0002,2
17,2,32,-10.85,0.1139,2
17,2,33,-19.64,0.0156,2
17,2,34,-21.25,0.0108,2
17,2,35,3.27,1.6436,2
17,2,36,-10.84,0.1141,2
17,2,37,-35.07,0.0004,2
17,2,38,-12.69,0.0756,2
17,2,39,-5.00,0.3961,2
17,2,40,-7.97,0.2138,2
17,2,41,-11.07,0.1086,2
17,3,0,-1.91,0.7174,2
17,3,1,-5.13,0.3865,2
17,3,2,-1.07,0.8333,2
17,3,3,-8.24,0.2014,2
17,3,4,-7.78,0.2223,2
17,3,5,-6.81,0.2733,2
17,3,6,-5.00,0.3966,2
17,3,7,-11.19,0.1056,2
17,3,8,-18.68,0.0194,2
17,3,9,-15.00,0.0449,2
17,3,10,-12.78,0.0741,2
17,3,11,13.91,4.6775,2
17,3,12,-10.97,0.1110,2
17,3,13,-32.87,0.0007,2
17,3,14,-24.87,0.0047,2
17,3,15,-16.44,0.0324,2
17,3,16,-7.03,0.2608,2
17,3,17,2.76,1.5295,2
17,3,18,1.54,1.2788,2
17,3,19,12.70,4.2956,2
17,3,20,48.91,16.2490,2
17,3,21,23.82,7.9199,2
17,3,22,-20.27,0.0135,2
17,3,23,15.01,5.0302,2
17,3,24,-5.67,0.3462,2
17,3,25,-24.94,0.0046,2
17,3,26,-8.62,0.1857,2
17,3,27,-18.85,0.0187,2
17,3,28,-30.15,0.0014,2
17,3,29,-10.29,0.1290,2
17,3,30,-0.29,0.9533,2
17,3,31,-2.15,0.6861,2
17,3,32,5.56,2.2021,2
17,3,33,1.11,1.1961,2
17,3,34,-10.43,0.1250,2
17,3,35,1.64,1.2978,2
17,3,36,-12.42,0.0804,2
17,3,37,-28.16,0.0022,2
17,3,38,-9.46,0.1548,2
17,3,39,-32.89,0.0007,2
17,3,40,-15.73,0.0381,2
17,3,41,-1.55,0.7658,2
17,4,0,-22.17,0.0087,2
17,4,1,-31.85,0.0009,2
17,4,2,-28.26,0.0022,2
17,4,3,-8.38,0.1958,2
17,4,4,-24.46,0.0052,2
17,4,5,4.14,1.8462,2
17,4,6,-17.03,0.0283,2
17,4,7,-18.93,0.0183,2
17,4,8,-11.70,0.0945,2
17,4,9,-23.92,0.0058,2
17,4,10,-28.34,0.0021,2
17,4,11,-0.61,0.9027,2
17,4,12,-27.64,0.0025,2
17,4,13,-20.16,0.0138,2
17,4,14,-36.63,0.0003,2
17,4,15,-30.58,0.0013,2
17,4,16,-24.95,0.0046,2
17,4,17,-18.81,0.0188,2
17,4,18,-18.47,0.0204,2
17,4,19,-31.49,0.0010,2
17,4,20,-0.89,0.8594,2
17,4,21,-21.16,0.0110,2
17,4,22,-25.14,0.0044,2
17,4,23,5.27,2.1254,2
17,4,24,-14.32,0.0524,2
17,4,25,-17.30,0.0266,2
17,4,26,-6.56,0.2881,2
17,4,27,-3.43,0.5404,2
17,4,28,-25.80,0.0038,2
17,4,29,5.01,2.0597,2
17,4,30,-0.41,0.9340,2
17,4,31,-18.78,0.0190,2
17,4,32,-36.17,0.0003,2
17,4,33,-29.06,0.0018,2
17,4,34,-15.89,0.0367,2
17,4,35,2.42,1.4573,2
17,4,36,0.40,1.0672,2
17,4,37,-38.23,0.0002,2
17,4,38,-25.22,0.0043,2
17,4,39,-16.10,0.0350,2
17,4,40,-31.39,0.0010,2
17,4,41,-26.75,0.0030,2
17,5,0,-11.52,0.0983,2
17,5,1,-38.66,0.0002,2
17,5,2,-24.22,0.0054,2
17,5,3,-13.14,0.0684,2
17,5,4,-9.67,0.1478,2
17,5,5,-8.38,0.1956,2
17,5,6,-7.92,0.2159,2
17,5,7,-1.40,0.7862,2
17,5,8,7.40,2.6987,2
17,5,9,-11.65,0.0955,2
17,5,10,-18.90,0.0185,2
17,5,11,3.47,1.6878,2
17,5,12,-18.32,0.0211,2
17,5,13,-20.68,0.0123,2
17,5,14,-10.22,0.1311,2
17,5,15,-32.07,0.0009,2
17,5,16,-24.30,0.0053,2
17,5,17,-22.42,0.0082,2
17,5,18,-23.64,0.0062,2
17,5,19,0.58,1.0992,2
17,5,20,0.17,1.0289,2
17,5,21,-22.60,0.0079,2
17,5,22,-28.79,0.0019,2
17,5,23,-9.48,0.1541,2
17,5,24,-15.84,0.0371,2
17,5,25,-30.17,0.0014,2
17,5,26,0.82,1.1427,2
17,5,27,-10.64,0.1194,2
17,5,28,-6.94,0.2660,2
17,5,29,-8.04,0.2103,2
17,5,30,94.18,31.2850,2
17,5,31,9.33,3.2585,2
17,5,32,9.15,3.2055,2
17,5,33,56.11,18.6402,2
17,5,34,-4.57,0.4318,2
17,5,35,43.22,14.3585,2
17,5,36,-12.76,0.0744,2
17,5,37,-18.85,0.0187,2
17,5,38,-19.30,0.0169,2
17,5,39,-6.95,0.2652,2
17,5,40,-10.64,0.1195,2
17,5,41,-19.97,0.0144,2
17,6,0,-30.27,0.0014,2
17,6,1,-32.35,0.0008,2
17,6,2,-32.66,0.0008,2
17,6,3,-30.87,0.0012,2
17,6,4,-23.88,0.0059,2
17,6,5,-39.43,0.0002,2
17,6,6,-20.96,0.0115,2
17,6,7,0.23,1.0386,2
17,6,8,-46.98,0.0000,2
17,6,9,-41.81,0.0001,2
17,6,10,-33.64,0.0006,2
17,6,11,-5.82,0.3356,2
17,6,12,-33.32,0.0007,2
17,6,13,-19.98,0.0144,2
17,6,14,-19.55,0.0159,2
17,6,15,-11.56,0.0973,2
17,6,16,-42.47,0.0001,2
17,6,17,-19.99,0.0144,2
17,6,18,-43.42,0.0001,2
17,6,19,-18.60,0.0198,2
17,6,20,-0.19,0.9686,2
17,6,21,-41.12,0.0001,2
17,6,22,-32.09,0.0009,2
17,6,23,3.84,1.7739,2
17,6,24,-27.64,0.0025,2
17,6,25,-14.60,0.0491,2
17,6,26,-31.19,0.0011,2
17,6,27,-30.36,0.0013,2
17,6,28,-29.27,0.0017,2
17,6,29,-24.15,0.0055,2
17,6,30,-22.53,0.0080,2
17,6,31,-21.57,0.0100,2
17,6,32,-23.12,0.0070,2
17,6,33,-23.60,0.0063,2
17,6,34,-37.46,0.0003,2
17,6,35,-14.10,0.0551,2
17,6,36,-4.91,0.4033,2
17,6,37,1.32,1.2356,2
17,6,38,-2.88,0.6001,2
17,6,39,-12.03,0.0877,2
17,6,40,-4.67,0.4237,2
17,6,41,-7.25,0.2490,2
18,0,0,9.54,3.3202,2
18,0,1,13.82,4.6482,2
18,0,2,51.76,17.1952,2
18,0,3,-0.03,0.9948,2
18,0,4,20.46,6.8095,2
18,0,5,0.53,1.0907,2
18,0,6,-12.44,0.0801,2
18,0,7,30.23,10.0427,2
18,0,8,-3.48,0.5347,2
18,0,9,-15.93,0.0364,2
18,0,10,-1.71,0.7440,2
18,0,11,11.64,3.9619,2
18,0,12,-14.56,0.0496,2
18,0,13,-17.08,0.0280,2
18,0,14,-16.10,0.0350,2
18,0,15,-20.06,0.0142,2
18,0,16,-17.00,0.0285,2
18,0,17,-10.03,0.1367,2
18,0,18,-10.45,0.1246,2
18,0,19,-1.23,0.8103,2
18,0,20,24.70,8.2099,2
18,0,21,3.64,1.7276,2
18,0,22,-16.79,0.0299,2
18,0,23,3.98,1.8082,2
18,0,24,-1.98,0.7086,2
18,0,25,-28.31,0.0021,2
18,0,26,-4.37,0.4500,2
18,0,27,-12.10,0.0863,2
18,0,28,-24.32,0.0053,2
18,0,29,-10.68,0.1184,2
18,0,30,9.53,3.3170,2
18,0,31,-11.89,0.0905,2
18,0,32,-17.74,0.0241,2
18,0,33,-15.84,0.0371,2
18,0,34,-4.04,0.4793,2
18,0,35,-8.15,0.2056,2
18,0,36,2.09,1.3892,2
18,0,37,-5.68,0.3451,2
18,0,38,-5.67,0.3456,2
18,0,39,-25.80,0.0038,2
18,0,40,11.42,3.8939,2
18,0,41,-18.31,0.0211,2
18,1,0,7.19,2.6402,2
18,1,1,-31.27,0.0011,2
18,1,2,0.22,1.0367,2
18,1,3,-6.63,0.2839,2
18,1,4,-8.24,0.2015,2
18,1,5,-18.21,0.0216,2
18,1,6,5.14,2.0927,2
18,1,7,5.63,2.2199,2
18,1,8,0.08,1.0127,2
18,1,9,-14.29,0.0528,2
18,1,10,-6.47,0.2935,2
18,1,11,71.22,23.6595,2
18,1,12,-25.12,0.0044,2
18,1,13,-8.51,0.1904,2
18,1,14,-15.39,0.0411,2
18,1,15,1.02,1.1795,2
18,1,16,-21.42,0.0104,2
18,1,17,-17.75,0.0240,2
18,1,18,-20.34,0.0133,2
18,1,19,-14.52,0.0500,2
18,1,20,0.08,1.0126,2
18,1,21,-14.45,0.0508,2
18,1,22,-28.97,0.0018,2
18,1,23,-2.25,0.6740,2
18,1,24,-22.40,0.0083,2
18,1,25,-15.42,0.0408,2
18,1,26,-8.89,0.1751,2
18,1,27,-25.85,0.0037,2
18,1,28,-15.49,0.0402,2
18,1,29,-9.39,0.1571,2
18,1,30,11.02,3.7709,2
18,1,31,-5.11,0.3878,2
18,1,32,-23.02,0.0072,2
18,1,33,-22.46,0.0082,2
18,1,34,-11.27,0.1038,2
18,1,35,14.61,4.9039,2
18,1,36,-4.53,0.4354,2
18,1,37,-11.45,0.0999,2
18,1,38,-28.40,0.0021,2
18,1,39,-22.82,0.0075,2
18,1,40,-13.61,0.0615,2
18,1,41,-23.77,0.0060,2
18,2,0,-19.07,0.0178,2
18,2,1,-7.48,0.2372,2
18,2,2,-15.60,0.0392,2
18,2,3,-4.90,0.4041,2
18,2,4,-23.00,0.0072,2
18,2,5,-32.52,0.0008,2
18,2,6,-10.47,0.1239,2
18,2,7,-9.16,0.1653,2
18,2,8,-7.33,0.2449,2
18,2,9,-13.71,0.0602,2
18,2,10,-26.12,0.0035,2
18,2,11,7.16,2.6322,2
18,2,12,10.60,3.6410,2
18,2,13,-28.96,0.0018,2
18,2,14,22.50,7.4838,2
18,2,15,-6.15,0.3133,2
18,2,16,-12.88,0.0724,2
18,2,17,5.99,2.3143,2
18,2,18,-3.39,0.5437,2
18,2,19,-6.20,0.3100,2
18,2,20,17.27,5.7627,2
18,2,21,5.65,2.2239,2
18,2,22,-20.80,0.0119,2
18,2,23,-3.32,0.5514,2
18,2,24,-7.45,0.2388,2
18,2,25,-17.90,0.0232,2
18,2,26,-39.45,0.0002,2
18,2,27,-14.26,0.0531,2
18,2,28,-18.00,0.0227,2
18,2,29,19.59,6.5249,2
18,2,30,-5.34,0.3697,2
18,2,31,-39.02,0.0002,2
18,2,32,-10.85,0.1139,2
18,2,33,-19.64,0.0156,2
18,2,34,-21.25,0.0108,2
18,2,35,3.27,1.6436,2
18,2,36,-10.84,0.1141,2
18,2,37,-35.07,0.0004,2
18,2,38,-12.69,0.0756,2
18,2,39,-5.00,0.3961,2
18,2,40,-7.97,0.2138,2
18,2,41,-11.07,0.1086,2
18,3,0,-1.91,0.7174,2
18,3,1,-5.13,0.3865,2
18,3,2,-1.07,0.8333,2
18,3,3,-8.24,0.2014,2
18,3,4,-7.78,0.2223,2
18,3,5,-6.81,0.2733,2
18,3,6,-5.00,0.3966,2
18,3,7,-11.19,0.1056,2
18,3,8,-18.68,0.0194,2
18,3,9,-15.00,0.0449,2
18,3,10,-12.78,0.0741,2
18,3,11,13.91,4.6775,2
18,3,12,-10.97,0.1110,2
18,3,13,-32.87,0.0007,2
18,3,14,-24.87,0.0047,2
18,3,15,-16.44,0.0324,2
18,3,16,-7.03,0.2608,2
18,3,17,2.76,1.5295,2
18,3,18,1.54,1.2788,2
18,3,19,12.70,4.2956,2
18,3,20,48.91,16.2490,2
18,3,21,23.82,7.9199,2
18,3,22,-20.27,0.0135,2
18,3,23,15.01,5.0302,2
18,3,24,-5.67,0.3462,2
18,3,25,-24.94,0.0046,2
18,3,26,-8.62,0.1857,2
18,3,27,-18.85,0.0187,2
18,3,28,-30.15,0.0014,2
18,3,29,-10.29,0.1290,2
18,3,30,-0.29,0.9533,2
18,3,31,-2.15,0.6861,2
18,3,32,5.56,2.2021,2
18,3,33,1.11,1.1961,2
18,3,34,-10.43,0.1250,2
18,3,35,1.64,1.2978,2
18,3,36,-12.42,0.0804,2
18,3,37,-28.16,0.0022,2
18,3,38,-9.46,0.1548,2
18,3,39,-32.89,0.0007,2
18,3,40,-15.73,0.0381,2
18,3,41,-1.55,0.7658,2
18,4,0,-22.17,0.0087,2
18,4,1,-31.85,0.0009,2
18,4,2,-28.26,0.0022,2
18,4,3,-8.38,0.1958,2
18,4,4,-24.46,0.0052,2
18,4,5,4.14,1.8462,2
18,4,6,-17.03,0.0283,2
18,4,7,-18.93,0.0183,2
18,4,8,-11.70,0.0945,2
18,4,9,-23.92,0.0058,2
18,4,10,-28.34,0.0021,2
18,4,11,-0.61,0.9027,2
18,4,12,-27.64,0.0025,2
18,4,13,-20.16,0.0138,2
18,4,14,-36.63,0.0003,2
18,4,15,-30.58,0.0013,2
18,4,16,-24.95,0.0046,2
18,4,17,-18.81,0.0188,2
18,4,18,-18.47,0.0204,2
18,4,19,-31.49,0.0010,2
18,4,20,-0.89,0.8594,2
18,4,21,-21.16,0.0110,2
18,4,22,-25.14,0.0044,2
18,4,23,5.27,2.1254,2
18,4,24,-14.32,0.0524,2
18,4,25,-17.30,0.0266,2
18,4,26,-6.56,0.2881,2
18,4,27,-3.43,0.5404,2
18,4,28,-25.80,0.0038,2
18,4,29,5.01,2.0597,2
18,4,30,-0.41,0.9340,2
18,4,31,-18.78,0.0190,2
18,4,32,-36.17,0.0003,2
18,4,33,-29.06,0.0018,2
18,4,34,-15.89,0.0367,2
18,4,35,2.42,1.4573,2
18,4,36,0.40,1.0672,2
18,4,37,-38.23,0.0002,2
18,4,38,-25.22,0.0043,2
18,4,39,-16.10,0.0350,2
18,4,40,-31.39,0.0010,2
18,4,41,-26.75,0.0030,2
18,5,0,-11.52,0.0983,2
18,5,1,-38.66,0.0002,2
18,5,2,-24.22,0.0054,2
18,5,3,-13.14,0.0684,2
18,5,4,-9.67,0.1478,2
18,5,5,-8.38,0.1956,2
18,5,6,-7.92,0.2159,2
18,5,7,-1.40,0.7862,2
18,5,8,7.40,2.6987,2
18,5,9,-11.65,0.0955,2
18,5,10,-18.90,0.0185,2
18,5,11,3.47,1.6878,2
18,5,12,-18.32,0.0211,2
18,5,13,-20.68,0.0123,2
18,5,14,-10.22,0.1311,2
18,5,15,-32.07,0.0009,2
18,5,16,-24.30,0.0053,2
18,5,17,-22.42,0.0082,2
18,5,18,-23.64,0.0062,2
18,5,19,0.58,1.0992,2
18,5,20,0.17,1.0289,2
18,5,21,-22.60,0.0079,2
18,5,22,-28.79,0.0019,2
18,5,23,-9.48,0.1541,2
18,5,24,-15.84,0.0371,2
18,5,25,-30.17,0.0014,2
18,5,26,0.82,1.1427,2
18,5,27,-10.64,0.1194,2
18,5,28,-6.94,0.2660,2
18,5,29,-8.04,0.2103,2
18,5,30,94.18,31.2850,2
18,5,31,9.33,3.2585,2
18,5,32,9.15,3.2055,2
18,5,33,56.11,18.6402,2
18,5,34,-4.57,0.4318,2
18,5,35,43.22,14.3585,2
18,5,36,-12.76,0.0744,2
18,5,37,-18.85,0.0187,2
18,5,38,-19.30,0.0169,2
18,5,39,-6.95,0.2652,2
18,5,40,-10.64,0.1195,2
18,5,41,-19.97,0.0144,2
18,6,0,-30.27,0.0014,2
18,6,1,-32.35,0.0008,2
18,6,2,-32.66,0.0008,2
18,6,3,-30.87,0.0012,2
18,6,4,-23.88,0.0059,2
18,6,5,-39.43,0.0002,2
18,6,6,-20.96,0.0115,2
18,6,7,0.23,1.0386,2
18,6,8,-46.98,0.0000,2
18,6,9,-41.81,0.0001,2
18,6,10,-33.64,0.0006,2
18,6,11,-5.82,0.3356,2
18,6,12,-33.32,0.0007,2
18,6,13,-19.98,0.0144,2
18,6,14,-19.55,0.0159,2
18,6,15,-11.56,0.0973,2
18,6,16,-42.47,0.0001,2
18,6,17,-19.99,0.0144,2
18,6,18,-43.42,0.0001,2
18,6,19,-18.60,0.0198,2
18,6,20,-0.19,0.9686,2
18,6,21,-41.12,0.0001,2
18,6,22,-32.09,0.0009,2
18,6,23,3.84,1.7739,2
18,6,24,-27.64,0.0025,2
18,6,25,-14.60,0.0491,2
18,6,26,-31.19,0.0011,2
18,6,27,-30.36,0.0013,2
18,6,28,-29.27,0.0017,2
18,6,29,-24.15,0.0055,2
18,6,30,-22.53,0.0080,2
18,6,31,-21.57,0.0100,2
18,6,32,-23.12,0.0070,2
18,6,33,-23.60,0.0063,2
18,6,34,-37.46,0.0003,2
18,6,35,-14.10,0.0551,2
18,6,36,-4.91,0.4033,2
18,6,37,1.32,1.2356,2
18,6,38,-2.88,0.6001,2
18,6,39,-12.03,0.0877,2
18,6,40,-4.67,0.4237,2
18,6,41,-7.25,0.2490,2
19,0,0,9.54,3.3202,2
19,0,1,13.82,4.6482,2
19,0,2,51.76,17.1952,2
19,0,3,-0.03,0.9948,2
19,0,4,20.46,6.8095,2
19,0,5,0.53,1.0907,2
19,0,6,-12.44,0.0801,2
19,0,7,30.23,10.0427,2
19,0,8,-3.48,0.5347,2
19,0,9,-15.93,0.0364,2
19,0,10,-1.71,0.7440,2
19,0,11,11.64,3.9619,2
19,0,12,-14.56,0.0496,2
19,0,13,-17.08,0.0280,2
19,0,14,-16.10,0.0350,2
19,0,15,-20.06,0.0142,2
19,0,16,-17.00,0.0285,2
19,0,17,-10.03,0.1367,2
19,0,18,-10.45,0.1246,2
19,0,19,-1.23,0.8103,2
19,0,20,24.70,8.2099,2
19,0,21,3.64,1.7276,2
19,0,22,-16.79,0.0299,2
19,0,23,3.98,1.8082,2
19,0,24,-1.98,0.7086,2
19,0,25,-28.31,0.0021,2
19,0,26,-4.37,0.4500,2
19,0,27,-12.10,0.0863,2
19,0,28,-24.32,0.0053,2
19,0,29,-10.68,0.1184,2
19,0,30,9.53,3.3170,2
19,0,31,-11.89,0.0905,2
19,0,32,-17.74,0.0241,2
19,0,33,-15.84,0.0371,2
19,0,34,-4.04,0.4793,2
19,0,35,-8.15,0.2056,2
19,0,36,2.09,1.3892,2
19,0,37,-5.68,0.3451,2
19,0,38,-5.67,0.3456,2
19,0,39,-25.80,0.0038,2
19,0,40,11.42,3.8939,2
19,0,41,-18.31,0.0211,2
19,1,0,7.19,2.6402,2
19,1,1,-31.27,0.0011,2
19,1,2,0.22,1.0367,2
19,1,3,-6.63,0.2839,2
19,1,4,-8.24,0.2015,2
19,1,5,-18.21,0.0216,2
19,1,6,5.14,2.0927,2
19,1,7,5.63,2.2199,2
19,1,8,0.08,1.0127,2
19,1,9,-14.29,0.0528,2
19,1,10,-6.47,0.2935,2
19,1,11,71.22,23.6595,2
19,1,12,-25.12,0.0044,2
19,1,13,-8.51,0.1904,2
19,1,14,-15.39,0.0411,2
19,1,15,1.02,1.1795,2
19,1,16,-21.42,0.0104,2
19,1,17,-17.75,0.0240,2
19,1,18,-20.34,0.0133,2
19,1,19,-14.52,0.0500,2
19,1,20,0.08,1.0126,2
19,1,21,-14.45,0.0508,2
19,1,22,-28.97,0.0018,2
19,1,23,-2.25,0.6740,2
19,1,24,-22.40,0.0083,2
19,1,25,-15.42,0.0408,2
19,1,26,-8.89,0.1751,2
19,1,27,-25.85,0.0037,2
19,1,28,-15.49,0.0402,2
19,1,29,-9.39,0.1571,2
19,1,30,11.02,3.7709,2
19,1,31,-5.11,0.3878,2
19,1,32,-23.02,0.0072,2
19,1,33,-22.46,0.0082,2
19,1,34,-11.27,0.1038,2
19,1,35,14.61,4.9039,2
19,1,36,-4.53,0.4354,2
19,1,37,-11.45,0.0999,2
19,1,38,-28.40,0.0021,2
19,1,39,-22.82,0.0075,2
19,1,40,-13.61,0.0615,2
19,1,41,-23.77,0.0060,2
19,2,0,-19.07,0.0178,2
19,2,1,-7.48,0.2372,2
19,2,2,-15.60,0.0392,2
19,2,3,-4.90,0.4041,2
19,2,4,-23.00,0.0072,2
19,2,5,-32.52,0.0008,2
19,2,6,-10.47,0.1239,2
19,2,7,-9.16,0.1653,2
19,2,8,-7.33,0.2449,2
19,2,9,-13.71,0.0602,2
19,2,10,-26.12,0.0035,2
19,2,11,7.16,2.6322,2
19,2,12,10.60,3.6410,2
19,2,13,-28.96,0.0018,2
19,2,14,22.50,7.4838,2
19,2,15,-6.15,0.3133,2
19,2,16,-12.88,0.0724,2
19,2,17,5.99,2.3143,2
19,2,18,-3.39,0.5437,2
19,2,19,-6.20,0.3100,2
19,2,20,17.27,5.7627,2
19,2,21,5.65,2.2239,2
19,2,22,-20.80,0.0119,2
19,2,23,-3.32,0.5514,2
19,2,24,-7.45,0.2388,2
19,2,25,-17.90,0.0232,2
19,2,26,-39.45,0.0002,2
19,2,27,-14.26,0.0531,2
19,2,28,-18.00,0.0227,2
19,2,29,19.59,6.5249,2
19,2,30,-5.34,0.3697,2
19,2,31,-39.02,0.0002,2
19,2,32,-10.85,0.1139,2
19,2,33,-19.64,0.0156,2
19,2,34,-21.25,0.0108,2
19,2,35,3.27,1.6436,2
19,2,36,-10.84,0.1141,2
19,2,37,-35.07,0.0004,2
19,2,38,-12.69,0.0756,2
19,2,39,-5.00,0.3961,2
19,2,40,-7.97,0.2138,2
19,2,41,-11.07,0.1086,2
19,3,0,-1.91,0.7174,2
19,3,1,-5.13,0.3865,2
19,3,2,-1.07,0.8333,2
19,3,3,-8.24,0.2014,2
19,3,4,-7.78,0.2223,2
19,3,5,-6.81,0.2733,2
19,3,6,-5.00,0.3966,2
19,3,7,-11.19,0.1056,2
19,3,8,-18.68,0.0194,2
19,3,9,-15.00,0.0449,2
19,3,10,-12.78,0.0741,2
19,3,11,13.91,4.6775,2
19,3,12,-10.97,0.1110,2
19,3,13,-32.87,0.0007,2
19,3,14,-24.87,0.0047,2
19,3,15,-16.44,0.0324,2
19,3,16,-7.03,0.2608,2
19,3,17,2.76,1.5295,2
19,3,18,1.54,1.2788,2
19,3,19,12.70,4.2956,2
19,3,20,48.91,16.2490,2
19,3,21,23.82,7.9199,2
19,3,22,-20.27,0.0135,2
19,3,23,15.01,5.0302,2
19,3,24,-5.67,0.3462,2
19,3,25,-24.94,0.0046,2
19,3,26,-8.62,0.1857,2
19,3,27,-18.85,0.0187,2
19,3,28,-30.15,0.0014,2
19,3,29,-10.29,0.1290,2
19,3,30,-0.29,0.9533,2
19,3,31,-2.15,0.6861,2
19,3,32,5.56,2.2021,2
19,3,33,1.11,1.1961,2
19,3,34,-10.43,0.1250,2
19,3,35,1.64,1.2978,2
19,3,36,-12.42,0.0804,2
19,3,37,-28.16,0.0022,2
19,3,38,-9.46,0.1548,2
19,3,39,-32.89,0.0007,2
19,3,40,-15.73,0.0381,2
19,3,41,-1.55,0.7658,2
19,4,0,-22.17,0.0087,2
19,4,1,-31.85,0.0009,2
19,4,2,-28.26,0.0022,2
19,4,3,-8.38,0.1958,2
19,4,4,-24.46,0.0052,2
19,4,5,4.14,1.8462,2
19,4,6,-17.03,0.0283,2
19,4,7,-18.93,0.0183,2
19,4,8,-11.70,0.0945,2
19,4,9,-23.92,0.0058,2
19,4,10,-28.34,0.0021,2
19,4,11,-0.61,0.9027,2
19,4,12,-27.64,0.0025,2
19,4,13,-20.16,0.0138,2
19,4,14,-36.63,0.0003,2
19,4,15,-30.58,0.0013,2
19,4,16,-24.95,0.0046,2
19,4,17,-18.81,0.0188,2
19,4,18,-18.47,0.0204,2
19,4,19,-31.49,0.0010,2
19,4,20,-0.89,0.8594,2
19,4,21,-21.16,0.0110,2
19,4,22,-25.14,0.0044,2
19,4,23,5.27,2.1254,2
19,4,24,-14.32,0.0524,2
19,4,25,-17.30,0.0266,2
19,4,26,-6.56,0.2881,2
19,4,27,-3.43,0.5404,2
19,4,28,-25.80,0.0038,2
19,4,29,5.01,2.0597,2
19,4,30,-0.41,0.9340,2
19,4,31,-18.78,0.0190,2
19,4,32,-36.17,0.0003,2
19,4,33,-29.06,0.0018,2
19,4,34,-15.89,0.0367,2
19,4,35,2.42,1.4573,2
19,4,36,0.40,1.0672,2
19,4,37,-38.23,0.0002,2
19,4,38,-25.22,0.0043,2
19,4,39,-16.10,0.0350,2
19,4,40,-31.39,0.0010,2
19,4,41,-26.75,0.0030,2
19,5,0,-11.52,0.0983,2
19,5,1,-38.66,0.0002,2
19,5,2,-24.22,0.0054,2
19,5,3,-13.14,0.0684,2
19,5,4,-9.67,0.1478,2
19,5,5,-8.38,0.1956,2
19,5,6,-7.92,0.2159,2
19,5,7,-1.40,0.7862,2
19,5,8,7.40,2.6987,2
19,5,9,-11.65,0.0955,2
19,5,10,-18.90,0.0185,2
19,5,11,3.47,1.6878,2
19,5,12,-18.32,0.0211,2
19,5,13,-20.68,0.0123,2
19,5,14,-10.22,0.1311,2
19,5,15,-32.07,0.0009,2
19,5,16,-24.30,0.0053,2
19,5,17,-22.42,0.0082,2
19,5,18,-23.64,0.0062,2
19,5,19,0.58,1.0992,2
19,5,20,0.17,1.0289,2
19,5,21,-22.60,0.0079,2
19,5,22,-28.79,0.0019,2
19,5,23,-9.48,0.1541,2
19,5,24,-15.84,0.0371,2
19,5,25,-30.17,0.0014,2
19,5,26,0.82,1.1427,2
19,5,27,-10.64,0.1194,2
19,5,28,-6.94,0.2660,2
19,5,29,-8.04,0.2103,2
19,5,30,94.18,31.2850,2
19,5,31,9.33,3.2585,2
19,5,32,9.15,3.2055,2
19,5,33,56.11,18.6402,2
19,5,34,-4.57,0.4318,2
19,5,35,43.22,14.3585,2
19,5,36,-12.76,0.0744,2
19,5,37,-18.85,0.0187,2
19,5,38,-19.30,0.0169,2
19,5,39,-6.95,0.2652,2
19,5,40,-10.64,0.1195,2
19,5,41,-19.97,0.0144,2
19,6,0,-30.27,0.0014,2
19,6,1,-32.35,0.0008,2
19,6,2,-32.66,0.0008,2
19,6,3,-30.87,0.0012,2
19,6,4,-23.88,0.0059,2
19,6,5,-39.43,0.0002,2
19,6,6,-20.96,0.0115,2
19,6,7,0.23,1.0386,2
19,6,8,-46.98,0.0000,2
19,6,9,-41.81,0.0001,2
19,6,10,-33.64,0.0006,2
19,6,11,-5.82,0.3356,2
19,6,12,-33.32,0.0007,2
19,6,13,-19.98,0.0144,2
19,6,14,-19.55,0.0159,2
19,6,15,-11.56,0.0973,2
19,6,16,-42.47,0.0001,2
19,6,17,-19.99,0.0144,2
19,6,18,-43.42,0.0001,2
19,6,19,-18.60,0.0198,2
19,6,20,-0.19,0.9686,2
19,6,21,-41.12,0.0001,2
19,6,22,-32.09,0.0009,2
19,6,23,3.84,1.7739,2
19,6,24,-27.64,0.0025,2
19,6,25,-14.60,0.0491,2
19,6,26,-31.19,0.0011,2
19,6,27,-30.36,0.0013,2
19,6,28,-29.27,0.0017,2
19,6,29,-24.15,0.0055,2
19,6,30,-22.53,0.0080,2
19,6,31,-21.57,0.0100,2
19,6,32,-23.12,0.0070,2
19,6,33,-23.60,0.0063,2
19,6,34,-37.46,0.0003,2
19,6,35,-14.10,0.0551,2
19,6,36,-4.91,0.4033,2
19,6,37,1.32,1.2356,2
19,6,38,-2.88,0.6001,2
19,6,39,-12.03,0.0877,2
19,6,40,-4.67,0.4237,2
19,6,41,-7.25,0.2490,2
