slot,cell_id,ue_id,sinr_db
0,0,0,-19.21
0,0,1,-11.47
0,0,2,17.12
0,0,3,6.15
0,0,4,5.21
0,0,5,-26.09
0,0,6,7.65
0,0,7,-26.94
0,0,8,-25.00
0,0,9,-9.68
0,0,10,-14.56
0,0,11,-17.29
0,0,12,-23.21
0,0,13,-14.06
0,0,14,-31.63
0,0,15,-20.13
0,0,16,-17.35
0,0,17,-21.82
0,0,18,-32.74
0,0,19,-16.63
0,0,20,-21.03
0,0,21,-8.43
0,0,22,-16.94
0,0,23,-40.22
0,0,24,-47.07
0,0,25,2.27
0,0,26,2.35
0,0,27,-15.99
0,0,28,2.85
0,0,29,-31.72
0,0,30,-29.97
0,0,31,6.83
0,0,32,-22.04
0,0,33,-15.58
0,0,34,-2.11
0,0,35,-15.57
0,0,36,-17.57
0,0,37,-23.40
0,0,38,-15.07
0,0,39,-10.51
0,0,40,-19.75
0,0,41,-5.44
0,1,0,-14.66
0,1,1,-19.14
0,1,2,-10.23
0,1,3,-10.71
0,1,4,-8.88
0,1,5,-8.47
0,1,6,31.60
0,1,7,3.68
0,1,8,-2.90
0,1,9,24.75
0,1,10,28.63
0,1,11,7.41
0,1,12,-15.35
0,1,13,-22.72
0,1,14,-23.61
0,1,15,-3.50
0,1,16,-21.12
0,1,17,-21.15
0,1,18,-8.20
0,1,19,40.99
0,1,20,-5.42
0,1,21,-28.99
0,1,22,22.32
0,1,23,-6.58
0,1,24,-22.40
0,1,25,5.65
0,1,26,-14.29
0,1,27,-27.88
0,1,28,2.25
0,1,29,-28.63
0,1,30,-4.40
0,1,31,-5.20
0,1,32,-10.80
0,1,33,-32.48
0,1,34,28.19
0,1,35,-18.66
0,1,36,-20.51
0,1,37,-12.22
0,1,38,3.66
0,1,39,-25.11
0,1,40,-29.63
0,1,41,-26.59
0,2,0,-20.59
0,2,1,-27.44
0,2,2,-20.75
0,2,3,-25.86
0,2,4,1.19
0,2,5,-6.87
0,2,6,2.87
0,2,7,-25.53
0,2,8,-32.31
0,2,9,-17.84
0,2,10,-2.87
0,2,11,-21.92
0,2,12,-7.09
0,2,13,-13.58
0,2,14,2.93
0,2,15,-3.90
0,2,16,-1.40
0,2,17,11.88
0,2,18,-20.30
0,2,19,5.91
0,2,20,-18.43
0,2,21,-11.17
0,2,22,-5.49
0,2,23,-43.86
0,2,24,-28.75
0,2,25,4.80
0,2,26,-2.56
0,2,27,-22.34
0,2,28,-4.21
0,2,29,-14.08
0,2,30,-36.85
0,2,31,-14.37
0,2,32,2.54
0,2,33,-16.14
0,2,34,-9.33
0,2,35,-38.98
0,2,36,-14.70
0,2,37,-45.15
0,2,38,-8.21
0,2,39,-15.69
0,2,40,-12.65
0,2,41,-11.46
0,3,0,-11.36
0,3,1,-10.11
0,3,2,-20.53
0,3,3,-19.39
0,3,4,9.75
0,3,5,-13.91
0,3,6,2.96
0,3,7,-23.33
0,3,8,-7.99
0,3,9,0.38
0,3,10,-12.09
0,3,11,-19.47
0,3,12,1.38
0,3,13,-3.26
0,3,14,-15.51
0,3,15,-6.97
0,3,16,-5.81
0,3,17,-9.52
0,3,18,29.62
0,3,19,6.63
0,3,20,1.49
0,3,21,8.49
0,3,22,38.58
0,3,23,-5.89
0,3,24,-10.31
0,3,25,15.68
0,3,26,-12.34
0,3,27,-7.78
0,3,28,2.37
0,3,29,-28.66
0,3,30,-20.45
0,3,31,1.51
0,3,32,-1.70
0,3,33,-27.56
0,3,34,-12.63
0,3,35,-27.51
0,3,36,-24.78
0,3,37,-26.38
0,3,38,-20.12
0,3,39,-14.81
0,3,40,-18.35
0,3,41,-27.52
0,4,0,-6.48
0,4,1,-11.69
0,4,2,-27.61
0,4,3,-20.67
0,4,4,33.10
0,4,5,2.45
0,4,6,-10.96
0,4,7,-32.95
0,4,8,-24.85
0,4,9,2.70
0,4,10,2.99
0,4,11,-26.02
0,4,12,-22.48
0,4,13,-35.99
0,4,14,-16.46
0,4,15,-27.84
0,4,16,-21.90
0,4,17,-16.63
0,4,18,-29.46
0,4,19,-7.02
0,4,20,-19.06
0,4,21,-21.25
0,4,22,9.10
0,4,23,7.99
0,4,24,9.81
0,4,25,41.69
0,4,26,15.92
0,4,27,-7.82
0,4,28,9.41
0,4,29,5.33
0,4,30,-24.55
0,4,31,-5.48
0,4,32,14.87
0,4,33,-25.56
0,4,34,-9.12
0,4,35,-16.99
0,4,36,-18.38
0,4,37,2.02
0,4,38,25.56
0,4,39,3.64
0,4,40,-24.15
0,4,41,-3.94
0,5,0,-24.92
0,5,1,-35.85
0,5,2,-19.26
0,5,3,-36.98
0,5,4,-7.30
0,5,5,-15.74
0,5,6,-12.26
0,5,7,-42.73
0,5,8,-25.44
0,5,9,17.61
0,5,10,-2.44
0,5,11,-28.51
0,5,12,-16.78
0,5,13,-14.11
0,5,14,-12.37
0,5,15,-30.61
0,5,16,-21.80
0,5,17,-32.31
0,5,18,-18.40
0,5,19,31.16
0,5,20,-18.75
0,5,21,-19.50
0,5,22,0.01
0,5,23,-13.25
0,5,24,-21.51
0,5,25,2.99
0,5,26,-5.44
0,5,27,-15.79
0,5,28,2.44
0,5,29,-21.85
0,5,30,-18.00
0,5,31,4.23
0,5,32,14.60
0,5,33,-4.76
0,5,34,12.43
0,5,35,-15.99
0,5,36,-28.86
0,5,37,-35.90
0,5,38,2.74
0,5,39,-40.18
0,5,40,-19.89
0,5,41,-13.15
0,6,0,-30.84
0,6,1,-21.62
0,6,2,-19.98
0,6,3,-15.25
0,6,4,1.04
0,6,5,-35.99
0,6,6,2.57
0,6,7,-31.16
0,6,8,-17.80
0,6,9,-14.40
0,6,10,9.06
0,6,11,-10.13
0,6,12,-15.89
0,6,13,2.81
0,6,14,6.38
0,6,15,-10.70
0,6,16,-17.19
0,6,17,-13.26
0,6,18,-25.16
0,6,19,12.20
0,6,20,-26.21
0,6,21,-18.92
0,6,22,13.80
0,6,23,-10.67
0,6,24,-12.92
0,6,25,3.78
0,6,26,2.52
0,6,27,-19.67
0,6,28,-1.57
0,6,29,-10.91
0,6,30,-16.45
0,6,31,3.09
0,6,32,8.95
0,6,33,-33.88
0,6,34,-9.50
0,6,35,-19.90
0,6,36,0.00
0,6,37,11.41
0,6,38,38.34
0,6,39,2.01
0,6,40,-6.71
0,6,41,2.60
1,0,0,-19.21
1,0,1,-11.47
1,0,2,17.12
1,0,3,6.15
1,0,4,5.21
1,0,5,-26.09
1,0,6,7.65
1,0,7,-26.94
1,0,8,-25.00
1,0,9,-9.68
1,0,10,-14.56
1,0,11,-17.29
1,0,12,-23.21
1,0,13,-14.06
1,0,14,-31.63
1,0,15,-20.13
1,0,16,-17.35
1,0,17,-21.82
1,0,18,-32.74
1,0,19,-16.63
1,0,20,-21.03
1,0,21,-8.43
1,0,22,-16.94
1,0,23,-40.22
1,0,24,-47.07
1,0,25,2.27
1,0,26,2.35
1,0,27,-15.99
1,0,28,2.85
1,0,29,-31.72
1,0,30,-29.97
1,0,31,6.83
1,0,32,-22.04
1,0,33,-15.58
1,0,34,-2.11
1,0,35,-15.57
1,0,36,-17.57
1,0,37,-23.40
1,0,38,-15.07
1,0,39,-10.51
1,0,40,-19.75
1,0,41,-5.44
1,1,0,-14.66
1,1,1,-19.14
1,1,2,-10.23
1,1,3,-10.71
1,1,4,-8.88
1,1,5,-8.47
1,1,6,31.60
1,1,7,3.68
1,1,8,-2.90
1,1,9,24.75
1,1,10,28.63
1,1,11,7.41
1,1,12,-15.35
1,1,13,-22.72
1,1,14,-23.61
1,1,15,-3.50
1,1,16,-21.12
1,1,17,-21.15
1,1,18,-8.20
1,1,19,40.99
1,1,20,-5.42
1,1,21,-28.99
1,1,22,22.32
1,1,23,-6.58
1,1,24,-22.40
1,1,25,5.65
1,1,26,-14.29
1,1,27,-27.88
1,1,28,2.25
1,1,29,-28.63
1,1,30,-4.40
1,1,31,-5.20
1,1,32,-10.80
1,1,33,-32.48
1,1,34,28.19
1,1,35,-18.66
1,1,36,-20.51
1,1,37,-12.22
1,1,38,3.66
1,1,39,-25.11
1,1,40,-29.63
1,1,41,-26.59
1,2,0,-20.59
1,2,1,-27.44
1,2,2,-20.75
1,2,3,-25.86
1,2,4,1.19
1,2,5,-6.87
1,2,6,2.87
1,2,7,-25.53
1,2,8,-32.31
1,2,9,-17.84
1,2,10,-2.87
1,2,11,-21.92
1,2,12,-7.09
1,2,13,-13.58
1,2,14,2.93
1,2,15,-3.90
1,2,16,-1.40
1,2,17,11.88
1,2,18,-20.30
1,2,19,5.91
1,2,20,-18.43
1,2,21,-11.17
1,2,22,-5.49
1,2,23,-43.86
1,2,24,-28.75
1,2,25,4.80
1,2,26,-2.56
1,2,27,-22.34
1,2,28,-4.21
1,2,29,-14.08
1,2,30,-36.85
1,2,31,-14.37
1,2,32,2.54
1,2,33,-16.14
1,2,34,-9.33
1,2,35,-38.98
1,2,36,-14.70
1,2,37,-45.15
1,2,38,-8.21
1,2,39,-15.69
1,2,40,-12.65
1,2,41,-11.46
1,3,0,-11.36
1,3,1,-10.11
1,3,2,-20.53
1,3,3,-19.39
1,3,4,9.75
1,3,5,-13.91
1,3,6,2.96
1,3,7,-23.33
1,3,8,-7.99
1,3,9,0.38
1,3,10,-12.09
1,3,11,-19.47
1,3,12,1.38
1,3,13,-3.26
1,3,14,-15.51
1,3,15,-6.97
1,3,16,-5.81
1,3,17,-9.52
1,3,18,29.62
1,3,19,6.63
1,3,20,1.49
1,3,21,8.49
1,3,22,38.58
1,3,23,-5.89
1,3,24,-10.31
1,3,25,15.68
1,3,26,-12.34
1,3,27,-7.78
1,3,28,2.37
1,3,29,-28.66
1,3,30,-20.45
1,3,31,1.51
1,3,32,-1.70
1,3,33,-27.56
1,3,34,-12.63
1,3,35,-27.51
1,3,36,-24.78
1,3,37,-26.38
1,3,38,-20.12
1,3,39,-14.81
1,3,40,-18.35
1,3,41,-27.52
1,4,0,-6.48
1,4,1,-11.69
1,4,2,-27.61
1,4,3,-20.67
1,4,4,33.10
1,4,5,2.45
1,4,6,-10.96
1,4,7,-32.95
1,4,8,-24.85
1,4,9,2.70
1,4,10,2.99
1,4,11,-26.02
1,4,12,-22.48
1,4,13,-35.99
1,4,14,-16.46
1,4,15,-27.84
1,4,16,-21.90
1,4,17,-16.63
1,4,18,-29.46
1,4,19,-7.02
1,4,20,-19.06
1,4,21,-21.25
1,4,22,9.10
1,4,23,7.99
1,4,24,9.81
1,4,25,41.69
1,4,26,15.92
1,4,27,-7.82
1,4,28,9.41
1,4,29,5.33
1,4,30,-24.55
1,4,31,-5.48
1,4,32,14.87
1,4,33,-25.56
1,4,34,-9.12
1,4,35,-16.99
1,4,36,-18.38
1,4,37,2.02
1,4,38,25.56
1,4,39,3.64
1,4,40,-24.15
1,4,41,-3.94
1,5,0,-24.92
1,5,1,-35.85
1,5,2,-19.26
1,5,3,-36.98
1,5,4,-7.30
1,5,5,-15.74
1,5,6,-12.26
1,5,7,-42.73
1,5,8,-25.44
1,5,9,17.61
1,5,10,-2.44
1,5,11,-28.51
1,5,12,-16.78
1,5,13,-14.11
1,5,14,-12.37
1,5,15,-30.61
1,5,16,-21.80
1,5,17,-32.31
1,5,18,-18.40
1,5,19,31.16
1,5,20,-18.75
1,5,21,-19.50
1,5,22,0.01
1,5,23,-13.25
1,5,24,-21.51
1,5,25,2.99
1,5,26,-5.44
1,5,27,-15.79
1,5,28,2.44
1,5,29,-21.85
1,5,30,-18.00
1,5,31,4.23
1,5,32,14.60
1,5,33,-4.76
1,5,34,12.43
1,5,35,-15.99
1,5,36,-28.86
1,5,37,-35.90
1,5,38,2.74
1,5,39,-40.18
1,5,40,-19.89
1,5,41,-13.15
1,6,0,-30.84
1,6,1,-21.62
1,6,2,-19.98
1,6,3,-15.25
1,6,4,1.04
1,6,5,-35.99
1,6,6,2.57
1,6,7,-31.16
1,6,8,-17.80
1,6,9,-14.40
1,6,10,9.06
1,6,11,-10.13
1,6,12,-15.89
1,6,13,2.81
1,6,14,6.38
1,6,15,-10.70
1,6,16,-17.19
1,6,17,-13.26
1,6,18,-25.16
1,6,19,12.20
1,6,20,-26.21
1,6,21,-18.92
1,6,22,13.80
1,6,23,-10.67
1,6,24,-12.92
1,6,25,3.78
1,6,26,2.52
1,6,27,-19.67
1,6,28,-1.57
1,6,29,-10.91
1,6,30,-16.45
1,6,31,3.09
1,6,32,8.95
1,6,33,-33.88
1,6,34,-9.50
1,6,35,-19.90
1,6,36,0.00
1,6,37,11.41
1,6,38,38.34
1,6,39,2.01
1,6,40,-6.71
1,6,41,2.60
2,0,0,-19.21
2,0,1,-11.47
2,0,2,17.12
2,0,3,6.15
2,0,4,5.21
2,0,5,-26.09
2,0,6,7.65
2,0,7,-26.94
2,0,8,-25.00
2,0,9,-9.68
2,0,10,-14.56
2,0,11,-17.29
2,0,12,-23.21
2,0,13,-14.06
2,0,14,-31.63
2,0,15,-20.13
2,0,16,-17.35
2,0,17,-21.82
2,0,18,-32.74
2,0,19,-16.63
2,0,20,-21.03
2,0,21,-8.43
2,0,22,-16.94
2,0,23,-40.22
2,0,24,-47.07
2,0,25,2.27
2,0,26,2.35
2,0,27,-15.99
2,0,28,2.85
2,0,29,-31.72
2,0,30,-29.97
2,0,31,6.83
2,0,32,-22.04
2,0,33,-15.58
2,0,34,-2.11
2,0,35,-15.57
2,0,36,-17.57
2,0,37,-23.40
2,0,38,-15.07
2,0,39,-10.51
2,0,40,-19.75
2,0,41,-5.44
2,1,0,-14.66
2,1,1,-19.14
2,1,2,-10.23
2,1,3,-10.71
2,1,4,-8.88
2,1,5,-8.47
2,1,6,31.60
2,1,7,3.68
2,1,8,-2.90
2,1,9,24.75
2,1,10,28.63
2,1,11,7.41
2,1,12,-15.35
2,1,13,-22.72
2,1,14,-23.61
2,1,15,-3.50
2,1,16,-21.12
2,1,17,-21.15
2,1,18,-8.20
2,1,19,40.99
2,1,20,-5.42
2,1,21,-28.99
2,1,22,22.32
2,1,23,-6.58
2,1,24,-22.40
2,1,25,5.65
2,1,26,-14.29
2,1,27,-27.88
2,1,28,2.25
2,1,29,-28.63
2,1,30,-4.40
2,1,31,-5.20
2,1,32,-10.80
2,1,33,-32.48
2,1,34,28.19
2,1,35,-18.66
2,1,36,-20.51
2,1,37,-12.22
2,1,38,3.66
2,1,39,-25.11
2,1,40,-29.63
2,1,41,-26.59
2,2,0,-20.59
2,2,1,-27.44
2,2,2,-20.75
2,2,3,-25.86
2,2,4,1.19
2,2,5,-6.87
2,2,6,2.87
2,2,7,-25.53
2,2,8,-32.31
2,2,9,-17.84
2,2,10,-2.87
2,2,11,-21.92
2,2,12,-7.09
2,2,13,-13.58
2,2,14,2.93
2,2,15,-3.90
2,2,16,-1.40
2,2,17,11.88
2,2,18,-20.30
2,2,19,5.91
2,2,20,-18.43
2,2,21,-11.17
2,2,22,-5.49
2,2,23,-43.86
2,2,24,-28.75
2,2,25,4.80
2,2,26,-2.56
2,2,27,-22.34
2,2,28,-4.21
2,2,29,-14.08
2,2,30,-36.85
2,2,31,-14.37
2,2,32,2.54
2,2,33,-16.14
2,2,34,-9.33
2,2,35,-38.98
2,2,36,-14.70
2,2,37,-45.15
2,2,38,-8.21
2,2,39,-15.69
2,2,40,-12.65
2,2,41,-11.46
2,3,0,-11.36
2,3,1,-10.11
2,3,2,-20.53
2,3,3,-19.39
2,3,4,9.75
2,3,5,-13.91
2,3,6,2.96
2,3,7,-23.33
2,3,8,-7.99
2,3,9,0.38
2,3,10,-12.09
2,3,11,-19.47
2,3,12,1.38
2,3,13,-3.26
2,3,14,-15.51
2,3,15,-6.97
2,3,16,-5.81
2,3,17,-9.52
2,3,18,29.62
2,3,19,6.63
2,3,20,1.49
2,3,21,8.49
2,3,22,38.58
2,3,23,-5.89
2,3,24,-10.31
2,3,25,15.68
2,3,26,-12.34
2,3,27,-7.78
2,3,28,2.37
2,3,29,-28.66
2,3,30,-20.45
2,3,31,1.51
2,3,32,-1.70
2,3,33,-27.56
2,3,34,-12.63
2,3,35,-27.51
2,3,36,-24.78
2,3,37,-26.38
2,3,38,-20.12
2,3,39,-14.81
2,3,40,-18.35
2,3,41,-27.52
2,4,0,-6.48
2,4,1,-11.69
2,4,2,-27.61
2,4,3,-20.67
2,4,4,33.10
2,4,5,2.45
2,4,6,-10.96
2,4,7,-32.95
2,4,8,-24.85
2,4,9,2.70
2,4,10,2.99
2,4,11,-26.02
2,4,12,-22.48
2,4,13,-35.99
2,4,14,-16.46
2,4,15,-27.84
2,4,16,-21.90
2,4,17,-16.63
2,4,18,-29.46
2,4,19,-7.02
2,4,20,-19.06
2,4,21,-21.25
2,4,22,9.10
2,4,23,7.99
2,4,24,9.81
2,4,25,41.69
2,4,26,15.92
2,4,27,-7.82
2,4,28,9.41
2,4,29,5.33
2,4,30,-24.55
2,4,31,-5.48
2,4,32,14.87
2,4,33,-25.56
2,4,34,-9.12
2,4,35,-16.99
2,4,36,-18.38
2,4,37,2.02
2,4,38,25.56
2,4,39,3.64
2,4,40,-24.15
2,4,41,-3.94
2,5,0,-24.92
2,5,1,-35.85
2,5,2,-19.26
2,5,3,-36.98
2,5,4,-7.30
2,5,5,-15.74
2,5,6,-12.26
2,5,7,-42.73
2,5,8,-25.44
2,5,9,17.61
2,5,10,-2.44
2,5,11,-28.51
2,5,12,-16.78
2,5,13,-14.11
2,5,14,-12.37
2,5,15,-30.61
2,5,16,-21.80
2,5,17,-32.31
2,5,18,-18.40
2,5,19,31.16
2,5,20,-18.75
2,5,21,-19.50
2,5,22,0.01
2,5,23,-13.25
2,5,24,-21.51
2,5,25,2.99
2,5,26,-5.44
2,5,27,-15.79
2,5,28,2.44
2,5,29,-21.85
2,5,30,-18.00
2,5,31,4.23
2,5,32,14.60
2,5,33,-4.76
2,5,34,12.43
2,5,35,-15.99
2,5,36,-28.86
2,5,37,-35.90
2,5,38,2.74
2,5,39,-40.18
2,5,40,-19.89
2,5,41,-13.15
2,6,0,-30.84
2,6,1,-21.62
2,6,2,-19.98
2,6,3,-15.25
2,6,4,1.04
2,6,5,-35.99
2,6,6,2.57
2,6,7,-31.16
2,6,8,-17.80
2,6,9,-14.40
2,6,10,9.06
2,6,11,-10.13
2,6,12,-15.89
2,6,13,2.81
2,6,14,6.38
2,6,15,-10.70
2,6,16,-17.19
2,6,17,-13.26
2,6,18,-25.16
2,6,19,12.20
2,6,20,-26.21
2,6,21,-18.92
2,6,22,13.80
2,6,23,-10.67
2,6,24,-12.92
2,6,25,3.78
2,6,26,2.52
2,6,27,-19.67
2,6,28,-1.57
2,6,29,-10.91
2,6,30,-16.45
2,6,31,3.09
2,6,32,8.95
2,6,33,-33.88
2,6,34,-9.50
2,6,35,-19.90
2,6,36,0.00
2,6,37,11.41
2,6,38,38.34
2,6,39,2.01
2,6,40,-6.71
2,6,41,2.60
3,0,0,-19.21
3,0,1,-11.47
3,0,2,17.12
3,0,3,6.15
3,0,4,5.21
3,0,5,-26.09
3,0,6,7.65
3,0,7,-26.94
3,0,8,-25.00
3,0,9,-9.68
3,0,10,-14.56
3,0,11,-17.29
3,0,12,-23.21
3,0,13,-14.06
3,0,14,-31.63
3,0,15,-20.13
3,0,16,-17.35
3,0,17,-21.82
3,0,18,-32.74
3,0,19,-16.63
3,0,20,-21.03
3,0,21,-8.43
3,0,22,-16.94
3,0,23,-40.22
3,0,24,-47.07
3,0,25,2.27
3,0,26,2.35
3,0,27,-15.99
3,0,28,2.85
3,0,29,-31.72
3,0,30,-29.97
3,0,31,6.83
3,0,32,-22.04
3,0,33,-15.58
3,0,34,-2.11
3,0,35,-15.57
3,0,36,-17.57
3,0,37,-23.40
3,0,38,-15.07
3,0,39,-10.51
3,0,40,-19.75
3,0,41,-5.44
3,1,0,-14.66
3,1,1,-19.14
3,1,2,-10.23
3,1,3,-10.71
3,1,4,-8.88
3,1,5,-8.47
3,1,6,31.60
3,1,7,3.68
3,1,8,-2.90
3,1,9,24.75
3,1,10,28.63
3,1,11,7.41
3,1,12,-15.35
3,1,13,-22.72
3,1,14,-23.61
3,1,15,-3.50
3,1,16,-21.12
3,1,17,-21.15
3,1,18,-8.20
3,1,19,40.99
3,1,20,-5.42
3,1,21,-28.99
3,1,22,22.32
3,1,23,-6.58
3,1,24,-22.40
3,1,25,5.65
3,1,26,-14.29
3,1,27,-27.88
3,1,28,2.25
3,1,29,-28.63
3,1,30,-4.40
3,1,31,-5.20
3,1,32,-10.80
3,1,33,-32.48
3,1,34,28.19
3,1,35,-18.66
3,1,36,-20.51
3,1,37,-12.22
3,1,38,3.66
3,1,39,-25.11
3,1,40,-29.63
3,1,41,-26.59
3,2,0,-20.59
3,2,1,-27.44
3,2,2,-20.75
3,2,3,-25.86
3,2,4,1.19
3,2,5,-6.87
3,2,6,2.87
3,2,7,-25.53
3,2,8,-32.31
3,2,9,-17.84
3,2,10,-2.87
3,2,11,-21.92
3,2,12,-7.09
3,2,13,-13.58
3,2,14,2.93
3,2,15,-3.90
3,2,16,-1.40
3,2,17,11.88
3,2,18,-20.30
3,2,19,5.91
3,2,20,-18.43
3,2,21,-11.17
3,2,22,-5.49
3,2,23,-43.86
3,2,24,-28.75
3,2,25,4.80
3,2,26,-2.56
3,2,27,-22.34
3,2,28,-4.21
3,2,29,-14.08
3,2,30,-36.85
3,2,31,-14.37
3,2,32,2.54
3,2,33,-16.14
3,2,34,-9.33
3,2,35,-38.98
3,2,36,-14.70
3,2,37,-45.15
3,2,38,-8.21
3,2,39,-15.69
3,2,40,-12.65
3,2,41,-11.46
3,3,0,-11.36
3,3,1,-10.11
3,3,2,-20.53
3,3,3,-19.39
3,3,4,9.75
3,3,5,-13.91
3,3,6,2.96
3,3,7,-23.33
3,3,8,-7.99
3,3,9,0.38
3,3,10,-12.09
3,3,11,-19.47
3,3,12,1.38
3,3,13,-3.26
3,3,14,-15.51
3,3,15,-6.97
3,3,16,-5.81
3,3,17,-9.52
3,3,18,29.62
3,3,19,6.63
3,3,20,1.49
3,3,21,8.49
3,3,22,38.58
3,3,23,-5.89
3,3,24,-10.31
3,3,25,15.68
3,3,26,-12.34
3,3,27,-7.78
3,3,28,2.37
3,3,29,-28.66
3,3,30,-20.45
3,3,31,1.51
3,3,32,-1.70
3,3,33,-27.56
3,3,34,-12.63
3,3,35,-27.51
3,3,36,-24.78
3,3,37,-26.38
3,3,38,-20.12
3,3,39,-14.81
3,3,40,-18.35
3,3,41,-27.52
3,4,0,-6.48
3,4,1,-11.69
3,4,2,-27.61
3,4,3,-20.67
3,4,4,33.10
3,4,5,2.45
3,4,6,-10.96
3,4,7,-32.95
3,4,8,-24.85
3,4,9,2.70
3,4,10,2.99
3,4,11,-26.02
3,4,12,-22.48
3,4,13,-35.99
3,4,14,-16.46
3,4,15,-27.84
3,4,16,-21.90
3,4,17,-16.63
3,4,18,-29.46
3,4,19,-7.02
3,4,20,-19.06
3,4,21,-21.25
3,4,22,9.10
3,4,23,7.99
3,4,24,9.81
3,4,25,41.69
3,4,26,15.92
3,4,27,-7.82
3,4,28,9.41
3,4,29,5.33
3,4,30,-24.55
3,4,31,-5.48
3,4,32,14.87
3,4,33,-25.56
3,4,34,-9.12
3,4,35,-16.99
3,4,36,-18.38
3,4,37,2.02
3,4,38,25.56
3,4,39,3.64
3,4,40,-24.15
3,4,41,-3.94
3,5,0,-24.92
3,5,1,-35.85
3,5,2,-19.26
3,5,3,-36.98
3,5,4,-7.30
3,5,5,-15.74
3,5,6,-12.26
3,5,7,-42.73
3,5,8,-25.44
3,5,9,17.61
3,5,10,-2.44
3,5,11,-28.51
3,5,12,-16.78
3,5,13,-14.11
3,5,14,-12.37
3,5,15,-30.61
3,5,16,-21.80
3,5,17,-32.31
3,5,18,-18.40
3,5,19,31.16
3,5,20,-18.75
3,5,21,-19.50
3,5,22,0.01
3,5,23,-13.25
3,5,24,-21.51
3,5,25,2.99
3,5,26,-5.44
3,5,27,-15.79
3,5,28,2.44
3,5,29,-21.85
3,5,30,-18.00
3,5,31,4.23
3,5,32,14.60
3,5,33,-4.76
3,5,34,12.43
3,5,35,-15.99
3,5,36,-28.86
3,5,37,-35.90
3,5,38,2.74
3,5,39,-40.18
3,5,40,-19.89
3,5,41,-13.15
3,6,0,-30.84
3,6,1,-21.62
3,6,2,-19.98
3,6,3,-15.25
3,6,4,1.04
3,6,5,-35.99
3,6,6,2.57
3,6,7,-31.16
3,6,8,-17.80
3,6,9,-14.40
3,6,10,9.06
3,6,11,-10.13
3,6,12,-15.89
3,6,13,2.81
3,6,14,6.38
3,6,15,-10.70
3,6,16,-17.19
3,6,17,-13.26
3,6,18,-25.16
3,6,19,12.20
3,6,20,-26.21
3,6,21,-18.92
3,6,22,13.80
3,6,23,-10.67
3,6,24,-12.92
3,6,25,3.78
3,6,26,2.52
3,6,27,-19.67
3,6,28,-1.57
3,6,29,-10.91
3,6,30,-16.45
3,6,31,3.09
3,6,32,8.95
3,6,33,-33.88
3,6,34,-9.50
3,6,35,-19.90
3,6,36,0.00
3,6,37,11.41
3,6,38,38.34
3,6,39,2.01
3,6,40,-6.71
3,6,41,2.60
4,0,0,-19.21
4,0,1,-11.47
4,0,2,17.12
4,0,3,6.15
4,0,4,5.21
4,0,5,-26.09
4,0,6,7.65
4,0,7,-26.94
4,0,8,-25.00
4,0,9,-9.68
4,0,10,-14.56
4,0,11,-17.29
4,0,12,-23.21
4,0,13,-14.06
4,0,14,-31.63
4,0,15,-20.13
4,0,16,-17.35
4,0,17,-21.82
4,0,18,-32.74
4,0,19,-16.63
4,0,20,-21.03
4,0,21,-8.43
4,0,22,-16.94
4,0,23,-40.22
4,0,24,-47.07
4,0,25,2.27
4,0,26,2.35
4,0,27,-15.99
4,0,28,2.85
4,0,29,-31.72
4,0,30,-29.97
4,0,31,6.83
4,0,32,-22.04
4,0,33,-15.58
4,0,34,-2.11
4,0,35,-15.57
4,0,36,-17.57
4,0,37,-23.40
4,0,38,-15.07
4,0,39,-10.51
4,0,40,-19.75
4,0,41,-5.44
4,1,0,-14.66
4,1,1,-19.14
4,1,2,-10.23
4,1,3,-10.71
4,1,4,-8.88
4,1,5,-8.47
4,1,6,31.60
4,1,7,3.68
4,1,8,-2.90
4,1,9,24.75
4,1,10,28.63
4,1,11,7.41
4,1,12,-15.35
4,1,13,-22.72
4,1,14,-23.61
4,1,15,-3.50
4,1,16,-21.12
4,1,17,-21.15
4,1,18,-8.20
4,1,19,40.99
4,1,20,-5.42
4,1,21,-28.99
4,1,22,22.32
4,1,23,-6.58
4,1,24,-22.40
4,1,25,5.65
4,1,26,-14.29
4,1,27,-27.88
4,1,28,2.25
4,1,29,-28.63
4,1,30,-4.40
4,1,31,-5.20
4,1,32,-10.80
4,1,33,-32.48
4,1,34,28.19
4,1,35,-18.66
4,1,36,-20.51
4,1,37,-12.22
4,1,38,3.66
4,1,39,-25.11
4,1,40,-29.63
4,1,41,-26.59
4,2,0,-20.59
4,2,1,-27.44
4,2,2,-20.75
4,2,3,-25.86
4,2,4,1.19
4,2,5,-6.87
4,2,6,2.87
4,2,7,-25.53
4,2,8,-32.31
4,2,9,-17.84
4,2,10,-2.87
4,2,11,-21.92
4,2,12,-7.09
4,2,13,-13.58
4,2,14,2.93
4,2,15,-3.90
4,2,16,-1.40
4,2,17,11.88
4,2,18,-20.30
4,2,19,5.91
4,2,20,-18.43
4,2,21,-11.17
4,2,22,-5.49
4,2,23,-43.86
4,2,24,-28.75
4,2,25,4.80
4,2,26,-2.56
4,2,27,-22.34
4,2,28,-4.21
4,2,29,-14.08
4,2,30,-36.85
4,2,31,-14.37
4,2,32,2.54
4,2,33,-16.14
4,2,34,-9.33
4,2,35,-38.98
4,2,36,-14.70
4,2,37,-45.15
4,2,38,-8.21
4,2,39,-15.69
4,2,40,-12.65
4,2,41,-11.46
4,3,0,-11.36
4,3,1,-10.11
4,3,2,-20.53
4,3,3,-19.39
4,3,4,9.75
4,3,5,-13.91
4,3,6,2.96
4,3,7,-23.33
4,3,8,-7.99
4,3,9,0.38
4,3,10,-12.09
4,3,11,-19.47
4,3,12,1.38
4,3,13,-3.26
4,3,14,-15.51
4,3,15,-6.97
4,3,16,-5.81
4,3,17,-9.52
4,3,18,29.62
4,3,19,6.63
4,3,20,1.49
4,3,21,8.49
4,3,22,38.58
4,3,23,-5.89
4,3,24,-10.31
4,3,25,15.68
4,3,26,-12.34
4,3,27,-7.78
4,3,28,2.37
4,3,29,-28.66
4,3,30,-20.45
4,3,31,1.51
4,3,32,-1.70
4,3,33,-27.56
4,3,34,-12.63
4,3,35,-27.51
4,3,36,-24.78
4,3,37,-26.38
4,3,38,-20.12
4,3,39,-14.81
4,3,40,-18.35
4,3,41,-27.52
4,4,0,-6.48
4,4,1,-11.69
4,4,2,-27.61
4,4,3,-20.67
4,4,4,33.10
4,4,5,2.45
4,4,6,-10.96
4,4,7,-32.95
4,4,8,-24.85
4,4,9,2.70
4,4,10,2.99
4,4,11,-26.02
4,4,12,-22.48
4,4,13,-35.99
4,4,14,-16.46
4,4,15,-27.84
4,4,16,-21.90
4,4,17,-16.63
4,4,18,-29.46
4,4,19,-7.02
4,4,20,-19.06
4,4,21,-21.25
4,4,22,9.10
4,4,23,7.99
4,4,24,9.81
4,4,25,41.69
4,4,26,15.92
4,4,27,-7.82
4,4,28,9.41
4,4,29,5.33
4,4,30,-24.55
4,4,31,-5.48
4,4,32,14.87
4,4,33,-25.56
4,4,34,-9.12
4,4,35,-16.99
4,4,36,-18.38
4,4,37,2.02
4,4,38,25.56
4,4,39,3.64
4,4,40,-24.15
4,4,41,-3.94
4,5,0,-24.92
4,5,1,-35.85
4,5,2,-19.26
4,5,3,-36.98
4,5,4,-7.30
4,5,5,-15.74
4,5,6,-12.26
4,5,7,-42.73
4,5,8,-25.44
4,5,9,17.61
4,5,10,-2.44
4,5,11,-28.51
4,5,12,-16.78
4,5,13,-14.11
4,5,14,-12.37
4,5,15,-30.61
4,5,16,-21.80
4,5,17,-32.31
4,5,18,-18.40
4,5,19,31.16
4,5,20,-18.75
4,5,21,-19.50
4,5,22,0.01
4,5,23,-13.25
4,5,24,-21.51
4,5,25,2.99
4,5,26,-5.44
4,5,27,-15.79
4,5,28,2.44
4,5,29,-21.85
4,5,30,-18.00
4,5,31,4.23
4,5,32,14.60
4,5,33,-4.76
4,5,34,12.43
4,5,35,-15.99
4,5,36,-28.86
4,5,37,-35.90
4,5,38,2.74
4,5,39,-40.18
4,5,40,-19.89
4,5,41,-13.15
4,6,0,-30.84
4,6,1,-21.62
4,6,2,-19.98
4,6,3,-15.25
4,6,4,1.04
4,6,5,-35.99
4,6,6,2.57
4,6,7,-31.16
4,6,8,-17.80
4,6,9,-14.40
4,6,10,9.06
4,6,11,-10.13
4,6,12,-15.89
4,6,13,2.81
4,6,14,6.38
4,6,15,-10.70
4,6,16,-17.19
4,6,17,-13.26
4,6,18,-25.16
4,6,19,12.20
4,6,20,-26.21
4,6,21,-18.92
4,6,22,13.80
4,6,23,-10.67
4,6,24,-12.92
4,6,25,3.78
4,6,26,2.52
4,6,27,-19.67
4,6,28,-1.57
4,6,29,-10.91
4,6,30,-16.45
4,6,31,3.09
4,6,32,8.95
4,6,33,-33.88
4,6,34,-9.50
4,6,35,-19.90
4,6,36,0.00
4,6,37,11.41
4,6,38,38.34
4,6,39,2.01
4,6,40,-6.71
4,6,41,2.60
5,0,0,-19.21
5,0,1,-11.47
5,0,2,17.12
5,0,3,6.15
5,0,4,5.21
5,0,5,-26.09
5,0,6,7.65
5,0,7,-26.94
5,0,8,-25.00
5,0,9,-9.68
5,0,10,-14.56
5,0,11,-17.29
5,0,12,-23.21
5,0,13,-14.06
5,0,14,-31.63
5,0,15,-20.13
5,0,16,-17.35
5,0,17,-21.82
5,0,18,-32.74
5,0,19,-16.63
5,0,20,-21.03
5,0,21,-8.43
5,0,22,-16.94
5,0,23,-40.22
5,0,24,-47.07
5,0,25,2.27
5,0,26,2.35
5,0,27,-15.99
5,0,28,2.85
5,0,29,-31.72
5,0,30,-29.97
5,0,31,6.83
5,0,32,-22.04
5,0,33,-15.58
5,0,34,-2.11
5,0,35,-15.57
5,0,36,-17.57
5,0,37,-23.40
5,0,38,-15.07
5,0,39,-10.51
5,0,40,-19.75
5,0,41,-5.44
5,1,0,-14.66
5,1,1,-19.14
5,1,2,-10.23
5,1,3,-10.71
5,1,4,-8.88
5,1,5,-8.47
5,1,6,31.60
5,1,7,3.68
5,1,8,-2.90
5,1,9,24.75
5,1,10,28.63
5,1,11,7.41
5,1,12,-15.35
5,1,13,-22.72
5,1,14,-23.61
5,1,15,-3.50
5,1,16,-21.12
5,1,17,-21.15
5,1,18,-8.20
5,1,19,40.99
5,1,20,-5.42
5,1,21,-28.99
5,1,22,22.32
5,1,23,-6.58
5,1,24,-22.40
5,1,25,5.65
5,1,26,-14.29
5,1,27,-27.88
5,1,28,2.25
5,1,29,-28.63
5,1,30,-4.40
5,1,31,-5.20
5,1,32,-10.80
5,1,33,-32.48
5,1,34,28.19
5,1,35,-18.66
5,1,36,-20.51
5,1,37,-12.22
5,1,38,3.66
5,1,39,-25.11
5,1,40,-29.63
5,1,41,-26.59
5,2,0,-20.59
5,2,1,-27.44
5,2,2,-20.75
5,2,3,-25.86
5,2,4,1.19
5,2,5,-6.87
5,2,6,2.87
5,2,7,-25.53
5,2,8,-32.31
5,2,9,-17.84
5,2,10,-2.87
5,2,11,-21.92
5,2,12,-7.09
5,2,13,-13.58
5,2,14,2.93
5,2,15,-3.90
5,2,16,-1.40
5,2,17,11.88
5,2,18,-20.30
5,2,19,5.91
5,2,20,-18.43
5,2,21,-11.17
5,2,22,-5.49
5,2,23,-43.86
5,2,24,-28.75
5,2,25,4.80
5,2,26,-2.56
5,2,27,-22.34
5,2,28,-4.21
5,2,29,-14.08
5,2,30,-36.85
5,2,31,-14.37
5,2,32,2.54
5,2,33,-16.14
5,2,34,-9.33
5,2,35,-38.98
5,2,36,-14.70
5,2,37,-45.15
5,2,38,-8.21
5,2,39,-15.69
5,2,40,-12.65
5,2,41,-11.46
5,3,0,-11.36
5,3,1,-10.11
5,3,2,-20.53
5,3,3,-19.39
5,3,4,9.75
5,3,5,-13.91
5,3,6,2.96
5,3,7,-23.33
5,3,8,-7.99
5,3,9,0.38
5,3,10,-12.09
5,3,11,-19.47
5,3,12,1.38
5,3,13,-3.26
5,3,14,-15.51
5,3,15,-6.97
5,3,16,-5.81
5,3,17,-9.52
5,3,18,29.62
5,3,19,6.63
5,3,20,1.49
5,3,21,8.49
5,3,22,38.58
5,3,23,-5.89
5,3,24,-10.31
5,3,25,15.68
5,3,26,-12.34
5,3,27,-7.78
5,3,28,2.37
5,3,29,-28.66
5,3,30,-20.45
5,3,31,1.51
5,3,32,-1.70
5,3,33,-27.56
5,3,34,-12.63
5,3,35,-27.51
5,3,36,-24.78
5,3,37,-26.38
5,3,38,-20.12
5,3,39,-14.81
5,3,40,-18.35
5,3,41,-27.52
5,4,0,-6.48
5,4,1,-11.69
5,4,2,-27.61
5,4,3,-20.67
5,4,4,33.10
5,4,5,2.45
5,4,6,-10.96
5,4,7,-32.95
5,4,8,-24.85
5,4,9,2.70
5,4,10,2.99
5,4,11,-26.02
5,4,12,-22.48
5,4,13,-35.99
5,4,14,-16.46
5,4,15,-27.84
5,4,16,-21.90
5,4,17,-16.63
5,4,18,-29.46
5,4,19,-7.02
5,4,20,-19.06
5,4,21,-21.25
5,4,22,9.10
5,4,23,7.99
5,4,24,9.81
5,4,25,41.69
5,4,26,15.92
5,4,27,-7.82
5,4,28,9.41
5,4,29,5.33
5,4,30,-24.55
5,4,31,-5.48
5,4,32,14.87
5,4,33,-25.56
5,4,34,-9.12
5,4,35,-16.99
5,4,36,-18.38
5,4,37,2.02
5,4,38,25.56
5,4,39,3.64
5,4,40,-24.15
5,4,41,-3.94
5,5,0,-24.92
5,5,1,-35.85
5,5,2,-19.26
5,5,3,-36.98
5,5,4,-7.30
5,5,5,-15.74
5,5,6,-12.26
5,5,7,-42.73
5,5,8,-25.44
5,5,9,17.61
5,5,10,-2.44
5,5,11,-28.51
5,5,12,-16.78
5,5,13,-14.11
5,5,14,-12.37
5,5,15,-30.61
5,5,16,-21.80
5,5,17,-32.31
5,5,18,-18.40
5,5,19,31.16
5,5,20,-18.75
5,5,21,-19.50
5,5,22,0.01
5,5,23,-13.25
5,5,24,-21.51
5,5,25,2.99
5,5,26,-5.44
5,5,27,-15.79
5,5,28,2.44
5,5,29,-21.85
5,5,30,-18.00
5,5,31,4.23
5,5,32,14.60
5,5,33,-4.76
5,5,34,12.43
5,5,35,-15.99
5,5,36,-28.86
5,5,37,-35.90
5,5,38,2.74
5,5,39,-40.18
5,5,40,-19.89
5,5,41,-13.15
5,6,0,-30.84
5,6,1,-21.62
5,6,2,-19.98
5,6,3,-15.25
5,6,4,1.04
5,6,5,-35.99
5,6,6,2.57
5,6,7,-31.16
5,6,8,-17.80
5,6,9,-14.40
5,6,10,9.06
5,6,11,-10.13
5,6,12,-15.89
5,6,13,2.81
5,6,14,6.38
5,6,15,-10.70
5,6,16,-17.19
5,6,17,-13.26
5,6,18,-25.16
5,6,19,12.20
5,6,20,-26.21
5,6,21,-18.92
5,6,22,13.80
5,6,23,-10.67
5,6,24,-12.92
5,6,25,3.78
5,6,26,2.52
5,6,27,-19.67
5,6,28,-1.57
5,6,29,-10.91
5,6,30,-16.45
5,6,31,3.09
5,6,32,8.95
5,6,33,-33.88
5,6,34,-9.50
5,6,35,-19.90
5,6,36,0.00
5,6,37,11.41
5,6,38,38.34
5,6,39,2.01
5,6,40,-6.71
5,6,41,2.60
6,0,0,-19.21
6,0,1,-11.47
6,0,2,17.12
6,0,3,6.15
6,0,4,5.21
6,0,5,-26.09
6,0,6,7.65
6,0,7,-26.94
6,0,8,-25.00
6,0,9,-9.68
6,0,10,-14.56
6,0,11,-17.29
6,0,12,-23.21
6,0,13,-14.06
6,0,14,-31.63
6,0,15,-20.13
6,0,16,-17.35
6,0,17,-21.82
6,0,18,-32.74
6,0,19,-16.63
6,0,20,-21.03
6,0,21,-8.43
6,0,22,-16.94
6,0,23,-40.22
6,0,24,-47.07
6,0,25,2.27
6,0,26,2.35
6,0,27,-15.99
6,0,28,2.85
6,0,29,-31.72
6,0,30,-29.97
6,0,31,6.83
6,0,32,-22.04
6,0,33,-15.58
6,0,34,-2.11
6,0,35,-15.57
6,0,36,-17.57
6,0,37,-23.40
6,0,38,-15.07
6,0,39,-10.51
6,0,40,-19.75
6,0,41,-5.44
6,1,0,-14.66
6,1,1,-19.14
6,1,2,-10.23
6,1,3,-10.71
6,1,4,-8.88
6,1,5,-8.47
6,1,6,31.60
6,1,7,3.68
6,1,8,-2.90
6,1,9,24.75
6,1,10,28.63
6,1,11,7.41
6,1,12,-15.35
6,1,13,-22.72
6,1,14,-23.61
6,1,15,-3.50
6,1,16,-21.12
6,1,17,-21.15
6,1,18,-8.20
6,1,19,40.99
6,1,20,-5.42
6,1,21,-28.99
6,1,22,22.32
6,1,23,-6.58
6,1,24,-22.40
6,1,25,5.65
6,1,26,-14.29
6,1,27,-27.88
6,1,28,2.25
6,1,29,-28.63
6,1,30,-4.40
6,1,31,-5.20
6,1,32,-10.80
6,1,33,-32.48
6,1,34,28.19
6,1,35,-18.66
6,1,36,-20.51
6,1,37,-12.22
6,1,38,3.66
6,1,39,-25.11
6,1,40,-29.63
6,1,41,-26.59
6,2,0,-20.59
6,2,1,-27.44
6,2,2,-20.75
6,2,3,-25.86
6,2,4,1.19
6,2,5,-6.87
6,2,6,2.87
6,2,7,-25.53
6,2,8,-32.31
6,2,9,-17.84
6,2,10,-2.87
6,2,11,-21.92
6,2,12,-7.09
6,2,13,-13.58
6,2,14,2.93
6,2,15,-3.90
6,2,16,-1.40
6,2,17,11.88
6,2,18,-20.30
6,2,19,5.91
6,2,20,-18.43
6,2,21,-11.17
6,2,22,-5.49
6,2,23,-43.86
6,2,24,-28.75
6,2,25,4.80
6,2,26,-2.56
6,2,27,-22.34
6,2,28,-4.21
6,2,29,-14.08
6,2,30,-36.85
6,2,31,-14.37
6,2,32,2.54
6,2,33,-16.14
6,2,34,-9.33
6,2,35,-38.98
6,2,36,-14.70
6,2,37,-45.15
6,2,38,-8.21
6,2,39,-15.69
6,2,40,-12.65
6,2,41,-11.46
6,3,0,-11.36
6,3,1,-10.11
6,3,2,-20.53
6,3,3,-19.39
6,3,4,9.75
6,3,5,-13.91
6,3,6,2.96
6,3,7,-23.33
6,3,8,-7.99
6,3,9,0.38
6,3,10,-12.09
6,3,11,-19.47
6,3,12,1.38
6,3,13,-3.26
6,3,14,-15.51
6,3,15,-6.97
6,3,16,-5.81
6,3,17,-9.52
6,3,18,29.62
6,3,19,6.63
6,3,20,1.49
6,3,21,8.49
6,3,22,38.58
6,3,23,-5.89
6,3,24,-10.31
6,3,25,15.68
6,3,26,-12.34
6,3,27,-7.78
6,3,28,2.37
6,3,29,-28.66
6,3,30,-20.45
6,3,31,1.51
6,3,32,-1.70
6,3,33,-27.56
6,3,34,-12.63
6,3,35,-27.51
6,3,36,-24.78
6,3,37,-26.38
6,3,38,-20.12
6,3,39,-14.81
6,3,40,-18.35
6,3,41,-27.52
6,4,0,-6.48
6,4,1,-11.69
6,4,2,-27.61
6,4,3,-20.67
6,4,4,33.10
6,4,5,2.45
6,4,6,-10.96
6,4,7,-32.95
6,4,8,-24.85
6,4,9,2.70
6,4,10,2.99
6,4,11,-26.02
6,4,12,-22.48
6,4,13,-35.99
6,4,14,-16.46
6,4,15,-27.84
6,4,16,-21.90
6,4,17,-16.63
6,4,18,-29.46
6,4,19,-7.02
6,4,20,-19.06
6,4,21,-21.25
6,4,22,9.10
6,4,23,7.99
6,4,24,9.81
6,4,25,41.69
6,4,26,15.92
6,4,27,-7.82
6,4,28,9.41
6,4,29,5.33
6,4,30,-24.55
6,4,31,-5.48
6,4,32,14.87
6,4,33,-25.56
6,4,34,-9.12
6,4,35,-16.99
6,4,36,-18.38
6,4,37,2.02
6,4,38,25.56
6,4,39,3.64
6,4,40,-24.15
6,4,41,-3.94
6,5,0,-24.92
6,5,1,-35.85
6,5,2,-19.26
6,5,3,-36.98
6,5,4,-7.30
6,5,5,-15.74
6,5,6,-12.26
6,5,7,-42.73
6,5,8,-25.44
6,5,9,17.61
6,5,10,-2.44
6,5,11,-28.51
6,5,12,-16.78
6,5,13,-14.11
6,5,14,-12.37
6,5,15,-30.61
6,5,16,-21.80
6,5,17,-32.31
6,5,18,-18.40
6,5,19,31.16
6,5,20,-18.75
6,5,21,-19.50
6,5,22,0.01
6,5,23,-13.25
6,5,24,-21.51
6,5,25,2.99
6,5,26,-5.44
6,5,27,-15.79
6,5,28,2.44
6,5,29,-21.85
6,5,30,-18.00
6,5,31,4.23
6,5,32,14.60
6,5,33,-4.76
6,5,34,12.43
6,5,35,-15.99
6,5,36,-28.86
6,5,37,-35.90
6,5,38,2.74
6,5,39,-40.18
6,5,40,-19.89
6,5,41,-13.15
6,6,0,-30.84
6,6,1,-21.62
6,6,2,-19.98
6,6,3,-15.25
6,6,4,1.04
6,6,5,-35.99
6,6,6,2.57
6,6,7,-31.16
6,6,8,-17.80
6,6,9,-14.40
6,6,10,9.06
6,6,11,-10.13
6,6,12,-15.89
6,6,13,2.81
6,6,14,6.38
6,6,15,-10.70
6,6,16,-17.19
6,6,17,-13.26
6,6,18,-25.16
6,6,19,12.20
6,6,20,-26.21
6,6,21,-18.92
6,6,22,13.80
6,6,23,-10.67
6,6,24,-12.92
6,6,25,3.78
6,6,26,2.52
6,6,27,-19.67
6,6,28,-1.57
6,6,29,-10.91
6,6,30,-16.45
6,6,31,3.09
6,6,32,8.95
6,6,33,-33.88
6,6,34,-9.50
6,6,35,-19.90
6,6,36,0.00
6,6,37,11.41
6,6,38,38.34
6,6,39,2.01
6,6,40,-6.71
6,6,41,2.60
7,0,0,-19.21
7,0,1,-11.47
7,0,2,17.12
7,0,3,6.15
7,0,4,5.21
7,0,5,-26.09
7,0,6,7.65
7,0,7,-26.94
7,0,8,-25.00
7,0,9,-9.68
7,0,10,-14.56
7,0,11,-17.29
7,0,12,-23.21
7,0,13,-14.06
7,0,14,-31.63
7,0,15,-20.13
7,0,16,-17.35
7,0,17,-21.82
7,0,18,-32.74
7,0,19,-16.63
7,0,20,-21.03
7,0,21,-8.43
7,0,22,-16.94
7,0,23,-40.22
7,0,24,-47.07
7,0,25,2.27
7,0,26,2.35
7,0,27,-15.99
7,0,28,2.85
7,0,29,-31.72
7,0,30,-29.97
7,0,31,6.83
7,0,32,-22.04
7,0,33,-15.58
7,0,34,-2.11
7,0,35,-15.57
7,0,36,-17.57
7,0,37,-23.40
7,0,38,-15.07
7,0,39,-10.51
7,0,40,-19.75
7,0,41,-5.44
7,1,0,-14.66
7,1,1,-19.14
7,1,2,-10.23
7,1,3,-10.71
7,1,4,-8.88
7,1,5,-8.47
7,1,6,31.60
7,1,7,3.68
7,1,8,-2.90
7,1,9,24.75
7,1,10,28.63
7,1,11,7.41
7,1,12,-15.35
7,1,13,-22.72
7,1,14,-23.61
7,1,15,-3.50
7,1,16,-21.12
7,1,17,-21.15
7,1,18,-8.20
7,1,19,40.99
7,1,20,-5.42
7,1,21,-28.99
7,1,22,22.32
7,1,23,-6.58
7,1,24,-22.40
7,1,25,5.65
7,1,26,-14.29
7,1,27,-27.88
7,1,28,2.25
7,1,29,-28.63
7,1,30,-4.40
7,1,31,-5.20
7,1,32,-10.80
7,1,33,-32.48
7,1,34,28.19
7,1,35,-18.66
7,1,36,-20.51
7,1,37,-12.22
7,1,38,3.66
7,1,39,-25.11
7,1,40,-29.63
7,1,41,-26.59
7,2,0,-20.59
7,2,1,-27.44
7,2,2,-20.75
7,2,3,-25.86
7,2,4,1.19
7,2,5,-6.87
7,2,6,2.87
7,2,7,-25.53
7,2,8,-32.31
7,2,9,-17.84
7,2,10,-2.87
7,2,11,-21.92
7,2,12,-7.09
7,2,13,-13.58
7,2,14,2.93
7,2,15,-3.90
7,2,16,-1.40
7,2,17,11.88
7,2,18,-20.30
7,2,19,5.91
7,2,20,-18.43
7,2,21,-11.17
7,2,22,-5.49
7,2,23,-43.86
7,2,24,-28.75
7,2,25,4.80
7,2,26,-2.56
7,2,27,-22.34
7,2,28,-4.21
7,2,29,-14.08
7,2,30,-36.85
7,2,31,-14.37
7,2,32,2.54
7,2,33,-16.14
7,2,34,-9.33
7,2,35,-38.98
7,2,36,-14.70
7,2,37,-45.15
7,2,38,-8.21
7,2,39,-15.69
7,2,40,-12.65
7,2,41,-11.46
7,3,0,-11.36
7,3,1,-10.11
7,3,2,-20.53
7,3,3,-19.39
7,3,4,9.75
7,3,5,-13.91
7,3,6,2.96
7,3,7,-23.33
7,3,8,-7.99
7,3,9,0.38
7,3,10,-12.09
7,3,11,-19.47
7,3,12,1.38
7,3,13,-3.26
7,3,14,-15.51
7,3,15,-6.97
7,3,16,-5.81
7,3,17,-9.52
7,3,18,29.62
7,3,19,6.63
7,3,20,1.49
7,3,21,8.49
7,3,22,38.58
7,3,23,-5.89
7,3,24,-10.31
7,3,25,15.68
7,3,26,-12.34
7,3,27,-7.78
7,3,28,2.37
7,3,29,-28.66
7,3,30,-20.45
7,3,31,1.51
7,3,32,-1.70
7,3,33,-27.56
7,3,34,-12.63
7,3,35,-27.51
7,3,36,-24.78
7,3,37,-26.38
7,3,38,-20.12
7,3,39,-14.81
7,3,40,-18.35
7,3,41,-27.52
7,4,0,-6.48
7,4,1,-11.69
7,4,2,-27.61
7,4,3,-20.67
7,4,4,33.10
7,4,5,2.45
7,4,6,-10.96
7,4,7,-32.95
7,4,8,-24.85
7,4,9,2.70
7,4,10,2.99
7,4,11,-26.02
7,4,12,-22.48
7,4,13,-35.99
7,4,14,-16.46
7,4,15,-27.84
7,4,16,-21.90
7,4,17,-16.63
7,4,18,-29.46
7,4,19,-7.02
7,4,20,-19.06
7,4,21,-21.25
7,4,22,9.10
7,4,23,7.99
7,4,24,9.81
7,4,25,41.69
7,4,26,15.92
7,4,27,-7.82
7,4,28,9.41
7,4,29,5.33
7,4,30,-24.55
7,4,31,-5.48
7,4,32,14.87
7,4,33,-25.56
7,4,34,-9.12
7,4,35,-16.99
7,4,36,-18.38
7,4,37,2.02
7,4,38,25.56
7,4,39,3.64
7,4,40,-24.15
7,4,41,-3.94
7,5,0,-24.92
7,5,1,-35.85
7,5,2,-19.26
7,5,3,-36.98
7,5,4,-7.30
7,5,5,-15.74
7,5,6,-12.26
7,5,7,-42.73
7,5,8,-25.44
7,5,9,17.61
7,5,10,-2.44
7,5,11,-28.51
7,5,12,-16.78
7,5,13,-14.11
7,5,14,-12.37
7,5,15,-30.61
7,5,16,-21.80
7,5,17,-32.31
7,5,18,-18.40
7,5,19,31.16
7,5,20,-18.75
7,5,21,-19.50
7,5,22,0.01
7,5,23,-13.25
7,5,24,-21.51
7,5,25,2.99
7,5,26,-5.44
7,5,27,-15.79
7,5,28,2.44
7,5,29,-21.85
7,5,30,-18.00
7,5,31,4.23
7,5,32,14.60
7,5,33,-4.76
7,5,34,12.43
7,5,35,-15.99
7,5,36,-28.86
7,5,37,-35.90
7,5,38,2.74
7,5,39,-40.18
7,5,40,-19.89
7,5,41,-13.15
7,6,0,-30.84
7,6,1,-21.62
7,6,2,-19.98
7,6,3,-15.25
7,6,4,1.04
7,6,5,-35.99
7,6,6,2.57
7,6,7,-31.16
7,6,8,-17.80
7,6,9,-14.40
7,6,10,9.06
7,6,11,-10.13
7,6,12,-15.89
7,6,13,2.81
7,6,14,6.38
7,6,15,-10.70
7,6,16,-17.19
7,6,17,-13.26
7,6,18,-25.16
7,6,19,12.20
7,6,20,-26.21
7,6,21,-18.92
7,6,22,13.80
7,6,23,-10.67
7,6,24,-12.92
7,6,25,3.78
7,6,26,2.52
7,6,27,-19.67
7,6,28,-1.57
7,6,29,-10.91
7,6,30,-16.45
7,6,31,3.09
7,6,32,8.95
7,6,33,-33.88
7,6,34,-9.50
7,6,35,-19.90
7,6,36,0.00
7,6,37,11.41
7,6,38,38.34
7,6,39,2.01
7,6,40,-6.71
7,6,41,2.60
8,0,0,-19.21
8,0,1,-11.47
8,0,2,17.12
8,0,3,6.15
8,0,4,5.21
8,0,5,-26.09
8,0,6,7.65
8,0,7,-26.94
8,0,8,-25.00
8,0,9,-9.68
8,0,10,-14.56
8,0,11,-17.29
8,0,12,-23.21
8,0,13,-14.06
8,0,14,-31.63
8,0,15,-20.13
8,0,16,-17.35
8,0,17,-21.82
8,0,18,-32.74
8,0,19,-16.63
8,0,20,-21.03
8,0,21,-8.43
8,0,22,-16.94
8,0,23,-40.22
8,0,24,-47.07
8,0,25,2.27
8,0,26,2.35
8,0,27,-15.99
8,0,28,2.85
8,0,29,-31.72
8,0,30,-29.97
8,0,31,6.83
8,0,32,-22.04
8,0,33,-15.58
8,0,34,-2.11
8,0,35,-15.57
8,0,36,-17.57
8,0,37,-23.40
8,0,38,-15.07
8,0,39,-10.51
8,0,40,-19.75
8,0,41,-5.44
8,1,0,-14.66
8,1,1,-19.14
8,1,2,-10.23
8,1,3,-10.71
8,1,4,-8.88
8,1,5,-8.47
8,1,6,31.60
8,1,7,3.68
8,1,8,-2.90
8,1,9,24.75
8,1,10,28.63
8,1,11,7.41
8,1,12,-15.35
8,1,13,-22.72
8,1,14,-23.61
8,1,15,-3.50
8,1,16,-21.12
8,1,17,-21.15
8,1,18,-8.20
8,1,19,40.99
8,1,20,-5.42
8,1,21,-28.99
8,1,22,22.32
8,1,23,-6.58
8,1,24,-22.40
8,1,25,5.65
8,1,26,-14.29
8,1,27,-27.88
8,1,28,2.25
8,1,29,-28.63
8,1,30,-4.40
8,1,31,-5.20
8,1,32,-10.80
8,1,33,-32.48
8,1,34,28.19
8,1,35,-18.66
8,1,36,-20.51
8,1,37,-12.22
8,1,38,3.66
8,1,39,-25.11
8,1,40,-29.63
8,1,41,-26.59
8,2,0,-20.59
8,2,1,-27.44
8,2,2,-20.75
8,2,3,-25.86
8,2,4,1.19
8,2,5,-6.87
8,2,6,2.87
8,2,7,-25.53
8,2,8,-32.31
8,2,9,-17.84
8,2,10,-2.87
8,2,11,-21.92
8,2,12,-7.09
8,2,13,-13.58
8,2,14,2.93
8,2,15,-3.90
8,2,16,-1.40
8,2,17,11.88
8,2,18,-20.30
8,2,19,5.91
8,2,20,-18.43
8,2,21,-11.17
8,2,22,-5.49
8,2,23,-43.86
8,2,24,-28.75
8,2,25,4.80
8,2,26,-2.56
8,2,27,-22.34
8,2,28,-4.21
8,2,29,-14.08
8,2,30,-36.85
8,2,31,-14.37
8,2,32,2.54
8,2,33,-16.14
8,2,34,-9.33
8,2,35,-38.98
8,2,36,-14.70
8,2,37,-45.15
8,2,38,-8.21
8,2,39,-15.69
8,2,40,-12.65
8,2,41,-11.46
8,3,0,-11.36
8,3,1,-10.11
8,3,2,-20.53
8,3,3,-19.39
8,3,4,9.75
8,3,5,-13.91
8,3,6,2.96
8,3,7,-23.33
8,3,8,-7.99
8,3,9,0.38
8,3,10,-12.09
8,3,11,-19.47
8,3,12,1.38
8,3,13,-3.26
8,3,14,-15.51
8,3,15,-6.97
8,3,16,-5.81
8,3,17,-9.52
8,3,18,29.62
8,3,19,6.63
8,3,20,1.49
8,3,21,8.49
8,3,22,38.58
8,3,23,-5.89
8,3,24,-10.31
8,3,25,15.68
8,3,26,-12.34
8,3,27,-7.78
8,3,28,2.37
8,3,29,-28.66
8,3,30,-20.45
8,3,31,1.51
8,3,32,-1.70
8,3,33,-27.56
8,3,34,-12.63
8,3,35,-27.51
8,3,36,-24.78
8,3,37,-26.38
8,3,38,-20.12
8,3,39,-14.81
8,3,40,-18.35
8,3,41,-27.52
8,4,0,-6.48
8,4,1,-11.69
8,4,2,-27.61
8,4,3,-20.67
8,4,4,33.10
8,4,5,2.45
8,4,6,-10.96
8,4,7,-32.95
8,4,8,-24.85
8,4,9,2.70
8,4,10,2.99
8,4,11,-26.02
8,4,12,-22.48
8,4,13,-35.99
8,4,14,-16.46
8,4,15,-27.84
8,4,16,-21.90
8,4,17,-16.63
8,4,18,-29.46
8,4,19,-7.02
8,4,20,-19.06
8,4,21,-21.25
8,4,22,9.10
8,4,23,7.99
8,4,24,9.81
8,4,25,41.69
8,4,26,15.92
8,4,27,-7.82
8,4,28,9.41
8,4,29,5.33
8,4,30,-24.55
8,4,31,-5.48
8,4,32,14.87
8,4,33,-25.56
8,4,34,-9.12
8,4,35,-16.99
8,4,36,-18.38
8,4,37,2.02
8,4,38,25.56
8,4,39,3.64
8,4,40,-24.15
8,4,41,-3.94
8,5,0,-24.92
8,5,1,-35.85
8,5,2,-19.26
8,5,3,-36.98
8,5,4,-7.30
8,5,5,-15.74
8,5,6,-12.26
8,5,7,-42.73
8,5,8,-25.44
8,5,9,17.61
8,5,10,-2.44
8,5,11,-28.51
8,5,12,-16.78
8,5,13,-14.11
8,5,14,-12.37
8,5,15,-30.61
8,5,16,-21.80
8,5,17,-32.31
8,5,18,-18.40
8,5,19,31.16
8,5,20,-18.75
8,5,21,-19.50
8,5,22,0.01
8,5,23,-13.25
8,5,24,-21.51
8,5,25,2.99
8,5,26,-5.44
8,5,27,-15.79
8,5,28,2.44
8,5,29,-21.85
8,5,30,-18.00
8,5,31,4.23
8,5,32,14.60
8,5,33,-4.76
8,5,34,12.43
8,5,35,-15.99
8,5,36,-28.86
8,5,37,-35.90
8,5,38,2.74
8,5,39,-40.18
8,5,40,-19.89
8,5,41,-13.15
8,6,0,-30.84
8,6,1,-21.62
8,6,2,-19.98
8,6,3,-15.25
8,6,4,1.04
8,6,5,-35.99
8,6,6,2.57
8,6,7,-31.16
8,6,8,-17.80
8,6,9,-14.40
8,6,10,9.06
8,6,11,-10.13
8,6,12,-15.89
8,6,13,2.81
8,6,14,6.38
8,6,15,-10.70
8,6,16,-17.19
8,6,17,-13.26
8,6,18,-25.16
8,6,19,12.20
8,6,20,-26.21
8,6,21,-18.92
8,6,22,13.80
8,6,23,-10.67
8,6,24,-12.92
8,6,25,3.78
8,6,26,2.52
8,6,27,-19.67
8,6,28,-1.57
8,6,29,-10.91
8,6,30,-16.45
8,6,31,3.09
8,6,32,8.95
8,6,33,-33.88
8,6,34,-9.50
8,6,35,-19.90
8,6,36,0.00
8,6,37,11.41
8,6,38,38.34
8,6,39,2.01
8,6,40,-6.71
8,6,41,2.60
9,0,0,-19.21
9,0,1,-11.47
9,0,2,17.12
9,0,3,6.15
9,0,4,5.21
9,0,5,-26.09
9,0,6,7.65
9,0,7,-26.94
9,0,8,-25.00
9,0,9,-9.68
9,0,10,-14.56
9,0,11,-17.29
9,0,12,-23.21
9,0,13,-14.06
9,0,14,-31.63
9,0,15,-20.13
9,0,16,-17.35
9,0,17,-21.82
9,0,18,-32.74
9,0,19,-16.63
9,0,20,-21.03
9,0,21,-8.43
9,0,22,-16.94
9,0,23,-40.22
9,0,24,-47.07
9,0,25,2.27
9,0,26,2.35
9,0,27,-15.99
9,0,28,2.85
9,0,29,-31.72
9,0,30,-29.97
9,0,31,6.83
9,0,32,-22.04
9,0,33,-15.58
9,0,34,-2.11
9,0,35,-15.57
9,0,36,-17.57
9,0,37,-23.40
9,0,38,-15.07
9,0,39,-10.51
9,0,40,-19.75
9,0,41,-5.44
9,1,0,-14.66
9,1,1,-19.14
9,1,2,-10.23
9,1,3,-10.71
9,1,4,-8.88
9,1,5,-8.47
9,1,6,31.60
9,1,7,3.68
9,1,8,-2.90
9,1,9,24.75
9,1,10,28.63
9,1,11,7.41
9,1,12,-15.35
9,1,13,-22.72
9,1,14,-23.61
9,1,15,-3.50
9,1,16,-21.12
9,1,17,-21.15
9,1,18,-8.20
9,1,19,40.99
9,1,20,-5.42
9,1,21,-28.99
9,1,22,22.32
9,1,23,-6.58
9,1,24,-22.40
9,1,25,5.65
9,1,26,-14.29
9,1,27,-27.88
9,1,28,2.25
9,1,29,-28.63
9,1,30,-4.40
9,1,31,-5.20
9,1,32,-10.80
9,1,33,-32.48
9,1,34,28.19
9,1,35,-18.66
9,1,36,-20.51
9,1,37,-12.22
9,1,38,3.66
9,1,39,-25.11
9,1,40,-29.63
9,1,41,-26.59
9,2,0,-20.59
9,2,1,-27.44
9,2,2,-20.75
9,2,3,-25.86
9,2,4,1.19
9,2,5,-6.87
9,2,6,2.87
9,2,7,-25.53
9,2,8,-32.31
9,2,9,-17.84
9,2,10,-2.87
9,2,11,-21.92
9,2,12,-7.09
9,2,13,-13.58
9,2,14,2.93
9,2,15,-3.90
9,2,16,-1.40
9,2,17,11.88
9,2,18,-20.30
9,2,19,5.91
9,2,20,-18.43
9,2,21,-11.17
9,2,22,-5.49
9,2,23,-43.86
9,2,24,-28.75
9,2,25,4.80
9,2,26,-2.56
9,2,27,-22.34
9,2,28,-4.21
9,2,29,-14.08
9,2,30,-36.85
9,2,31,-14.37
9,2,32,2.54
9,2,33,-16.14
9,2,34,-9.33
9,2,35,-38.98
9,2,36,-14.70
9,2,37,-45.15
9,2,38,-8.21
9,2,39,-15.69
9,2,40,-12.65
9,2,41,-11.46
9,3,0,-11.36
9,3,1,-10.11
9,3,2,-20.53
9,3,3,-19.39
9,3,4,9.75
9,3,5,-13.91
9,3,6,2.96
9,3,7,-23.33
9,3,8,-7.99
9,3,9,0.38
9,3,10,-12.09
9,3,11,-19.47
9,3,12,1.38
9,3,13,-3.26
9,3,14,-15.51
9,3,15,-6.97
9,3,16,-5.81
9,3,17,-9.52
9,3,18,29.62
9,3,19,6.63
9,3,20,1.49
9,3,21,8.49
9,3,22,38.58
9,3,23,-5.89
9,3,24,-10.31
9,3,25,15.68
9,3,26,-12.34
9,3,27,-7.78
9,3,28,2.37
9,3,29,-28.66
9,3,30,-20.45
9,3,31,1.51
9,3,32,-1.70
9,3,33,-27.56
9,3,34,-12.63
9,3,35,-27.51
9,3,36,-24.78
9,3,37,-26.38
9,3,38,-20.12
9,3,39,-14.81
9,3,40,-18.35
9,3,41,-27.52
9,4,0,-6.48
9,4,1,-11.69
9,4,2,-27.61
9,4,3,-20.67
9,4,4,33.10
9,4,5,2.45
9,4,6,-10.96
9,4,7,-32.95
9,4,8,-24.85
9,4,9,2.70
9,4,10,2.99
9,4,11,-26.02
9,4,12,-22.48
9,4,13,-35.99
9,4,14,-16.46
9,4,15,-27.84
9,4,16,-21.90
9,4,17,-16.63
9,4,18,-29.46
9,4,19,-7.02
9,4,20,-19.06
9,4,21,-21.25
9,4,22,9.10
9,4,23,7.99
9,4,24,9.81
9,4,25,41.69
9,4,26,15.92
9,4,27,-7.82
9,4,28,9.41
9,4,29,5.33
9,4,30,-24.55
9,4,31,-5.48
9,4,32,14.87
9,4,33,-25.56
9,4,34,-9.12
9,4,35,-16.99
9,4,36,-18.38
9,4,37,2.02
9,4,38,25.56
9,4,39,3.64
9,4,40,-24.15
9,4,41,-3.94
9,5,0,-24.92
9,5,1,-35.85
9,5,2,-19.26
9,5,3,-36.98
9,5,4,-7.30
9,5,5,-15.74
9,5,6,-12.26
9,5,7,-42.73
9,5,8,-25.44
9,5,9,17.61
9,5,10,-2.44
9,5,11,-28.51
9,5,12,-16.78
9,5,13,-14.11
9,5,14,-12.37
9,5,15,-30.61
9,5,16,-21.80
9,5,17,-32.31
9,5,18,-18.40
9,5,19,31.16
9,5,20,-18.75
9,5,21,-19.50
9,5,22,0.01
9,5,23,-13.25
9,5,24,-21.51
9,5,25,2.99
9,5,26,-5.44
9,5,27,-15.79
9,5,28,2.44
9,5,29,-21.85
9,5,30,-18.00
9,5,31,4.23
9,5,32,14.60
9,5,33,-4.76
9,5,34,12.43
9,5,35,-15.99
9,5,36,-28.86
9,5,37,-35.90
9,5,38,2.74
9,5,39,-40.18
9,5,40,-19.89
9,5,41,-13.15
9,6,0,-30.84
9,6,1,-21.62
9,6,2,-19.98
9,6,3,-15.25
9,6,4,1.04
9,6,5,-35.99
9,6,6,2.57
9,6,7,-31.16
9,6,8,-17.80
9,6,9,-14.40
9,6,10,9.06
9,6,11,-10.13
9,6,12,-15.89
9,6,13,2.81
9,6,14,6.38
9,6,15,-10.70
9,6,16,-17.19
9,6,17,-13.26
9,6,18,-25.16
9,6,19,12.20
9,6,20,-26.21
9,6,21,-18.92
9,6,22,13.80
9,6,23,-10.67
9,6,24,-12.92
9,6,25,3.78
9,6,26,2.52
9,6,27,-19.67
9,6,28,-1.57
9,6,29,-10.91
9,6,30,-16.45
9,6,31,3.09
9,6,32,8.95
9,6,33,-33.88
9,6,34,-9.50
9,6,35,-19.90
9,6,36,0.00
9,6,37,11.41
9,6,38,38.34
9,6,39,2.01
9,6,40,-6.71
9,6,41,2.60
10,0,0,-19.21
10,0,1,-11.47
10,0,2,17.12
10,0,3,6.15
10,0,4,5.21
10,0,5,-26.09
10,0,6,7.65
10,0,7,-26.94
10,0,8,-25.00
10,0,9,-9.68
10,0,10,-14.56
10,0,11,-17.29
10,0,12,-23.21
10,0,13,-14.06
10,0,14,-31.63
10,0,15,-20.13
10,0,16,-17.35
10,0,17,-21.82
10,0,18,-32.74
10,0,19,-16.63
10,0,20,-21.03
10,0,21,-8.43
10,0,22,-16.94
10,0,23,-40.22
10,0,24,-47.07
10,0,25,2.27
10,0,26,2.35
10,0,27,-15.99
10,0,28,2.85
10,0,29,-31.72
10,0,30,-29.97
10,0,31,6.83
10,0,32,-22.04
10,0,33,-15.58
10,0,34,-2.11
10,0,35,-15.57
10,0,36,-17.57
10,0,37,-23.40
10,0,38,-15.07
10,0,39,-10.51
10,0,40,-19.75
10,0,41,-5.44
10,1,0,-14.66
10,1,1,-19.14
10,1,2,-10.23
10,1,3,-10.71
10,1,4,-8.88
10,1,5,-8.47
10,1,6,31.60
10,1,7,3.68
10,1,8,-2.90
10,1,9,24.75
10,1,10,28.63
10,1,11,7.41
10,1,12,-15.35
10,1,13,-22.72
10,1,14,-23.61
10,1,15,-3.50
10,1,16,-21.12
10,1,17,-21.15
10,1,18,-8.20
10,1,19,40.99
10,1,20,-5.42
10,1,21,-28.99
10,1,22,22.32
10,1,23,-6.58
10,1,24,-22.40
10,1,25,5.65
10,1,26,-14.29
10,1,27,-27.88
10,1,28,2.25
10,1,29,-28.63
10,1,30,-4.40
10,1,31,-5.20
10,1,32,-10.80
10,1,33,-32.48
10,1,34,28.19
10,1,35,-18.66
10,1,36,-20.51
10,1,37,-12.22
10,1,38,3.66
10,1,39,-25.11
10,1,40,-29.63
10,1,41,-26.59
10,2,0,-20.59
10,2,1,-27.44
10,2,2,-20.75
10,2,3,-25.86
10,2,4,1.19
10,2,5,-6.87
10,2,6,2.87
10,2,7,-25.53
10,2,8,-32.31
10,2,9,-17.84
10,2,10,-2.87
10,2,11,-21.92
10,2,12,-7.09
10,2,13,-13.58
10,2,14,2.93
10,2,15,-3.90
10,2,16,-1.40
10,2,17,11.88
10,2,18,-20.30
10,2,19,5.91
10,2,20,-18.43
10,2,21,-11.17
10,2,22,-5.49
10,2,23,-43.86
10,2,24,-28.75
10,2,25,4.80
10,2,26,-2.56
10,2,27,-22.34
10,2,28,-4.21
10,2,29,-14.08
10,2,30,-36.85
10,2,31,-14.37
10,2,32,2.54
10,2,33,-16.14
10,2,34,-9.33
10,2,35,-38.98
10,2,36,-14.70
10,2,37,-45.15
10,2,38,-8.21
10,2,39,-15.69
10,2,40,-12.65
10,2,41,-11.46
10,3,0,-11.36
10,3,1,-10.11
10,3,2,-20.53
10,3,3,-19.39
10,3,4,9.75
10,3,5,-13.91
10,3,6,2.96
10,3,7,-23.33
10,3,8,-7.99
10,3,9,0.38
10,3,10,-12.09
10,3,11,-19.47
10,3,12,1.38
10,3,13,-3.26
10,3,14,-15.51
10,3,15,-6.97
10,3,16,-5.81
10,3,17,-9.52
10,3,18,29.62
10,3,19,6.63
10,3,20,1.49
10,3,21,8.49
10,3,22,38.58
10,3,23,-5.89
10,3,24,-10.31
10,3,25,15.68
10,3,26,-12.34
10,3,27,-7.78
10,3,28,2.37
10,3,29,-28.66
10,3,30,-20.45
10,3,31,1.51
10,3,32,-1.70
10,3,33,-27.56
10,3,34,-12.63
10,3,35,-27.51
10,3,36,-24.78
10,3,37,-26.38
10,3,38,-20.12
10,3,39,-14.81
10,3,40,-18.35
10,3,41,-27.52
10,4,0,-6.48
10,4,1,-11.69
10,4,2,-27.61
10,4,3,-20.67
10,4,4,33.10
10,4,5,2.45
10,4,6,-10.96
10,4,7,-32.95
10,4,8,-24.85
10,4,9,2.70
10,4,10,2.99
10,4,11,-26.02
10,4,12,-22.48
10,4,13,-35.99
10,4,14,-16.46
10,4,15,-27.84
10,4,16,-21.90
10,4,17,-16.63
10,4,18,-29.46
10,4,19,-7.02
10,4,20,-19.06
10,4,21,-21.25
10,4,22,9.10
10,4,23,7.99
10,4,24,9.81
10,4,25,41.69
10,4,26,15.92
10,4,27,-7.82
10,4,28,9.41
10,4,29,5.33
10,4,30,-24.55
10,4,31,-5.48
10,4,32,14.87
10,4,33,-25.56
10,4,34,-9.12
10,4,35,-16.99
10,4,36,-18.38
10,4,37,2.02
10,4,38,25.56
10,4,39,3.64
10,4,40,-24.15
10,4,41,-3.94
10,5,0,-24.92
10,5,1,-35.85
10,5,2,-19.26
10,5,3,-36.98
10,5,4,-7.30
10,5,5,-15.74
10,5,6,-12.26
10,5,7,-42.73
10,5,8,-25.44
10,5,9,17.61
10,5,10,-2.44
10,5,11,-28.51
10,5,12,-16.78
10,5,13,-14.11
10,5,14,-12.37
10,5,15,-30.61
10,5,16,-21.80
10,5,17,-32.31
10,5,18,-18.40
10,5,19,31.16
10,5,20,-18.75
10,5,21,-19.50
10,5,22,0.01
10,5,23,-13.25
10,5,24,-21.51
10,5,25,2.99
10,5,26,-5.44
10,5,27,-15.79
10,5,28,2.44
10,5,29,-21.85
10,5,30,-18.00
10,5,31,4.23
10,5,32,14.60
10,5,33,-4.76
10,5,34,12.43
10,5,35,-15.99
10,5,36,-28.86
10,5,37,-35.90
10,5,38,2.74
10,5,39,-40.18
10,5,40,-19.89
10,5,41,-13.15
10,6,0,-30.84
10,6,1,-21.62
10,6,2,-19.98
10,6,3,-15.25
10,6,4,1.04
10,6,5,-35.99
10,6,6,2.57
10,6,7,-31.16
10,6,8,-17.80
10,6,9,-14.40
10,6,10,9.06
10,6,11,-10.13
10,6,12,-15.89
10,6,13,2.81
10,6,14,6.38
10,6,15,-10.70
10,6,16,-17.19
10,6,17,-13.26
10,6,18,-25.16
10,6,19,12.20
10,6,20,-26.21
10,6,21,-18.92
10,6,22,13.80
10,6,23,-10.67
10,6,24,-12.92
10,6,25,3.78
10,6,26,2.52
10,6,27,-19.67
10,6,28,-1.57
10,6,29,-10.91
10,6,30,-16.45
10,6,31,3.09
10,6,32,8.95
10,6,33,-33.88
10,6,34,-9.50
10,6,35,-19.90
10,6,36,0.00
10,6,37,11.41
10,6,38,38.34
10,6,39,2.01
10,6,40,-6.71
10,6,41,2.60
11,0,0,-19.21
11,0,1,-11.47
11,0,2,17.12
11,0,3,6.15
11,0,4,5.21
11,0,5,-26.09
11,0,6,7.65
11,0,7,-26.94
11,0,8,-25.00
11,0,9,-9.68
11,0,10,-14.56
11,0,11,-17.29
11,0,12,-23.21
11,0,13,-14.06
11,0,14,-31.63
11,0,15,-20.13
11,0,16,-17.35
11,0,17,-21.82
11,0,18,-32.74
11,0,19,-16.63
11,0,20,-21.03
11,0,21,-8.43
11,0,22,-16.94
11,0,23,-40.22
11,0,24,-47.07
11,0,25,2.27
11,0,26,2.35
11,0,27,-15.99
11,0,28,2.85
11,0,29,-31.72
11,0,30,-29.97
11,0,31,6.83
11,0,32,-22.04
11,0,33,-15.58
11,0,34,-2.11
11,0,35,-15.57
11,0,36,-17.57
11,0,37,-23.40
11,0,38,-15.07
11,0,39,-10.51
11,0,40,-19.75
11,0,41,-5.44
11,1,0,-14.66
11,1,1,-19.14
11,1,2,-10.23
11,1,3,-10.71
11,1,4,-8.88
11,1,5,-8.47
11,1,6,31.60
11,1,7,3.68
11,1,8,-2.90
11,1,9,24.75
11,1,10,28.63
11,1,11,7.41
11,1,12,-15.35
11,1,13,-22.72
11,1,14,-23.61
11,1,15,-3.50
11,1,16,-21.12
11,1,17,-21.15
11,1,18,-8.20
11,1,19,40.99
11,1,20,-5.42
11,1,21,-28.99
11,1,22,22.32
11,1,23,-6.58
11,1,24,-22.40
11,1,25,5.65
11,1,26,-14.29
11,1,27,-27.88
11,1,28,2.25
11,1,29,-28.63
11,1,30,-4.40
11,1,31,-5.20
11,1,32,-10.80
11,1,33,-32.48
11,1,34,28.19
11,1,35,-18.66
11,1,36,-20.51
11,1,37,-12.22
11,1,38,3.66
11,1,39,-25.11
11,1,40,-29.63
11,1,41,-26.59
11,2,0,-20.59
11,2,1,-27.44
11,2,2,-20.75
11,2,3,-25.86
11,2,4,1.19
11,2,5,-6.87
11,2,6,2.87
11,2,7,-25.53
11,2,8,-32.31
11,2,9,-17.84
11,2,10,-2.87
11,2,11,-21.92
11,2,12,-7.09
11,2,13,-13.58
11,2,14,2.93
11,2,15,-3.90
11,2,16,-1.40
11,2,17,11.88
11,2,18,-20.30
11,2,19,5.91
11,2,20,-18.43
11,2,21,-11.17
11,2,22,-5.49
11,2,23,-43.86
11,2,24,-28.75
11,2,25,4.80
11,2,26,-2.56
11,2,27,-22.34
11,2,28,-4.21
11,2,29,-14.08
11,2,30,-36.85
11,2,31,-14.37
11,2,32,2.54
11,2,33,-16.14
11,2,34,-9.33
11,2,35,-38.98
11,2,36,-14.70
11,2,37,-45.15
11,2,38,-8.21
11,2,39,-15.69
11,2,40,-12.65
11,2,41,-11.46
11,3,0,-11.36
11,3,1,-10.11
11,3,2,-20.53
11,3,3,-19.39
11,3,4,9.75
11,3,5,-13.91
11,3,6,2.96
11,3,7,-23.33
11,3,8,-7.99
11,3,9,0.38
11,3,10,-12.09
11,3,11,-19.47
11,3,12,1.38
11,3,13,-3.26
11,3,14,-15.51
11,3,15,-6.97
11,3,16,-5.81
11,3,17,-9.52
11,3,18,29.62
11,3,19,6.63
11,3,20,1.49
11,3,21,8.49
11,3,22,38.58
11,3,23,-5.89
11,3,24,-10.31
11,3,25,15.68
11,3,26,-12.34
11,3,27,-7.78
11,3,28,2.37
11,3,29,-28.66
11,3,30,-20.45
11,3,31,1.51
11,3,32,-1.70
11,3,33,-27.56
11,3,34,-12.63
11,3,35,-27.51
11,3,36,-24.78
11,3,37,-26.38
11,3,38,-20.12
11,3,39,-14.81
11,3,40,-18.35
11,3,41,-27.52
11,4,0,-6.48
11,4,1,-11.69
11,4,2,-27.61
11,4,3,-20.67
11,4,4,33.10
11,4,5,2.45
11,4,6,-10.96
11,4,7,-32.95
11,4,8,-24.85
11,4,9,2.70
11,4,10,2.99
11,4,11,-26.02
11,4,12,-22.48
11,4,13,-35.99
11,4,14,-16.46
11,4,15,-27.84
11,4,16,-21.90
11,4,17,-16.63
11,4,18,-29.46
11,4,19,-7.02
11,4,20,-19.06
11,4,21,-21.25
11,4,22,9.10
11,4,23,7.99
11,4,24,9.81
11,4,25,41.69
11,4,26,15.92
11,4,27,-7.82
11,4,28,9.41
11,4,29,5.33
11,4,30,-24.55
11,4,31,-5.48
11,4,32,14.87
11,4,33,-25.56
11,4,34,-9.12
11,4,35,-16.99
11,4,36,-18.38
11,4,37,2.02
11,4,38,25.56
11,4,39,3.64
11,4,40,-24.15
11,4,41,-3.94
11,5,0,-24.92
11,5,1,-35.85
11,5,2,-19.26
11,5,3,-36.98
11,5,4,-7.30
11,5,5,-15.74
11,5,6,-12.26
11,5,7,-42.73
11,5,8,-25.44
11,5,9,17.61
11,5,10,-2.44
11,5,11,-28.51
11,5,12,-16.78
11,5,13,-14.11
11,5,14,-12.37
11,5,15,-30.61
11,5,16,-21.80
11,5,17,-32.31
11,5,18,-18.40
11,5,19,31.16
11,5,20,-18.75
11,5,21,-19.50
11,5,22,0.01
11,5,23,-13.25
11,5,24,-21.51
11,5,25,2.99
11,5,26,-5.44
11,5,27,-15.79
11,5,28,2.44
11,5,29,-21.85
11,5,30,-18.00
11,5,31,4.23
11,5,32,14.60
11,5,33,-4.76
11,5,34,12.43
11,5,35,-15.99
11,5,36,-28.86
11,5,37,-35.90
11,5,38,2.74
11,5,39,-40.18
11,5,40,-19.89
11,5,41,-13.15
11,6,0,-30.84
11,6,1,-21.62
11,6,2,-19.98
11,6,3,-15.25
11,6,4,1.04
11,6,5,-35.99
11,6,6,2.57
11,6,7,-31.16
11,6,8,-17.80
11,6,9,-14.40
11,6,10,9.06
11,6,11,-10.13
11,6,12,-15.89
11,6,13,2.81
11,6,14,6.38
11,6,15,-10.70
11,6,16,-17.19
11,6,17,-13.26
11,6,18,-25.16
11,6,19,12.20
11,6,20,-26.21
11,6,21,-18.92
11,6,22,13.80
11,6,23,-10.67
11,6,24,-12.92
11,6,25,3.78
11,6,26,2.52
11,6,27,-19.67
11,6,28,-1.57
11,6,29,-10.91
11,6,30,-16.45
11,6,31,3.09
11,6,32,8.95
11,6,33,-33.88
11,6,34,-9.50
11,6,35,-19.90
11,6,36,0.00
11,6,37,11.41
11,6,38,38.34
11,6,39,2.01
11,6,40,-6.71
11,6,41,2.60
12,0,0,-19.21
12,0,1,-11.47
12,0,2,17.12
12,0,3,6.15
12,0,4,5.21
12,0,5,-26.09
12,0,6,7.65
12,0,7,-26.94
12,0,8,-25.00
12,0,9,-9.68
12,0,10,-14.56
12,0,11,-17.29
12,0,12,-23.21
12,0,13,-14.06
12,0,14,-31.63
12,0,15,-20.13
12,0,16,-17.35
12,0,17,-21.82
12,0,18,-32.74
12,0,19,-16.63
12,0,20,-21.03
12,0,21,-8.43
12,0,22,-16.94
12,0,23,-40.22
12,0,24,-47.07
12,0,25,2.27
12,0,26,2.35
12,0,27,-15.99
12,0,28,2.85
12,0,29,-31.72
12,0,30,-29.97
12,0,31,6.83
12,0,32,-22.04
12,0,33,-15.58
12,0,34,-2.11
12,0,35,-15.57
12,0,36,-17.57
12,0,37,-23.40
12,0,38,-15.07
12,0,39,-10.51
12,0,40,-19.75
12,0,41,-5.44
12,1,0,-14.66
12,1,1,-19.14
12,1,2,-10.23
12,1,3,-10.71
12,1,4,-8.88
12,1,5,-8.47
12,1,6,31.60
12,1,7,3.68
12,1,8,-2.90
12,1,9,24.75
12,1,10,28.63
12,1,11,7.41
12,1,12,-15.35
12,1,13,-22.72
12,1,14,-23.61
12,1,15,-3.50
12,1,16,-21.12
12,1,17,-21.15
12,1,18,-8.20
12,1,19,40.99
12,1,20,-5.42
12,1,21,-28.99
12,1,22,22.32
12,1,23,-6.58
12,1,24,-22.40
12,1,25,5.65
12,1,26,-14.29
12,1,27,-27.88
12,1,28,2.25
12,1,29,-28.63
12,1,30,-4.40
12,1,31,-5.20
12,1,32,-10.80
12,1,33,-32.48
12,1,34,28.19
12,1,35,-18.66
12,1,36,-20.51
12,1,37,-12.22
12,1,38,3.66
12,1,39,-25.11
12,1,40,-29.63
12,1,41,-26.59
12,2,0,-20.59
12,2,1,-27.44
12,2,2,-20.75
12,2,3,-25.86
12,2,4,1.19
12,2,5,-6.87
12,2,6,2.87
12,2,7,-25.53
12,2,8,-32.31
12,2,9,-17.84
12,2,10,-2.87
12,2,11,-21.92
12,2,12,-7.09
12,2,13,-13.58
12,2,14,2.93
12,2,15,-3.90
12,2,16,-1.40
12,2,17,11.88
12,2,18,-20.30
12,2,19,5.91
12,2,20,-18.43
12,2,21,-11.17
12,2,22,-5.49
12,2,23,-43.86
12,2,24,-28.75
12,2,25,4.80
12,2,26,-2.56
12,2,27,-22.34
12,2,28,-4.21
12,2,29,-14.08
12,2,30,-36.85
12,2,31,-14.37
12,2,32,2.54
12,2,33,-16.14
12,2,34,-9.33
12,2,35,-38.98
12,2,36,-14.70
12,2,37,-45.15
12,2,38,-8.21
12,2,39,-15.69
12,2,40,-12.65
12,2,41,-11.46
12,3,0,-11.36
12,3,1,-10.11
12,3,2,-20.53
12,3,3,-19.39
12,3,4,9.75
12,3,5,-13.91
12,3,6,2.96
12,3,7,-23.33
12,3,8,-7.99
12,3,9,0.38
12,3,10,-12.09
12,3,11,-19.47
12,3,12,1.38
12,3,13,-3.26
12,3,14,-15.51
12,3,15,-6.97
12,3,16,-5.81
12,3,17,-9.52
12,3,18,29.62
12,3,19,6.63
12,3,20,1.49
12,3,21,8.49
12,3,22,38.58
12,3,23,-5.89
12,3,24,-10.31
12,3,25,15.68
12,3,26,-12.34
12,3,27,-7.78
12,3,28,2.37
12,3,29,-28.66
12,3,30,-20.45
12,3,31,1.51
12,3,32,-1.70
12,3,33,-27.56
12,3,34,-12.63
12,3,35,-27.51
12,3,36,-24.78
12,3,37,-26.38
12,3,38,-20.12
12,3,39,-14.81
12,3,40,-18.35
12,3,41,-27.52
12,4,0,-6.48
12,4,1,-11.69
12,4,2,-27.61
12,4,3,-20.67
12,4,4,33.10
12,4,5,2.45
12,4,6,-10.96
12,4,7,-32.95
12,4,8,-24.85
12,4,9,2.70
12,4,10,2.99
12,4,11,-26.02
12,4,12,-22.48
12,4,13,-35.99
12,4,14,-16.46
12,4,15,-27.84
12,4,16,-21.90
12,4,17,-16.63
12,4,18,-29.46
12,4,19,-7.02
12,4,20,-19.06
12,4,21,-21.25
12,4,22,9.10
12,4,23,7.99
12,4,24,9.81
12,4,25,41.69
12,4,26,15.92
12,4,27,-7.82
12,4,28,9.41
12,4,29,5.33
12,4,30,-24.55
12,4,31,-5.48
12,4,32,14.87
12,4,33,-25.56
12,4,34,-9.12
12,4,35,-16.99
12,4,36,-18.38
12,4,37,2.02
12,4,38,25.56
12,4,39,3.64
12,4,40,-24.15
12,4,41,-3.94
12,5,0,-24.92
12,5,1,-35.85
12,5,2,-19.26
12,5,3,-36.98
12,5,4,-7.30
12,5,5,-15.74
12,5,6,-12.26
12,5,7,-42.73
12,5,8,-25.44
12,5,9,17.61
12,5,10,-2.44
12,5,11,-28.51
12,5,12,-16.78
12,5,13,-14.11
12,5,14,-12.37
12,5,15,-30.61
12,5,16,-21.80
12,5,17,-32.31
12,5,18,-18.40
12,5,19,31.16
12,5,20,-18.75
12,5,21,-19.50
12,5,22,0.01
12,5,23,-13.25
12,5,24,-21.51
12,5,25,2.99
12,5,26,-5.44
12,5,27,-15.79
12,5,28,2.44
12,5,29,-21.85
12,5,30,-18.00
12,5,31,4.23
12,5,32,14.60
12,5,33,-4.76
12,5,34,12.43
12,5,35,-15.99
12,5,36,-28.86
12,5,37,-35.90
12,5,38,2.74
12,5,39,-40.18
12,5,40,-19.89
12,5,41,-13.15
12,6,0,-30.84
12,6,1,-21.62
12,6,2,-19.98
12,6,3,-15.25
12,6,4,1.04
12,6,5,-35.99
12,6,6,2.57
12,6,7,-31.16
12,6,8,-17.80
12,6,9,-14.40
12,6,10,9.06
12,6,11,-10.13
12,6,12,-15.89
12,6,13,2.81
12,6,14,6.38
12,6,15,-10.70
12,6,16,-17.19
12,6,17,-13.26
12,6,18,-25.16
12,6,19,12.20
12,6,20,-26.21
12,6,21,-18.92
12,6,22,13.80
12,6,23,-10.67
12,6,24,-12.92
12,6,25,3.78
12,6,26,2.52
12,6,27,-19.67
12,6,28,-1.57
12,6,29,-10.91
12,6,30,-16.45
12,6,31,3.09
12,6,32,8.95
12,6,33,-33.88
12,6,34,-9.50
12,6,35,-19.90
12,6,36,0.00
12,6,37,11.41
12,6,38,38.34
12,6,39,2.01
12,6,40,-6.71
12,6,41,2.60
13,0,0,-19.21
13,0,1,-11.47
13,0,2,17.12
13,0,3,6.15
13,0,4,5.21
13,0,5,-26.09
13,0,6,7.65
13,0,7,-26.94
13,0,8,-25.00
13,0,9,-9.68
13,0,10,-14.56
13,0,11,-17.29
13,0,12,-23.21
13,0,13,-14.06
13,0,14,-31.63
13,0,15,-20.13
13,0,16,-17.35
13,0,17,-21.82
13,0,18,-32.74
13,0,19,-16.63
13,0,20,-21.03
13,0,21,-8.43
13,0,22,-16.94
13,0,23,-40.22
13,0,24,-47.07
13,0,25,2.27
13,0,26,2.35
13,0,27,-15.99
13,0,28,2.85
13,0,29,-31.72
13,0,30,-29.97
13,0,31,6.83
13,0,32,-22.04
13,0,33,-15.58
13,0,34,-2.11
13,0,35,-15.57
13,0,36,-17.57
13,0,37,-23.40
13,0,38,-15.07
13,0,39,-10.51
13,0,40,-19.75
13,0,41,-5.44
13,1,0,-14.66
13,1,1,-19.14
13,1,2,-10.23
13,1,3,-10.71
13,1,4,-8.88
13,1,5,-8.47
13,1,6,31.60
13,1,7,3.68
13,1,8,-2.90
13,1,9,24.75
13,1,10,28.63
13,1,11,7.41
13,1,12,-15.35
13,1,13,-22.72
13,1,14,-23.61
13,1,15,-3.50
13,1,16,-21.12
13,1,17,-21.15
13,1,18,-8.20
13,1,19,40.99
13,1,20,-5.42
13,1,21,-28.99
13,1,22,22.32
13,1,23,-6.58
13,1,24,-22.40
13,1,25,5.65
13,1,26,-14.29
13,1,27,-27.88
13,1,28,2.25
13,1,29,-28.63
13,1,30,-4.40
13,1,31,-5.20
13,1,32,-10.80
13,1,33,-32.48
13,1,34,28.19
13,1,35,-18.66
13,1,36,-20.51
13,1,37,-12.22
13,1,38,3.66
13,1,39,-25.11
13,1,40,-29.63
13,1,41,-26.59
13,2,0,-20.59
13,2,1,-27.44
13,2,2,-20.75
13,2,3,-25.86
13,2,4,1.19
13,2,5,-6.87
13,2,6,2.87
13,2,7,-25.53
13,2,8,-32.31
13,2,9,-17.84
13,2,10,-2.87
13,2,11,-21.92
13,2,12,-7.09
13,2,13,-13.58
13,2,14,2.93
13,2,15,-3.90
13,2,16,-1.40
13,2,17,11.88
13,2,18,-20.30
13,2,19,5.91
13,2,20,-18.43
13,2,21,-11.17
13,2,22,-5.49
13,2,23,-43.86
13,2,24,-28.75
13,2,25,4.80
13,2,26,-2.56
13,2,27,-22.34
13,2,28,-4.21
13,2,29,-14.08
13,2,30,-36.85
13,2,31,-14.37
13,2,32,2.54
13,2,33,-16.14
13,2,34,-9.33
13,2,35,-38.98
13,2,36,-14.70
13,2,37,-45.15
13,2,38,-8.21
13,2,39,-15.69
13,2,40,-12.65
13,2,41,-11.46
13,3,0,-11.36
13,3,1,-10.11
13,3,2,-20.53
13,3,3,-19.39
13,3,4,9.75
13,3,5,-13.91
13,3,6,2.96
13,3,7,-23.33
13,3,8,-7.99
13,3,9,0.38
13,3,10,-12.09
13,3,11,-19.47
13,3,12,1.38
13,3,13,-3.26
13,3,14,-15.51
13,3,15,-6.97
13,3,16,-5.81
13,3,17,-9.52
13,3,18,29.62
13,3,19,6.63
13,3,20,1.49
13,3,21,8.49
13,3,22,38.58
13,3,23,-5.89
13,3,24,-10.31
13,3,25,15.68
13,3,26,-12.34
13,3,27,-7.78
13,3,28,2.37
13,3,29,-28.66
13,3,30,-20.45
13,3,31,1.51
13,3,32,-1.70
13,3,33,-27.56
13,3,34,-12.63
13,3,35,-27.51
13,3,36,-24.78
13,3,37,-26.38
13,3,38,-20.12
13,3,39,-14.81
13,3,40,-18.35
13,3,41,-27.52
13,4,0,-6.48
13,4,1,-11.69
13,4,2,-27.61
13,4,3,-20.67
13,4,4,33.10
13,4,5,2.45
13,4,6,-10.96
13,4,7,-32.95
13,4,8,-24.85
13,4,9,2.70
13,4,10,2.99
13,4,11,-26.02
13,4,12,-22.48
13,4,13,-35.99
13,4,14,-16.46
13,4,15,-27.84
13,4,16,-21.90
13,4,17,-16.63
13,4,18,-29.46
13,4,19,-7.02
13,4,20,-19.06
13,4,21,-21.25
13,4,22,9.10
13,4,23,7.99
13,4,24,9.81
13,4,25,41.69
13,4,26,15.92
13,4,27,-7.82
13,4,28,9.41
13,4,29,5.33
13,4,30,-24.55
13,4,31,-5.48
13,4,32,14.87
13,4,33,-25.56
13,4,34,-9.12
13,4,35,-16.99
13,4,36,-18.38
13,4,37,2.02
13,4,38,25.56
13,4,39,3.64
13,4,40,-24.15
13,4,41,-3.94
13,5,0,-24.92
13,5,1,-35.85
13,5,2,-19.26
13,5,3,-36.98
13,5,4,-7.30
13,5,5,-15.74
13,5,6,-12.26
13,5,7,-42.73
13,5,8,-25.44
13,5,9,17.61
13,5,10,-2.44
13,5,11,-28.51
13,5,12,-16.78
13,5,13,-14.11
13,5,14,-12.37
13,5,15,-30.61
13,5,16,-21.80
13,5,17,-32.31
13,5,18,-18.40
13,5,19,31.16
13,5,20,-18.75
13,5,21,-19.50
13,5,22,0.01
13,5,23,-13.25
13,5,24,-21.51
13,5,25,2.99
13,5,26,-5.44
13,5,27,-15.79
13,5,28,2.44
13,5,29,-21.85
13,5,30,-18.00
13,5,31,4.23
13,5,32,14.60
13,5,33,-4.76
13,5,34,12.43
13,5,35,-15.99
13,5,36,-28.86
13,5,37,-35.90
13,5,38,2.74
13,5,39,-40.18
13,5,40,-19.89
13,5,41,-13.15
13,6,0,-30.84
13,6,1,-21.62
13,6,2,-19.98
13,6,3,-15.25
13,6,4,1.04
13,6,5,-35.99
13,6,6,2.57
13,6,7,-31.16
13,6,8,-17.80
13,6,9,-14.40
13,6,10,9.06
13,6,11,-10.13
13,6,12,-15.89
13,6,13,2.81
13,6,14,6.38
13,6,15,-10.70
13,6,16,-17.19
13,6,17,-13.26
13,6,18,-25.16
13,6,19,12.20
13,6,20,-26.21
13,6,21,-18.92
13,6,22,13.80
13,6,23,-10.67
13,6,24,-12.92
13,6,25,3.78
13,6,26,2.52
13,6,27,-19.67
13,6,28,-1.57
13,6,29,-10.91
13,6,30,-16.45
13,6,31,3.09
13,6,32,8.95
13,6,33,-33.88
13,6,34,-9.50
13,6,35,-19.90
13,6,36,0.00
13,6,37,11.41
13,6,38,38.34
13,6,39,2.01
13,6,40,-6.71
13,6,41,2.60
14,0,0,-19.21
14,0,1,-11.47
14,0,2,17.12
14,0,3,6.15
14,0,4,5.21
14,0,5,-26.09
14,0,6,7.65
14,0,7,-26.94
14,0,8,-25.00
14,0,9,-9.68
14,0,10,-14.56
14,0,11,-17.29
14,0,12,-23.21
14,0,13,-14.06
14,0,14,-31.63
14,0,15,-20.13
14,0,16,-17.35
14,0,17,-21.82
14,0,18,-32.74
14,0,19,-16.63
14,0,20,-21.03
14,0,21,-8.43
14,0,22,-16.94
14,0,23,-40.22
14,0,24,-47.07
14,0,25,2.27
14,0,26,2.35
14,0,27,-15.99
14,0,28,2.85
14,0,29,-31.72
14,0,30,-29.97
14,0,31,6.83
14,0,32,-22.04
14,0,33,-15.58
14,0,34,-2.11
14,0,35,-15.57
14,0,36,-17.57
14,0,37,-23.40
14,0,38,-15.07
14,0,39,-10.51
14,0,40,-19.75
14,0,41,-5.44
14,1,0,-14.66
14,1,1,-19.14
14,1,2,-10.23
14,1,3,-10.71
14,1,4,-8.88
14,1,5,-8.47
14,1,6,31.60
14,1,7,3.68
14,1,8,-2.90
14,1,9,24.75
14,1,10,28.63
14,1,11,7.41
14,1,12,-15.35
14,1,13,-22.72
14,1,14,-23.61
14,1,15,-3.50
14,1,16,-21.12
14,1,17,-21.15
14,1,18,-8.20
14,1,19,40.99
14,1,20,-5.42
14,1,21,-28.99
14,1,22,22.32
14,1,23,-6.58
14,1,24,-22.40
14,1,25,5.65
14,1,26,-14.29
14,1,27,-27.88
14,1,28,2.25
14,1,29,-28.63
14,1,30,-4.40
14,1,31,-5.20
14,1,32,-10.80
14,1,33,-32.48
14,1,34,28.19
14,1,35,-18.66
14,1,36,-20.51
14,1,37,-12.22
14,1,38,3.66
14,1,39,-25.11
14,1,40,-29.63
14,1,41,-26.59
14,2,0,-20.59
14,2,1,-27.44
14,2,2,-20.75
14,2,3,-25.86
14,2,4,1.19
14,2,5,-6.87
14,2,6,2.87
14,2,7,-25.53
14,2,8,-32.31
14,2,9,-17.84
14,2,10,-2.87
14,2,11,-21.92
14,2,12,-7.09
14,2,13,-13.58
14,2,14,2.93
14,2,15,-3.90
14,2,16,-1.40
14,2,17,11.88
14,2,18,-20.30
14,2,19,5.91
14,2,20,-18.43
14,2,21,-11.17
14,2,22,-5.49
14,2,23,-43.86
14,2,24,-28.75
14,2,25,4.80
14,2,26,-2.56
14,2,27,-22.34
14,2,28,-4.21
14,2,29,-14.08
14,2,30,-36.85
14,2,31,-14.37
14,2,32,2.54
14,2,33,-16.14
14,2,34,-9.33
14,2,35,-38.98
14,2,36,-14.70
14,2,37,-45.15
14,2,38,-8.21
14,2,39,-15.69
14,2,40,-12.65
14,2,41,-11.46
14,3,0,-11.36
14,3,1,-10.11
14,3,2,-20.53
14,3,3,-19.39
14,3,4,9.75
14,3,5,-13.91
14,3,6,2.96
14,3,7,-23.33
14,3,8,-7.99
14,3,9,0.38
14,3,10,-12.09
14,3,11,-19.47
14,3,12,1.38
14,3,13,-3.26
14,3,14,-15.51
14,3,15,-6.97
14,3,16,-5.81
14,3,17,-9.52
14,3,18,29.62
14,3,19,6.63
14,3,20,1.49
14,3,21,8.49
14,3,22,38.58
14,3,23,-5.89
14,3,24,-10.31
14,3,25,15.68
14,3,26,-12.34
14,3,27,-7.78
14,3,28,2.37
14,3,29,-28.66
14,3,30,-20.45
14,3,31,1.51
14,3,32,-1.70
14,3,33,-27.56
14,3,34,-12.63
14,3,35,-27.51
14,3,36,-24.78
14,3,37,-26.38
14,3,38,-20.12
14,3,39,-14.81
14,3,40,-18.35
14,3,41,-27.52
14,4,0,-6.48
14,4,1,-11.69
14,4,2,-27.61
14,4,3,-20.67
14,4,4,33.10
14,4,5,2.45
14,4,6,-10.96
14,4,7,-32.95
14,4,8,-24.85
14,4,9,2.70
14,4,10,2.99
14,4,11,-26.02
14,4,12,-22.48
14,4,13,-35.99
14,4,14,-16.46
14,4,15,-27.84
14,4,16,-21.90
14,4,17,-16.63
14,4,18,-29.46
14,4,19,-7.02
14,4,20,-19.06
14,4,21,-21.25
14,4,22,9.10
14,4,23,7.99
14,4,24,9.81
14,4,25,41.69
14,4,26,15.92
14,4,27,-7.82
14,4,28,9.41
14,4,29,5.33
14,4,30,-24.55
14,4,31,-5.48
14,4,32,14.87
14,4,33,-25.56
14,4,34,-9.12
14,4,35,-16.99
14,4,36,-18.38
14,4,37,2.02
14,4,38,25.56
14,4,39,3.64
14,4,40,-24.15
14,4,41,-3.94
14,5,0,-24.92
14,5,1,-35.85
14,5,2,-19.26
14,5,3,-36.98
14,5,4,-7.30
14,5,5,-15.74
14,5,6,-12.26
14,5,7,-42.73
14,5,8,-25.44
14,5,9,17.61
14,5,10,-2.44
14,5,11,-28.51
14,5,12,-16.78
14,5,13,-14.11
14,5,14,-12.37
14,5,15,-30.61
14,5,16,-21.80
14,5,17,-32.31
14,5,18,-18.40
14,5,19,31.16
14,5,20,-18.75
14,5,21,-19.50
14,5,22,0.01
14,5,23,-13.25
14,5,24,-21.51
14,5,25,2.99
14,5,26,-5.44
14,5,27,-15.79
14,5,28,2.44
14,5,29,-21.85
14,5,30,-18.00
14,5,31,4.23
14,5,32,14.60
14,5,33,-4.76
14,5,34,12.43
14,5,35,-15.99
14,5,36,-28.86
14,5,37,-35.90
14,5,38,2.74
14,5,39,-40.18
14,5,40,-19.89
14,5,41,-13.15
14,6,0,-30.84
14,6,1,-21.62
14,6,2,-19.98
14,6,3,-15.25
14,6,4,1.04
14,6,5,-35.99
14,6,6,2.57
14,6,7,-31.16
14,6,8,-17.80
14,6,9,-14.40
14,6,10,9.06
14,6,11,-10.13
14,6,12,-15.89
14,6,13,2.81
14,6,14,6.38
14,6,15,-10.70
14,6,16,-17.19
14,6,17,-13.26
14,6,18,-25.16
14,6,19,12.20
14,6,20,-26.21
14,6,21,-18.92
14,6,22,13.80
14,6,23,-10.67
14,6,24,-12.92
14,6,25,3.78
14,6,26,2.52
14,6,27,-19.67
14,6,28,-1.57
14,6,29,-10.91
14,6,30,-16.45
14,6,31,3.09
14,6,32,8.95
14,6,33,-33.88
14,6,34,-9.50
14,6,35,-19.90
14,6,36,0.00
14,6,37,11.41
14,6,38,38.34
14,6,39,2.01
14,6,40,-6.71
14,6,41,2.60
15,0,0,-19.21
15,0,1,-11.47
15,0,2,17.12
15,0,3,6.15
15,0,4,5.21
15,0,5,-26.09
15,0,6,7.65
15,0,7,-26.94
15,0,8,-25.00
15,0,9,-9.68
15,0,10,-14.56
15,0,11,-17.29
15,0,12,-23.21
15,0,13,-14.06
15,0,14,-31.63
15,0,15,-20.13
15,0,16,-17.35
15,0,17,-21.82
15,0,18,-32.74
15,0,19,-16.63
15,0,20,-21.03
15,0,21,-8.43
15,0,22,-16.94
15,0,23,-40.22
15,0,24,-47.07
15,0,25,2.27
15,0,26,2.35
15,0,27,-15.99
15,0,28,2.85
15,0,29,-31.72
15,0,30,-29.97
15,0,31,6.83
15,0,32,-22.04
15,0,33,-15.58
15,0,34,-2.11
15,0,35,-15.57
15,0,36,-17.57
15,0,37,-23.40
15,0,38,-15.07
15,0,39,-10.51
15,0,40,-19.75
15,0,41,-5.44
15,1,0,-14.66
15,1,1,-19.14
15,1,2,-10.23
15,1,3,-10.71
15,1,4,-8.88
15,1,5,-8.47
15,1,6,31.60
15,1,7,3.68
15,1,8,-2.90
15,1,9,24.75
15,1,10,28.63
15,1,11,7.41
15,1,12,-15.35
15,1,13,-22.72
15,1,14,-23.61
15,1,15,-3.50
15,1,16,-21.12
15,1,17,-21.15
15,1,18,-8.20
15,1,19,40.99
15,1,20,-5.42
15,1,21,-28.99
15,1,22,22.32
15,1,23,-6.58
15,1,24,-22.40
15,1,25,5.65
15,1,26,-14.29
15,1,27,-27.88
15,1,28,2.25
15,1,29,-28.63
15,1,30,-4.40
15,1,31,-5.20
15,1,32,-10.80
15,1,33,-32.48
15,1,34,28.19
15,1,35,-18.66
15,1,36,-20.51
15,1,37,-12.22
15,1,38,3.66
15,1,39,-25.11
15,1,40,-29.63
15,1,41,-26.59
15,2,0,-20.59
15,2,1,-27.44
15,2,2,-20.75
15,2,3,-25.86
15,2,4,1.19
15,2,5,-6.87
15,2,6,2.87
15,2,7,-25.53
15,2,8,-32.31
15,2,9,-17.84
15,2,10,-2.87
15,2,11,-21.92
15,2,12,-7.09
15,2,13,-13.58
15,2,14,2.93
15,2,15,-3.90
15,2,16,-1.40
15,2,17,11.88
15,2,18,-20.30
15,2,19,5.91
15,2,20,-18.43
15,2,21,-11.17
15,2,22,-5.49
15,2,23,-43.86
15,2,24,-28.75
15,2,25,4.80
15,2,26,-2.56
15,2,27,-22.34
15,2,28,-4.21
15,2,29,-14.08
15,2,30,-36.85
15,2,31,-14.37
15,2,32,2.54
15,2,33,-16.14
15,2,34,-9.33
15,2,35,-38.98
15,2,36,-14.70
15,2,37,-45.15
15,2,38,-8.21
15,2,39,-15.69
15,2,40,-12.65
15,2,41,-11.46
15,3,0,-11.36
15,3,1,-10.11
15,3,2,-20.53
15,3,3,-19.39
15,3,4,9.75
15,3,5,-13.91
15,3,6,2.96
15,3,7,-23.33
15,3,8,-7.99
15,3,9,0.38
15,3,10,-12.09
15,3,11,-19.47
15,3,12,1.38
15,3,13,-3.26
15,3,14,-15.51
15,3,15,-6.97
15,3,16,-5.81
15,3,17,-9.52
15,3,18,29.62
15,3,19,6.63
15,3,20,1.49
15,3,21,8.49
15,3,22,38.58
15,3,23,-5.89
15,3,24,-10.31
15,3,25,15.68
15,3,26,-12.34
15,3,27,-7.78
15,3,28,2.37
15,3,29,-28.66
15,3,30,-20.45
15,3,31,1.51
15,3,32,-1.70
15,3,33,-27.56
15,3,34,-12.63
15,3,35,-27.51
15,3,36,-24.78
15,3,37,-26.38
15,3,38,-20.12
15,3,39,-14.81
15,3,40,-18.35
15,3,41,-27.52
15,4,0,-6.48
15,4,1,-11.69
15,4,2,-27.61
15,4,3,-20.67
15,4,4,33.10
15,4,5,2.45
15,4,6,-10.96
15,4,7,-32.95
15,4,8,-24.85
15,4,9,2.70
15,4,10,2.99
15,4,11,-26.02
15,4,12,-22.48
15,4,13,-35.99
15,4,14,-16.46
15,4,15,-27.84
15,4,16,-21.90
15,4,17,-16.63
15,4,18,-29.46
15,4,19,-7.02
15,4,20,-19.06
15,4,21,-21.25
15,4,22,9.10
15,4,23,7.99
15,4,24,9.81
15,4,25,41.69
15,4,26,15.92
15,4,27,-7.82
15,4,28,9.41
15,4,29,5.33
15,4,30,-24.55
15,4,31,-5.48
15,4,32,14.87
15,4,33,-25.56
15,4,34,-9.12
15,4,35,-16.99
15,4,36,-18.38
15,4,37,2.02
15,4,38,25.56
15,4,39,3.64
15,4,40,-24.15
15,4,41,-3.94
15,5,0,-24.92
15,5,1,-35.85
15,5,2,-19.26
15,5,3,-36.98
15,5,4,-7.30
15,5,5,-15.74
15,5,6,-12.26
15,5,7,-42.73
15,5,8,-25.44
15,5,9,17.61
15,5,10,-2.44
15,5,11,-28.51
15,5,12,-16.78
15,5,13,-14.11
15,5,14,-12.37
15,5,15,-30.61
15,5,16,-21.80
15,5,17,-32.31
15,5,18,-18.40
15,5,19,31.16
15,5,20,-18.75
15,5,21,-19.50
15,5,22,0.01
15,5,23,-13.25
15,5,24,-21.51
15,5,25,2.99
15,5,26,-5.44
15,5,27,-15.79
15,5,28,2.44
15,5,29,-21.85
15,5,30,-18.00
15,5,31,4.23
15,5,32,14.60
15,5,33,-4.76
15,5,34,12.43
15,5,35,-15.99
15,5,36,-28.86
15,5,37,-35.90
15,5,38,2.74
15,5,39,-40.18
15,5,40,-19.89
15,5,41,-13.15
15,6,0,-30.84
15,6,1,-21.62
15,6,2,-19.98
15,6,3,-15.25
15,6,4,1.04
15,6,5,-35.99
15,6,6,2.57
15,6,7,-31.16
15,6,8,-17.80
15,6,9,-14.40
15,6,10,9.06
15,6,11,-10.13
15,6,12,-15.89
15,6,13,2.81
15,6,14,6.38
15,6,15,-10.70
15,6,16,-17.19
15,6,17,-13.26
15,6,18,-25.16
15,6,19,12.20
15,6,20,-26.21
15,6,21,-18.92
15,6,22,13.80
15,6,23,-10.67
15,6,24,-12.92
15,6,25,3.78
15,6,26,2.52
15,6,27,-19.67
15,6,28,-1.57
15,6,29,-10.91
15,6,30,-16.45
15,6,31,3.09
15,6,32,8.95
15,6,33,-33.88
15,6,34,-9.50
15,6,35,-19.90
15,6,36,0.00
15,6,37,11.41
15,6,38,38.34
15,6,39,2.01
15,6,40,-6.71
15,6,41,2.60
16,0,0,-19.21
16,0,1,-11.47
16,0,2,17.12
16,0,3,6.15
16,0,4,5.21
16,0,5,-26.09
16,0,6,7.65
16,0,7,-26.94
16,0,8,-25.00
16,0,9,-9.68
16,0,10,-14.56
16,0,11,-17.29
16,0,12,-23.21
16,0,13,-14.06
16,0,14,-31.63
16,0,15,-20.13
16,0,16,-17.35
16,0,17,-21.82
16,0,18,-32.74
16,0,19,-16.63
16,0,20,-21.03
16,0,21,-8.43
16,0,22,-16.94
16,0,23,-40.22
16,0,24,-47.07
16,0,25,2.27
16,0,26,2.35
16,0,27,-15.99
16,0,28,2.85
16,0,29,-31.72
16,0,30,-29.97
16,0,31,6.83
16,0,32,-22.04
16,0,33,-15.58
16,0,34,-2.11
16,0,35,-15.57
16,0,36,-17.57
16,0,37,-23.40
16,0,38,-15.07
16,0,39,-10.51
16,0,40,-19.75
16,0,41,-5.44
16,1,0,-14.66
16,1,1,-19.14
16,1,2,-10.23
16,1,3,-10.71
16,1,4,-8.88
16,1,5,-8.47
16,1,6,31.60
16,1,7,3.68
16,1,8,-2.90
16,1,9,24.75
16,1,10,28.63
16,1,11,7.41
16,1,12,-15.35
16,1,13,-22.72
16,1,14,-23.61
16,1,15,-3.50
16,1,16,-21.12
16,1,17,-21.15
16,1,18,-8.20
16,1,19,40.99
16,1,20,-5.42
16,1,21,-28.99
16,1,22,22.32
16,1,23,-6.58
16,1,24,-22.40
16,1,25,5.65
16,1,26,-14.29
16,1,27,-27.88
16,1,28,2.25
16,1,29,-28.63
16,1,30,-4.40
16,1,31,-5.20
16,1,32,-10.80
16,1,33,-32.48
16,1,34,28.19
16,1,35,-18.66
16,1,36,-20.51
16,1,37,-12.22
16,1,38,3.66
16,1,39,-25.11
16,1,40,-29.63
16,1,41,-26.59
16,2,0,-20.59
16,2,1,-27.44
16,2,2,-20.75
16,2,3,-25.86
16,2,4,1.19
16,2,5,-6.87
16,2,6,2.87
16,2,7,-25.53
16,2,8,-32.31
16,2,9,-17.84
16,2,10,-2.87
16,2,11,-21.92
16,2,12,-7.09
16,2,13,-13.58
16,2,14,2.93
16,2,15,-3.90
16,2,16,-1.40
16,2,17,11.88
16,2,18,-20.30
16,2,19,5.91
16,2,20,-18.43
16,2,21,-11.17
16,2,22,-5.49
16,2,23,-43.86
16,2,24,-28.75
16,2,25,4.80
16,2,26,-2.56
16,2,27,-22.34
16,2,28,-4.21
16,2,29,-14.08
16,2,30,-36.85
16,2,31,-14.37
16,2,32,2.54
16,2,33,-16.14
16,2,34,-9.33
16,2,35,-38.98
16,2,36,-14.70
16,2,37,-45.15
16,2,38,-8.21
16,2,39,-15.69
16,2,40,-12.65
16,2,41,-11.46
16,3,0,-11.36
16,3,1,-10.11
16,3,2,-20.53
16,3,3,-19.39
16,3,4,9.75
16,3,5,-13.91
16,3,6,2.96
16,3,7,-23.33
16,3,8,-7.99
16,3,9,0.38
16,3,10,-12.09
16,3,11,-19.47
16,3,12,1.38
16,3,13,-3.26
16,3,14,-15.51
16,3,15,-6.97
16,3,16,-5.81
16,3,17,-9.52
16,3,18,29.62
16,3,19,6.63
16,3,20,1.49
16,3,21,8.49
16,3,22,38.58
16,3,23,-5.89
16,3,24,-10.31
16,3,25,15.68
16,3,26,-12.34
16,3,27,-7.78
16,3,28,2.37
16,3,29,-28.66
16,3,30,-20.45
16,3,31,1.51
16,3,32,-1.70
16,3,33,-27.56
16,3,34,-12.63
16,3,35,-27.51
16,3,36,-24.78
16,3,37,-26.38
16,3,38,-20.12
16,3,39,-14.81
16,3,40,-18.35
16,3,41,-27.52
16,4,0,-6.48
16,4,1,-11.69
16,4,2,-27.61
16,4,3,-20.67
16,4,4,33.10
16,4,5,2.45
16,4,6,-10.96
16,4,7,-32.95
16,4,8,-24.85
16,4,9,2.70
16,4,10,2.99
16,4,11,-26.02
16,4,12,-22.48
16,4,13,-35.99
16,4,14,-16.46
16,4,15,-27.84
16,4,16,-21.90
16,4,17,-16.63
16,4,18,-29.46
16,4,19,-7.02
16,4,20,-19.06
16,4,21,-21.25
16,4,22,9.10
16,4,23,7.99
16,4,24,9.81
16,4,25,41.69
16,4,26,15.92
16,4,27,-7.82
16,4,28,9.41
16,4,29,5.33
16,4,30,-24.55
16,4,31,-5.48
16,4,32,14.87
16,4,33,-25.56
16,4,34,-9.12
16,4,35,-16.99
16,4,36,-18.38
16,4,37,2.02
16,4,38,25.56
16,4,39,3.64
16,4,40,-24.15
16,4,41,-3.94
16,5,0,-24.92
16,5,1,-35.85
16,5,2,-19.26
16,5,3,-36.98
16,5,4,-7.30
16,5,5,-15.74
16,5,6,-12.26
16,5,7,-42.73
16,5,8,-25.44
16,5,9,17.61
16,5,10,-2.44
16,5,11,-28.51
16,5,12,-16.78
16,5,13,-14.11
16,5,14,-12.37
16,5,15,-30.61
16,5,16,-21.80
16,5,17,-32.31
16,5,18,-18.40
16,5,19,31.16
16,5,20,-18.75
16,5,21,-19.50
16,5,22,0.01
16,5,23,-13.25
16,5,24,-21.51
16,5,25,2.99
16,5,26,-5.44
16,5,27,-15.79
16,5,28,2.44
16,5,29,-21.85
16,5,30,-18.00
16,5,31,4.23
16,5,32,14.60
16,5,33,-4.76
16,5,34,12.43
16,5,35,-15.99
16,5,36,-28.86
16,5,37,-35.90
16,5,38,2.74
16,5,39,-40.18
16,5,40,-19.89
16,5,41,-13.15
16,6,0,-30.84
16,6,1,-21.62
16,6,2,-19.98
16,6,3,-15.25
16,6,4,1.04
16,6,5,-35.99
16,6,6,2.57
16,6,7,-31.16
16,6,8,-17.80
16,6,9,-14.40
16,6,10,9.06
16,6,11,-10.13
16,6,12,-15.89
16,6,13,2.81
16,6,14,6.38
16,6,15,-10.70
16,6,16,-17.19
16,6,17,-13.26
16,6,18,-25.16
16,6,19,12.20
16,6,20,-26.21
16,6,21,-18.92
16,6,22,13.80
16,6,23,-10.67
16,6,24,-12.92
16,6,25,3.78
16,6,26,2.52
16,6,27,-19.67
16,6,28,-1.57
16,6,29,-10.91
16,6,30,-16.45
16,6,31,3.09
16,6,32,8.95
16,6,33,-33.88
16,6,34,-9.50
16,6,35,-19.90
16,6,36,0.00
16,6,37,11.41
16,6,38,38.34
16,6,39,2.01
16,6,40,-6.71
16,6,41,2.60
17,0,0,-19.21
17,0,1,-11.47
17,0,2,17.12
17,0,3,6.15
17,0,4,5.21
17,0,5,-26.09
17,0,6,7.65
17,0,7,-26.94
17,0,8,-25.00
17,0,9,-9.68
17,0,10,-14.56
17,0,11,-17.29
17,0,12,-23.21
17,0,13,-14.06
17,0,14,-31.63
17,0,15,-20.13
17,0,16,-17.35
17,0,17,-21.82
17,0,18,-32.74
17,0,19,-16.63
17,0,20,-21.03
17,0,21,-8.43
17,0,22,-16.94
17,0,23,-40.22
17,0,24,-47.07
17,0,25,2.27
17,0,26,2.35
17,0,27,-15.99
17,0,28,2.85
17,0,29,-31.72
17,0,30,-29.97
17,0,31,6.83
17,0,32,-22.04
17,0,33,-15.58
17,0,34,-2.11
17,0,35,-15.57
17,0,36,-17.57
17,0,37,-23.40
17,0,38,-15.07
17,0,39,-10.51
17,0,40,-19.75
17,0,41,-5.44
17,1,0,-14.66
17,1,1,-19.14
17,1,2,-10.23
17,1,3,-10.71
17,1,4,-8.88
17,1,5,-8.47
17,1,6,31.60
17,1,7,3.68
17,1,8,-2.90
17,1,9,24.75
17,1,10,28.63
17,1,11,7.41
17,1,12,-15.35
17,1,13,-22.72
17,1,14,-23.61
17,1,15,-3.50
17,1,16,-21.12
17,1,17,-21.15
17,1,18,-8.20
17,1,19,40.99
17,1,20,-5.42
17,1,21,-28.99
17,1,22,22.32
17,1,23,-6.58
17,1,24,-22.40
17,1,25,5.65
17,1,26,-14.29
17,1,27,-27.88
17,1,28,2.25
17,1,29,-28.63
17,1,30,-4.40
17,1,31,-5.20
17,1,32,-10.80
17,1,33,-32.48
17,1,34,28.19
17,1,35,-18.66
17,1,36,-20.51
17,1,37,-12.22
17,1,38,3.66
17,1,39,-25.11
17,1,40,-29.63
17,1,41,-26.59
17,2,0,-20.59
17,2,1,-27.44
17,2,2,-20.75
17,2,3,-25.86
17,2,4,1.19
17,2,5,-6.87
17,2,6,2.87
17,2,7,-25.53
17,2,8,-32.31
17,2,9,-17.84
17,2,10,-2.87
17,2,11,-21.92
17,2,12,-7.09
17,2,13,-13.58
17,2,14,2.93
17,2,15,-3.90
17,2,16,-1.40
17,2,17,11.88
17,2,18,-20.30
17,2,19,5.91
17,2,20,-18.43
17,2,21,-11.17
17,2,22,-5.49
17,2,23,-43.86
17,2,24,-28.75
17,2,25,4.80
17,2,26,-2.56
17,2,27,-22.34
17,2,28,-4.21
17,2,29,-14.08
17,2,30,-36.85
17,2,31,-14.37
17,2,32,2.54
17,2,33,-16.14
17,2,34,-9.33
17,2,35,-38.98
17,2,36,-14.70
17,2,37,-45.15
17,2,38,-8.21
17,2,39,-15.69
17,2,40,-12.65
17,2,41,-11.46
17,3,0,-11.36
17,3,1,-10.11
17,3,2,-20.53
17,3,3,-19.39
17,3,4,9.75
17,3,5,-13.91
17,3,6,2.96
17,3,7,-23.33
17,3,8,-7.99
17,3,9,0.38
17,3,10,-12.09
17,3,11,-19.47
17,3,12,1.38
17,3,13,-3.26
17,3,14,-15.51
17,3,15,-6.97
17,3,16,-5.81
17,3,17,-9.52
17,3,18,29.62
17,3,19,6.63
17,3,20,1.49
17,3,21,8.49
17,3,22,38.58
17,3,23,-5.89
17,3,24,-10.31
17,3,25,15.68
17,3,26,-12.34
17,3,27,-7.78
17,3,28,2.37
17,3,29,-28.66
17,3,30,-20.45
17,3,31,1.51
17,3,32,-1.70
17,3,33,-27.56
17,3,34,-12.63
17,3,35,-27.51
17,3,36,-24.78
17,3,37,-26.38
17,3,38,-20.12
17,3,39,-14.81
17,3,40,-18.35
17,3,41,-27.52
17,4,0,-6.48
17,4,1,-11.69
17,4,2,-27.61
17,4,3,-20.67
17,4,4,33.10
17,4,5,2.45
17,4,6,-10.96
17,4,7,-32.95
17,4,8,-24.85
17,4,9,2.70
17,4,10,2.99
17,4,11,-26.02
17,4,12,-22.48
17,4,13,-35.99
17,4,14,-16.46
17,4,15,-27.84
17,4,16,-21.90
17,4,17,-16.63
17,4,18,-29.46
17,4,19,-7.02
17,4,20,-19.06
17,4,21,-21.25
17,4,22,9.10
17,4,23,7.99
17,4,24,9.81
17,4,25,41.69
17,4,26,15.92
17,4,27,-7.82
17,4,28,9.41
17,4,29,5.33
17,4,30,-24.55
17,4,31,-5.48
17,4,32,14.87
17,4,33,-25.56
17,4,34,-9.12
17,4,35,-16.99
17,4,36,-18.38
17,4,37,2.02
17,4,38,25.56
17,4,39,3.64
17,4,40,-24.15
17,4,41,-3.94
17,5,0,-24.92
17,5,1,-35.85
17,5,2,-19.26
17,5,3,-36.98
17,5,4,-7.30
17,5,5,-15.74
17,5,6,-12.26
17,5,7,-42.73
17,5,8,-25.44
17,5,9,17.61
17,5,10,-2.44
17,5,11,-28.51
17,5,12,-16.78
17,5,13,-14.11
17,5,14,-12.37
17,5,15,-30.61
17,5,16,-21.80
17,5,17,-32.31
17,5,18,-18.40
17,5,19,31.16
17,5,20,-18.75
17,5,21,-19.50
17,5,22,0.01
17,5,23,-13.25
17,5,24,-21.51
17,5,25,2.99
17,5,26,-5.44
17,5,27,-15.79
17,5,28,2.44
17,5,29,-21.85
17,5,30,-18.00
17,5,31,4.23
17,5,32,14.60
17,5,33,-4.76
17,5,34,12.43
17,5,35,-15.99
17,5,36,-28.86
17,5,37,-35.90
17,5,38,2.74
17,5,39,-40.18
17,5,40,-19.89
17,5,41,-13.15
17,6,0,-30.84
17,6,1,-21.62
17,6,2,-19.98
17,6,3,-15.25
17,6,4,1.04
17,6,5,-35.99
17,6,6,2.57
17,6,7,-31.16
17,6,8,-17.80
17,6,9,-14.40
17,6,10,9.06
17,6,11,-10.13
17,6,12,-15.89
17,6,13,2.81
17,6,14,6.38
17,6,15,-10.70
17,6,16,-17.19
17,6,17,-13.26
17,6,18,-25.16
17,6,19,12.20
17,6,20,-26.21
17,6,21,-18.92
17,6,22,13.80
17,6,23,-10.67
17,6,24,-12.92
17,6,25,3.78
17,6,26,2.52
17,6,27,-19.67
17,6,28,-1.57
17,6,29,-10.91
17,6,30,-16.45
17,6,31,3.09
17,6,32,8.95
17,6,33,-33.88
17,6,34,-9.50
17,6,35,-19.90
17,6,36,0.00
17,6,37,11.41
17,6,38,38.34
17,6,39,2.01
17,6,40,-6.71
17,6,41,2.60
18,0,0,-19.21
18,0,1,-11.47
18,0,2,17.12
18,0,3,6.15
18,0,4,5.21
18,0,5,-26.09
18,0,6,7.65
18,0,7,-26.94
18,0,8,-25.00
18,0,9,-9.68
18,0,10,-14.56
18,0,11,-17.29
18,0,12,-23.21
18,0,13,-14.06
18,0,14,-31.63
18,0,15,-20.13
18,0,16,-17.35
18,0,17,-21.82
18,0,18,-32.74
18,0,19,-16.63
18,0,20,-21.03
18,0,21,-8.43
18,0,22,-16.94
18,0,23,-40.22
18,0,24,-47.07
18,0,25,2.27
18,0,26,2.35
18,0,27,-15.99
18,0,28,2.85
18,0,29,-31.72
18,0,30,-29.97
18,0,31,6.83
18,0,32,-22.04
18,0,33,-15.58
18,0,34,-2.11
18,0,35,-15.57
18,0,36,-17.57
18,0,37,-23.40
18,0,38,-15.07
18,0,39,-10.51
18,0,40,-19.75
18,0,41,-5.44
18,1,0,-14.66
18,1,1,-19.14
18,1,2,-10.23
18,1,3,-10.71
18,1,4,-8.88
18,1,5,-8.47
18,1,6,31.60
18,1,7,3.68
18,1,8,-2.90
18,1,9,24.75
18,1,10,28.63
18,1,11,7.41
18,1,12,-15.35
18,1,13,-22.72
18,1,14,-23.61
18,1,15,-3.50
18,1,16,-21.12
18,1,17,-21.15
18,1,18,-8.20
18,1,19,40.99
18,1,20,-5.42
18,1,21,-28.99
18,1,22,22.32
18,1,23,-6.58
18,1,24,-22.40
18,1,25,5.65
18,1,26,-14.29
18,1,27,-27.88
18,1,28,2.25
18,1,29,-28.63
18,1,30,-4.40
18,1,31,-5.20
18,1,32,-10.80
18,1,33,-32.48
18,1,34,28.19
18,1,35,-18.66
18,1,36,-20.51
18,1,37,-12.22
18,1,38,3.66
18,1,39,-25.11
18,1,40,-29.63
18,1,41,-26.59
18,2,0,-20.59
18,2,1,-27.44
18,2,2,-20.75
18,2,3,-25.86
18,2,4,1.19
18,2,5,-6.87
18,2,6,2.87
18,2,7,-25.53
18,2,8,-32.31
18,2,9,-17.84
18,2,10,-2.87
18,2,11,-21.92
18,2,12,-7.09
18,2,13,-13.58
18,2,14,2.93
18,2,15,-3.90
18,2,16,-1.40
18,2,17,11.88
18,2,18,-20.30
18,2,19,5.91
18,2,20,-18.43
18,2,21,-11.17
18,2,22,-5.49
18,2,23,-43.86
18,2,24,-28.75
18,2,25,4.80
18,2,26,-2.56
18,2,27,-22.34
18,2,28,-4.21
18,2,29,-14.08
18,2,30,-36.85
18,2,31,-14.37
18,2,32,2.54
18,2,33,-16.14
18,2,34,-9.33
18,2,35,-38.98
18,2,36,-14.70
18,2,37,-45.15
18,2,38,-8.21
18,2,39,-15.69
18,2,40,-12.65
18,2,41,-11.46
18,3,0,-11.36
18,3,1,-10.11
18,3,2,-20.53
18,3,3,-19.39
18,3,4,9.75
18,3,5,-13.91
18,3,6,2.96
18,3,7,-23.33
18,3,8,-7.99
18,3,9,0.38
18,3,10,-12.09
18,3,11,-19.47
18,3,12,1.38
18,3,13,-3.26
18,3,14,-15.51
18,3,15,-6.97
18,3,16,-5.81
18,3,17,-9.52
18,3,18,29.62
18,3,19,6.63
18,3,20,1.49
18,3,21,8.49
18,3,22,38.58
18,3,23,-5.89
18,3,24,-10.31
18,3,25,15.68
18,3,26,-12.34
18,3,27,-7.78
18,3,28,2.37
18,3,29,-28.66
18,3,30,-20.45
18,3,31,1.51
18,3,32,-1.70
18,3,33,-27.56
18,3,34,-12.63
18,3,35,-27.51
18,3,36,-24.78
18,3,37,-26.38
18,3,38,-20.12
18,3,39,-14.81
18,3,40,-18.35
18,3,41,-27.52
18,4,0,-6.48
18,4,1,-11.69
18,4,2,-27.61
18,4,3,-20.67
18,4,4,33.10
18,4,5,2.45
18,4,6,-10.96
18,4,7,-32.95
18,4,8,-24.85
18,4,9,2.70
18,4,10,2.99
18,4,11,-26.02
18,4,12,-22.48
18,4,13,-35.99
18,4,14,-16.46
18,4,15,-27.84
18,4,16,-21.90
18,4,17,-16.63
18,4,18,-29.46
18,4,19,-7.02
18,4,20,-19.06
18,4,21,-21.25
18,4,22,9.10
18,4,23,7.99
18,4,24,9.81
18,4,25,41.69
18,4,26,15.92
18,4,27,-7.82
18,4,28,9.41
18,4,29,5.33
18,4,30,-24.55
18,4,31,-5.48
18,4,32,14.87
18,4,33,-25.56
18,4,34,-9.12
18,4,35,-16.99
18,4,36,-18.38
18,4,37,2.02
18,4,38,25.56
18,4,39,3.64
18,4,40,-24.15
18,4,41,-3.94
18,5,0,-24.92
18,5,1,-35.85
18,5,2,-19.26
18,5,3,-36.98
18,5,4,-7.30
18,5,5,-15.74
18,5,6,-12.26
18,5,7,-42.73
18,5,8,-25.44
18,5,9,17.61
18,5,10,-2.44
18,5,11,-28.51
18,5,12,-16.78
18,5,13,-14.11
18,5,14,-12.37
18,5,15,-30.61
18,5,16,-21.80
18,5,17,-32.31
18,5,18,-18.40
18,5,19,31.16
18,5,20,-18.75
18,5,21,-19.50
18,5,22,0.01
18,5,23,-13.25
18,5,24,-21.51
18,5,25,2.99
18,5,26,-5.44
18,5,27,-15.79
18,5,28,2.44
18,5,29,-21.85
18,5,30,-18.00
18,5,31,4.23
18,5,32,14.60
18,5,33,-4.76
18,5,34,12.43
18,5,35,-15.99
18,5,36,-28.86
18,5,37,-35.90
18,5,38,2.74
18,5,39,-40.18
18,5,40,-19.89
18,5,41,-13.15
18,6,0,-30.84
18,6,1,-21.62
18,6,2,-19.98
18,6,3,-15.25
18,6,4,1.04
18,6,5,-35.99
18,6,6,2.57
18,6,7,-31.16
18,6,8,-17.80
18,6,9,-14.40
18,6,10,9.06
18,6,11,-10.13
18,6,12,-15.89
18,6,13,2.81
18,6,14,6.38
18,6,15,-10.70
18,6,16,-17.19
18,6,17,-13.26
18,6,18,-25.16
18,6,19,12.20
18,6,20,-26.21
18,6,21,-18.92
18,6,22,13.80
18,6,23,-10.67
18,6,24,-12.92
18,6,25,3.78
18,6,26,2.52
18,6,27,-19.67
18,6,28,-1.57
18,6,29,-10.91
18,6,30,-16.45
18,6,31,3.09
18,6,32,8.95
18,6,33,-33.88
18,6,34,-9.50
18,6,35,-19.90
18,6,36,0.00
18,6,37,11.41
18,6,38,38.34
18,6,39,2.01
18,6,40,-6.71
18,6,41,2.60
19,0,0,-19.21
19,0,1,-11.47
19,0,2,17.12
19,0,3,6.15
19,0,4,5.21
19,0,5,-26.09
19,0,6,7.65
19,0,7,-26.94
19,0,8,-25.00
19,0,9,-9.68
19,0,10,-14.56
19,0,11,-17.29
19,0,12,-23.21
19,0,13,-14.06
19,0,14,-31.63
19,0,15,-20.13
19,0,16,-17.35
19,0,17,-21.82
19,0,18,-32.74
19,0,19,-16.63
19,0,20,-21.03
19,0,21,-8.43
19,0,22,-16.94
19,0,23,-40.22
19,0,24,-47.07
19,0,25,2.27
19,0,26,2.35
19,0,27,-15.99
19,0,28,2.85
19,0,29,-31.72
19,0,30,-29.97
19,0,31,6.83
19,0,32,-22.04
19,0,33,-15.58
19,0,34,-2.11
19,0,35,-15.57
19,0,36,-17.57
19,0,37,-23.40
19,0,38,-15.07
19,0,39,-10.51
19,0,40,-19.75
19,0,41,-5.44
19,1,0,-14.66
19,1,1,-19.14
19,1,2,-10.23
19,1,3,-10.71
19,1,4,-8.88
19,1,5,-8.47
19,1,6,31.60
19,1,7,3.68
19,1,8,-2.90
19,1,9,24.75
19,1,10,28.63
19,1,11,7.41
19,1,12,-15.35
19,1,13,-22.72
19,1,14,-23.61
19,1,15,-3.50
19,1,16,-21.12
19,1,17,-21.15
19,1,18,-8.20
19,1,19,40.99
19,1,20,-5.42
19,1,21,-28.99
19,1,22,22.32
19,1,23,-6.58
19,1,24,-22.40
19,1,25,5.65
19,1,26,-14.29
19,1,27,-27.88
19,1,28,2.25
19,1,29,-28.63
19,1,30,-4.40
19,1,31,-5.20
19,1,32,-10.80
19,1,33,-32.48
19,1,34,28.19
19,1,35,-18.66
19,1,36,-20.51
19,1,37,-12.22
19,1,38,3.66
19,1,39,-25.11
19,1,40,-29.63
19,1,41,-26.59
19,2,0,-20.59
19,2,1,-27.44
19,2,2,-20.75
19,2,3,-25.86
19,2,4,1.19
19,2,5,-6.87
19,2,6,2.87
19,2,7,-25.53
19,2,8,-32.31
19,2,9,-17.84
19,2,10,-2.87
19,2,11,-21.92
19,2,12,-7.09
19,2,13,-13.58
19,2,14,2.93
19,2,15,-3.90
19,2,16,-1.40
19,2,17,11.88
19,2,18,-20.30
19,2,19,5.91
19,2,20,-18.43
19,2,21,-11.17
19,2,22,-5.49
19,2,23,-43.86
19,2,24,-28.75
19,2,25,4.80
19,2,26,-2.56
19,2,27,-22.34
19,2,28,-4.21
19,2,29,-14.08
19,2,30,-36.85
19,2,31,-14.37
19,2,32,2.54
19,2,33,-16.14
19,2,34,-9.33
19,2,35,-38.98
19,2,36,-14.70
19,2,37,-45.15
19,2,38,-8.21
19,2,39,-15.69
19,2,40,-12.65
19,2,41,-11.46
19,3,0,-11.36
19,3,1,-10.11
19,3,2,-20.53
19,3,3,-19.39
19,3,4,9.75
19,3,5,-13.91
19,3,6,2.96
19,3,7,-23.33
19,3,8,-7.99
19,3,9,0.38
19,3,10,-12.09
19,3,11,-19.47
19,3,12,1.38
19,3,13,-3.26
19,3,14,-15.51
19,3,15,-6.97
19,3,16,-5.81
19,3,17,-9.52
19,3,18,29.62
19,3,19,6.63
19,3,20,1.49
19,3,21,8.49
19,3,22,38.58
19,3,23,-5.89
19,3,24,-10.31
19,3,25,15.68
19,3,26,-12.34
19,3,27,-7.78
19,3,28,2.37
19,3,29,-28.66
19,3,30,-20.45
19,3,31,1.51
19,3,32,-1.70
19,3,33,-27.56
19,3,34,-12.63
19,3,35,-27.51
19,3,36,-24.78
19,3,37,-26.38
19,3,38,-20.12
19,3,39,-14.81
19,3,40,-18.35
19,3,41,-27.52
19,4,0,-6.48
19,4,1,-11.69
19,4,2,-27.61
19,4,3,-20.67
19,4,4,33.10
19,4,5,2.45
19,4,6,-10.96
19,4,7,-32.95
19,4,8,-24.85
19,4,9,2.70
19,4,10,2.99
19,4,11,-26.02
19,4,12,-22.48
19,4,13,-35.99
19,4,14,-16.46
19,4,15,-27.84
19,4,16,-21.90
19,4,17,-16.63
19,4,18,-29.46
19,4,19,-7.02
19,4,20,-19.06
19,4,21,-21.25
19,4,22,9.10
19,4,23,7.99
19,4,24,9.81
19,4,25,41.69
19,4,26,15.92
19,4,27,-7.82
19,4,28,9.41
19,4,29,5.33
19,4,30,-24.55
19,4,31,-5.48
19,4,32,14.87
19,4,33,-25.56
19,4,34,-9.12
19,4,35,-16.99
19,4,36,-18.38
19,4,37,2.02
19,4,38,25.56
19,4,39,3.64
19,4,40,-24.15
19,4,41,-3.94
19,5,0,-24.92
19,5,1,-35.85
19,5,2,-19.26
19,5,3,-36.98
19,5,4,-7.30
19,5,5,-15.74
19,5,6,-12.26
19,5,7,-42.73
19,5,8,-25.44
19,5,9,17.61
19,5,10,-2.44
19,5,11,-28.51
19,5,12,-16.78
19,5,13,-14.11
19,5,14,-12.37
19,5,15,-30.61
19,5,16,-21.80
19,5,17,-32.31
19,5,18,-18.40
19,5,19,31.16
19,5,20,-18.75
19,5,21,-19.50
19,5,22,0.01
19,5,23,-13.25
19,5,24,-21.51
19,5,25,2.99
19,5,26,-5.44
19,5,27,-15.79
19,5,28,2.44
19,5,29,-21.85
19,5,30,-18.00
19,5,31,4.23
19,5,32,14.60
19,5,33,-4.76
19,5,34,12.43
19,5,35,-15.99
19,5,36,-28.86
19,5,37,-35.90
19,5,38,2.74
19,5,39,-40.18
19,5,40,-19.89
19,5,41,-13.15
19,6,0,-30.84
19,6,1,-21.62
19,6,2,-19.98
19,6,3,-15.25
19,6,4,1.04
19,6,5,-35.99
19,6,6,2.57
19,6,7,-31.16
19,6,8,-17.80
19,6,9,-14.40
19,6,10,9.06
19,6,11,-10.13
19,6,12,-15.89
19,6,13,2.81
19,6,14,6.38
19,6,15,-10.70
19,6,16,-17.19
19,6,17,-13.26
19,6,18,-25.16
19,6,19,12.20
19,6,20,-26.21
19,6,21,-18.92
19,6,22,13.80
19,6,23,-10.67
19,6,24,-12.92
19,6,25,3.78
19,6,26,2.52
19,6,27,-19.67
19,6,28,-1.57
19,6,29,-10.91
19,6,30,-16.45
19,6,31,3.09
19,6,32,8.95
19,6,33,-33.88
19,6,34,-9.50
19,6,35,-19.90
19,6,36,0.00
19,6,37,11.41
19,6,38,38.34
19,6,39,2.01
19,6,40,-6.71
19,6,41,2.60
20,0,0,-19.21
20,0,1,-11.47
20,0,2,17.12
20,0,3,6.15
20,0,4,5.21
20,0,5,-26.09
20,0,6,7.65
20,0,7,-26.94
20,0,8,-25.00
20,0,9,-9.68
20,0,10,-14.56
20,0,11,-17.29
20,0,12,-23.21
20,0,13,-14.06
20,0,14,-31.63
20,0,15,-20.13
20,0,16,-17.35
20,0,17,-21.82
20,0,18,-32.74
20,0,19,-16.63
20,0,20,-21.03
20,0,21,-8.43
20,0,22,-16.94
20,0,23,-40.22
20,0,24,-47.07
20,0,25,2.27
20,0,26,2.35
20,0,27,-15.99
20,0,28,2.85
20,0,29,-31.72
20,0,30,-29.97
20,0,31,6.83
20,0,32,-22.04
20,0,33,-15.58
20,0,34,-2.11
20,0,35,-15.57
20,0,36,-17.57
20,0,37,-23.40
20,0,38,-15.07
20,0,39,-10.51
20,0,40,-19.75
20,0,41,-5.44
20,1,0,-14.66
20,1,1,-19.14
20,1,2,-10.23
20,1,3,-10.71
20,1,4,-8.88
20,1,5,-8.47
20,1,6,31.60
20,1,7,3.68
20,1,8,-2.90
20,1,9,24.75
20,1,10,28.63
20,1,11,7.41
20,1,12,-15.35
20,1,13,-22.72
20,1,14,-23.61
20,1,15,-3.50
20,1,16,-21.12
20,1,17,-21.15
20,1,18,-8.20
20,1,19,40.99
20,1,20,-5.42
20,1,21,-28.99
20,1,22,22.32
20,1,23,-6.58
20,1,24,-22.40
20,1,25,5.65
20,1,26,-14.29
20,1,27,-27.88
20,1,28,2.25
20,1,29,-28.63
20,1,30,-4.40
20,1,31,-5.20
20,1,32,-10.80
20,1,33,-32.48
20,1,34,28.19
20,1,35,-18.66
20,1,36,-20.51
20,1,37,-12.22
20,1,38,3.66
20,1,39,-25.11
20,1,40,-29.63
20,1,41,-26.59
20,2,0,-20.59
20,2,1,-27.44
20,2,2,-20.75
20,2,3,-25.86
20,2,4,1.19
20,2,5,-6.87
20,2,6,2.87
20,2,7,-25.53
20,2,8,-32.31
20,2,9,-17.84
20,2,10,-2.87
20,2,11,-21.92
20,2,12,-7.09
20,2,13,-13.58
20,2,14,2.93
20,2,15,-3.90
20,2,16,-1.40
20,2,17,11.88
20,2,18,-20.30
20,2,19,5.91
20,2,20,-18.43
20,2,21,-11.17
20,2,22,-5.49
20,2,23,-43.86
20,2,24,-28.75
20,2,25,4.80
20,2,26,-2.56
20,2,27,-22.34
20,2,28,-4.21
20,2,29,-14.08
20,2,30,-36.85
20,2,31,-14.37
20,2,32,2.54
20,2,33,-16.14
20,2,34,-9.33
20,2,35,-38.98
20,2,36,-14.70
20,2,37,-45.15
20,2,38,-8.21
20,2,39,-15.69
20,2,40,-12.65
20,2,41,-11.46
20,3,0,-11.36
20,3,1,-10.11
20,3,2,-20.53
20,3,3,-19.39
20,3,4,9.75
20,3,5,-13.91
20,3,6,2.96
20,3,7,-23.33
20,3,8,-7.99
20,3,9,0.38
20,3,10,-12.09
20,3,11,-19.47
20,3,12,1.38
20,3,13,-3.26
20,3,14,-15.51
20,3,15,-6.97
20,3,16,-5.81
20,3,17,-9.52
20,3,18,29.62
20,3,19,6.63
20,3,20,1.49
20,3,21,8.49
20,3,22,38.58
20,3,23,-5.89
20,3,24,-10.31
20,3,25,15.68
20,3,26,-12.34
20,3,27,-7.78
20,3,28,2.37
20,3,29,-28.66
20,3,30,-20.45
20,3,31,1.51
20,3,32,-1.70
20,3,33,-27.56
20,3,34,-12.63
20,3,35,-27.51
20,3,36,-24.78
20,3,37,-26.38
20,3,38,-20.12
20,3,39,-14.81
20,3,40,-18.35
20,3,41,-27.52
20,4,0,-6.48
20,4,1,-11.69
20,4,2,-27.61
20,4,3,-20.67
20,4,4,33.10
20,4,5,2.45
20,4,6,-10.96
20,4,7,-32.95
20,4,8,-24.85
20,4,9,2.70
20,4,10,2.99
20,4,11,-26.02
20,4,12,-22.48
20,4,13,-35.99
20,4,14,-16.46
20,4,15,-27.84
20,4,16,-21.90
20,4,17,-16.63
20,4,18,-29.46
20,4,19,-7.02
20,4,20,-19.06
20,4,21,-21.25
20,4,22,9.10
20,4,23,7.99
20,4,24,9.81
20,4,25,41.69
20,4,26,15.92
20,4,27,-7.82
20,4,28,9.41
20,4,29,5.33
20,4,30,-24.55
20,4,31,-5.48
20,4,32,14.87
20,4,33,-25.56
20,4,34,-9.12
20,4,35,-16.99
20,4,36,-18.38
20,4,37,2.02
20,4,38,25.56
20,4,39,3.64
20,4,40,-24.15
20,4,41,-3.94
20,5,0,-24.92
20,5,1,-35.85
20,5,2,-19.26
20,5,3,-36.98
20,5,4,-7.30
20,5,5,-15.74
20,5,6,-12.26
20,5,7,-42.73
20,5,8,-25.44
20,5,9,17.61
20,5,10,-2.44
20,5,11,-28.51
20,5,12,-16.78
20,5,13,-14.11
20,5,14,-12.37
20,5,15,-30.61
20,5,16,-21.80
20,5,17,-32.31
20,5,18,-18.40
20,5,19,31.16
20,5,20,-18.75
20,5,21,-19.50
20,5,22,0.01
20,5,23,-13.25
20,5,24,-21.51
20,5,25,2.99
20,5,26,-5.44
20,5,27,-15.79
20,5,28,2.44
20,5,29,-21.85
20,5,30,-18.00
20,5,31,4.23
20,5,32,14.60
20,5,33,-4.76
20,5,34,12.43
20,5,35,-15.99
20,5,36,-28.86
20,5,37,-35.90
20,5,38,2.74
20,5,39,-40.18
20,5,40,-19.89
20,5,41,-13.15
20,6,0,-30.84
20,6,1,-21.62
20,6,2,-19.98
20,6,3,-15.25
20,6,4,1.04
20,6,5,-35.99
20,6,6,2.57
20,6,7,-31.16
20,6,8,-17.80
20,6,9,-14.40
20,6,10,9.06
20,6,11,-10.13
20,6,12,-15.89
20,6,13,2.81
20,6,14,6.38
20,6,15,-10.70
20,6,16,-17.19
20,6,17,-13.26
20,6,18,-25.16
20,6,19,12.20
20,6,20,-26.21
20,6,21,-18.92
20,6,22,13.80
20,6,23,-10.67
20,6,24,-12.92
20,6,25,3.78
20,6,26,2.52
20,6,27,-19.67
20,6,28,-1.57
20,6,29,-10.91
20,6,30,-16.45
20,6,31,3.09
20,6,32,8.95
20,6,33,-33.88
20,6,34,-9.50
20,6,35,-19.90
20,6,36,0.00
20,6,37,11.41
20,6,38,38.34
20,6,39,2.01
20,6,40,-6.71
20,6,41,2.60
21,0,0,-19.21
21,0,1,-11.47
21,0,2,17.12
21,0,3,6.15
21,0,4,5.21
21,0,5,-26.09
21,0,6,7.65
21,0,7,-26.94
21,0,8,-25.00
21,0,9,-9.68
21,0,10,-14.56
21,0,11,-17.29
21,0,12,-23.21
21,0,13,-14.06
21,0,14,-31.63
21,0,15,-20.13
21,0,16,-17.35
21,0,17,-21.82
21,0,18,-32.74
21,0,19,-16.63
21,0,20,-21.03
21,0,21,-8.43
21,0,22,-16.94
21,0,23,-40.22
21,0,24,-47.07
21,0,25,2.27
21,0,26,2.35
21,0,27,-15.99
21,0,28,2.85
21,0,29,-31.72
21,0,30,-29.97
21,0,31,6.83
21,0,32,-22.04
21,0,33,-15.58
21,0,34,-2.11
21,0,35,-15.57
21,0,36,-17.57
21,0,37,-23.40
21,0,38,-15.07
21,0,39,-10.51
21,0,40,-19.75
21,0,41,-5.44
21,1,0,-14.66
21,1,1,-19.14
21,1,2,-10.23
21,1,3,-10.71
21,1,4,-8.88
21,1,5,-8.47
21,1,6,31.60
21,1,7,3.68
21,1,8,-2.90
21,1,9,24.75
21,1,10,28.63
21,1,11,7.41
21,1,12,-15.35
21,1,13,-22.72
21,1,14,-23.61
21,1,15,-3.50
21,1,16,-21.12
21,1,17,-21.15
21,1,18,-8.20
21,1,19,40.99
21,1,20,-5.42
21,1,21,-28.99
21,1,22,22.32
21,1,23,-6.58
21,1,24,-22.40
21,1,25,5.65
21,1,26,-14.29
21,1,27,-27.88
21,1,28,2.25
21,1,29,-28.63
21,1,30,-4.40
21,1,31,-5.20
21,1,32,-10.80
21,1,33,-32.48
21,1,34,28.19
21,1,35,-18.66
21,1,36,-20.51
21,1,37,-12.22
21,1,38,3.66
21,1,39,-25.11
21,1,40,-29.63
21,1,41,-26.59
21,2,0,-20.59
21,2,1,-27.44
21,2,2,-20.75
21,2,3,-25.86
21,2,4,1.19
21,2,5,-6.87
21,2,6,2.87
21,2,7,-25.53
21,2,8,-32.31
21,2,9,-17.84
21,2,10,-2.87
21,2,11,-21.92
21,2,12,-7.09
21,2,13,-13.58
21,2,14,2.93
21,2,15,-3.90
21,2,16,-1.40
21,2,17,11.88
21,2,18,-20.30
21,2,19,5.91
21,2,20,-18.43
21,2,21,-11.17
21,2,22,-5.49
21,2,23,-43.86
21,2,24,-28.75
21,2,25,4.80
21,2,26,-2.56
21,2,27,-22.34
21,2,28,-4.21
21,2,29,-14.08
21,2,30,-36.85
21,2,31,-14.37
21,2,32,2.54
21,2,33,-16.14
21,2,34,-9.33
21,2,35,-38.98
21,2,36,-14.70
21,2,37,-45.15
21,2,38,-8.21
21,2,39,-15.69
21,2,40,-12.65
21,2,41,-11.46
21,3,0,-11.36
21,3,1,-10.11
21,3,2,-20.53
21,3,3,-19.39
21,3,4,9.75
21,3,5,-13.91
21,3,6,2.96
21,3,7,-23.33
21,3,8,-7.99
21,3,9,0.38
21,3,10,-12.09
21,3,11,-19.47
21,3,12,1.38
21,3,13,-3.26
21,3,14,-15.51
21,3,15,-6.97
21,3,16,-5.81
21,3,17,-9.52
21,3,18,29.62
21,3,19,6.63
21,3,20,1.49
21,3,21,8.49
21,3,22,38.58
21,3,23,-5.89
21,3,24,-10.31
21,3,25,15.68
21,3,26,-12.34
21,3,27,-7.78
21,3,28,2.37
21,3,29,-28.66
21,3,30,-20.45
21,3,31,1.51
21,3,32,-1.70
21,3,33,-27.56
21,3,34,-12.63
21,3,35,-27.51
21,3,36,-24.78
21,3,37,-26.38
21,3,38,-20.12
21,3,39,-14.81
21,3,40,-18.35
21,3,41,-27.52
21,4,0,-6.48
21,4,1,-11.69
21,4,2,-27.61
21,4,3,-20.67
21,4,4,33.10
21,4,5,2.45
21,4,6,-10.96
21,4,7,-32.95
21,4,8,-24.85
21,4,9,2.70
21,4,10,2.99
21,4,11,-26.02
21,4,12,-22.48
21,4,13,-35.99
21,4,14,-16.46
21,4,15,-27.84
21,4,16,-21.90
21,4,17,-16.63
21,4,18,-29.46
21,4,19,-7.02
21,4,20,-19.06
21,4,21,-21.25
21,4,22,9.10
21,4,23,7.99
21,4,24,9.81
21,4,25,41.69
21,4,26,15.92
21,4,27,-7.82
21,4,28,9.41
21,4,29,5.33
21,4,30,-24.55
21,4,31,-5.48
21,4,32,14.87
21,4,33,-25.56
21,4,34,-9.12
21,4,35,-16.99
21,4,36,-18.38
21,4,37,2.02
21,4,38,25.56
21,4,39,3.64
21,4,40,-24.15
21,4,41,-3.94
21,5,0,-24.92
21,5,1,-35.85
21,5,2,-19.26
21,5,3,-36.98
21,5,4,-7.30
21,5,5,-15.74
21,5,6,-12.26
21,5,7,-42.73
21,5,8,-25.44
21,5,9,17.61
21,5,10,-2.44
21,5,11,-28.51
21,5,12,-16.78
21,5,13,-14.11
21,5,14,-12.37
21,5,15,-30.61
21,5,16,-21.80
21,5,17,-32.31
21,5,18,-18.40
21,5,19,31.16
21,5,20,-18.75
21,5,21,-19.50
21,5,22,0.01
21,5,23,-13.25
21,5,24,-21.51
21,5,25,2.99
21,5,26,-5.44
21,5,27,-15.79
21,5,28,2.44
21,5,29,-21.85
21,5,30,-18.00
21,5,31,4.23
21,5,32,14.60
21,5,33,-4.76
21,5,34,12.43
21,5,35,-15.99
21,5,36,-28.86
21,5,37,-35.90
21,5,38,2.74
21,5,39,-40.18
21,5,40,-19.89
21,5,41,-13.15
21,6,0,-30.84
21,6,1,-21.62
21,6,2,-19.98
21,6,3,-15.25
21,6,4,1.04
21,6,5,-35.99
21,6,6,2.57
21,6,7,-31.16
21,6,8,-17.80
21,6,9,-14.40
21,6,10,9.06
21,6,11,-10.13
21,6,12,-15.89
21,6,13,2.81
21,6,14,6.38
21,6,15,-10.70
21,6,16,-17.19
21,6,17,-13.26
21,6,18,-25.16
21,6,19,12.20
21,6,20,-26.21
21,6,21,-18.92
21,6,22,13.80
21,6,23,-10.67
21,6,24,-12.92
21,6,25,3.78
21,6,26,2.52
21,6,27,-19.67
21,6,28,-1.57
21,6,29,-10.91
21,6,30,-16.45
21,6,31,3.09
21,6,32,8.95
21,6,33,-33.88
21,6,34,-9.50
21,6,35,-19.90
21,6,36,0.00
21,6,37,11.41
21,6,38,38.34
21,6,39,2.01
21,6,40,-6.71
21,6,41,2.60
22,0,0,-19.21
22,0,1,-11.47
22,0,2,17.12
22,0,3,6.15
22,0,4,5.21
22,0,5,-26.09
22,0,6,7.65
22,0,7,-26.94
22,0,8,-25.00
22,0,9,-9.68
22,0,10,-14.56
22,0,11,-17.29
22,0,12,-23.21
22,0,13,-14.06
22,0,14,-31.63
22,0,15,-20.13
22,0,16,-17.35
22,0,17,-21.82
22,0,18,-32.74
22,0,19,-16.63
22,0,20,-21.03
22,0,21,-8.43
22,0,22,-16.94
22,0,23,-40.22
22,0,24,-47.07
22,0,25,2.27
22,0,26,2.35
22,0,27,-15.99
22,0,28,2.85
22,0,29,-31.72
22,0,30,-29.97
22,0,31,6.83
22,0,32,-22.04
22,0,33,-15.58
22,0,34,-2.11
22,0,35,-15.57
22,0,36,-17.57
22,0,37,-23.40
22,0,38,-15.07
22,0,39,-10.51
22,0,40,-19.75
22,0,41,-5.44
22,1,0,-14.66
22,1,1,-19.14
22,1,2,-10.23
22,1,3,-10.71
22,1,4,-8.88
22,1,5,-8.47
22,1,6,31.60
22,1,7,3.68
22,1,8,-2.90
22,1,9,24.75
22,1,10,28.63
22,1,11,7.41
22,1,12,-15.35
22,1,13,-22.72
22,1,14,-23.61
22,1,15,-3.50
22,1,16,-21.12
22,1,17,-21.15
22,1,18,-8.20
22,1,19,40.99
22,1,20,-5.42
22,1,21,-28.99
22,1,22,22.32
22,1,23,-6.58
22,1,24,-22.40
22,1,25,5.65
22,1,26,-14.29
22,1,27,-27.88
22,1,28,2.25
22,1,29,-28.63
22,1,30,-4.40
22,1,31,-5.20
22,1,32,-10.80
22,1,33,-32.48
22,1,34,28.19
22,1,35,-18.66
22,1,36,-20.51
22,1,37,-12.22
22,1,38,3.66
22,1,39,-25.11
22,1,40,-29.63
22,1,41,-26.59
22,2,0,-20.59
22,2,1,-27.44
22,2,2,-20.75
22,2,3,-25.86
22,2,4,1.19
22,2,5,-6.87
22,2,6,2.87
22,2,7,-25.53
22,2,8,-32.31
22,2,9,-17.84
22,2,10,-2.87
22,2,11,-21.92
22,2,12,-7.09
22,2,13,-13.58
22,2,14,2.93
22,2,15,-3.90
22,2,16,-1.40
22,2,17,11.88
22,2,18,-20.30
22,2,19,5.91
22,2,20,-18.43
22,2,21,-11.17
22,2,22,-5.49
22,2,23,-43.86
22,2,24,-28.75
22,2,25,4.80
22,2,26,-2.56
22,2,27,-22.34
22,2,28,-4.21
22,2,29,-14.08
22,2,30,-36.85
22,2,31,-14.37
22,2,32,2.54
22,2,33,-16.14
22,2,34,-9.33
22,2,35,-38.98
22,2,36,-14.70
22,2,37,-45.15
22,2,38,-8.21
22,2,39,-15.69
22,2,40,-12.65
22,2,41,-11.46
22,3,0,-11.36
22,3,1,-10.11
22,3,2,-20.53
22,3,3,-19.39
22,3,4,9.75
22,3,5,-13.91
22,3,6,2.96
22,3,7,-23.33
22,3,8,-7.99
22,3,9,0.38
22,3,10,-12.09
22,3,11,-19.47
22,3,12,1.38
22,3,13,-3.26
22,3,14,-15.51
22,3,15,-6.97
22,3,16,-5.81
22,3,17,-9.52
22,3,18,29.62
22,3,19,6.63
22,3,20,1.49
22,3,21,8.49
22,3,22,38.58
22,3,23,-5.89
22,3,24,-10.31
22,3,25,15.68
22,3,26,-12.34
22,3,27,-7.78
22,3,28,2.37
22,3,29,-28.66
22,3,30,-20.45
22,3,31,1.51
22,3,32,-1.70
22,3,33,-27.56
22,3,34,-12.63
22,3,35,-27.51
22,3,36,-24.78
22,3,37,-26.38
22,3,38,-20.12
22,3,39,-14.81
22,3,40,-18.35
22,3,41,-27.52
22,4,0,-6.48
22,4,1,-11.69
22,4,2,-27.61
22,4,3,-20.67
22,4,4,33.10
22,4,5,2.45
22,4,6,-10.96
22,4,7,-32.95
22,4,8,-24.85
22,4,9,2.70
22,4,10,2.99
22,4,11,-26.02
22,4,12,-22.48
22,4,13,-35.99
22,4,14,-16.46
22,4,15,-27.84
22,4,16,-21.90
22,4,17,-16.63
22,4,18,-29.46
22,4,19,-7.02
22,4,20,-19.06
22,4,21,-21.25
22,4,22,9.10
22,4,23,7.99
22,4,24,9.81
22,4,25,41.69
22,4,26,15.92
22,4,27,-7.82
22,4,28,9.41
22,4,29,5.33
22,4,30,-24.55
22,4,31,-5.48
22,4,32,14.87
22,4,33,-25.56
22,4,34,-9.12
22,4,35,-16.99
22,4,36,-18.38
22,4,37,2.02
22,4,38,25.56
22,4,39,3.64
22,4,40,-24.15
22,4,41,-3.94
22,5,0,-24.92
22,5,1,-35.85
22,5,2,-19.26
22,5,3,-36.98
22,5,4,-7.30
22,5,5,-15.74
22,5,6,-12.26
22,5,7,-42.73
22,5,8,-25.44
22,5,9,17.61
22,5,10,-2.44
22,5,11,-28.51
22,5,12,-16.78
22,5,13,-14.11
22,5,14,-12.37
22,5,15,-30.61
22,5,16,-21.80
22,5,17,-32.31
22,5,18,-18.40
22,5,19,31.16
22,5,20,-18.75
22,5,21,-19.50
22,5,22,0.01
22,5,23,-13.25
22,5,24,-21.51
22,5,25,2.99
22,5,26,-5.44
22,5,27,-15.79
22,5,28,2.44
22,5,29,-21.85
22,5,30,-18.00
22,5,31,4.23
22,5,32,14.60
22,5,33,-4.76
22,5,34,12.43
22,5,35,-15.99
22,5,36,-28.86
22,5,37,-35.90
22,5,38,2.74
22,5,39,-40.18
22,5,40,-19.89
22,5,41,-13.15
22,6,0,-30.84
22,6,1,-21.62
22,6,2,-19.98
22,6,3,-15.25
22,6,4,1.04
22,6,5,-35.99
22,6,6,2.57
22,6,7,-31.16
22,6,8,-17.80
22,6,9,-14.40
22,6,10,9.06
22,6,11,-10.13
22,6,12,-15.89
22,6,13,2.81
22,6,14,6.38
22,6,15,-10.70
22,6,16,-17.19
22,6,17,-13.26
22,6,18,-25.16
22,6,19,12.20
22,6,20,-26.21
22,6,21,-18.92
22,6,22,13.80
22,6,23,-10.67
22,6,24,-12.92
22,6,25,3.78
22,6,26,2.52
22,6,27,-19.67
22,6,28,-1.57
22,6,29,-10.91
22,6,30,-16.45
22,6,31,3.09
22,6,32,8.95
22,6,33,-33.88
22,6,34,-9.50
22,6,35,-19.90
22,6,36,0.00
22,6,37,11.41
22,6,38,38.34
22,6,39,2.01
22,6,40,-6.71
22,6,41,2.60
23,0,0,-19.21
23,0,1,-11.47
23,0,2,17.12
23,0,3,6.15
23,0,4,5.21
23,0,5,-26.09
23,0,6,7.65
23,0,7,-26.94
23,0,8,-25.00
23,0,9,-9.68
23,0,10,-14.56
23,0,11,-17.29
23,0,12,-23.21
23,0,13,-14.06
23,0,14,-31.63
23,0,15,-20.13
23,0,16,-17.35
23,0,17,-21.82
23,0,18,-32.74
23,0,19,-16.63
23,0,20,-21.03
23,0,21,-8.43
23,0,22,-16.94
23,0,23,-40.22
23,0,24,-47.07
23,0,25,2.27
23,0,26,2.35
23,0,27,-15.99
23,0,28,2.85
23,0,29,-31.72
23,0,30,-29.97
23,0,31,6.83
23,0,32,-22.04
23,0,33,-15.58
23,0,34,-2.11
23,0,35,-15.57
23,0,36,-17.57
23,0,37,-23.40
23,0,38,-15.07
23,0,39,-10.51
23,0,40,-19.75
23,0,41,-5.44
23,1,0,-14.66
23,1,1,-19.14
23,1,2,-10.23
23,1,3,-10.71
23,1,4,-8.88
23,1,5,-8.47
23,1,6,31.60
23,1,7,3.68
23,1,8,-2.90
23,1,9,24.75
23,1,10,28.63
23,1,11,7.41
23,1,12,-15.35
23,1,13,-22.72
23,1,14,-23.61
23,1,15,-3.50
23,1,16,-21.12
23,1,17,-21.15
23,1,18,-8.20
23,1,19,40.99
23,1,20,-5.42
23,1,21,-28.99
23,1,22,22.32
23,1,23,-6.58
23,1,24,-22.40
23,1,25,5.65
23,1,26,-14.29
23,1,27,-27.88
23,1,28,2.25
23,1,29,-28.63
23,1,30,-4.40
23,1,31,-5.20
23,1,32,-10.80
23,1,33,-32.48
23,1,34,28.19
23,1,35,-18.66
23,1,36,-20.51
23,1,37,-12.22
23,1,38,3.66
23,1,39,-25.11
23,1,40,-29.63
23,1,41,-26.59
23,2,0,-20.59
23,2,1,-27.44
23,2,2,-20.75
23,2,3,-25.86
23,2,4,1.19
23,2,5,-6.87
23,2,6,2.87
23,2,7,-25.53
23,2,8,-32.31
23,2,9,-17.84
23,2,10,-2.87
23,2,11,-21.92
23,2,12,-7.09
23,2,13,-13.58
23,2,14,2.93
23,2,15,-3.90
23,2,16,-1.40
23,2,17,11.88
23,2,18,-20.30
23,2,19,5.91
23,2,20,-18.43
23,2,21,-11.17
23,2,22,-5.49
23,2,23,-43.86
23,2,24,-28.75
23,2,25,4.80
23,2,26,-2.56
23,2,27,-22.34
23,2,28,-4.21
23,2,29,-14.08
23,2,30,-36.85
23,2,31,-14.37
23,2,32,2.54
23,2,33,-16.14
23,2,34,-9.33
23,2,35,-38.98
23,2,36,-14.70
23,2,37,-45.15
23,2,38,-8.21
23,2,39,-15.69
23,2,40,-12.65
23,2,41,-11.46
23,3,0,-11.36
23,3,1,-10.11
23,3,2,-20.53
23,3,3,-19.39
23,3,4,9.75
23,3,5,-13.91
23,3,6,2.96
23,3,7,-23.33
23,3,8,-7.99
23,3,9,0.38
23,3,10,-12.09
23,3,11,-19.47
23,3,12,1.38
23,3,13,-3.26
23,3,14,-15.51
23,3,15,-6.97
23,3,16,-5.81
23,3,17,-9.52
23,3,18,29.62
23,3,19,6.63
23,3,20,1.49
23,3,21,8.49
23,3,22,38.58
23,3,23,-5.89
23,3,24,-10.31
23,3,25,15.68
23,3,26,-12.34
23,3,27,-7.78
23,3,28,2.37
23,3,29,-28.66
23,3,30,-20.45
23,3,31,1.51
23,3,32,-1.70
23,3,33,-27.56
23,3,34,-12.63
23,3,35,-27.51
23,3,36,-24.78
23,3,37,-26.38
23,3,38,-20.12
23,3,39,-14.81
23,3,40,-18.35
23,3,41,-27.52
23,4,0,-6.48
23,4,1,-11.69
23,4,2,-27.61
23,4,3,-20.67
23,4,4,33.10
23,4,5,2.45
23,4,6,-10.96
23,4,7,-32.95
23,4,8,-24.85
23,4,9,2.70
23,4,10,2.99
23,4,11,-26.02
23,4,12,-22.48
23,4,13,-35.99
23,4,14,-16.46
23,4,15,-27.84
23,4,16,-21.90
23,4,17,-16.63
23,4,18,-29.46
23,4,19,-7.02
23,4,20,-19.06
23,4,21,-21.25
23,4,22,9.10
23,4,23,7.99
23,4,24,9.81
23,4,25,41.69
23,4,26,15.92
23,4,27,-7.82
23,4,28,9.41
23,4,29,5.33
23,4,30,-24.55
23,4,31,-5.48
23,4,32,14.87
23,4,33,-25.56
23,4,34,-9.12
23,4,35,-16.99
23,4,36,-18.38
23,4,37,2.02
23,4,38,25.56
23,4,39,3.64
23,4,40,-24.15
23,4,41,-3.94
23,5,0,-24.92
23,5,1,-35.85
23,5,2,-19.26
23,5,3,-36.98
23,5,4,-7.30
23,5,5,-15.74
23,5,6,-12.26
23,5,7,-42.73
23,5,8,-25.44
23,5,9,17.61
23,5,10,-2.44
23,5,11,-28.51
23,5,12,-16.78
23,5,13,-14.11
23,5,14,-12.37
23,5,15,-30.61
23,5,16,-21.80
23,5,17,-32.31
23,5,18,-18.40
23,5,19,31.16
23,5,20,-18.75
23,5,21,-19.50
23,5,22,0.01
23,5,23,-13.25
23,5,24,-21.51
23,5,25,2.99
23,5,26,-5.44
23,5,27,-15.79
23,5,28,2.44
23,5,29,-21.85
23,5,30,-18.00
23,5,31,4.23
23,5,32,14.60
23,5,33,-4.76
23,5,34,12.43
23,5,35,-15.99
23,5,36,-28.86
23,5,37,-35.90
23,5,38,2.74
23,5,39,-40.18
23,5,40,-19.89
23,5,41,-13.15
23,6,0,-30.84
23,6,1,-21.62
23,6,2,-19.98
23,6,3,-15.25
23,6,4,1.04
23,6,5,-35.99
23,6,6,2.57
23,6,7,-31.16
23,6,8,-17.80
23,6,9,-14.40
23,6,10,9.06
23,6,11,-10.13
23,6,12,-15.89
23,6,13,2.81
23,6,14,6.38
23,6,15,-10.70
23,6,16,-17.19
23,6,17,-13.26
23,6,18,-25.16
23,6,19,12.20
23,6,20,-26.21
23,6,21,-18.92
23,6,22,13.80
23,6,23,-10.67
23,6,24,-12.92
23,6,25,3.78
23,6,26,2.52
23,6,27,-19.67
23,6,28,-1.57
23,6,29,-10.91
23,6,30,-16.45
23,6,31,3.09
23,6,32,8.95
23,6,33,-33.88
23,6,34,-9.50
23,6,35,-19.90
23,6,36,0.00
23,6,37,11.41
23,6,38,38.34
23,6,39,2.01
23,6,40,-6.71
23,6,41,2.60
24,0,0,-19.21
24,0,1,-11.47
24,0,2,17.12
24,0,3,6.15
24,0,4,5.21
24,0,5,-26.09
24,0,6,7.65
24,0,7,-26.94
24,0,8,-25.00
24,0,9,-9.68
24,0,10,-14.56
24,0,11,-17.29
24,0,12,-23.21
24,0,13,-14.06
24,0,14,-31.63
24,0,15,-20.13
24,0,16,-17.35
24,0,17,-21.82
24,0,18,-32.74
24,0,19,-16.63
24,0,20,-21.03
24,0,21,-8.43
24,0,22,-16.94
24,0,23,-40.22
24,0,24,-47.07
24,0,25,2.27
24,0,26,2.35
24,0,27,-15.99
24,0,28,2.85
24,0,29,-31.72
24,0,30,-29.97
24,0,31,6.83
24,0,32,-22.04
24,0,33,-15.58
24,0,34,-2.11
24,0,35,-15.57
24,0,36,-17.57
24,0,37,-23.40
24,0,38,-15.07
24,0,39,-10.51
24,0,40,-19.75
24,0,41,-5.44
24,1,0,-14.66
24,1,1,-19.14
24,1,2,-10.23
24,1,3,-10.71
24,1,4,-8.88
24,1,5,-8.47
24,1,6,31.60
24,1,7,3.68
24,1,8,-2.90
24,1,9,24.75
24,1,10,28.63
24,1,11,7.41
24,1,12,-15.35
24,1,13,-22.72
24,1,14,-23.61
24,1,15,-3.50
24,1,16,-21.12
24,1,17,-21.15
24,1,18,-8.20
24,1,19,40.99
24,1,20,-5.42
24,1,21,-28.99
24,1,22,22.32
24,1,23,-6.58
24,1,24,-22.40
24,1,25,5.65
24,1,26,-14.29
24,1,27,-27.88
24,1,28,2.25
24,1,29,-28.63
24,1,30,-4.40
24,1,31,-5.20
24,1,32,-10.80
24,1,33,-32.48
24,1,34,28.19
24,1,35,-18.66
24,1,36,-20.51
24,1,37,-12.22
24,1,38,3.66
24,1,39,-25.11
24,1,40,-29.63
24,1,41,-26.59
24,2,0,-20.59
24,2,1,-27.44
24,2,2,-20.75
24,2,3,-25.86
24,2,4,1.19
24,2,5,-6.87
24,2,6,2.87
24,2,7,-25.53
24,2,8,-32.31
24,2,9,-17.84
24,2,10,-2.87
24,2,11,-21.92
24,2,12,-7.09
24,2,13,-13.58
24,2,14,2.93
24,2,15,-3.90
24,2,16,-1.40
24,2,17,11.88
24,2,18,-20.30
24,2,19,5.91
24,2,20,-18.43
24,2,21,-11.17
24,2,22,-5.49
24,2,23,-43.86
24,2,24,-28.75
24,2,25,4.80
24,2,26,-2.56
24,2,27,-22.34
24,2,28,-4.21
24,2,29,-14.08
24,2,30,-36.85
24,2,31,-14.37
24,2,32,2.54
24,2,33,-16.14
24,2,34,-9.33
24,2,35,-38.98
24,2,36,-14.70
24,2,37,-45.15
24,2,38,-8.21
24,2,39,-15.69
24,2,40,-12.65
24,2,41,-11.46
24,3,0,-11.36
24,3,1,-10.11
24,3,2,-20.53
24,3,3,-19.39
24,3,4,9.75
24,3,5,-13.91
24,3,6,2.96
24,3,7,-23.33
24,3,8,-7.99
24,3,9,0.38
24,3,10,-12.09
24,3,11,-19.47
24,3,12,1.38
24,3,13,-3.26
24,3,14,-15.51
24,3,15,-6.97
24,3,16,-5.81
24,3,17,-9.52
24,3,18,29.62
24,3,19,6.63
24,3,20,1.49
24,3,21,8.49
24,3,22,38.58
24,3,23,-5.89
24,3,24,-10.31
24,3,25,15.68
24,3,26,-12.34
24,3,27,-7.78
24,3,28,2.37
24,3,29,-28.66
24,3,30,-20.45
24,3,31,1.51
24,3,32,-1.70
24,3,33,-27.56
24,3,34,-12.63
24,3,35,-27.51
24,3,36,-24.78
24,3,37,-26.38
24,3,38,-20.12
24,3,39,-14.81
24,3,40,-18.35
24,3,41,-27.52
24,4,0,-6.48
24,4,1,-11.69
24,4,2,-27.61
24,4,3,-20.67
24,4,4,33.10
24,4,5,2.45
24,4,6,-10.96
24,4,7,-32.95
24,4,8,-24.85
24,4,9,2.70
24,4,10,2.99
24,4,11,-26.02
24,4,12,-22.48
24,4,13,-35.99
24,4,14,-16.46
24,4,15,-27.84
24,4,16,-21.90
24,4,17,-16.63
24,4,18,-29.46
24,4,19,-7.02
24,4,20,-19.06
24,4,21,-21.25
24,4,22,9.10
24,4,23,7.99
24,4,24,9.81
24,4,25,41.69
24,4,26,15.92
24,4,27,-7.82
24,4,28,9.41
24,4,29,5.33
24,4,30,-24.55
24,4,31,-5.48
24,4,32,14.87
24,4,33,-25.56
24,4,34,-9.12
24,4,35,-16.99
24,4,36,-18.38
24,4,37,2.02
24,4,38,25.56
24,4,39,3.64
24,4,40,-24.15
24,4,41,-3.94
24,5,0,-24.92
24,5,1,-35.85
24,5,2,-19.26
24,5,3,-36.98
24,5,4,-7.30
24,5,5,-15.74
24,5,6,-12.26
24,5,7,-42.73
24,5,8,-25.44
24,5,9,17.61
24,5,10,-2.44
24,5,11,-28.51
24,5,12,-16.78
24,5,13,-14.11
24,5,14,-12.37
24,5,15,-30.61
24,5,16,-21.80
24,5,17,-32.31
24,5,18,-18.40
24,5,19,31.16
24,5,20,-18.75
24,5,21,-19.50
24,5,22,0.01
24,5,23,-13.25
24,5,24,-21.51
24,5,25,2.99
24,5,26,-5.44
24,5,27,-15.79
24,5,28,2.44
24,5,29,-21.85
24,5,30,-18.00
24,5,31,4.23
24,5,32,14.60
24,5,33,-4.76
24,5,34,12.43
24,5,35,-15.99
24,5,36,-28.86
24,5,37,-35.90
24,5,38,2.74
24,5,39,-40.18
24,5,40,-19.89
24,5,41,-13.15
24,6,0,-30.84
24,6,1,-21.62
24,6,2,-19.98
24,6,3,-15.25
24,6,4,1.04
24,6,5,-35.99
24,6,6,2.57
24,6,7,-31.16
24,6,8,-17.80
24,6,9,-14.40
24,6,10,9.06
24,6,11,-10.13
24,6,12,-15.89
24,6,13,2.81
24,6,14,6.38
24,6,15,-10.70
24,6,16,-17.19
24,6,17,-13.26
24,6,18,-25.16
24,6,19,12.20
24,6,20,-26.21
24,6,21,-18.92
24,6,22,13.80
24,6,23,-10.67
24,6,24,-12.92
24,6,25,3.78
24,6,26,2.52
24,6,27,-19.67
24,6,28,-1.57
24,6,29,-10.91
24,6,30,-16.45
24,6,31,3.09
24,6,32,8.95
24,6,33,-33.88
24,6,34,-9.50
24,6,35,-19.90
24,6,36,0.00
24,6,37,11.41
24,6,38,38.34
24,6,39,2.01
24,6,40,-6.71
24,6,41,2.60
25,0,0,-19.21
25,0,1,-11.47
25,0,2,17.12
25,0,3,6.15
25,0,4,5.21
25,0,5,-26.09
25,0,6,7.65
25,0,7,-26.94
25,0,8,-25.00
25,0,9,-9.68
25,0,10,-14.56
25,0,11,-17.29
25,0,12,-23.21
25,0,13,-14.06
25,0,14,-31.63
25,0,15,-20.13
25,0,16,-17.35
25,0,17,-21.82
25,0,18,-32.74
25,0,19,-16.63
25,0,20,-21.03
25,0,21,-8.43
25,0,22,-16.94
25,0,23,-40.22
25,0,24,-47.07
25,0,25,2.27
25,0,26,2.35
25,0,27,-15.99
25,0,28,2.85
25,0,29,-31.72
25,0,30,-29.97
25,0,31,6.83
25,0,32,-22.04
25,0,33,-15.58
25,0,34,-2.11
25,0,35,-15.57
25,0,36,-17.57
25,0,37,-23.40
25,0,38,-15.07
25,0,39,-10.51
25,0,40,-19.75
25,0,41,-5.44
25,1,0,-14.66
25,1,1,-19.14
25,1,2,-10.23
25,1,3,-10.71
25,1,4,-8.88
25,1,5,-8.47
25,1,6,31.60
25,1,7,3.68
25,1,8,-2.90
25,1,9,24.75
25,1,10,28.63
25,1,11,7.41
25,1,12,-15.35
25,1,13,-22.72
25,1,14,-23.61
25,1,15,-3.50
25,1,16,-21.12
25,1,17,-21.15
25,1,18,-8.20
25,1,19,40.99
25,1,20,-5.42
25,1,21,-28.99
25,1,22,22.32
25,1,23,-6.58
25,1,24,-22.40
25,1,25,5.65
25,1,26,-14.29
25,1,27,-27.88
25,1,28,2.25
25,1,29,-28.63
25,1,30,-4.40
25,1,31,-5.20
25,1,32,-10.80
25,1,33,-32.48
25,1,34,28.19
25,1,35,-18.66
25,1,36,-20.51
25,1,37,-12.22
25,1,38,3.66
25,1,39,-25.11
25,1,40,-29.63
25,1,41,-26.59
25,2,0,-20.59
25,2,1,-27.44
25,2,2,-20.75
25,2,3,-25.86
25,2,4,1.19
25,2,5,-6.87
25,2,6,2.87
25,2,7,-25.53
25,2,8,-32.31
25,2,9,-17.84
25,2,10,-2.87
25,2,11,-21.92
25,2,12,-7.09
25,2,13,-13.58
25,2,14,2.93
25,2,15,-3.90
25,2,16,-1.40
25,2,17,11.88
25,2,18,-20.30
25,2,19,5.91
25,2,20,-18.43
25,2,21,-11.17
25,2,22,-5.49
25,2,23,-43.86
25,2,24,-28.75
25,2,25,4.80
25,2,26,-2.56
25,2,27,-22.34
25,2,28,-4.21
25,2,29,-14.08
25,2,30,-36.85
25,2,31,-14.37
25,2,32,2.54
25,2,33,-16.14
25,2,34,-9.33
25,2,35,-38.98
25,2,36,-14.70
25,2,37,-45.15
25,2,38,-8.21
25,2,39,-15.69
25,2,40,-12.65
25,2,41,-11.46
25,3,0,-11.36
25,3,1,-10.11
25,3,2,-20.53
25,3,3,-19.39
25,3,4,9.75
25,3,5,-13.91
25,3,6,2.96
25,3,7,-23.33
25,3,8,-7.99
25,3,9,0.38
25,3,10,-12.09
25,3,11,-19.47
25,3,12,1.38
25,3,13,-3.26
25,3,14,-15.51
25,3,15,-6.97
25,3,16,-5.81
25,3,17,-9.52
25,3,18,29.62
25,3,19,6.63
25,3,20,1.49
25,3,21,8.49
25,3,22,38.58
25,3,23,-5.89
25,3,24,-10.31
25,3,25,15.68
25,3,26,-12.34
25,3,27,-7.78
25,3,28,2.37
25,3,29,-28.66
25,3,30,-20.45
25,3,31,1.51
25,3,32,-1.70
25,3,33,-27.56
25,3,34,-12.63
25,3,35,-27.51
25,3,36,-24.78
25,3,37,-26.38
25,3,38,-20.12
25,3,39,-14.81
25,3,40,-18.35
25,3,41,-27.52
25,4,0,-6.48
25,4,1,-11.69
25,4,2,-27.61
25,4,3,-20.67
25,4,4,33.10
25,4,5,2.45
25,4,6,-10.96
25,4,7,-32.95
25,4,8,-24.85
25,4,9,2.70
25,4,10,2.99
25,4,11,-26.02
25,4,12,-22.48
25,4,13,-35.99
25,4,14,-16.46
25,4,15,-27.84
25,4,16,-21.90
25,4,17,-16.63
25,4,18,-29.46
25,4,19,-7.02
25,4,20,-19.06
25,4,21,-21.25
25,4,22,9.10
25,4,23,7.99
25,4,24,9.81
25,4,25,41.69
25,4,26,15.92
25,4,27,-7.82
25,4,28,9.41
25,4,29,5.33
25,4,30,-24.55
25,4,31,-5.48
25,4,32,14.87
25,4,33,-25.56
25,4,34,-9.12
25,4,35,-16.99
25,4,36,-18.38
25,4,37,2.02
25,4,38,25.56
25,4,39,3.64
25,4,40,-24.15
25,4,41,-3.94
25,5,0,-24.92
25,5,1,-35.85
25,5,2,-19.26
25,5,3,-36.98
25,5,4,-7.30
25,5,5,-15.74
25,5,6,-12.26
25,5,7,-42.73
25,5,8,-25.44
25,5,9,17.61
25,5,10,-2.44
25,5,11,-28.51
25,5,12,-16.78
25,5,13,-14.11
25,5,14,-12.37
25,5,15,-30.61
25,5,16,-21.80
25,5,17,-32.31
25,5,18,-18.40
25,5,19,31.16
25,5,20,-18.75
25,5,21,-19.50
25,5,22,0.01
25,5,23,-13.25
25,5,24,-21.51
25,5,25,2.99
25,5,26,-5.44
25,5,27,-15.79
25,5,28,2.44
25,5,29,-21.85
25,5,30,-18.00
25,5,31,4.23
25,5,32,14.60
25,5,33,-4.76
25,5,34,12.43
25,5,35,-15.99
25,5,36,-28.86
25,5,37,-35.90
25,5,38,2.74
25,5,39,-40.18
25,5,40,-19.89
25,5,41,-13.15
25,6,0,-30.84
25,6,1,-21.62
25,6,2,-19.98
25,6,3,-15.25
25,6,4,1.04
25,6,5,-35.99
25,6,6,2.57
25,6,7,-31.16
25,6,8,-17.80
25,6,9,-14.40
25,6,10,9.06
25,6,11,-10.13
25,6,12,-15.89
25,6,13,2.81
25,6,14,6.38
25,6,15,-10.70
25,6,16,-17.19
25,6,17,-13.26
25,6,18,-25.16
25,6,19,12.20
25,6,20,-26.21
25,6,21,-18.92
25,6,22,13.80
25,6,23,-10.67
25,6,24,-12.92
25,6,25,3.78
25,6,26,2.52
25,6,27,-19.67
25,6,28,-1.57
25,6,29,-10.91
25,6,30,-16.45
25,6,31,3.09
25,6,32,8.95
25,6,33,-33.88
25,6,34,-9.50
25,6,35,-19.90
25,6,36,0.00
25,6,37,11.41
25,6,38,38.34
25,6,39,2.01
25,6,40,-6.71
25,6,41,2.60
26,0,0,-19.21
26,0,1,-11.47
26,0,2,17.12
26,0,3,6.15
26,0,4,5.21
26,0,5,-26.09
26,0,6,7.65
26,0,7,-26.94
26,0,8,-25.00
26,0,9,-9.68
26,0,10,-14.56
26,0,11,-17.29
26,0,12,-23.21
26,0,13,-14.06
26,0,14,-31.63
26,0,15,-20.13
26,0,16,-17.35
26,0,17,-21.82
26,0,18,-32.74
26,0,19,-16.63
26,0,20,-21.03
26,0,21,-8.43
26,0,22,-16.94
26,0,23,-40.22
26,0,24,-47.07
26,0,25,2.27
26,0,26,2.35
26,0,27,-15.99
26,0,28,2.85
26,0,29,-31.72
26,0,30,-29.97
26,0,31,6.83
26,0,32,-22.04
26,0,33,-15.58
26,0,34,-2.11
26,0,35,-15.57
26,0,36,-17.57
26,0,37,-23.40
26,0,38,-15.07
26,0,39,-10.51
26,0,40,-19.75
26,0,41,-5.44
26,1,0,-14.66
26,1,1,-19.14
26,1,2,-10.23
26,1,3,-10.71
26,1,4,-8.88
26,1,5,-8.47
26,1,6,31.60
26,1,7,3.68
26,1,8,-2.90
26,1,9,24.75
26,1,10,28.63
26,1,11,7.41
26,1,12,-15.35
26,1,13,-22.72
26,1,14,-23.61
26,1,15,-3.50
26,1,16,-21.12
26,1,17,-21.15
26,1,18,-8.20
26,1,19,40.99
26,1,20,-5.42
26,1,21,-28.99
26,1,22,22.32
26,1,23,-6.58
26,1,24,-22.40
26,1,25,5.65
26,1,26,-14.29
26,1,27,-27.88
26,1,28,2.25
26,1,29,-28.63
26,1,30,-4.40
26,1,31,-5.20
26,1,32,-10.80
26,1,33,-32.48
26,1,34,28.19
26,1,35,-18.66
26,1,36,-20.51
26,1,37,-12.22
26,1,38,3.66
26,1,39,-25.11
26,1,40,-29.63
26,1,41,-26.59
26,2,0,-20.59
26,2,1,-27.44
26,2,2,-20.75
26,2,3,-25.86
26,2,4,1.19
26,2,5,-6.87
26,2,6,2.87
26,2,7,-25.53
26,2,8,-32.31
26,2,9,-17.84
26,2,10,-2.87
26,2,11,-21.92
26,2,12,-7.09
26,2,13,-13.58
26,2,14,2.93
26,2,15,-3.90
26,2,16,-1.40
26,2,17,11.88
26,2,18,-20.30
26,2,19,5.91
26,2,20,-18.43
26,2,21,-11.17
26,2,22,-5.49
26,2,23,-43.86
26,2,24,-28.75
26,2,25,4.80
26,2,26,-2.56
26,2,27,-22.34
26,2,28,-4.21
26,2,29,-14.08
26,2,30,-36.85
26,2,31,-14.37
26,2,32,2.54
26,2,33,-16.14
26,2,34,-9.33
26,2,35,-38.98
26,2,36,-14.70
26,2,37,-45.15
26,2,38,-8.21
26,2,39,-15.69
26,2,40,-12.65
26,2,41,-11.46
26,3,0,-11.36
26,3,1,-10.11
26,3,2,-20.53
26,3,3,-19.39
26,3,4,9.75
26,3,5,-13.91
26,3,6,2.96
26,3,7,-23.33
26,3,8,-7.99
26,3,9,0.38
26,3,10,-12.09
26,3,11,-19.47
26,3,12,1.38
26,3,13,-3.26
26,3,14,-15.51
26,3,15,-6.97
26,3,16,-5.81
26,3,17,-9.52
26,3,18,29.62
26,3,19,6.63
26,3,20,1.49
26,3,21,8.49
26,3,22,38.58
26,3,23,-5.89
26,3,24,-10.31
26,3,25,15.68
26,3,26,-12.34
26,3,27,-7.78
26,3,28,2.37
26,3,29,-28.66
26,3,30,-20.45
26,3,31,1.51
26,3,32,-1.70
26,3,33,-27.56
26,3,34,-12.63
26,3,35,-27.51
26,3,36,-24.78
26,3,37,-26.38
26,3,38,-20.12
26,3,39,-14.81
26,3,40,-18.35
26,3,41,-27.52
26,4,0,-6.48
26,4,1,-11.69
26,4,2,-27.61
26,4,3,-20.67
26,4,4,33.10
26,4,5,2.45
26,4,6,-10.96
26,4,7,-32.95
26,4,8,-24.85
26,4,9,2.70
26,4,10,2.99
26,4,11,-26.02
26,4,12,-22.48
26,4,13,-35.99
26,4,14,-16.46
26,4,15,-27.84
26,4,16,-21.90
26,4,17,-16.63
26,4,18,-29.46
26,4,19,-7.02
26,4,20,-19.06
26,4,21,-21.25
26,4,22,9.10
26,4,23,7.99
26,4,24,9.81
26,4,25,41.69
26,4,26,15.92
26,4,27,-7.82
26,4,28,9.41
26,4,29,5.33
26,4,30,-24.55
26,4,31,-5.48
26,4,32,14.87
26,4,33,-25.56
26,4,34,-9.12
26,4,35,-16.99
26,4,36,-18.38
26,4,37,2.02
26,4,38,25.56
26,4,39,3.64
26,4,40,-24.15
26,4,41,-3.94
26,5,0,-24.92
26,5,1,-35.85
26,5,2,-19.26
26,5,3,-36.98
26,5,4,-7.30
26,5,5,-15.74
26,5,6,-12.26
26,5,7,-42.73
26,5,8,-25.44
26,5,9,17.61
26,5,10,-2.44
26,5,11,-28.51
26,5,12,-16.78
26,5,13,-14.11
26,5,14,-12.37
26,5,15,-30.61
26,5,16,-21.80
26,5,17,-32.31
26,5,18,-18.40
26,5,19,31.16
26,5,20,-18.75
26,5,21,-19.50
26,5,22,0.01
26,5,23,-13.25
26,5,24,-21.51
26,5,25,2.99
26,5,26,-5.44
26,5,27,-15.79
26,5,28,2.44
26,5,29,-21.85
26,5,30,-18.00
26,5,31,4.23
26,5,32,14.60
26,5,33,-4.76
26,5,34,12.43
26,5,35,-15.99
26,5,36,-28.86
26,5,37,-35.90
26,5,38,2.74
26,5,39,-40.18
26,5,40,-19.89
26,5,41,-13.15
26,6,0,-30.84
26,6,1,-21.62
26,6,2,-19.98
26,6,3,-15.25
26,6,4,1.04
26,6,5,-35.99
26,6,6,2.57
26,6,7,-31.16
26,6,8,-17.80
26,6,9,-14.40
26,6,10,9.06
26,6,11,-10.13
26,6,12,-15.89
26,6,13,2.81
26,6,14,6.38
26,6,15,-10.70
26,6,16,-17.19
26,6,17,-13.26
26,6,18,-25.16
26,6,19,12.20
26,6,20,-26.21
26,6,21,-18.92
26,6,22,13.80
26,6,23,-10.67
26,6,24,-12.92
26,6,25,3.78
26,6,26,2.52
26,6,27,-19.67
26,6,28,-1.57
26,6,29,-10.91
26,6,30,-16.45
26,6,31,3.09
26,6,32,8.95
26,6,33,-33.88
26,6,34,-9.50
26,6,35,-19.90
26,6,36,0.00
26,6,37,11.41
26,6,38,38.34
26,6,39,2.01
26,6,40,-6.71
26,6,41,2.60
27,0,0,-19.21
27,0,1,-11.47
27,0,2,17.12
27,0,3,6.15
27,0,4,5.21
27,0,5,-26.09
27,0,6,7.65
27,0,7,-26.94
27,0,8,-25.00
27,0,9,-9.68
27,0,10,-14.56
27,0,11,-17.29
27,0,12,-23.21
27,0,13,-14.06
27,0,14,-31.63
27,0,15,-20.13
27,0,16,-17.35
27,0,17,-21.82
27,0,18,-32.74
27,0,19,-16.63
27,0,20,-21.03
27,0,21,-8.43
27,0,22,-16.94
27,0,23,-40.22
27,0,24,-47.07
27,0,25,2.27
27,0,26,2.35
27,0,27,-15.99
27,0,28,2.85
27,0,29,-31.72
27,0,30,-29.97
27,0,31,6.83
27,0,32,-22.04
27,0,33,-15.58
27,0,34,-2.11
27,0,35,-15.57
27,0,36,-17.57
27,0,37,-23.40
27,0,38,-15.07
27,0,39,-10.51
27,0,40,-19.75
27,0,41,-5.44
27,1,0,-14.66
27,1,1,-19.14
27,1,2,-10.23
27,1,3,-10.71
27,1,4,-8.88
27,1,5,-8.47
27,1,6,31.60
27,1,7,3.68
27,1,8,-2.90
27,1,9,24.75
27,1,10,28.63
27,1,11,7.41
27,1,12,-15.35
27,1,13,-22.72
27,1,14,-23.61
27,1,15,-3.50
27,1,16,-21.12
27,1,17,-21.15
27,1,18,-8.20
27,1,19,40.99
27,1,20,-5.42
27,1,21,-28.99
27,1,22,22.32
27,1,23,-6.58
27,1,24,-22.40
27,1,25,5.65
27,1,26,-14.29
27,1,27,-27.88
27,1,28,2.25
27,1,29,-28.63
27,1,30,-4.40
27,1,31,-5.20
27,1,32,-10.80
27,1,33,-32.48
27,1,34,28.19
27,1,35,-18.66
27,1,36,-20.51
27,1,37,-12.22
27,1,38,3.66
27,1,39,-25.11
27,1,40,-29.63
27,1,41,-26.59
27,2,0,-20.59
27,2,1,-27.44
27,2,2,-20.75
27,2,3,-25.86
27,2,4,1.19
27,2,5,-6.87
27,2,6,2.87
27,2,7,-25.53
27,2,8,-32.31
27,2,9,-17.84
27,2,10,-2.87
27,2,11,-21.92
27,2,12,-7.09
27,2,13,-13.58
27,2,14,2.93
27,2,15,-3.90
27,2,16,-1.40
27,2,17,11.88
27,2,18,-20.30
27,2,19,5.91
27,2,20,-18.43
27,2,21,-11.17
27,2,22,-5.49
27,2,23,-43.86
27,2,24,-28.75
27,2,25,4.80
27,2,26,-2.56
27,2,27,-22.34
27,2,28,-4.21
27,2,29,-14.08
27,2,30,-36.85
27,2,31,-14.37
27,2,32,2.54
27,2,33,-16.14
27,2,34,-9.33
27,2,35,-38.98
27,2,36,-14.70
27,2,37,-45.15
27,2,38,-8.21
27,2,39,-15.69
27,2,40,-12.65
27,2,41,-11.46
27,3,0,-11.36
27,3,1,-10.11
27,3,2,-20.53
27,3,3,-19.39
27,3,4,9.75
27,3,5,-13.91
27,3,6,2.96
27,3,7,-23.33
27,3,8,-7.99
27,3,9,0.38
27,3,10,-12.09
27,3,11,-19.47
27,3,12,1.38
27,3,13,-3.26
27,3,14,-15.51
27,3,15,-6.97
27,3,16,-5.81
27,3,17,-9.52
27,3,18,29.62
27,3,19,6.63
27,3,20,1.49
27,3,21,8.49
27,3,22,38.58
27,3,23,-5.89
27,3,24,-10.31
27,3,25,15.68
27,3,26,-12.34
27,3,27,-7.78
27,3,28,2.37
27,3,29,-28.66
27,3,30,-20.45
27,3,31,1.51
27,3,32,-1.70
27,3,33,-27.56
27,3,34,-12.63
27,3,35,-27.51
27,3,36,-24.78
27,3,37,-26.38
27,3,38,-20.12
27,3,39,-14.81
27,3,40,-18.35
27,3,41,-27.52
27,4,0,-6.48
27,4,1,-11.69
27,4,2,-27.61
27,4,3,-20.67
27,4,4,33.10
27,4,5,2.45
27,4,6,-10.96
27,4,7,-32.95
27,4,8,-24.85
27,4,9,2.70
27,4,10,2.99
27,4,11,-26.02
27,4,12,-22.48
27,4,13,-35.99
27,4,14,-16.46
27,4,15,-27.84
27,4,16,-21.90
27,4,17,-16.63
27,4,18,-29.46
27,4,19,-7.02
27,4,20,-19.06
27,4,21,-21.25
27,4,22,9.10
27,4,23,7.99
27,4,24,9.81
27,4,25,41.69
27,4,26,15.92
27,4,27,-7.82
27,4,28,9.41
27,4,29,5.33
27,4,30,-24.55
27,4,31,-5.48
27,4,32,14.87
27,4,33,-25.56
27,4,34,-9.12
27,4,35,-16.99
27,4,36,-18.38
27,4,37,2.02
27,4,38,25.56
27,4,39,3.64
27,4,40,-24.15
27,4,41,-3.94
27,5,0,-24.92
27,5,1,-35.85
27,5,2,-19.26
27,5,3,-36.98
27,5,4,-7.30
27,5,5,-15.74
27,5,6,-12.26
27,5,7,-42.73
27,5,8,-25.44
27,5,9,17.61
27,5,10,-2.44
27,5,11,-28.51
27,5,12,-16.78
27,5,13,-14.11
27,5,14,-12.37
27,5,15,-30.61
27,5,16,-21.80
27,5,17,-32.31
27,5,18,-18.40
27,5,19,31.16
27,5,20,-18.75
27,5,21,-19.50
27,5,22,0.01
27,5,23,-13.25
27,5,24,-21.51
27,5,25,2.99
27,5,26,-5.44
27,5,27,-15.79
27,5,28,2.44
27,5,29,-21.85
27,5,30,-18.00
27,5,31,4.23
27,5,32,14.60
27,5,33,-4.76
27,5,34,12.43
27,5,35,-15.99
27,5,36,-28.86
27,5,37,-35.90
27,5,38,2.74
27,5,39,-40.18
27,5,40,-19.89
27,5,41,-13.15
27,6,0,-30.84
27,6,1,-21.62
27,6,2,-19.98
27,6,3,-15.25
27,6,4,1.04
27,6,5,-35.99
27,6,6,2.57
27,6,7,-31.16
27,6,8,-17.80
27,6,9,-14.40
27,6,10,9.06
27,6,11,-10.13
27,6,12,-15.89
27,6,13,2.81
27,6,14,6.38
27,6,15,-10.70
27,6,16,-17.19
27,6,17,-13.26
27,6,18,-25.16
27,6,19,12.20
27,6,20,-26.21
27,6,21,-18.92
27,6,22,13.80
27,6,23,-10.67
27,6,24,-12.92
27,6,25,3.78
27,6,26,2.52
27,6,27,-19.67
27,6,28,-1.57
27,6,29,-10.91
27,6,30,-16.45
27,6,31,3.09
27,6,32,8.95
27,6,33,-33.88
27,6,34,-9.50
27,6,35,-19.90
27,6,36,0.00
27,6,37,11.41
27,6,38,38.34
27,6,39,2.01
27,6,40,-6.71
27,6,41,2.60
28,0,0,-19.21
28,0,1,-11.47
28,0,2,17.12
28,0,3,6.15
28,0,4,5.21
28,0,5,-26.09
28,0,6,7.65
28,0,7,-26.94
28,0,8,-25.00
28,0,9,-9.68
28,0,10,-14.56
28,0,11,-17.29
28,0,12,-23.21
28,0,13,-14.06
28,0,14,-31.63
28,0,15,-20.13
28,0,16,-17.35
28,0,17,-21.82
28,0,18,-32.74
28,0,19,-16.63
28,0,20,-21.03
28,0,21,-8.43
28,0,22,-16.94
28,0,23,-40.22
28,0,24,-47.07
28,0,25,2.27
28,0,26,2.35
28,0,27,-15.99
28,0,28,2.85
28,0,29,-31.72
28,0,30,-29.97
28,0,31,6.83
28,0,32,-22.04
28,0,33,-15.58
28,0,34,-2.11
28,0,35,-15.57
28,0,36,-17.57
28,0,37,-23.40
28,0,38,-15.07
28,0,39,-10.51
28,0,40,-19.75
28,0,41,-5.44
28,1,0,-14.66
28,1,1,-19.14
28,1,2,-10.23
28,1,3,-10.71
28,1,4,-8.88
28,1,5,-8.47
28,1,6,31.60
28,1,7,3.68
28,1,8,-2.90
28,1,9,24.75
28,1,10,28.63
28,1,11,7.41
28,1,12,-15.35
28,1,13,-22.72
28,1,14,-23.61
28,1,15,-3.50
28,1,16,-21.12
28,1,17,-21.15
28,1,18,-8.20
28,1,19,40.99
28,1,20,-5.42
28,1,21,-28.99
28,1,22,22.32
28,1,23,-6.58
28,1,24,-22.40
28,1,25,5.65
28,1,26,-14.29
28,1,27,-27.88
28,1,28,2.25
28,1,29,-28.63
28,1,30,-4.40
28,1,31,-5.20
28,1,32,-10.80
28,1,33,-32.48
28,1,34,28.19
28,1,35,-18.66
28,1,36,-20.51
28,1,37,-12.22
28,1,38,3.66
28,1,39,-25.11
28,1,40,-29.63
28,1,41,-26.59
28,2,0,-20.59
28,2,1,-27.44
28,2,2,-20.75
28,2,3,-25.86
28,2,4,1.19
28,2,5,-6.87
28,2,6,2.87
28,2,7,-25.53
28,2,8,-32.31
28,2,9,-17.84
28,2,10,-2.87
28,2,11,-21.92
28,2,12,-7.09
28,2,13,-13.58
28,2,14,2.93
28,2,15,-3.90
28,2,16,-1.40
28,2,17,11.88
28,2,18,-20.30
28,2,19,5.91
28,2,20,-18.43
28,2,21,-11.17
28,2,22,-5.49
28,2,23,-43.86
28,2,24,-28.75
28,2,25,4.80
28,2,26,-2.56
28,2,27,-22.34
28,2,28,-4.21
28,2,29,-14.08
28,2,30,-36.85
28,2,31,-14.37
28,2,32,2.54
28,2,33,-16.14
28,2,34,-9.33
28,2,35,-38.98
28,2,36,-14.70
28,2,37,-45.15
28,2,38,-8.21
28,2,39,-15.69
28,2,40,-12.65
28,2,41,-11.46
28,3,0,-11.36
28,3,1,-10.11
28,3,2,-20.53
28,3,3,-19.39
28,3,4,9.75
28,3,5,-13.91
28,3,6,2.96
28,3,7,-23.33
28,3,8,-7.99
28,3,9,0.38
28,3,10,-12.09
28,3,11,-19.47
28,3,12,1.38
28,3,13,-3.26
28,3,14,-15.51
28,3,15,-6.97
28,3,16,-5.81
28,3,17,-9.52
28,3,18,29.62
28,3,19,6.63
28,3,20,1.49
28,3,21,8.49
28,3,22,38.58
28,3,23,-5.89
28,3,24,-10.31
28,3,25,15.68
28,3,26,-12.34
28,3,27,-7.78
28,3,28,2.37
28,3,29,-28.66
28,3,30,-20.45
28,3,31,1.51
28,3,32,-1.70
28,3,33,-27.56
28,3,34,-12.63
28,3,35,-27.51
28,3,36,-24.78
28,3,37,-26.38
28,3,38,-20.12
28,3,39,-14.81
28,3,40,-18.35
28,3,41,-27.52
28,4,0,-6.48
28,4,1,-11.69
28,4,2,-27.61
28,4,3,-20.67
28,4,4,33.10
28,4,5,2.45
28,4,6,-10.96
28,4,7,-32.95
28,4,8,-24.85
28,4,9,2.70
28,4,10,2.99
28,4,11,-26.02
28,4,12,-22.48
28,4,13,-35.99
28,4,14,-16.46
28,4,15,-27.84
28,4,16,-21.90
28,4,17,-16.63
28,4,18,-29.46
28,4,19,-7.02
28,4,20,-19.06
28,4,21,-21.25
28,4,22,9.10
28,4,23,7.99
28,4,24,9.81
28,4,25,41.69
28,4,26,15.92
28,4,27,-7.82
28,4,28,9.41
28,4,29,5.33
28,4,30,-24.55
28,4,31,-5.48
28,4,32,14.87
28,4,33,-25.56
28,4,34,-9.12
28,4,35,-16.99
28,4,36,-18.38
28,4,37,2.02
28,4,38,25.56
28,4,39,3.64
28,4,40,-24.15
28,4,41,-3.94
28,5,0,-24.92
28,5,1,-35.85
28,5,2,-19.26
28,5,3,-36.98
28,5,4,-7.30
28,5,5,-15.74
28,5,6,-12.26
28,5,7,-42.73
28,5,8,-25.44
28,5,9,17.61
28,5,10,-2.44
28,5,11,-28.51
28,5,12,-16.78
28,5,13,-14.11
28,5,14,-12.37
28,5,15,-30.61
28,5,16,-21.80
28,5,17,-32.31
28,5,18,-18.40
28,5,19,31.16
28,5,20,-18.75
28,5,21,-19.50
28,5,22,0.01
28,5,23,-13.25
28,5,24,-21.51
28,5,25,2.99
28,5,26,-5.44
28,5,27,-15.79
28,5,28,2.44
28,5,29,-21.85
28,5,30,-18.00
28,5,31,4.23
28,5,32,14.60
28,5,33,-4.76
28,5,34,12.43
28,5,35,-15.99
28,5,36,-28.86
28,5,37,-35.90
28,5,38,2.74
28,5,39,-40.18
28,5,40,-19.89
28,5,41,-13.15
28,6,0,-30.84
28,6,1,-21.62
28,6,2,-19.98
28,6,3,-15.25
28,6,4,1.04
28,6,5,-35.99
28,6,6,2.57
28,6,7,-31.16
28,6,8,-17.80
28,6,9,-14.40
28,6,10,9.06
28,6,11,-10.13
28,6,12,-15.89
28,6,13,2.81
28,6,14,6.38
28,6,15,-10.70
28,6,16,-17.19
28,6,17,-13.26
28,6,18,-25.16
28,6,19,12.20
28,6,20,-26.21
28,6,21,-18.92
28,6,22,13.80
28,6,23,-10.67
28,6,24,-12.92
28,6,25,3.78
28,6,26,2.52
28,6,27,-19.67
28,6,28,-1.57
28,6,29,-10.91
28,6,30,-16.45
28,6,31,3.09
28,6,32,8.95
28,6,33,-33.88
28,6,34,-9.50
28,6,35,-19.90
28,6,36,0.00
28,6,37,11.41
28,6,38,38.34
28,6,39,2.01
28,6,40,-6.71
28,6,41,2.60
29,0,0,-19.21
29,0,1,-11.47
29,0,2,17.12
29,0,3,6.15
29,0,4,5.21
29,0,5,-26.09
29,0,6,7.65
29,0,7,-26.94
29,0,8,-25.00
29,0,9,-9.68
29,0,10,-14.56
29,0,11,-17.29
29,0,12,-23.21
29,0,13,-14.06
29,0,14,-31.63
29,0,15,-20.13
29,0,16,-17.35
29,0,17,-21.82
29,0,18,-32.74
29,0,19,-16.63
29,0,20,-21.03
29,0,21,-8.43
29,0,22,-16.94
29,0,23,-40.22
29,0,24,-47.07
29,0,25,2.27
29,0,26,2.35
29,0,27,-15.99
29,0,28,2.85
29,0,29,-31.72
29,0,30,-29.97
29,0,31,6.83
29,0,32,-22.04
29,0,33,-15.58
29,0,34,-2.11
29,0,35,-15.57
29,0,36,-17.57
29,0,37,-23.40
29,0,38,-15.07
29,0,39,-10.51
29,0,40,-19.75
29,0,41,-5.44
29,1,0,-14.66
29,1,1,-19.14
29,1,2,-10.23
29,1,3,-10.71
29,1,4,-8.88
29,1,5,-8.47
29,1,6,31.60
29,1,7,3.68
29,1,8,-2.90
29,1,9,24.75
29,1,10,28.63
29,1,11,7.41
29,1,12,-15.35
29,1,13,-22.72
29,1,14,-23.61
29,1,15,-3.50
29,1,16,-21.12
29,1,17,-21.15
29,1,18,-8.20
29,1,19,40.99
29,1,20,-5.42
29,1,21,-28.99
29,1,22,22.32
29,1,23,-6.58
29,1,24,-22.40
29,1,25,5.65
29,1,26,-14.29
29,1,27,-27.88
29,1,28,2.25
29,1,29,-28.63
29,1,30,-4.40
29,1,31,-5.20
29,1,32,-10.80
29,1,33,-32.48
29,1,34,28.19
29,1,35,-18.66
29,1,36,-20.51
29,1,37,-12.22
29,1,38,3.66
29,1,39,-25.11
29,1,40,-29.63
29,1,41,-26.59
29,2,0,-20.59
29,2,1,-27.44
29,2,2,-20.75
29,2,3,-25.86
29,2,4,1.19
29,2,5,-6.87
29,2,6,2.87
29,2,7,-25.53
29,2,8,-32.31
29,2,9,-17.84
29,2,10,-2.87
29,2,11,-21.92
29,2,12,-7.09
29,2,13,-13.58
29,2,14,2.93
29,2,15,-3.90
29,2,16,-1.40
29,2,17,11.88
29,2,18,-20.30
29,2,19,5.91
29,2,20,-18.43
29,2,21,-11.17
29,2,22,-5.49
29,2,23,-43.86
29,2,24,-28.75
29,2,25,4.80
29,2,26,-2.56
29,2,27,-22.34
29,2,28,-4.21
29,2,29,-14.08
29,2,30,-36.85
29,2,31,-14.37
29,2,32,2.54
29,2,33,-16.14
29,2,34,-9.33
29,2,35,-38.98
29,2,36,-14.70
29,2,37,-45.15
29,2,38,-8.21
29,2,39,-15.69
29,2,40,-12.65
29,2,41,-11.46
29,3,0,-11.36
29,3,1,-10.11
29,3,2,-20.53
29,3,3,-19.39
29,3,4,9.75
29,3,5,-13.91
29,3,6,2.96
29,3,7,-23.33
29,3,8,-7.99
29,3,9,0.38
29,3,10,-12.09
29,3,11,-19.47
29,3,12,1.38
29,3,13,-3.26
29,3,14,-15.51
29,3,15,-6.97
29,3,16,-5.81
29,3,17,-9.52
29,3,18,29.62
29,3,19,6.63
29,3,20,1.49
29,3,21,8.49
29,3,22,38.58
29,3,23,-5.89
29,3,24,-10.31
29,3,25,15.68
29,3,26,-12.34
29,3,27,-7.78
29,3,28,2.37
29,3,29,-28.66
29,3,30,-20.45
29,3,31,1.51
29,3,32,-1.70
29,3,33,-27.56
29,3,34,-12.63
29,3,35,-27.51
29,3,36,-24.78
29,3,37,-26.38
29,3,38,-20.12
29,3,39,-14.81
29,3,40,-18.35
29,3,41,-27.52
29,4,0,-6.48
29,4,1,-11.69
29,4,2,-27.61
29,4,3,-20.67
29,4,4,33.10
29,4,5,2.45
29,4,6,-10.96
29,4,7,-32.95
29,4,8,-24.85
29,4,9,2.70
29,4,10,2.99
29,4,11,-26.02
29,4,12,-22.48
29,4,13,-35.99
29,4,14,-16.46
29,4,15,-27.84
29,4,16,-21.90
29,4,17,-16.63
29,4,18,-29.46
29,4,19,-7.02
29,4,20,-19.06
29,4,21,-21.25
29,4,22,9.10
29,4,23,7.99
29,4,24,9.81
29,4,25,41.69
29,4,26,15.92
29,4,27,-7.82
29,4,28,9.41
29,4,29,5.33
29,4,30,-24.55
29,4,31,-5.48
29,4,32,14.87
29,4,33,-25.56
29,4,34,-9.12
29,4,35,-16.99
29,4,36,-18.38
29,4,37,2.02
29,4,38,25.56
29,4,39,3.64
29,4,40,-24.15
29,4,41,-3.94
29,5,0,-24.92
29,5,1,-35.85
29,5,2,-19.26
29,5,3,-36.98
29,5,4,-7.30
29,5,5,-15.74
29,5,6,-12.26
29,5,7,-42.73
29,5,8,-25.44
29,5,9,17.61
29,5,10,-2.44
29,5,11,-28.51
29,5,12,-16.78
29,5,13,-14.11
29,5,14,-12.37
29,5,15,-30.61
29,5,16,-21.80
29,5,17,-32.31
29,5,18,-18.40
29,5,19,31.16
29,5,20,-18.75
29,5,21,-19.50
29,5,22,0.01
29,5,23,-13.25
29,5,24,-21.51
29,5,25,2.99
29,5,26,-5.44
29,5,27,-15.79
29,5,28,2.44
29,5,29,-21.85
29,5,30,-18.00
29,5,31,4.23
29,5,32,14.60
29,5,33,-4.76
29,5,34,12.43
29,5,35,-15.99
29,5,36,-28.86
29,5,37,-35.90
29,5,38,2.74
29,5,39,-40.18
29,5,40,-19.89
29,5,41,-13.15
29,6,0,-30.84
29,6,1,-21.62
29,6,2,-19.98
29,6,3,-15.25
29,6,4,1.04
29,6,5,-35.99
29,6,6,2.57
29,6,7,-31.16
29,6,8,-17.80
29,6,9,-14.40
29,6,10,9.06
29,6,11,-10.13
29,6,12,-15.89
29,6,13,2.81
29,6,14,6.38
29,6,15,-10.70
29,6,16,-17.19
29,6,17,-13.26
29,6,18,-25.16
29,6,19,12.20
29,6,20,-26.21
29,6,21,-18.92
29,6,22,13.80
29,6,23,-10.67
29,6,24,-12.92
29,6,25,3.78
29,6,26,2.52
29,6,27,-19.67
29,6,28,-1.57
29,6,29,-10.91
29,6,30,-16.45
29,6,31,3.09
29,6,32,8.95
29,6,33,-33.88
29,6,34,-9.50
29,6,35,-19.90
29,6,36,0.00
29,6,37,11.41
29,6,38,38.34
29,6,39,2.01
29,6,40,-6.71
29,6,41,2.60
30,0,0,-19.21
30,0,1,-11.47
30,0,2,17.12
30,0,3,6.15
30,0,4,5.21
30,0,5,-26.09
30,0,6,7.65
30,0,7,-26.94
30,0,8,-25.00
30,0,9,-9.68
30,0,10,-14.56
30,0,11,-17.29
30,0,12,-23.21
30,0,13,-14.06
30,0,14,-31.63
30,0,15,-20.13
30,0,16,-17.35
30,0,17,-21.82
30,0,18,-32.74
30,0,19,-16.63
30,0,20,-21.03
30,0,21,-8.43
30,0,22,-16.94
30,0,23,-40.22
30,0,24,-47.07
30,0,25,2.27
30,0,26,2.35
30,0,27,-15.99
30,0,28,2.85
30,0,29,-31.72
30,0,30,-29.97
30,0,31,6.83
30,0,32,-22.04
30,0,33,-15.58
30,0,34,-2.11
30,0,35,-15.57
30,0,36,-17.57
30,0,37,-23.40
30,0,38,-15.07
30,0,39,-10.51
30,0,40,-19.75
30,0,41,-5.44
30,1,0,-14.66
30,1,1,-19.14
30,1,2,-10.23
30,1,3,-10.71
30,1,4,-8.88
30,1,5,-8.47
30,1,6,31.60
30,1,7,3.68
30,1,8,-2.90
30,1,9,24.75
30,1,10,28.63
30,1,11,7.41
30,1,12,-15.35
30,1,13,-22.72
30,1,14,-23.61
30,1,15,-3.50
30,1,16,-21.12
30,1,17,-21.15
30,1,18,-8.20
30,1,19,40.99
30,1,20,-5.42
30,1,21,-28.99
30,1,22,22.32
30,1,23,-6.58
30,1,24,-22.40
30,1,25,5.65
30,1,26,-14.29
30,1,27,-27.88
30,1,28,2.25
30,1,29,-28.63
30,1,30,-4.40
30,1,31,-5.20
30,1,32,-10.80
30,1,33,-32.48
30,1,34,28.19
30,1,35,-18.66
30,1,36,-20.51
30,1,37,-12.22
30,1,38,3.66
30,1,39,-25.11
30,1,40,-29.63
30,1,41,-26.59
30,2,0,-20.59
30,2,1,-27.44
30,2,2,-20.75
30,2,3,-25.86
30,2,4,1.19
30,2,5,-6.87
30,2,6,2.87
30,2,7,-25.53
30,2,8,-32.31
30,2,9,-17.84
30,2,10,-2.87
30,2,11,-21.92
30,2,12,-7.09
30,2,13,-13.58
30,2,14,2.93
30,2,15,-3.90
30,2,16,-1.40
30,2,17,11.88
30,2,18,-20.30
30,2,19,5.91
30,2,20,-18.43
30,2,21,-11.17
30,2,22,-5.49
30,2,23,-43.86
30,2,24,-28.75
30,2,25,4.80
30,2,26,-2.56
30,2,27,-22.34
30,2,28,-4.21
30,2,29,-14.08
30,2,30,-36.85
30,2,31,-14.37
30,2,32,2.54
30,2,33,-16.14
30,2,34,-9.33
30,2,35,-38.98
30,2,36,-14.70
30,2,37,-45.15
30,2,38,-8.21
30,2,39,-15.69
30,2,40,-12.65
30,2,41,-11.46
30,3,0,-11.36
30,3,1,-10.11
30,3,2,-20.53
30,3,3,-19.39
30,3,4,9.75
30,3,5,-13.91
30,3,6,2.96
30,3,7,-23.33
30,3,8,-7.99
30,3,9,0.38
30,3,10,-12.09
30,3,11,-19.47
30,3,12,1.38
30,3,13,-3.26
30,3,14,-15.51
30,3,15,-6.97
30,3,16,-5.81
30,3,17,-9.52
30,3,18,29.62
30,3,19,6.63
30,3,20,1.49
30,3,21,8.49
30,3,22,38.58
30,3,23,-5.89
30,3,24,-10.31
30,3,25,15.68
30,3,26,-12.34
30,3,27,-7.78
30,3,28,2.37
30,3,29,-28.66
30,3,30,-20.45
30,3,31,1.51
30,3,32,-1.70
30,3,33,-27.56
30,3,34,-12.63
30,3,35,-27.51
30,3,36,-24.78
30,3,37,-26.38
30,3,38,-20.12
30,3,39,-14.81
30,3,40,-18.35
30,3,41,-27.52
30,4,0,-6.48
30,4,1,-11.69
30,4,2,-27.61
30,4,3,-20.67
30,4,4,33.10
30,4,5,2.45
30,4,6,-10.96
30,4,7,-32.95
30,4,8,-24.85
30,4,9,2.70
30,4,10,2.99
30,4,11,-26.02
30,4,12,-22.48
30,4,13,-35.99
30,4,14,-16.46
30,4,15,-27.84
30,4,16,-21.90
30,4,17,-16.63
30,4,18,-29.46
30,4,19,-7.02
30,4,20,-19.06
30,4,21,-21.25
30,4,22,9.10
30,4,23,7.99
30,4,24,9.81
30,4,25,41.69
30,4,26,15.92
30,4,27,-7.82
30,4,28,9.41
30,4,29,5.33
30,4,30,-24.55
30,4,31,-5.48
30,4,32,14.87
30,4,33,-25.56
30,4,34,-9.12
30,4,35,-16.99
30,4,36,-18.38
30,4,37,2.02
30,4,38,25.56
30,4,39,3.64
30,4,40,-24.15
30,4,41,-3.94
30,5,0,-24.92
30,5,1,-35.85
30,5,2,-19.26
30,5,3,-36.98
30,5,4,-7.30
30,5,5,-15.74
30,5,6,-12.26
30,5,7,-42.73
30,5,8,-25.44
30,5,9,17.61
30,5,10,-2.44
30,5,11,-28.51
30,5,12,-16.78
30,5,13,-14.11
30,5,14,-12.37
30,5,15,-30.61
30,5,16,-21.80
30,5,17,-32.31
30,5,18,-18.40
30,5,19,31.16
30,5,20,-18.75
30,5,21,-19.50
30,5,22,0.01
30,5,23,-13.25
30,5,24,-21.51
30,5,25,2.99
30,5,26,-5.44
30,5,27,-15.79
30,5,28,2.44
30,5,29,-21.85
30,5,30,-18.00
30,5,31,4.23
30,5,32,14.60
30,5,33,-4.76
30,5,34,12.43
30,5,35,-15.99
30,5,36,-28.86
30,5,37,-35.90
30,5,38,2.74
30,5,39,-40.18
30,5,40,-19.89
30,5,41,-13.15
30,6,0,-30.84
30,6,1,-21.62
30,6,2,-19.98
30,6,3,-15.25
30,6,4,1.04
30,6,5,-35.99
30,6,6,2.57
30,6,7,-31.16
30,6,8,-17.80
30,6,9,-14.40
30,6,10,9.06
30,6,11,-10.13
30,6,12,-15.89
30,6,13,2.81
30,6,14,6.38
30,6,15,-10.70
30,6,16,-17.19
30,6,17,-13.26
30,6,18,-25.16
30,6,19,12.20
30,6,20,-26.21
30,6,21,-18.92
30,6,22,13.80
30,6,23,-10.67
30,6,24,-12.92
30,6,25,3.78
30,6,26,2.52
30,6,27,-19.67
30,6,28,-1.57
30,6,29,-10.91
30,6,30,-16.45
30,6,31,3.09
30,6,32,8.95
30,6,33,-33.88
30,6,34,-9.50
30,6,35,-19.90
30,6,36,0.00
30,6,37,11.41
30,6,38,38.34
30,6,39,2.01
30,6,40,-6.71
30,6,41,2.60
31,0,0,-19.21
31,0,1,-11.47
31,0,2,17.12
31,0,3,6.15
31,0,4,5.21
31,0,5,-26.09
31,0,6,7.65
31,0,7,-26.94
31,0,8,-25.00
31,0,9,-9.68
31,0,10,-14.56
31,0,11,-17.29
31,0,12,-23.21
31,0,13,-14.06
31,0,14,-31.63
31,0,15,-20.13
31,0,16,-17.35
31,0,17,-21.82
31,0,18,-32.74
31,0,19,-16.63
31,0,20,-21.03
31,0,21,-8.43
31,0,22,-16.94
31,0,23,-40.22
31,0,24,-47.07
31,0,25,2.27
31,0,26,2.35
31,0,27,-15.99
31,0,28,2.85
31,0,29,-31.72
31,0,30,-29.97
31,0,31,6.83
31,0,32,-22.04
31,0,33,-15.58
31,0,34,-2.11
31,0,35,-15.57
31,0,36,-17.57
31,0,37,-23.40
31,0,38,-15.07
31,0,39,-10.51
31,0,40,-19.75
31,0,41,-5.44
31,1,0,-14.66
31,1,1,-19.14
31,1,2,-10.23
31,1,3,-10.71
31,1,4,-8.88
31,1,5,-8.47
31,1,6,31.60
31,1,7,3.68
31,1,8,-2.90
31,1,9,24.75
31,1,10,28.63
31,1,11,7.41
31,1,12,-15.35
31,1,13,-22.72
31,1,14,-23.61
31,1,15,-3.50
31,1,16,-21.12
31,1,17,-21.15
31,1,18,-8.20
31,1,19,40.99
31,1,20,-5.42
31,1,21,-28.99
31,1,22,22.32
31,1,23,-6.58
31,1,24,-22.40
31,1,25,5.65
31,1,26,-14.29
31,1,27,-27.88
31,1,28,2.25
31,1,29,-28.63
31,1,30,-4.40
31,1,31,-5.20
31,1,32,-10.80
31,1,33,-32.48
31,1,34,28.19
31,1,35,-18.66
31,1,36,-20.51
31,1,37,-12.22
31,1,38,3.66
31,1,39,-25.11
31,1,40,-29.63
31,1,41,-26.59
31,2,0,-20.59
31,2,1,-27.44
31,2,2,-20.75
31,2,3,-25.86
31,2,4,1.19
31,2,5,-6.87
31,2,6,2.87
31,2,7,-25.53
31,2,8,-32.31
31,2,9,-17.84
31,2,10,-2.87
31,2,11,-21.92
31,2,12,-7.09
31,2,13,-13.58
31,2,14,2.93
31,2,15,-3.90
31,2,16,-1.40
31,2,17,11.88
31,2,18,-20.30
31,2,19,5.91
31,2,20,-18.43
31,2,21,-11.17
31,2,22,-5.49
31,2,23,-43.86
31,2,24,-28.75
31,2,25,4.80
31,2,26,-2.56
31,2,27,-22.34
31,2,28,-4.21
31,2,29,-14.08
31,2,30,-36.85
31,2,31,-14.37
31,2,32,2.54
31,2,33,-16.14
31,2,34,-9.33
31,2,35,-38.98
31,2,36,-14.70
31,2,37,-45.15
31,2,38,-8.21
31,2,39,-15.69
31,2,40,-12.65
31,2,41,-11.46
31,3,0,-11.36
31,3,1,-10.11
31,3,2,-20.53
31,3,3,-19.39
31,3,4,9.75
31,3,5,-13.91
31,3,6,2.96
31,3,7,-23.33
31,3,8,-7.99
31,3,9,0.38
31,3,10,-12.09
31,3,11,-19.47
31,3,12,1.38
31,3,13,-3.26
31,3,14,-15.51
31,3,15,-6.97
31,3,16,-5.81
31,3,17,-9.52
31,3,18,29.62
31,3,19,6.63
31,3,20,1.49
31,3,21,8.49
31,3,22,38.58
31,3,23,-5.89
31,3,24,-10.31
31,3,25,15.68
31,3,26,-12.34
31,3,27,-7.78
31,3,28,2.37
31,3,29,-28.66
31,3,30,-20.45
31,3,31,1.51
31,3,32,-1.70
31,3,33,-27.56
31,3,34,-12.63
31,3,35,-27.51
31,3,36,-24.78
31,3,37,-26.38
31,3,38,-20.12
31,3,39,-14.81
31,3,40,-18.35
31,3,41,-27.52
31,4,0,-6.48
31,4,1,-11.69
31,4,2,-27.61
31,4,3,-20.67
31,4,4,33.10
31,4,5,2.45
31,4,6,-10.96
31,4,7,-32.95
31,4,8,-24.85
31,4,9,2.70
31,4,10,2.99
31,4,11,-26.02
31,4,12,-22.48
31,4,13,-35.99
31,4,14,-16.46
31,4,15,-27.84
31,4,16,-21.90
31,4,17,-16.63
31,4,18,-29.46
31,4,19,-7.02
31,4,20,-19.06
31,4,21,-21.25
31,4,22,9.10
31,4,23,7.99
31,4,24,9.81
31,4,25,41.69
31,4,26,15.92
31,4,27,-7.82
31,4,28,9.41
31,4,29,5.33
31,4,30,-24.55
31,4,31,-5.48
31,4,32,14.87
31,4,33,-25.56
31,4,34,-9.12
31,4,35,-16.99
31,4,36,-18.38
31,4,37,2.02
31,4,38,25.56
31,4,39,3.64
31,4,40,-24.15
31,4,41,-3.94
31,5,0,-24.92
31,5,1,-35.85
31,5,2,-19.26
31,5,3,-36.98
31,5,4,-7.30
31,5,5,-15.74
31,5,6,-12.26
31,5,7,-42.73
31,5,8,-25.44
31,5,9,17.61
31,5,10,-2.44
31,5,11,-28.51
31,5,12,-16.78
31,5,13,-14.11
31,5,14,-12.37
31,5,15,-30.61
31,5,16,-21.80
31,5,17,-32.31
31,5,18,-18.40
31,5,19,31.16
31,5,20,-18.75
31,5,21,-19.50
31,5,22,0.01
31,5,23,-13.25
31,5,24,-21.51
31,5,25,2.99
31,5,26,-5.44
31,5,27,-15.79
31,5,28,2.44
31,5,29,-21.85
31,5,30,-18.00
31,5,31,4.23
31,5,32,14.60
31,5,33,-4.76
31,5,34,12.43
31,5,35,-15.99
31,5,36,-28.86
31,5,37,-35.90
31,5,38,2.74
31,5,39,-40.18
31,5,40,-19.89
31,5,41,-13.15
31,6,0,-30.84
31,6,1,-21.62
31,6,2,-19.98
31,6,3,-15.25
31,6,4,1.04
31,6,5,-35.99
31,6,6,2.57
31,6,7,-31.16
31,6,8,-17.80
31,6,9,-14.40
31,6,10,9.06
31,6,11,-10.13
31,6,12,-15.89
31,6,13,2.81
31,6,14,6.38
31,6,15,-10.70
31,6,16,-17.19
31,6,17,-13.26
31,6,18,-25.16
31,6,19,12.20
31,6,20,-26.21
31,6,21,-18.92
31,6,22,13.80
31,6,23,-10.67
31,6,24,-12.92
31,6,25,3.78
31,6,26,2.52
31,6,27,-19.67
31,6,28,-1.57
31,6,29,-10.91
31,6,30,-16.45
31,6,31,3.09
31,6,32,8.95
31,6,33,-33.88
31,6,34,-9.50
31,6,35,-19.90
31,6,36,0.00
31,6,37,11.41
31,6,38,38.34
31,6,39,2.01
31,6,40,-6.71
31,6,41,2.60
32,0,0,-19.21
32,0,1,-11.47
32,0,2,17.12
32,0,3,6.15
32,0,4,5.21
32,0,5,-26.09
32,0,6,7.65
32,0,7,-26.94
32,0,8,-25.00
32,0,9,-9.68
32,0,10,-14.56
32,0,11,-17.29
32,0,12,-23.21
32,0,13,-14.06
32,0,14,-31.63
32,0,15,-20.13
32,0,16,-17.35
32,0,17,-21.82
32,0,18,-32.74
32,0,19,-16.63
32,0,20,-21.03
32,0,21,-8.43
32,0,22,-16.94
32,0,23,-40.22
32,0,24,-47.07
32,0,25,2.27
32,0,26,2.35
32,0,27,-15.99
32,0,28,2.85
32,0,29,-31.72
32,0,30,-29.97
32,0,31,6.83
32,0,32,-22.04
32,0,33,-15.58
32,0,34,-2.11
32,0,35,-15.57
32,0,36,-17.57
32,0,37,-23.40
32,0,38,-15.07
32,0,39,-10.51
32,0,40,-19.75
32,0,41,-5.44
32,1,0,-14.66
32,1,1,-19.14
32,1,2,-10.23
32,1,3,-10.71
32,1,4,-8.88
32,1,5,-8.47
32,1,6,31.60
32,1,7,3.68
32,1,8,-2.90
32,1,9,24.75
32,1,10,28.63
32,1,11,7.41
32,1,12,-15.35
32,1,13,-22.72
32,1,14,-23.61
32,1,15,-3.50
32,1,16,-21.12
32,1,17,-21.15
32,1,18,-8.20
32,1,19,40.99
32,1,20,-5.42
32,1,21,-28.99
32,1,22,22.32
32,1,23,-6.58
32,1,24,-22.40
32,1,25,5.65
32,1,26,-14.29
32,1,27,-27.88
32,1,28,2.25
32,1,29,-28.63
32,1,30,-4.40
32,1,31,-5.20
32,1,32,-10.80
32,1,33,-32.48
32,1,34,28.19
32,1,35,-18.66
32,1,36,-20.51
32,1,37,-12.22
32,1,38,3.66
32,1,39,-25.11
32,1,40,-29.63
32,1,41,-26.59
32,2,0,-20.59
32,2,1,-27.44
32,2,2,-20.75
32,2,3,-25.86
32,2,4,1.19
32,2,5,-6.87
32,2,6,2.87
32,2,7,-25.53
32,2,8,-32.31
32,2,9,-17.84
32,2,10,-2.87
32,2,11,-21.92
32,2,12,-7.09
32,2,13,-13.58
32,2,14,2.93
32,2,15,-3.90
32,2,16,-1.40
32,2,17,11.88
32,2,18,-20.30
32,2,19,5.91
32,2,20,-18.43
32,2,21,-11.17
32,2,22,-5.49
32,2,23,-43.86
32,2,24,-28.75
32,2,25,4.80
32,2,26,-2.56
32,2,27,-22.34
32,2,28,-4.21
32,2,29,-14.08
32,2,30,-36.85
32,2,31,-14.37
32,2,32,2.54
32,2,33,-16.14
32,2,34,-9.33
32,2,35,-38.98
32,2,36,-14.70
32,2,37,-45.15
32,2,38,-8.21
32,2,39,-15.69
32,2,40,-12.65
32,2,41,-11.46
32,3,0,-11.36
32,3,1,-10.11
32,3,2,-20.53
32,3,3,-19.39
32,3,4,9.75
32,3,5,-13.91
32,3,6,2.96
32,3,7,-23.33
32,3,8,-7.99
32,3,9,0.38
32,3,10,-12.09
32,3,11,-19.47
32,3,12,1.38
32,3,13,-3.26
32,3,14,-15.51
32,3,15,-6.97
32,3,16,-5.81
32,3,17,-9.52
32,3,18,29.62
32,3,19,6.63
32,3,20,1.49
32,3,21,8.49
32,3,22,38.58
32,3,23,-5.89
32,3,24,-10.31
32,3,25,15.68
32,3,26,-12.34
32,3,27,-7.78
32,3,28,2.37
32,3,29,-28.66
32,3,30,-20.45
32,3,31,1.51
32,3,32,-1.70
32,3,33,-27.56
32,3,34,-12.63
32,3,35,-27.51
32,3,36,-24.78
32,3,37,-26.38
32,3,38,-20.12
32,3,39,-14.81
32,3,40,-18.35
32,3,41,-27.52
32,4,0,-6.48
32,4,1,-11.69
32,4,2,-27.61
32,4,3,-20.67
32,4,4,33.10
32,4,5,2.45
32,4,6,-10.96
32,4,7,-32.95
32,4,8,-24.85
32,4,9,2.70
32,4,10,2.99
32,4,11,-26.02
32,4,12,-22.48
32,4,13,-35.99
32,4,14,-16.46
32,4,15,-27.84
32,4,16,-21.90
32,4,17,-16.63
32,4,18,-29.46
32,4,19,-7.02
32,4,20,-19.06
32,4,21,-21.25
32,4,22,9.10
32,4,23,7.99
32,4,24,9.81
32,4,25,41.69
32,4,26,15.92
32,4,27,-7.82
32,4,28,9.41
32,4,29,5.33
32,4,30,-24.55
32,4,31,-5.48
32,4,32,14.87
32,4,33,-25.56
32,4,34,-9.12
32,4,35,-16.99
32,4,36,-18.38
32,4,37,2.02
32,4,38,25.56
32,4,39,3.64
32,4,40,-24.15
32,4,41,-3.94
32,5,0,-24.92
32,5,1,-35.85
32,5,2,-19.26
32,5,3,-36.98
32,5,4,-7.30
32,5,5,-15.74
32,5,6,-12.26
32,5,7,-42.73
32,5,8,-25.44
32,5,9,17.61
32,5,10,-2.44
32,5,11,-28.51
32,5,12,-16.78
32,5,13,-14.11
32,5,14,-12.37
32,5,15,-30.61
32,5,16,-21.80
32,5,17,-32.31
32,5,18,-18.40
32,5,19,31.16
32,5,20,-18.75
32,5,21,-19.50
32,5,22,0.01
32,5,23,-13.25
32,5,24,-21.51
32,5,25,2.99
32,5,26,-5.44
32,5,27,-15.79
32,5,28,2.44
32,5,29,-21.85
32,5,30,-18.00
32,5,31,4.23
32,5,32,14.60
32,5,33,-4.76
32,5,34,12.43
32,5,35,-15.99
32,5,36,-28.86
32,5,37,-35.90
32,5,38,2.74
32,5,39,-40.18
32,5,40,-19.89
32,5,41,-13.15
32,6,0,-30.84
32,6,1,-21.62
32,6,2,-19.98
32,6,3,-15.25
32,6,4,1.04
32,6,5,-35.99
32,6,6,2.57
32,6,7,-31.16
32,6,8,-17.80
32,6,9,-14.40
32,6,10,9.06
32,6,11,-10.13
32,6,12,-15.89
32,6,13,2.81
32,6,14,6.38
32,6,15,-10.70
32,6,16,-17.19
32,6,17,-13.26
32,6,18,-25.16
32,6,19,12.20
32,6,20,-26.21
32,6,21,-18.92
32,6,22,13.80
32,6,23,-10.67
32,6,24,-12.92
32,6,25,3.78
32,6,26,2.52
32,6,27,-19.67
32,6,28,-1.57
32,6,29,-10.91
32,6,30,-16.45
32,6,31,3.09
32,6,32,8.95
32,6,33,-33.88
32,6,34,-9.50
32,6,35,-19.90
32,6,36,0.00
32,6,37,11.41
32,6,38,38.34
32,6,39,2.01
32,6,40,-6.71
32,6,41,2.60
33,0,0,-19.21
33,0,1,-11.47
33,0,2,17.12
33,0,3,6.15
33,0,4,5.21
33,0,5,-26.09
33,0,6,7.65
33,0,7,-26.94
33,0,8,-25.00
33,0,9,-9.68
33,0,10,-14.56
33,0,11,-17.29
33,0,12,-23.21
33,0,13,-14.06
33,0,14,-31.63
33,0,15,-20.13
33,0,16,-17.35
33,0,17,-21.82
33,0,18,-32.74
33,0,19,-16.63
33,0,20,-21.03
33,0,21,-8.43
33,0,22,-16.94
33,0,23,-40.22
33,0,24,-47.07
33,0,25,2.27
33,0,26,2.35
33,0,27,-15.99
33,0,28,2.85
33,0,29,-31.72
33,0,30,-29.97
33,0,31,6.83
33,0,32,-22.04
33,0,33,-15.58
33,0,34,-2.11
33,0,35,-15.57
33,0,36,-17.57
33,0,37,-23.40
33,0,38,-15.07
33,0,39,-10.51
33,0,40,-19.75
33,0,41,-5.44
33,1,0,-14.66
33,1,1,-19.14
33,1,2,-10.23
33,1,3,-10.71
33,1,4,-8.88
33,1,5,-8.47
33,1,6,31.60
33,1,7,3.68
33,1,8,-2.90
33,1,9,24.75
33,1,10,28.63
33,1,11,7.41
33,1,12,-15.35
33,1,13,-22.72
33,1,14,-23.61
33,1,15,-3.50
33,1,16,-21.12
33,1,17,-21.15
33,1,18,-8.20
33,1,19,40.99
33,1,20,-5.42
33,1,21,-28.99
33,1,22,22.32
33,1,23,-6.58
33,1,24,-22.40
33,1,25,5.65
33,1,26,-14.29
33,1,27,-27.88
33,1,28,2.25
33,1,29,-28.63
33,1,30,-4.40
33,1,31,-5.20
33,1,32,-10.80
33,1,33,-32.48
33,1,34,28.19
33,1,35,-18.66
33,1,36,-20.51
33,1,37,-12.22
33,1,38,3.66
33,1,39,-25.11
33,1,40,-29.63
33,1,41,-26.59
33,2,0,-20.59
33,2,1,-27.44
33,2,2,-20.75
33,2,3,-25.86
33,2,4,1.19
33,2,5,-6.87
33,2,6,2.87
33,2,7,-25.53
33,2,8,-32.31
33,2,9,-17.84
33,2,10,-2.87
33,2,11,-21.92
33,2,12,-7.09
33,2,13,-13.58
33,2,14,2.93
33,2,15,-3.90
33,2,16,-1.40
33,2,17,11.88
33,2,18,-20.30
33,2,19,5.91
33,2,20,-18.43
33,2,21,-11.17
33,2,22,-5.49
33,2,23,-43.86
33,2,24,-28.75
33,2,25,4.80
33,2,26,-2.56
33,2,27,-22.34
33,2,28,-4.21
33,2,29,-14.08
33,2,30,-36.85
33,2,31,-14.37
33,2,32,2.54
33,2,33,-16.14
33,2,34,-9.33
33,2,35,-38.98
33,2,36,-14.70
33,2,37,-45.15
33,2,38,-8.21
33,2,39,-15.69
33,2,40,-12.65
33,2,41,-11.46
33,3,0,-11.36
33,3,1,-10.11
33,3,2,-20.53
33,3,3,-19.39
33,3,4,9.75
33,3,5,-13.91
33,3,6,2.96
33,3,7,-23.33
33,3,8,-7.99
33,3,9,0.38
33,3,10,-12.09
33,3,11,-19.47
33,3,12,1.38
33,3,13,-3.26
33,3,14,-15.51
33,3,15,-6.97
33,3,16,-5.81
33,3,17,-9.52
33,3,18,29.62
33,3,19,6.63
33,3,20,1.49
33,3,21,8.49
33,3,22,38.58
33,3,23,-5.89
33,3,24,-10.31
33,3,25,15.68
33,3,26,-12.34
33,3,27,-7.78
33,3,28,2.37
33,3,29,-28.66
33,3,30,-20.45
33,3,31,1.51
33,3,32,-1.70
33,3,33,-27.56
33,3,34,-12.63
33,3,35,-27.51
33,3,36,-24.78
33,3,37,-26.38
33,3,38,-20.12
33,3,39,-14.81
33,3,40,-18.35
33,3,41,-27.52
33,4,0,-6.48
33,4,1,-11.69
33,4,2,-27.61
33,4,3,-20.67
33,4,4,33.10
33,4,5,2.45
33,4,6,-10.96
33,4,7,-32.95
33,4,8,-24.85
33,4,9,2.70
33,4,10,2.99
33,4,11,-26.02
33,4,12,-22.48
33,4,13,-35.99
33,4,14,-16.46
33,4,15,-27.84
33,4,16,-21.90
33,4,17,-16.63
33,4,18,-29.46
33,4,19,-7.02
33,4,20,-19.06
33,4,21,-21.25
33,4,22,9.10
33,4,23,7.99
33,4,24,9.81
33,4,25,41.69
33,4,26,15.92
33,4,27,-7.82
33,4,28,9.41
33,4,29,5.33
33,4,30,-24.55
33,4,31,-5.48
33,4,32,14.87
33,4,33,-25.56
33,4,34,-9.12
33,4,35,-16.99
33,4,36,-18.38
33,4,37,2.02
33,4,38,25.56
33,4,39,3.64
33,4,40,-24.15
33,4,41,-3.94
33,5,0,-24.92
33,5,1,-35.85
33,5,2,-19.26
33,5,3,-36.98
33,5,4,-7.30
33,5,5,-15.74
33,5,6,-12.26
33,5,7,-42.73
33,5,8,-25.44
33,5,9,17.61
33,5,10,-2.44
33,5,11,-28.51
33,5,12,-16.78
33,5,13,-14.11
33,5,14,-12.37
33,5,15,-30.61
33,5,16,-21.80
33,5,17,-32.31
33,5,18,-18.40
33,5,19,31.16
33,5,20,-18.75
33,5,21,-19.50
33,5,22,0.01
33,5,23,-13.25
33,5,24,-21.51
33,5,25,2.99
33,5,26,-5.44
33,5,27,-15.79
33,5,28,2.44
33,5,29,-21.85
33,5,30,-18.00
33,5,31,4.23
33,5,32,14.60
33,5,33,-4.76
33,5,34,12.43
33,5,35,-15.99
33,5,36,-28.86
33,5,37,-35.90
33,5,38,2.74
33,5,39,-40.18
33,5,40,-19.89
33,5,41,-13.15
33,6,0,-30.84
33,6,1,-21.62
33,6,2,-19.98
33,6,3,-15.25
33,6,4,1.04
33,6,5,-35.99
33,6,6,2.57
33,6,7,-31.16
33,6,8,-17.80
33,6,9,-14.40
33,6,10,9.06
33,6,11,-10.13
33,6,12,-15.89
33,6,13,2.81
33,6,14,6.38
33,6,15,-10.70
33,6,16,-17.19
33,6,17,-13.26
33,6,18,-25.16
33,6,19,12.20
33,6,20,-26.21
33,6,21,-18.92
33,6,22,13.80
33,6,23,-10.67
33,6,24,-12.92
33,6,25,3.78
33,6,26,2.52
33,6,27,-19.67
33,6,28,-1.57
33,6,29,-10.91
33,6,30,-16.45
33,6,31,3.09
33,6,32,8.95
33,6,33,-33.88
33,6,34,-9.50
33,6,35,-19.90
33,6,36,0.00
33,6,37,11.41
33,6,38,38.34
33,6,39,2.01
33,6,40,-6.71
33,6,41,2.60
34,0,0,-19.21
34,0,1,-11.47
34,0,2,17.12
34,0,3,6.15
34,0,4,5.21
34,0,5,-26.09
34,0,6,7.65
34,0,7,-26.94
34,0,8,-25.00
34,0,9,-9.68
34,0,10,-14.56
34,0,11,-17.29
34,0,12,-23.21
34,0,13,-14.06
34,0,14,-31.63
34,0,15,-20.13
34,0,16,-17.35
34,0,17,-21.82
34,0,18,-32.74
34,0,19,-16.63
34,0,20,-21.03
34,0,21,-8.43
34,0,22,-16.94
34,0,23,-40.22
34,0,24,-47.07
34,0,25,2.27
34,0,26,2.35
34,0,27,-15.99
34,0,28,2.85
34,0,29,-31.72
34,0,30,-29.97
34,0,31,6.83
34,0,32,-22.04
34,0,33,-15.58
34,0,34,-2.11
34,0,35,-15.57
34,0,36,-17.57
34,0,37,-23.40
34,0,38,-15.07
34,0,39,-10.51
34,0,40,-19.75
34,0,41,-5.44
34,1,0,-14.66
34,1,1,-19.14
34,1,2,-10.23
34,1,3,-10.71
34,1,4,-8.88
34,1,5,-8.47
34,1,6,31.60
34,1,7,3.68
34,1,8,-2.90
34,1,9,24.75
34,1,10,28.63
34,1,11,7.41
34,1,12,-15.35
34,1,13,-22.72
34,1,14,-23.61
34,1,15,-3.50
34,1,16,-21.12
34,1,17,-21.15
34,1,18,-8.20
34,1,19,40.99
34,1,20,-5.42
34,1,21,-28.99
34,1,22,22.32
34,1,23,-6.58
34,1,24,-22.40
34,1,25,5.65
34,1,26,-14.29
34,1,27,-27.88
34,1,28,2.25
34,1,29,-28.63
34,1,30,-4.40
34,1,31,-5.20
34,1,32,-10.80
34,1,33,-32.48
34,1,34,28.19
34,1,35,-18.66
34,1,36,-20.51
34,1,37,-12.22
34,1,38,3.66
34,1,39,-25.11
34,1,40,-29.63
34,1,41,-26.59
34,2,0,-20.59
34,2,1,-27.44
34,2,2,-20.75
34,2,3,-25.86
34,2,4,1.19
34,2,5,-6.87
34,2,6,2.87
34,2,7,-25.53
34,2,8,-32.31
34,2,9,-17.84
34,2,10,-2.87
34,2,11,-21.92
34,2,12,-7.09
34,2,13,-13.58
34,2,14,2.93
34,2,15,-3.90
34,2,16,-1.40
34,2,17,11.88
34,2,18,-20.30
34,2,19,5.91
34,2,20,-18.43
34,2,21,-11.17
34,2,22,-5.49
34,2,23,-43.86
34,2,24,-28.75
34,2,25,4.80
34,2,26,-2.56
34,2,27,-22.34
34,2,28,-4.21
34,2,29,-14.08
34,2,30,-36.85
34,2,31,-14.37
34,2,32,2.54
34,2,33,-16.14
34,2,34,-9.33
34,2,35,-38.98
34,2,36,-14.70
34,2,37,-45.15
34,2,38,-8.21
34,2,39,-15.69
34,2,40,-12.65
34,2,41,-11.46
34,3,0,-11.36
34,3,1,-10.11
34,3,2,-20.53
34,3,3,-19.39
34,3,4,9.75
34,3,5,-13.91
34,3,6,2.96
34,3,7,-23.33
34,3,8,-7.99
34,3,9,0.38
34,3,10,-12.09
34,3,11,-19.47
34,3,12,1.38
34,3,13,-3.26
34,3,14,-15.51
34,3,15,-6.97
34,3,16,-5.81
34,3,17,-9.52
34,3,18,29.62
34,3,19,6.63
34,3,20,1.49
34,3,21,8.49
34,3,22,38.58
34,3,23,-5.89
34,3,24,-10.31
34,3,25,15.68
34,3,26,-12.34
34,3,27,-7.78
34,3,28,2.37
34,3,29,-28.66
34,3,30,-20.45
34,3,31,1.51
34,3,32,-1.70
34,3,33,-27.56
34,3,34,-12.63
34,3,35,-27.51
34,3,36,-24.78
34,3,37,-26.38
34,3,38,-20.12
34,3,39,-14.81
34,3,40,-18.35
34,3,41,-27.52
34,4,0,-6.48
34,4,1,-11.69
34,4,2,-27.61
34,4,3,-20.67
34,4,4,33.10
34,4,5,2.45
34,4,6,-10.96
34,4,7,-32.95
34,4,8,-24.85
34,4,9,2.70
34,4,10,2.99
34,4,11,-26.02
34,4,12,-22.48
34,4,13,-35.99
34,4,14,-16.46
34,4,15,-27.84
34,4,16,-21.90
34,4,17,-16.63
34,4,18,-29.46
34,4,19,-7.02
34,4,20,-19.06
34,4,21,-21.25
34,4,22,9.10
34,4,23,7.99
34,4,24,9.81
34,4,25,41.69
34,4,26,15.92
34,4,27,-7.82
34,4,28,9.41
34,4,29,5.33
34,4,30,-24.55
34,4,31,-5.48
34,4,32,14.87
34,4,33,-25.56
34,4,34,-9.12
34,4,35,-16.99
34,4,36,-18.38
34,4,37,2.02
34,4,38,25.56
34,4,39,3.64
34,4,40,-24.15
34,4,41,-3.94
34,5,0,-24.92
34,5,1,-35.85
34,5,2,-19.26
34,5,3,-36.98
34,5,4,-7.30
34,5,5,-15.74
34,5,6,-12.26
34,5,7,-42.73
34,5,8,-25.44
34,5,9,17.61
34,5,10,-2.44
34,5,11,-28.51
34,5,12,-16.78
34,5,13,-14.11
34,5,14,-12.37
34,5,15,-30.61
34,5,16,-21.80
34,5,17,-32.31
34,5,18,-18.40
34,5,19,31.16
34,5,20,-18.75
34,5,21,-19.50
34,5,22,0.01
34,5,23,-13.25
34,5,24,-21.51
34,5,25,2.99
34,5,26,-5.44
34,5,27,-15.79
34,5,28,2.44
34,5,29,-21.85
34,5,30,-18.00
34,5,31,4.23
34,5,32,14.60
34,5,33,-4.76
34,5,34,12.43
34,5,35,-15.99
34,5,36,-28.86
34,5,37,-35.90
34,5,38,2.74
34,5,39,-40.18
34,5,40,-19.89
34,5,41,-13.15
34,6,0,-30.84
34,6,1,-21.62
34,6,2,-19.98
34,6,3,-15.25
34,6,4,1.04
34,6,5,-35.99
34,6,6,2.57
34,6,7,-31.16
34,6,8,-17.80
34,6,9,-14.40
34,6,10,9.06
34,6,11,-10.13
34,6,12,-15.89
34,6,13,2.81
34,6,14,6.38
34,6,15,-10.70
34,6,16,-17.19
34,6,17,-13.26
34,6,18,-25.16
34,6,19,12.20
34,6,20,-26.21
34,6,21,-18.92
34,6,22,13.80
34,6,23,-10.67
34,6,24,-12.92
34,6,25,3.78
34,6,26,2.52
34,6,27,-19.67
34,6,28,-1.57
34,6,29,-10.91
34,6,30,-16.45
34,6,31,3.09
34,6,32,8.95
34,6,33,-33.88
34,6,34,-9.50
34,6,35,-19.90
34,6,36,0.00
34,6,37,11.41
34,6,38,38.34
34,6,39,2.01
34,6,40,-6.71
34,6,41,2.60
35,0,0,-19.21
35,0,1,-11.47
35,0,2,17.12
35,0,3,6.15
35,0,4,5.21
35,0,5,-26.09
35,0,6,7.65
35,0,7,-26.94
35,0,8,-25.00
35,0,9,-9.68
35,0,10,-14.56
35,0,11,-17.29
35,0,12,-23.21
35,0,13,-14.06
35,0,14,-31.63
35,0,15,-20.13
35,0,16,-17.35
35,0,17,-21.82
35,0,18,-32.74
35,0,19,-16.63
35,0,20,-21.03
35,0,21,-8.43
35,0,22,-16.94
35,0,23,-40.22
35,0,24,-47.07
35,0,25,2.27
35,0,26,2.35
35,0,27,-15.99
35,0,28,2.85
35,0,29,-31.72
35,0,30,-29.97
35,0,31,6.83
35,0,32,-22.04
35,0,33,-15.58
35,0,34,-2.11
35,0,35,-15.57
35,0,36,-17.57
35,0,37,-23.40
35,0,38,-15.07
35,0,39,-10.51
35,0,40,-19.75
35,0,41,-5.44
35,1,0,-14.66
35,1,1,-19.14
35,1,2,-10.23
35,1,3,-10.71
35,1,4,-8.88
35,1,5,-8.47
35,1,6,31.60
35,1,7,3.68
35,1,8,-2.90
35,1,9,24.75
35,1,10,28.63
35,1,11,7.41
35,1,12,-15.35
35,1,13,-22.72
35,1,14,-23.61
35,1,15,-3.50
35,1,16,-21.12
35,1,17,-21.15
35,1,18,-8.20
35,1,19,40.99
35,1,20,-5.42
35,1,21,-28.99
35,1,22,22.32
35,1,23,-6.58
35,1,24,-22.40
35,1,25,5.65
35,1,26,-14.29
35,1,27,-27.88
35,1,28,2.25
35,1,29,-28.63
35,1,30,-4.40
35,1,31,-5.20
35,1,32,-10.80
35,1,33,-32.48
35,1,34,28.19
35,1,35,-18.66
35,1,36,-20.51
35,1,37,-12.22
35,1,38,3.66
35,1,39,-25.11
35,1,40,-29.63
35,1,41,-26.59
35,2,0,-20.59
35,2,1,-27.44
35,2,2,-20.75
35,2,3,-25.86
35,2,4,1.19
35,2,5,-6.87
35,2,6,2.87
35,2,7,-25.53
35,2,8,-32.31
35,2,9,-17.84
35,2,10,-2.87
35,2,11,-21.92
35,2,12,-7.09
35,2,13,-13.58
35,2,14,2.93
35,2,15,-3.90
35,2,16,-1.40
35,2,17,11.88
35,2,18,-20.30
35,2,19,5.91
35,2,20,-18.43
35,2,21,-11.17
35,2,22,-5.49
35,2,23,-43.86
35,2,24,-28.75
35,2,25,4.80
35,2,26,-2.56
35,2,27,-22.34
35,2,28,-4.21
35,2,29,-14.08
35,2,30,-36.85
35,2,31,-14.37
35,2,32,2.54
35,2,33,-16.14
35,2,34,-9.33
35,2,35,-38.98
35,2,36,-14.70
35,2,37,-45.15
35,2,38,-8.21
35,2,39,-15.69
35,2,40,-12.65
35,2,41,-11.46
35,3,0,-11.36
35,3,1,-10.11
35,3,2,-20.53
35,3,3,-19.39
35,3,4,9.75
35,3,5,-13.91
35,3,6,2.96
35,3,7,-23.33
35,3,8,-7.99
35,3,9,0.38
35,3,10,-12.09
35,3,11,-19.47
35,3,12,1.38
35,3,13,-3.26
35,3,14,-15.51
35,3,15,-6.97
35,3,16,-5.81
35,3,17,-9.52
35,3,18,29.62
35,3,19,6.63
35,3,20,1.49
35,3,21,8.49
35,3,22,38.58
35,3,23,-5.89
35,3,24,-10.31
35,3,25,15.68
35,3,26,-12.34
35,3,27,-7.78
35,3,28,2.37
35,3,29,-28.66
35,3,30,-20.45
35,3,31,1.51
35,3,32,-1.70
35,3,33,-27.56
35,3,34,-12.63
35,3,35,-27.51
35,3,36,-24.78
35,3,37,-26.38
35,3,38,-20.12
35,3,39,-14.81
35,3,40,-18.35
35,3,41,-27.52
35,4,0,-6.48
35,4,1,-11.69
35,4,2,-27.61
35,4,3,-20.67
35,4,4,33.10
35,4,5,2.45
35,4,6,-10.96
35,4,7,-32.95
35,4,8,-24.85
35,4,9,2.70
35,4,10,2.99
35,4,11,-26.02
35,4,12,-22.48
35,4,13,-35.99
35,4,14,-16.46
35,4,15,-27.84
35,4,16,-21.90
35,4,17,-16.63
35,4,18,-29.46
35,4,19,-7.02
35,4,20,-19.06
35,4,21,-21.25
35,4,22,9.10
35,4,23,7.99
35,4,24,9.81
35,4,25,41.69
35,4,26,15.92
35,4,27,-7.82
35,4,28,9.41
35,4,29,5.33
35,4,30,-24.55
35,4,31,-5.48
35,4,32,14.87
35,4,33,-25.56
35,4,34,-9.12
35,4,35,-16.99
35,4,36,-18.38
35,4,37,2.02
35,4,38,25.56
35,4,39,3.64
35,4,40,-24.15
35,4,41,-3.94
35,5,0,-24.92
35,5,1,-35.85
35,5,2,-19.26
35,5,3,-36.98
35,5,4,-7.30
35,5,5,-15.74
35,5,6,-12.26
35,5,7,-42.73
35,5,8,-25.44
35,5,9,17.61
35,5,10,-2.44
35,5,11,-28.51
35,5,12,-16.78
35,5,13,-14.11
35,5,14,-12.37
35,5,15,-30.61
35,5,16,-21.80
35,5,17,-32.31
35,5,18,-18.40
35,5,19,31.16
35,5,20,-18.75
35,5,21,-19.50
35,5,22,0.01
35,5,23,-13.25
35,5,24,-21.51
35,5,25,2.99
35,5,26,-5.44
35,5,27,-15.79
35,5,28,2.44
35,5,29,-21.85
35,5,30,-18.00
35,5,31,4.23
35,5,32,14.60
35,5,33,-4.76
35,5,34,12.43
35,5,35,-15.99
35,5,36,-28.86
35,5,37,-35.90
35,5,38,2.74
35,5,39,-40.18
35,5,40,-19.89
35,5,41,-13.15
35,6,0,-30.84
35,6,1,-21.62
35,6,2,-19.98
35,6,3,-15.25
35,6,4,1.04
35,6,5,-35.99
35,6,6,2.57
35,6,7,-31.16
35,6,8,-17.80
35,6,9,-14.40
35,6,10,9.06
35,6,11,-10.13
35,6,12,-15.89
35,6,13,2.81
35,6,14,6.38
35,6,15,-10.70
35,6,16,-17.19
35,6,17,-13.26
35,6,18,-25.16
35,6,19,12.20
35,6,20,-26.21
35,6,21,-18.92
35,6,22,13.80
35,6,23,-10.67
35,6,24,-12.92
35,6,25,3.78
35,6,26,2.52
35,6,27,-19.67
35,6,28,-1.57
35,6,29,-10.91
35,6,30,-16.45
35,6,31,3.09
35,6,32,8.95
35,6,33,-33.88
35,6,34,-9.50
35,6,35,-19.90
35,6,36,0.00
35,6,37,11.41
35,6,38,38.34
35,6,39,2.01
35,6,40,-6.71
35,6,41,2.60
36,0,0,-19.21
36,0,1,-11.47
36,0,2,17.12
36,0,3,6.15
36,0,4,5.21
36,0,5,-26.09
36,0,6,7.65
36,0,7,-26.94
36,0,8,-25.00
36,0,9,-9.68
36,0,10,-14.56
36,0,11,-17.29
36,0,12,-23.21
36,0,13,-14.06
36,0,14,-31.63
36,0,15,-20.13
36,0,16,-17.35
36,0,17,-21.82
36,0,18,-32.74
36,0,19,-16.63
36,0,20,-21.03
36,0,21,-8.43
36,0,22,-16.94
36,0,23,-40.22
36,0,24,-47.07
36,0,25,2.27
36,0,26,2.35
36,0,27,-15.99
36,0,28,2.85
36,0,29,-31.72
36,0,30,-29.97
36,0,31,6.83
36,0,32,-22.04
36,0,33,-15.58
36,0,34,-2.11
36,0,35,-15.57
36,0,36,-17.57
36,0,37,-23.40
36,0,38,-15.07
36,0,39,-10.51
36,0,40,-19.75
36,0,41,-5.44
36,1,0,-14.66
36,1,1,-19.14
36,1,2,-10.23
36,1,3,-10.71
36,1,4,-8.88
36,1,5,-8.47
36,1,6,31.60
36,1,7,3.68
36,1,8,-2.90
36,1,9,24.75
36,1,10,28.63
36,1,11,7.41
36,1,12,-15.35
36,1,13,-22.72
36,1,14,-23.61
36,1,15,-3.50
36,1,16,-21.12
36,1,17,-21.15
36,1,18,-8.20
36,1,19,40.99
36,1,20,-5.42
36,1,21,-28.99
36,1,22,22.32
36,1,23,-6.58
36,1,24,-22.40
36,1,25,5.65
36,1,26,-14.29
36,1,27,-27.88
36,1,28,2.25
36,1,29,-28.63
36,1,30,-4.40
36,1,31,-5.20
36,1,32,-10.80
36,1,33,-32.48
36,1,34,28.19
36,1,35,-18.66
36,1,36,-20.51
36,1,37,-12.22
36,1,38,3.66
36,1,39,-25.11
36,1,40,-29.63
36,1,41,-26.59
36,2,0,-20.59
36,2,1,-27.44
36,2,2,-20.75
36,2,3,-25.86
36,2,4,1.19
36,2,5,-6.87
36,2,6,2.87
36,2,7,-25.53
36,2,8,-32.31
36,2,9,-17.84
36,2,10,-2.87
36,2,11,-21.92
36,2,12,-7.09
36,2,13,-13.58
36,2,14,2.93
36,2,15,-3.90
36,2,16,-1.40
36,2,17,11.88
36,2,18,-20.30
36,2,19,5.91
36,2,20,-18.43
36,2,21,-11.17
36,2,22,-5.49
36,2,23,-43.86
36,2,24,-28.75
36,2,25,4.80
36,2,26,-2.56
36,2,27,-22.34
36,2,28,-4.21
36,2,29,-14.08
36,2,30,-36.85
36,2,31,-14.37
36,2,32,2.54
36,2,33,-16.14
36,2,34,-9.33
36,2,35,-38.98
36,2,36,-14.70
36,2,37,-45.15
36,2,38,-8.21
36,2,39,-15.69
36,2,40,-12.65
36,2,41,-11.46
36,3,0,-11.36
36,3,1,-10.11
36,3,2,-20.53
36,3,3,-19.39
36,3,4,9.75
36,3,5,-13.91
36,3,6,2.96
36,3,7,-23.33
36,3,8,-7.99
36,3,9,0.38
36,3,10,-12.09
36,3,11,-19.47
36,3,12,1.38
36,3,13,-3.26
36,3,14,-15.51
36,3,15,-6.97
36,3,16,-5.81
36,3,17,-9.52
36,3,18,29.62
36,3,19,6.63
36,3,20,1.49
36,3,21,8.49
36,3,22,38.58
36,3,23,-5.89
36,3,24,-10.31
36,3,25,15.68
36,3,26,-12.34
36,3,27,-7.78
36,3,28,2.37
36,3,29,-28.66
36,3,30,-20.45
36,3,31,1.51
36,3,32,-1.70
36,3,33,-27.56
36,3,34,-12.63
36,3,35,-27.51
36,3,36,-24.78
36,3,37,-26.38
36,3,38,-20.12
36,3,39,-14.81
36,3,40,-18.35
36,3,41,-27.52
36,4,0,-6.48
36,4,1,-11.69
36,4,2,-27.61
36,4,3,-20.67
36,4,4,33.10
36,4,5,2.45
36,4,6,-10.96
36,4,7,-32.95
36,4,8,-24.85
36,4,9,2.70
36,4,10,2.99
36,4,11,-26.02
36,4,12,-22.48
36,4,13,-35.99
36,4,14,-16.46
36,4,15,-27.84
36,4,16,-21.90
36,4,17,-16.63
36,4,18,-29.46
36,4,19,-7.02
36,4,20,-19.06
36,4,21,-21.25
36,4,22,9.10
36,4,23,7.99
36,4,24,9.81
36,4,25,41.69
36,4,26,15.92
36,4,27,-7.82
36,4,28,9.41
36,4,29,5.33
36,4,30,-24.55
36,4,31,-5.48
36,4,32,14.87
36,4,33,-25.56
36,4,34,-9.12
36,4,35,-16.99
36,4,36,-18.38
36,4,37,2.02
36,4,38,25.56
36,4,39,3.64
36,4,40,-24.15
36,4,41,-3.94
36,5,0,-24.92
36,5,1,-35.85
36,5,2,-19.26
36,5,3,-36.98
36,5,4,-7.30
36,5,5,-15.74
36,5,6,-12.26
36,5,7,-42.73
36,5,8,-25.44
36,5,9,17.61
36,5,10,-2.44
36,5,11,-28.51
36,5,12,-16.78
36,5,13,-14.11
36,5,14,-12.37
36,5,15,-30.61
36,5,16,-21.80
36,5,17,-32.31
36,5,18,-18.40
36,5,19,31.16
36,5,20,-18.75
36,5,21,-19.50
36,5,22,0.01
36,5,23,-13.25
36,5,24,-21.51
36,5,25,2.99
36,5,26,-5.44
36,5,27,-15.79
36,5,28,2.44
36,5,29,-21.85
36,5,30,-18.00
36,5,31,4.23
36,5,32,14.60
36,5,33,-4.76
36,5,34,12.43
36,5,35,-15.99
36,5,36,-28.86
36,5,37,-35.90
36,5,38,2.74
36,5,39,-40.18
36,5,40,-19.89
36,5,41,-13.15
36,6,0,-30.84
36,6,1,-21.62
36,6,2,-19.98
36,6,3,-15.25
36,6,4,1.04
36,6,5,-35.99
36,6,6,2.57
36,6,7,-31.16
36,6,8,-17.80
36,6,9,-14.40
36,6,10,9.06
36,6,11,-10.13
36,6,12,-15.89
36,6,13,2.81
36,6,14,6.38
36,6,15,-10.70
36,6,16,-17.19
36,6,17,-13.26
36,6,18,-25.16
36,6,19,12.20
36,6,20,-26.21
36,6,21,-18.92
36,6,22,13.80
36,6,23,-10.67
36,6,24,-12.92
36,6,25,3.78
36,6,26,2.52
36,6,27,-19.67
36,6,28,-1.57
36,6,29,-10.91
36,6,30,-16.45
36,6,31,3.09
36,6,32,8.95
36,6,33,-33.88
36,6,34,-9.50
36,6,35,-19.90
36,6,36,0.00
36,6,37,11.41
36,6,38,38.34
36,6,39,2.01
36,6,40,-6.71
36,6,41,2.60
37,0,0,-19.21
37,0,1,-11.47
37,0,2,17.12
37,0,3,6.15
37,0,4,5.21
37,0,5,-26.09
37,0,6,7.65
37,0,7,-26.94
37,0,8,-25.00
37,0,9,-9.68
37,0,10,-14.56
37,0,11,-17.29
37,0,12,-23.21
37,0,13,-14.06
37,0,14,-31.63
37,0,15,-20.13
37,0,16,-17.35
37,0,17,-21.82
37,0,18,-32.74
37,0,19,-16.63
37,0,20,-21.03
37,0,21,-8.43
37,0,22,-16.94
37,0,23,-40.22
37,0,24,-47.07
37,0,25,2.27
37,0,26,2.35
37,0,27,-15.99
37,0,28,2.85
37,0,29,-31.72
37,0,30,-29.97
37,0,31,6.83
37,0,32,-22.04
37,0,33,-15.58
37,0,34,-2.11
37,0,35,-15.57
37,0,36,-17.57
37,0,37,-23.40
37,0,38,-15.07
37,0,39,-10.51
37,0,40,-19.75
37,0,41,-5.44
37,1,0,-14.66
37,1,1,-19.14
37,1,2,-10.23
37,1,3,-10.71
37,1,4,-8.88
37,1,5,-8.47
37,1,6,31.60
37,1,7,3.68
37,1,8,-2.90
37,1,9,24.75
37,1,10,28.63
37,1,11,7.41
37,1,12,-15.35
37,1,13,-22.72
37,1,14,-23.61
37,1,15,-3.50
37,1,16,-21.12
37,1,17,-21.15
37,1,18,-8.20
37,1,19,40.99
37,1,20,-5.42
37,1,21,-28.99
37,1,22,22.32
37,1,23,-6.58
37,1,24,-22.40
37,1,25,5.65
37,1,26,-14.29
37,1,27,-27.88
37,1,28,2.25
37,1,29,-28.63
37,1,30,-4.40
37,1,31,-5.20
37,1,32,-10.80
37,1,33,-32.48
37,1,34,28.19
37,1,35,-18.66
37,1,36,-20.51
37,1,37,-12.22
37,1,38,3.66
37,1,39,-25.11
37,1,40,-29.63
37,1,41,-26.59
37,2,0,-20.59
37,2,1,-27.44
37,2,2,-20.75
37,2,3,-25.86
37,2,4,1.19
37,2,5,-6.87
37,2,6,2.87
37,2,7,-25.53
37,2,8,-32.31
37,2,9,-17.84
37,2,10,-2.87
37,2,11,-21.92
37,2,12,-7.09
37,2,13,-13.58
37,2,14,2.93
37,2,15,-3.90
37,2,16,-1.40
37,2,17,11.88
37,2,18,-20.30
37,2,19,5.91
37,2,20,-18.43
37,2,21,-11.17
37,2,22,-5.49
37,2,23,-43.86
37,2,24,-28.75
37,2,25,4.80
37,2,26,-2.56
37,2,27,-22.34
37,2,28,-4.21
37,2,29,-14.08
37,2,30,-36.85
37,2,31,-14.37
37,2,32,2.54
37,2,33,-16.14
37,2,34,-9.33
37,2,35,-38.98
37,2,36,-14.70
37,2,37,-45.15
37,2,38,-8.21
37,2,39,-15.69
37,2,40,-12.65
37,2,41,-11.46
37,3,0,-11.36
37,3,1,-10.11
37,3,2,-20.53
37,3,3,-19.39
37,3,4,9.75
37,3,5,-13.91
37,3,6,2.96
37,3,7,-23.33
37,3,8,-7.99
37,3,9,0.38
37,3,10,-12.09
37,3,11,-19.47
37,3,12,1.38
37,3,13,-3.26
37,3,14,-15.51
37,3,15,-6.97
37,3,16,-5.81
37,3,17,-9.52
37,3,18,29.62
37,3,19,6.63
37,3,20,1.49
37,3,21,8.49
37,3,22,38.58
37,3,23,-5.89
37,3,24,-10.31
37,3,25,15.68
37,3,26,-12.34
37,3,27,-7.78
37,3,28,2.37
37,3,29,-28.66
37,3,30,-20.45
37,3,31,1.51
37,3,32,-1.70
37,3,33,-27.56
37,3,34,-12.63
37,3,35,-27.51
37,3,36,-24.78
37,3,37,-26.38
37,3,38,-20.12
37,3,39,-14.81
37,3,40,-18.35
37,3,41,-27.52
37,4,0,-6.48
37,4,1,-11.69
37,4,2,-27.61
37,4,3,-20.67
37,4,4,33.10
37,4,5,2.45
37,4,6,-10.96
37,4,7,-32.95
37,4,8,-24.85
37,4,9,2.70
37,4,10,2.99
37,4,11,-26.02
37,4,12,-22.48
37,4,13,-35.99
37,4,14,-16.46
37,4,15,-27.84
37,4,16,-21.90
37,4,17,-16.63
37,4,18,-29.46
37,4,19,-7.02
37,4,20,-19.06
37,4,21,-21.25
37,4,22,9.10
37,4,23,7.99
37,4,24,9.81
37,4,25,41.69
37,4,26,15.92
37,4,27,-7.82
37,4,28,9.41
37,4,29,5.33
37,4,30,-24.55
37,4,31,-5.48
37,4,32,14.87
37,4,33,-25.56
37,4,34,-9.12
37,4,35,-16.99
37,4,36,-18.38
37,4,37,2.02
37,4,38,25.56
37,4,39,3.64
37,4,40,-24.15
37,4,41,-3.94
37,5,0,-24.92
37,5,1,-35.85
37,5,2,-19.26
37,5,3,-36.98
37,5,4,-7.30
37,5,5,-15.74
37,5,6,-12.26
37,5,7,-42.73
37,5,8,-25.44
37,5,9,17.61
37,5,10,-2.44
37,5,11,-28.51
37,5,12,-16.78
37,5,13,-14.11
37,5,14,-12.37
37,5,15,-30.61
37,5,16,-21.80
37,5,17,-32.31
37,5,18,-18.40
37,5,19,31.16
37,5,20,-18.75
37,5,21,-19.50
37,5,22,0.01
37,5,23,-13.25
37,5,24,-21.51
37,5,25,2.99
37,5,26,-5.44
37,5,27,-15.79
37,5,28,2.44
37,5,29,-21.85
37,5,30,-18.00
37,5,31,4.23
37,5,32,14.60
37,5,33,-4.76
37,5,34,12.43
37,5,35,-15.99
37,5,36,-28.86
37,5,37,-35.90
37,5,38,2.74
37,5,39,-40.18
37,5,40,-19.89
37,5,41,-13.15
37,6,0,-30.84
37,6,1,-21.62
37,6,2,-19.98
37,6,3,-15.25
37,6,4,1.04
37,6,5,-35.99
37,6,6,2.57
37,6,7,-31.16
37,6,8,-17.80
37,6,9,-14.40
37,6,10,9.06
37,6,11,-10.13
37,6,12,-15.89
37,6,13,2.81
37,6,14,6.38
37,6,15,-10.70
37,6,16,-17.19
37,6,17,-13.26
37,6,18,-25.16
37,6,19,12.20
37,6,20,-26.21
37,6,21,-18.92
37,6,22,13.80
37,6,23,-10.67
37,6,24,-12.92
37,6,25,3.78
37,6,26,2.52
37,6,27,-19.67
37,6,28,-1.57
37,6,29,-10.91
37,6,30,-16.45
37,6,31,3.09
37,6,32,8.95
37,6,33,-33.88
37,6,34,-9.50
37,6,35,-19.90
37,6,36,0.00
37,6,37,11.41
37,6,38,38.34
37,6,39,2.01
37,6,40,-6.71
37,6,41,2.60
38,0,0,-19.21
38,0,1,-11.47
38,0,2,17.12
38,0,3,6.15
38,0,4,5.21
38,0,5,-26.09
38,0,6,7.65
38,0,7,-26.94
38,0,8,-25.00
38,0,9,-9.68
38,0,10,-14.56
38,0,11,-17.29
38,0,12,-23.21
38,0,13,-14.06
38,0,14,-31.63
38,0,15,-20.13
38,0,16,-17.35
38,0,17,-21.82
38,0,18,-32.74
38,0,19,-16.63
38,0,20,-21.03
38,0,21,-8.43
38,0,22,-16.94
38,0,23,-40.22
38,0,24,-47.07
38,0,25,2.27
38,0,26,2.35
38,0,27,-15.99
38,0,28,2.85
38,0,29,-31.72
38,0,30,-29.97
38,0,31,6.83
38,0,32,-22.04
38,0,33,-15.58
38,0,34,-2.11
38,0,35,-15.57
38,0,36,-17.57
38,0,37,-23.40
38,0,38,-15.07
38,0,39,-10.51
38,0,40,-19.75
38,0,41,-5.44
38,1,0,-14.66
38,1,1,-19.14
38,1,2,-10.23
38,1,3,-10.71
38,1,4,-8.88
38,1,5,-8.47
38,1,6,31.60
38,1,7,3.68
38,1,8,-2.90
38,1,9,24.75
38,1,10,28.63
38,1,11,7.41
38,1,12,-15.35
38,1,13,-22.72
38,1,14,-23.61
38,1,15,-3.50
38,1,16,-21.12
38,1,17,-21.15
38,1,18,-8.20
38,1,19,40.99
38,1,20,-5.42
38,1,21,-28.99
38,1,22,22.32
38,1,23,-6.58
38,1,24,-22.40
38,1,25,5.65
38,1,26,-14.29
38,1,27,-27.88
38,1,28,2.25
38,1,29,-28.63
38,1,30,-4.40
38,1,31,-5.20
38,1,32,-10.80
38,1,33,-32.48
38,1,34,28.19
38,1,35,-18.66
38,1,36,-20.51
38,1,37,-12.22
38,1,38,3.66
38,1,39,-25.11
38,1,40,-29.63
38,1,41,-26.59
38,2,0,-20.59
38,2,1,-27.44
38,2,2,-20.75
38,2,3,-25.86
38,2,4,1.19
38,2,5,-6.87
38,2,6,2.87
38,2,7,-25.53
38,2,8,-32.31
38,2,9,-17.84
38,2,10,-2.87
38,2,11,-21.92
38,2,12,-7.09
38,2,13,-13.58
38,2,14,2.93
38,2,15,-3.90
38,2,16,-1.40
38,2,17,11.88
38,2,18,-20.30
38,2,19,5.91
38,2,20,-18.43
38,2,21,-11.17
38,2,22,-5.49
38,2,23,-43.86
38,2,24,-28.75
38,2,25,4.80
38,2,26,-2.56
38,2,27,-22.34
38,2,28,-4.21
38,2,29,-14.08
38,2,30,-36.85
38,2,31,-14.37
38,2,32,2.54
38,2,33,-16.14
38,2,34,-9.33
38,2,35,-38.98
38,2,36,-14.70
38,2,37,-45.15
38,2,38,-8.21
38,2,39,-15.69
38,2,40,-12.65
38,2,41,-11.46
38,3,0,-11.36
38,3,1,-10.11
38,3,2,-20.53
38,3,3,-19.39
38,3,4,9.75
38,3,5,-13.91
38,3,6,2.96
38,3,7,-23.33
38,3,8,-7.99
38,3,9,0.38
38,3,10,-12.09
38,3,11,-19.47
38,3,12,1.38
38,3,13,-3.26
38,3,14,-15.51
38,3,15,-6.97
38,3,16,-5.81
38,3,17,-9.52
38,3,18,29.62
38,3,19,6.63
38,3,20,1.49
38,3,21,8.49
38,3,22,38.58
38,3,23,-5.89
38,3,24,-10.31
38,3,25,15.68
38,3,26,-12.34
38,3,27,-7.78
38,3,28,2.37
38,3,29,-28.66
38,3,30,-20.45
38,3,31,1.51
38,3,32,-1.70
38,3,33,-27.56
38,3,34,-12.63
38,3,35,-27.51
38,3,36,-24.78
38,3,37,-26.38
38,3,38,-20.12
38,3,39,-14.81
38,3,40,-18.35
38,3,41,-27.52
38,4,0,-6.48
38,4,1,-11.69
38,4,2,-27.61
38,4,3,-20.67
38,4,4,33.10
38,4,5,2.45
38,4,6,-10.96
38,4,7,-32.95
38,4,8,-24.85
38,4,9,2.70
38,4,10,2.99
38,4,11,-26.02
38,4,12,-22.48
38,4,13,-35.99
38,4,14,-16.46
38,4,15,-27.84
38,4,16,-21.90
38,4,17,-16.63
38,4,18,-29.46
38,4,19,-7.02
38,4,20,-19.06
38,4,21,-21.25
38,4,22,9.10
38,4,23,7.99
38,4,24,9.81
38,4,25,41.69
38,4,26,15.92
38,4,27,-7.82
38,4,28,9.41
38,4,29,5.33
38,4,30,-24.55
38,4,31,-5.48
38,4,32,14.87
38,4,33,-25.56
38,4,34,-9.12
38,4,35,-16.99
38,4,36,-18.38
38,4,37,2.02
38,4,38,25.56
38,4,39,3.64
38,4,40,-24.15
38,4,41,-3.94
38,5,0,-24.92
38,5,1,-35.85
38,5,2,-19.26
38,5,3,-36.98
38,5,4,-7.30
38,5,5,-15.74
38,5,6,-12.26
38,5,7,-42.73
38,5,8,-25.44
38,5,9,17.61
38,5,10,-2.44
38,5,11,-28.51
38,5,12,-16.78
38,5,13,-14.11
38,5,14,-12.37
38,5,15,-30.61
38,5,16,-21.80
38,5,17,-32.31
38,5,18,-18.40
38,5,19,31.16
38,5,20,-18.75
38,5,21,-19.50
38,5,22,0.01
38,5,23,-13.25
38,5,24,-21.51
38,5,25,2.99
38,5,26,-5.44
38,5,27,-15.79
38,5,28,2.44
38,5,29,-21.85
38,5,30,-18.00
38,5,31,4.23
38,5,32,14.60
38,5,33,-4.76
38,5,34,12.43
38,5,35,-15.99
38,5,36,-28.86
38,5,37,-35.90
38,5,38,2.74
38,5,39,-40.18
38,5,40,-19.89
38,5,41,-13.15
38,6,0,-30.84
38,6,1,-21.62
38,6,2,-19.98
38,6,3,-15.25
38,6,4,1.04
38,6,5,-35.99
38,6,6,2.57
38,6,7,-31.16
38,6,8,-17.80
38,6,9,-14.40
38,6,10,9.06
38,6,11,-10.13
38,6,12,-15.89
38,6,13,2.81
38,6,14,6.38
38,6,15,-10.70
38,6,16,-17.19
38,6,17,-13.26
38,6,18,-25.16
38,6,19,12.20
38,6,20,-26.21
38,6,21,-18.92
38,6,22,13.80
38,6,23,-10.67
38,6,24,-12.92
38,6,25,3.78
38,6,26,2.52
38,6,27,-19.67
38,6,28,-1.57
38,6,29,-10.91
38,6,30,-16.45
38,6,31,3.09
38,6,32,8.95
38,6,33,-33.88
38,6,34,-9.50
38,6,35,-19.90
38,6,36,0.00
38,6,37,11.41
38,6,38,38.34
38,6,39,2.01
38,6,40,-6.71
38,6,41,2.60
39,0,0,-19.21
39,0,1,-11.47
39,0,2,17.12
39,0,3,6.15
39,0,4,5.21
39,0,5,-26.09
39,0,6,7.65
39,0,7,-26.94
39,0,8,-25.00
39,0,9,-9.68
39,0,10,-14.56
39,0,11,-17.29
39,0,12,-23.21
39,0,13,-14.06
39,0,14,-31.63
39,0,15,-20.13
39,0,16,-17.35
39,0,17,-21.82
39,0,18,-32.74
39,0,19,-16.63
39,0,20,-21.03
39,0,21,-8.43
39,0,22,-16.94
39,0,23,-40.22
39,0,24,-47.07
39,0,25,2.27
39,0,26,2.35
39,0,27,-15.99
39,0,28,2.85
39,0,29,-31.72
39,0,30,-29.97
39,0,31,6.83
39,0,32,-22.04
39,0,33,-15.58
39,0,34,-2.11
39,0,35,-15.57
39,0,36,-17.57
39,0,37,-23.40
39,0,38,-15.07
39,0,39,-10.51
39,0,40,-19.75
39,0,41,-5.44
39,1,0,-14.66
39,1,1,-19.14
39,1,2,-10.23
39,1,3,-10.71
39,1,4,-8.88
39,1,5,-8.47
39,1,6,31.60
39,1,7,3.68
39,1,8,-2.90
39,1,9,24.75
39,1,10,28.63
39,1,11,7.41
39,1,12,-15.35
39,1,13,-22.72
39,1,14,-23.61
39,1,15,-3.50
39,1,16,-21.12
39,1,17,-21.15
39,1,18,-8.20
39,1,19,40.99
39,1,20,-5.42
39,1,21,-28.99
39,1,22,22.32
39,1,23,-6.58
39,1,24,-22.40
39,1,25,5.65
39,1,26,-14.29
39,1,27,-27.88
39,1,28,2.25
39,1,29,-28.63
39,1,30,-4.40
39,1,31,-5.20
39,1,32,-10.80
39,1,33,-32.48
39,1,34,28.19
39,1,35,-18.66
39,1,36,-20.51
39,1,37,-12.22
39,1,38,3.66
39,1,39,-25.11
39,1,40,-29.63
39,1,41,-26.59
39,2,0,-20.59
39,2,1,-27.44
39,2,2,-20.75
39,2,3,-25.86
39,2,4,1.19
39,2,5,-6.87
39,2,6,2.87
39,2,7,-25.53
39,2,8,-32.31
39,2,9,-17.84
39,2,10,-2.87
39,2,11,-21.92
39,2,12,-7.09
39,2,13,-13.58
39,2,14,2.93
39,2,15,-3.90
39,2,16,-1.40
39,2,17,11.88
39,2,18,-20.30
39,2,19,5.91
39,2,20,-18.43
39,2,21,-11.17
39,2,22,-5.49
39,2,23,-43.86
39,2,24,-28.75
39,2,25,4.80
39,2,26,-2.56
39,2,27,-22.34
39,2,28,-4.21
39,2,29,-14.08
39,2,30,-36.85
39,2,31,-14.37
39,2,32,2.54
39,2,33,-16.14
39,2,34,-9.33
39,2,35,-38.98
39,2,36,-14.70
39,2,37,-45.15
39,2,38,-8.21
39,2,39,-15.69
39,2,40,-12.65
39,2,41,-11.46
39,3,0,-11.36
39,3,1,-10.11
39,3,2,-20.53
39,3,3,-19.39
39,3,4,9.75
39,3,5,-13.91
39,3,6,2.96
39,3,7,-23.33
39,3,8,-7.99
39,3,9,0.38
39,3,10,-12.09
39,3,11,-19.47
39,3,12,1.38
39,3,13,-3.26
39,3,14,-15.51
39,3,15,-6.97
39,3,16,-5.81
39,3,17,-9.52
39,3,18,29.62
39,3,19,6.63
39,3,20,1.49
39,3,21,8.49
39,3,22,38.58
39,3,23,-5.89
39,3,24,-10.31
39,3,25,15.68
39,3,26,-12.34
39,3,27,-7.78
39,3,28,2.37
39,3,29,-28.66
39,3,30,-20.45
39,3,31,1.51
39,3,32,-1.70
39,3,33,-27.56
39,3,34,-12.63
39,3,35,-27.51
39,3,36,-24.78
39,3,37,-26.38
39,3,38,-20.12
39,3,39,-14.81
39,3,40,-18.35
39,3,41,-27.52
39,4,0,-6.48
39,4,1,-11.69
39,4,2,-27.61
39,4,3,-20.67
39,4,4,33.10
39,4,5,2.45
39,4,6,-10.96
39,4,7,-32.95
39,4,8,-24.85
39,4,9,2.70
39,4,10,2.99
39,4,11,-26.02
39,4,12,-22.48
39,4,13,-35.99
39,4,14,-16.46
39,4,15,-27.84
39,4,16,-21.90
39,4,17,-16.63
39,4,18,-29.46
39,4,19,-7.02
39,4,20,-19.06
39,4,21,-21.25
39,4,22,9.10
39,4,23,7.99
39,4,24,9.81
39,4,25,41.69
39,4,26,15.92
39,4,27,-7.82
39,4,28,9.41
39,4,29,5.33
39,4,30,-24.55
39,4,31,-5.48
39,4,32,14.87
39,4,33,-25.56
39,4,34,-9.12
39,4,35,-16.99
39,4,36,-18.38
39,4,37,2.02
39,4,38,25.56
39,4,39,3.64
39,4,40,-24.15
39,4,41,-3.94
39,5,0,-24.92
39,5,1,-35.85
39,5,2,-19.26
39,5,3,-36.98
39,5,4,-7.30
39,5,5,-15.74
39,5,6,-12.26
39,5,7,-42.73
39,5,8,-25.44
39,5,9,17.61
39,5,10,-2.44
39,5,11,-28.51
39,5,12,-16.78
39,5,13,-14.11
39,5,14,-12.37
39,5,15,-30.61
39,5,16,-21.80
39,5,17,-32.31
39,5,18,-18.40
39,5,19,31.16
39,5,20,-18.75
39,5,21,-19.50
39,5,22,0.01
39,5,23,-13.25
39,5,24,-21.51
39,5,25,2.99
39,5,26,-5.44
39,5,27,-15.79
39,5,28,2.44
39,5,29,-21.85
39,5,30,-18.00
39,5,31,4.23
39,5,32,14.60
39,5,33,-4.76
39,5,34,12.43
39,5,35,-15.99
39,5,36,-28.86
39,5,37,-35.90
39,5,38,2.74
39,5,39,-40.18
39,5,40,-19.89
39,5,41,-13.15
39,6,0,-30.84
39,6,1,-21.62
39,6,2,-19.98
39,6,3,-15.25
39,6,4,1.04
39,6,5,-35.99
39,6,6,2.57
39,6,7,-31.16
39,6,8,-17.80
39,6,9,-14.40
39,6,10,9.06
39,6,11,-10.13
39,6,12,-15.89
39,6,13,2.81
39,6,14,6.38
39,6,15,-10.70
39,6,16,-17.19
39,6,17,-13.26
39,6,18,-25.16
39,6,19,12.20
39,6,20,-26.21
39,6,21,-18.92
39,6,22,13.80
39,6,23,-10.67
39,6,24,-12.92
39,6,25,3.78
39,6,26,2.52
39,6,27,-19.67
39,6,28,-1.57
39,6,29,-10.91
39,6,30,-16.45
39,6,31,3.09
39,6,32,8.95
39,6,33,-33.88
39,6,34,-9.50
39,6,35,-19.90
39,6,36,0.00
39,6,37,11.41
39,6,38,38.34
39,6,39,2.01
39,6,40,-6.71
39,6,41,2.60
40,0,0,-19.21
40,0,1,-11.47
40,0,2,17.12
40,0,3,6.15
40,0,4,5.21
40,0,5,-26.09
40,0,6,7.65
40,0,7,-26.94
40,0,8,-25.00
40,0,9,-9.68
40,0,10,-14.56
40,0,11,-17.29
40,0,12,-23.21
40,0,13,-14.06
40,0,14,-31.63
40,0,15,-20.13
40,0,16,-17.35
40,0,17,-21.82
40,0,18,-32.74
40,0,19,-16.63
40,0,20,-21.03
40,0,21,-8.43
40,0,22,-16.94
40,0,23,-40.22
40,0,24,-47.07
40,0,25,2.27
40,0,26,2.35
40,0,27,-15.99
40,0,28,2.85
40,0,29,-31.72
40,0,30,-29.97
40,0,31,6.83
40,0,32,-22.04
40,0,33,-15.58
40,0,34,-2.11
40,0,35,-15.57
40,0,36,-17.57
40,0,37,-23.40
40,0,38,-15.07
40,0,39,-10.51
40,0,40,-19.75
40,0,41,-5.44
40,1,0,-14.66
40,1,1,-19.14
40,1,2,-10.23
40,1,3,-10.71
40,1,4,-8.88
40,1,5,-8.47
40,1,6,31.60
40,1,7,3.68
40,1,8,-2.90
40,1,9,24.75
40,1,10,28.63
40,1,11,7.41
40,1,12,-15.35
40,1,13,-22.72
40,1,14,-23.61
40,1,15,-3.50
40,1,16,-21.12
40,1,17,-21.15
40,1,18,-8.20
40,1,19,40.99
40,1,20,-5.42
40,1,21,-28.99
40,1,22,22.32
40,1,23,-6.58
40,1,24,-22.40
40,1,25,5.65
40,1,26,-14.29
40,1,27,-27.88
40,1,28,2.25
40,1,29,-28.63
40,1,30,-4.40
40,1,31,-5.20
40,1,32,-10.80
40,1,33,-32.48
40,1,34,28.19
40,1,35,-18.66
40,1,36,-20.51
40,1,37,-12.22
40,1,38,3.66
40,1,39,-25.11
40,1,40,-29.63
40,1,41,-26.59
40,2,0,-20.59
40,2,1,-27.44
40,2,2,-20.75
40,2,3,-25.86
40,2,4,1.19
40,2,5,-6.87
40,2,6,2.87
40,2,7,-25.53
40,2,8,-32.31
40,2,9,-17.84
40,2,10,-2.87
40,2,11,-21.92
40,2,12,-7.09
40,2,13,-13.58
40,2,14,2.93
40,2,15,-3.90
40,2,16,-1.40
40,2,17,11.88
40,2,18,-20.30
40,2,19,5.91
40,2,20,-18.43
40,2,21,-11.17
40,2,22,-5.49
40,2,23,-43.86
40,2,24,-28.75
40,2,25,4.80
40,2,26,-2.56
40,2,27,-22.34
40,2,28,-4.21
40,2,29,-14.08
40,2,30,-36.85
40,2,31,-14.37
40,2,32,2.54
40,2,33,-16.14
40,2,34,-9.33
40,2,35,-38.98
40,2,36,-14.70
40,2,37,-45.15
40,2,38,-8.21
40,2,39,-15.69
40,2,40,-12.65
40,2,41,-11.46
40,3,0,-11.36
40,3,1,-10.11
40,3,2,-20.53
40,3,3,-19.39
40,3,4,9.75
40,3,5,-13.91
40,3,6,2.96
40,3,7,-23.33
40,3,8,-7.99
40,3,9,0.38
40,3,10,-12.09
40,3,11,-19.47
40,3,12,1.38
40,3,13,-3.26
40,3,14,-15.51
40,3,15,-6.97
40,3,16,-5.81
40,3,17,-9.52
40,3,18,29.62
40,3,19,6.63
40,3,20,1.49
40,3,21,8.49
40,3,22,38.58
40,3,23,-5.89
40,3,24,-10.31
40,3,25,15.68
40,3,26,-12.34
40,3,27,-7.78
40,3,28,2.37
40,3,29,-28.66
40,3,30,-20.45
40,3,31,1.51
40,3,32,-1.70
40,3,33,-27.56
40,3,34,-12.63
40,3,35,-27.51
40,3,36,-24.78
40,3,37,-26.38
40,3,38,-20.12
40,3,39,-14.81
40,3,40,-18.35
40,3,41,-27.52
40,4,0,-6.48
40,4,1,-11.69
40,4,2,-27.61
40,4,3,-20.67
40,4,4,33.10
40,4,5,2.45
40,4,6,-10.96
40,4,7,-32.95
40,4,8,-24.85
40,4,9,2.70
40,4,10,2.99
40,4,11,-26.02
40,4,12,-22.48
40,4,13,-35.99
40,4,14,-16.46
40,4,15,-27.84
40,4,16,-21.90
40,4,17,-16.63
40,4,18,-29.46
40,4,19,-7.02
40,4,20,-19.06
40,4,21,-21.25
40,4,22,9.10
40,4,23,7.99
40,4,24,9.81
40,4,25,41.69
40,4,26,15.92
40,4,27,-7.82
40,4,28,9.41
40,4,29,5.33
40,4,30,-24.55
40,4,31,-5.48
40,4,32,14.87
40,4,33,-25.56
40,4,34,-9.12
40,4,35,-16.99
40,4,36,-18.38
40,4,37,2.02
40,4,38,25.56
40,4,39,3.64
40,4,40,-24.15
40,4,41,-3.94
40,5,0,-24.92
40,5,1,-35.85
40,5,2,-19.26
40,5,3,-36.98
40,5,4,-7.30
40,5,5,-15.74
40,5,6,-12.26
40,5,7,-42.73
40,5,8,-25.44
40,5,9,17.61
40,5,10,-2.44
40,5,11,-28.51
40,5,12,-16.78
40,5,13,-14.11
40,5,14,-12.37
40,5,15,-30.61
40,5,16,-21.80
40,5,17,-32.31
40,5,18,-18.40
40,5,19,31.16
40,5,20,-18.75
40,5,21,-19.50
40,5,22,0.01
40,5,23,-13.25
40,5,24,-21.51
40,5,25,2.99
40,5,26,-5.44
40,5,27,-15.79
40,5,28,2.44
40,5,29,-21.85
40,5,30,-18.00
40,5,31,4.23
40,5,32,14.60
40,5,33,-4.76
40,5,34,12.43
40,5,35,-15.99
40,5,36,-28.86
40,5,37,-35.90
40,5,38,2.74
40,5,39,-40.18
40,5,40,-19.89
40,5,41,-13.15
40,6,0,-30.84
40,6,1,-21.62
40,6,2,-19.98
40,6,3,-15.25
40,6,4,1.04
40,6,5,-35.99
40,6,6,2.57
40,6,7,-31.16
40,6,8,-17.80
40,6,9,-14.40
40,6,10,9.06
40,6,11,-10.13
40,6,12,-15.89
40,6,13,2.81
40,6,14,6.38
40,6,15,-10.70
40,6,16,-17.19
40,6,17,-13.26
40,6,18,-25.16
40,6,19,12.20
40,6,20,-26.21
40,6,21,-18.92
40,6,22,13.80
40,6,23,-10.67
40,6,24,-12.92
40,6,25,3.78
40,6,26,2.52
40,6,27,-19.67
40,6,28,-1.57
40,6,29,-10.91
40,6,30,-16.45
40,6,31,3.09
40,6,32,8.95
40,6,33,-33.88
40,6,34,-9.50
40,6,35,-19.90
40,6,36,0.00
40,6,37,11.41
40,6,38,38.34
40,6,39,2.01
40,6,40,-6.71
40,6,41,2.60
41,0,0,-19.21
41,0,1,-11.47
41,0,2,17.12
41,0,3,6.15
41,0,4,5.21
41,0,5,-26.09
41,0,6,7.65
41,0,7,-26.94
41,0,8,-25.00
41,0,9,-9.68
41,0,10,-14.56
41,0,11,-17.29
41,0,12,-23.21
41,0,13,-14.06
41,0,14,-31.63
41,0,15,-20.13
41,0,16,-17.35
41,0,17,-21.82
41,0,18,-32.74
41,0,19,-16.63
41,0,20,-21.03
41,0,21,-8.43
41,0,22,-16.94
41,0,23,-40.22
41,0,24,-47.07
41,0,25,2.27
41,0,26,2.35
41,0,27,-15.99
41,0,28,2.85
41,0,29,-31.72
41,0,30,-29.97
41,0,31,6.83
41,0,32,-22.04
41,0,33,-15.58
41,0,34,-2.11
41,0,35,-15.57
41,0,36,-17.57
41,0,37,-23.40
41,0,38,-15.07
41,0,39,-10.51
41,0,40,-19.75
41,0,41,-5.44
41,1,0,-14.66
41,1,1,-19.14
41,1,2,-10.23
41,1,3,-10.71
41,1,4,-8.88
41,1,5,-8.47
41,1,6,31.60
41,1,7,3.68
41,1,8,-2.90
41,1,9,24.75
41,1,10,28.63
41,1,11,7.41
41,1,12,-15.35
41,1,13,-22.72
41,1,14,-23.61
41,1,15,-3.50
41,1,16,-21.12
41,1,17,-21.15
41,1,18,-8.20
41,1,19,40.99
41,1,20,-5.42
41,1,21,-28.99
41,1,22,22.32
41,1,23,-6.58
41,1,24,-22.40
41,1,25,5.65
41,1,26,-14.29
41,1,27,-27.88
41,1,28,2.25
41,1,29,-28.63
41,1,30,-4.40
41,1,31,-5.20
41,1,32,-10.80
41,1,33,-32.48
41,1,34,28.19
41,1,35,-18.66
41,1,36,-20.51
41,1,37,-12.22
41,1,38,3.66
41,1,39,-25.11
41,1,40,-29.63
41,1,41,-26.59
41,2,0,-20.59
41,2,1,-27.44
41,2,2,-20.75
41,2,3,-25.86
41,2,4,1.19
41,2,5,-6.87
41,2,6,2.87
41,2,7,-25.53
41,2,8,-32.31
41,2,9,-17.84
41,2,10,-2.87
41,2,11,-21.92
41,2,12,-7.09
41,2,13,-13.58
41,2,14,2.93
41,2,15,-3.90
41,2,16,-1.40
41,2,17,11.88
41,2,18,-20.30
41,2,19,5.91
41,2,20,-18.43
41,2,21,-11.17
41,2,22,-5.49
41,2,23,-43.86
41,2,24,-28.75
41,2,25,4.80
41,2,26,-2.56
41,2,27,-22.34
41,2,28,-4.21
41,2,29,-14.08
41,2,30,-36.85
41,2,31,-14.37
41,2,32,2.54
41,2,33,-16.14
41,2,34,-9.33
41,2,35,-38.98
41,2,36,-14.70
41,2,37,-45.15
41,2,38,-8.21
41,2,39,-15.69
41,2,40,-12.65
41,2,41,-11.46
41,3,0,-11.36
41,3,1,-10.11
41,3,2,-20.53
41,3,3,-19.39
41,3,4,9.75
41,3,5,-13.91
41,3,6,2.96
41,3,7,-23.33
41,3,8,-7.99
41,3,9,0.38
41,3,10,-12.09
41,3,11,-19.47
41,3,12,1.38
41,3,13,-3.26
41,3,14,-15.51
41,3,15,-6.97
41,3,16,-5.81
41,3,17,-9.52
41,3,18,29.62
41,3,19,6.63
41,3,20,1.49
41,3,21,8.49
41,3,22,38.58
41,3,23,-5.89
41,3,24,-10.31
41,3,25,15.68
41,3,26,-12.34
41,3,27,-7.78
41,3,28,2.37
41,3,29,-28.66
41,3,30,-20.45
41,3,31,1.51
41,3,32,-1.70
41,3,33,-27.56
41,3,34,-12.63
41,3,35,-27.51
41,3,36,-24.78
41,3,37,-26.38
41,3,38,-20.12
41,3,39,-14.81
41,3,40,-18.35
41,3,41,-27.52
41,4,0,-6.48
41,4,1,-11.69
41,4,2,-27.61
41,4,3,-20.67
41,4,4,33.10
41,4,5,2.45
41,4,6,-10.96
41,4,7,-32.95
41,4,8,-24.85
41,4,9,2.70
41,4,10,2.99
41,4,11,-26.02
41,4,12,-22.48
41,4,13,-35.99
41,4,14,-16.46
41,4,15,-27.84
41,4,16,-21.90
41,4,17,-16.63
41,4,18,-29.46
41,4,19,-7.02
41,4,20,-19.06
41,4,21,-21.25
41,4,22,9.10
41,4,23,7.99
41,4,24,9.81
41,4,25,41.69
41,4,26,15.92
41,4,27,-7.82
41,4,28,9.41
41,4,29,5.33
41,4,30,-24.55
41,4,31,-5.48
41,4,32,14.87
41,4,33,-25.56
41,4,34,-9.12
41,4,35,-16.99
41,4,36,-18.38
41,4,37,2.02
41,4,38,25.56
41,4,39,3.64
41,4,40,-24.15
41,4,41,-3.94
41,5,0,-24.92
41,5,1,-35.85
41,5,2,-19.26
41,5,3,-36.98
41,5,4,-7.30
41,5,5,-15.74
41,5,6,-12.26
41,5,7,-42.73
41,5,8,-25.44
41,5,9,17.61
41,5,10,-2.44
41,5,11,-28.51
41,5,12,-16.78
41,5,13,-14.11
41,5,14,-12.37
41,5,15,-30.61
41,5,16,-21.80
41,5,17,-32.31
41,5,18,-18.40
41,5,19,31.16
41,5,20,-18.75
41,5,21,-19.50
41,5,22,0.01
41,5,23,-13.25
41,5,24,-21.51
41,5,25,2.99
41,5,26,-5.44
41,5,27,-15.79
41,5,28,2.44
41,5,29,-21.85
41,5,30,-18.00
41,5,31,4.23
41,5,32,14.60
41,5,33,-4.76
41,5,34,12.43
41,5,35,-15.99
41,5,36,-28.86
41,5,37,-35.90
41,5,38,2.74
41,5,39,-40.18
41,5,40,-19.89
41,5,41,-13.15
41,6,0,-30.84
41,6,1,-21.62
41,6,2,-19.98
41,6,3,-15.25
41,6,4,1.04
41,6,5,-35.99
41,6,6,2.57
41,6,7,-31.16
41,6,8,-17.80
41,6,9,-14.40
41,6,10,9.06
41,6,11,-10.13
41,6,12,-15.89
41,6,13,2.81
41,6,14,6.38
41,6,15,-10.70
41,6,16,-17.19
41,6,17,-13.26
41,6,18,-25.16
41,6,19,12.20
41,6,20,-26.21
41,6,21,-18.92
41,6,22,13.80
41,6,23,-10.67
41,6,24,-12.92
41,6,25,3.78
41,6,26,2.52
41,6,27,-19.67
41,6,28,-1.57
41,6,29,-10.91
41,6,30,-16.45
41,6,31,3.09
41,6,32,8.95
41,6,33,-33.88
41,6,34,-9.50
41,6,35,-19.90
41,6,36,0.00
41,6,37,11.41
41,6,38,38.34
41,6,39,2.01
41,6,40,-6.71
41,6,41,2.60
42,0,0,-19.21
42,0,1,-11.47
42,0,2,17.12
42,0,3,6.15
42,0,4,5.21
42,0,5,-26.09
42,0,6,7.65
42,0,7,-26.94
42,0,8,-25.00
42,0,9,-9.68
42,0,10,-14.56
42,0,11,-17.29
42,0,12,-23.21
42,0,13,-14.06
42,0,14,-31.63
42,0,15,-20.13
42,0,16,-17.35
42,0,17,-21.82
42,0,18,-32.74
42,0,19,-16.63
42,0,20,-21.03
42,0,21,-8.43
42,0,22,-16.94
42,0,23,-40.22
42,0,24,-47.07
42,0,25,2.27
42,0,26,2.35
42,0,27,-15.99
42,0,28,2.85
42,0,29,-31.72
42,0,30,-29.97
42,0,31,6.83
42,0,32,-22.04
42,0,33,-15.58
42,0,34,-2.11
42,0,35,-15.57
42,0,36,-17.57
42,0,37,-23.40
42,0,38,-15.07
42,0,39,-10.51
42,0,40,-19.75
42,0,41,-5.44
42,1,0,-14.66
42,1,1,-19.14
42,1,2,-10.23
42,1,3,-10.71
42,1,4,-8.88
42,1,5,-8.47
42,1,6,31.60
42,1,7,3.68
42,1,8,-2.90
42,1,9,24.75
42,1,10,28.63
42,1,11,7.41
42,1,12,-15.35
42,1,13,-22.72
42,1,14,-23.61
42,1,15,-3.50
42,1,16,-21.12
42,1,17,-21.15
42,1,18,-8.20
42,1,19,40.99
42,1,20,-5.42
42,1,21,-28.99
42,1,22,22.32
42,1,23,-6.58
42,1,24,-22.40
42,1,25,5.65
42,1,26,-14.29
42,1,27,-27.88
42,1,28,2.25
42,1,29,-28.63
42,1,30,-4.40
42,1,31,-5.20
42,1,32,-10.80
42,1,33,-32.48
42,1,34,28.19
42,1,35,-18.66
42,1,36,-20.51
42,1,37,-12.22
42,1,38,3.66
42,1,39,-25.11
42,1,40,-29.63
42,1,41,-26.59
42,2,0,-20.59
42,2,1,-27.44
42,2,2,-20.75
42,2,3,-25.86
42,2,4,1.19
42,2,5,-6.87
42,2,6,2.87
42,2,7,-25.53
42,2,8,-32.31
42,2,9,-17.84
42,2,10,-2.87
42,2,11,-21.92
42,2,12,-7.09
42,2,13,-13.58
42,2,14,2.93
42,2,15,-3.90
42,2,16,-1.40
42,2,17,11.88
42,2,18,-20.30
42,2,19,5.91
42,2,20,-18.43
42,2,21,-11.17
42,2,22,-5.49
42,2,23,-43.86
42,2,24,-28.75
42,2,25,4.80
42,2,26,-2.56
42,2,27,-22.34
42,2,28,-4.21
42,2,29,-14.08
42,2,30,-36.85
42,2,31,-14.37
42,2,32,2.54
42,2,33,-16.14
42,2,34,-9.33
42,2,35,-38.98
42,2,36,-14.70
42,2,37,-45.15
42,2,38,-8.21
42,2,39,-15.69
42,2,40,-12.65
42,2,41,-11.46
42,3,0,-11.36
42,3,1,-10.11
42,3,2,-20.53
42,3,3,-19.39
42,3,4,9.75
42,3,5,-13.91
42,3,6,2.96
42,3,7,-23.33
42,3,8,-7.99
42,3,9,0.38
42,3,10,-12.09
42,3,11,-19.47
42,3,12,1.38
42,3,13,-3.26
42,3,14,-15.51
42,3,15,-6.97
42,3,16,-5.81
42,3,17,-9.52
42,3,18,29.62
42,3,19,6.63
42,3,20,1.49
42,3,21,8.49
42,3,22,38.58
42,3,23,-5.89
42,3,24,-10.31
42,3,25,15.68
42,3,26,-12.34
42,3,27,-7.78
42,3,28,2.37
42,3,29,-28.66
42,3,30,-20.45
42,3,31,1.51
42,3,32,-1.70
42,3,33,-27.56
42,3,34,-12.63
42,3,35,-27.51
42,3,36,-24.78
42,3,37,-26.38
42,3,38,-20.12
42,3,39,-14.81
42,3,40,-18.35
42,3,41,-27.52
42,4,0,-6.48
42,4,1,-11.69
42,4,2,-27.61
42,4,3,-20.67
42,4,4,33.10
42,4,5,2.45
42,4,6,-10.96
42,4,7,-32.95
42,4,8,-24.85
42,4,9,2.70
42,4,10,2.99
42,4,11,-26.02
42,4,12,-22.48
42,4,13,-35.99
42,4,14,-16.46
42,4,15,-27.84
42,4,16,-21.90
42,4,17,-16.63
42,4,18,-29.46
42,4,19,-7.02
42,4,20,-19.06
42,4,21,-21.25
42,4,22,9.10
42,4,23,7.99
42,4,24,9.81
42,4,25,41.69
42,4,26,15.92
42,4,27,-7.82
42,4,28,9.41
42,4,29,5.33
42,4,30,-24.55
42,4,31,-5.48
42,4,32,14.87
42,4,33,-25.56
42,4,34,-9.12
42,4,35,-16.99
42,4,36,-18.38
42,4,37,2.02
42,4,38,25.56
42,4,39,3.64
42,4,40,-24.15
42,4,41,-3.94
42,5,0,-24.92
42,5,1,-35.85
42,5,2,-19.26
42,5,3,-36.98
42,5,4,-7.30
42,5,5,-15.74
42,5,6,-12.26
42,5,7,-42.73
42,5,8,-25.44
42,5,9,17.61
42,5,10,-2.44
42,5,11,-28.51
42,5,12,-16.78
42,5,13,-14.11
42,5,14,-12.37
42,5,15,-30.61
42,5,16,-21.80
42,5,17,-32.31
42,5,18,-18.40
42,5,19,31.16
42,5,20,-18.75
42,5,21,-19.50
42,5,22,0.01
42,5,23,-13.25
42,5,24,-21.51
42,5,25,2.99
42,5,26,-5.44
42,5,27,-15.79
42,5,28,2.44
42,5,29,-21.85
42,5,30,-18.00
42,5,31,4.23
42,5,32,14.60
42,5,33,-4.76
42,5,34,12.43
42,5,35,-15.99
42,5,36,-28.86
42,5,37,-35.90
42,5,38,2.74
42,5,39,-40.18
42,5,40,-19.89
42,5,41,-13.15
42,6,0,-30.84
42,6,1,-21.62
42,6,2,-19.98
42,6,3,-15.25
42,6,4,1.04
42,6,5,-35.99
42,6,6,2.57
42,6,7,-31.16
42,6,8,-17.80
42,6,9,-14.40
42,6,10,9.06
42,6,11,-10.13
42,6,12,-15.89
42,6,13,2.81
42,6,14,6.38
42,6,15,-10.70
42,6,16,-17.19
42,6,17,-13.26
42,6,18,-25.16
42,6,19,12.20
42,6,20,-26.21
42,6,21,-18.92
42,6,22,13.80
42,6,23,-10.67
42,6,24,-12.92
42,6,25,3.78
42,6,26,2.52
42,6,27,-19.67
42,6,28,-1.57
42,6,29,-10.91
42,6,30,-16.45
42,6,31,3.09
42,6,32,8.95
42,6,33,-33.88
42,6,34,-9.50
42,6,35,-19.90
42,6,36,0.00
42,6,37,11.41
42,6,38,38.34
42,6,39,2.01
42,6,40,-6.71
42,6,41,2.60
43,0,0,-19.21
43,0,1,-11.47
43,0,2,17.12
43,0,3,6.15
43,0,4,5.21
43,0,5,-26.09
43,0,6,7.65
43,0,7,-26.94
43,0,8,-25.00
43,0,9,-9.68
43,0,10,-14.56
43,0,11,-17.29
43,0,12,-23.21
43,0,13,-14.06
43,0,14,-31.63
43,0,15,-20.13
43,0,16,-17.35
43,0,17,-21.82
43,0,18,-32.74
43,0,19,-16.63
43,0,20,-21.03
43,0,21,-8.43
43,0,22,-16.94
43,0,23,-40.22
43,0,24,-47.07
43,0,25,2.27
43,0,26,2.35
43,0,27,-15.99
43,0,28,2.85
43,0,29,-31.72
43,0,30,-29.97
43,0,31,6.83
43,0,32,-22.04
43,0,33,-15.58
43,0,34,-2.11
43,0,35,-15.57
43,0,36,-17.57
43,0,37,-23.40
43,0,38,-15.07
43,0,39,-10.51
43,0,40,-19.75
43,0,41,-5.44
43,1,0,-14.66
43,1,1,-19.14
43,1,2,-10.23
43,1,3,-10.71
43,1,4,-8.88
43,1,5,-8.47
43,1,6,31.60
43,1,7,3.68
43,1,8,-2.90
43,1,9,24.75
43,1,10,28.63
43,1,11,7.41
43,1,12,-15.35
43,1,13,-22.72
43,1,14,-23.61
43,1,15,-3.50
43,1,16,-21.12
43,1,17,-21.15
43,1,18,-8.20
43,1,19,40.99
43,1,20,-5.42
43,1,21,-28.99
43,1,22,22.32
43,1,23,-6.58
43,1,24,-22.40
43,1,25,5.65
43,1,26,-14.29
43,1,27,-27.88
43,1,28,2.25
43,1,29,-28.63
43,1,30,-4.40
43,1,31,-5.20
43,1,32,-10.80
43,1,33,-32.48
43,1,34,28.19
43,1,35,-18.66
43,1,36,-20.51
43,1,37,-12.22
43,1,38,3.66
43,1,39,-25.11
43,1,40,-29.63
43,1,41,-26.59
43,2,0,-20.59
43,2,1,-27.44
43,2,2,-20.75
43,2,3,-25.86
43,2,4,1.19
43,2,5,-6.87
43,2,6,2.87
43,2,7,-25.53
43,2,8,-32.31
43,2,9,-17.84
43,2,10,-2.87
43,2,11,-21.92
43,2,12,-7.09
43,2,13,-13.58
43,2,14,2.93
43,2,15,-3.90
43,2,16,-1.40
43,2,17,11.88
43,2,18,-20.30
43,2,19,5.91
43,2,20,-18.43
43,2,21,-11.17
43,2,22,-5.49
43,2,23,-43.86
43,2,24,-28.75
43,2,25,4.80
43,2,26,-2.56
43,2,27,-22.34
43,2,28,-4.21
43,2,29,-14.08
43,2,30,-36.85
43,2,31,-14.37
43,2,32,2.54
43,2,33,-16.14
43,2,34,-9.33
43,2,35,-38.98
43,2,36,-14.70
43,2,37,-45.15
43,2,38,-8.21
43,2,39,-15.69
43,2,40,-12.65
43,2,41,-11.46
43,3,0,-11.36
43,3,1,-10.11
43,3,2,-20.53
43,3,3,-19.39
43,3,4,9.75
43,3,5,-13.91
43,3,6,2.96
43,3,7,-23.33
43,3,8,-7.99
43,3,9,0.38
43,3,10,-12.09
43,3,11,-19.47
43,3,12,1.38
43,3,13,-3.26
43,3,14,-15.51
43,3,15,-6.97
43,3,16,-5.81
43,3,17,-9.52
43,3,18,29.62
43,3,19,6.63
43,3,20,1.49
43,3,21,8.49
43,3,22,38.58
43,3,23,-5.89
43,3,24,-10.31
43,3,25,15.68
43,3,26,-12.34
43,3,27,-7.78
43,3,28,2.37
43,3,29,-28.66
43,3,30,-20.45
43,3,31,1.51
43,3,32,-1.70
43,3,33,-27.56
43,3,34,-12.63
43,3,35,-27.51
43,3,36,-24.78
43,3,37,-26.38
43,3,38,-20.12
43,3,39,-14.81
43,3,40,-18.35
43,3,41,-27.52
43,4,0,-6.48
43,4,1,-11.69
43,4,2,-27.61
43,4,3,-20.67
43,4,4,33.10
43,4,5,2.45
43,4,6,-10.96
43,4,7,-32.95
43,4,8,-24.85
43,4,9,2.70
43,4,10,2.99
43,4,11,-26.02
43,4,12,-22.48
43,4,13,-35.99
43,4,14,-16.46
43,4,15,-27.84
43,4,16,-21.90
43,4,17,-16.63
43,4,18,-29.46
43,4,19,-7.02
43,4,20,-19.06
43,4,21,-21.25
43,4,22,9.10
43,4,23,7.99
43,4,24,9.81
43,4,25,41.69
43,4,26,15.92
43,4,27,-7.82
43,4,28,9.41
43,4,29,5.33
43,4,30,-24.55
43,4,31,-5.48
43,4,32,14.87
43,4,33,-25.56
43,4,34,-9.12
43,4,35,-16.99
43,4,36,-18.38
43,4,37,2.02
43,4,38,25.56
43,4,39,3.64
43,4,40,-24.15
43,4,41,-3.94
43,5,0,-24.92
43,5,1,-35.85
43,5,2,-19.26
43,5,3,-36.98
43,5,4,-7.30
43,5,5,-15.74
43,5,6,-12.26
43,5,7,-42.73
43,5,8,-25.44
43,5,9,17.61
43,5,10,-2.44
43,5,11,-28.51
43,5,12,-16.78
43,5,13,-14.11
43,5,14,-12.37
43,5,15,-30.61
43,5,16,-21.80
43,5,17,-32.31
43,5,18,-18.40
43,5,19,31.16
43,5,20,-18.75
43,5,21,-19.50
43,5,22,0.01
43,5,23,-13.25
43,5,24,-21.51
43,5,25,2.99
43,5,26,-5.44
43,5,27,-15.79
43,5,28,2.44
43,5,29,-21.85
43,5,30,-18.00
43,5,31,4.23
43,5,32,14.60
43,5,33,-4.76
43,5,34,12.43
43,5,35,-15.99
43,5,36,-28.86
43,5,37,-35.90
43,5,38,2.74
43,5,39,-40.18
43,5,40,-19.89
43,5,41,-13.15
43,6,0,-30.84
43,6,1,-21.62
43,6,2,-19.98
43,6,3,-15.25
43,6,4,1.04
43,6,5,-35.99
43,6,6,2.57
43,6,7,-31.16
43,6,8,-17.80
43,6,9,-14.40
43,6,10,9.06
43,6,11,-10.13
43,6,12,-15.89
43,6,13,2.81
43,6,14,6.38
43,6,15,-10.70
43,6,16,-17.19
43,6,17,-13.26
43,6,18,-25.16
43,6,19,12.20
43,6,20,-26.21
43,6,21,-18.92
43,6,22,13.80
43,6,23,-10.67
43,6,24,-12.92
43,6,25,3.78
43,6,26,2.52
43,6,27,-19.67
43,6,28,-1.57
43,6,29,-10.91
43,6,30,-16.45
43,6,31,3.09
43,6,32,8.95
43,6,33,-33.88
43,6,34,-9.50
43,6,35,-19.90
43,6,36,0.00
43,6,37,11.41
43,6,38,38.34
43,6,39,2.01
43,6,40,-6.71
43,6,41,2.60
44,0,0,-19.21
44,0,1,-11.47
44,0,2,17.12
44,0,3,6.15
44,0,4,5.21
44,0,5,-26.09
44,0,6,7.65
44,0,7,-26.94
44,0,8,-25.00
44,0,9,-9.68
44,0,10,-14.56
44,0,11,-17.29
44,0,12,-23.21
44,0,13,-14.06
44,0,14,-31.63
44,0,15,-20.13
44,0,16,-17.35
44,0,17,-21.82
44,0,18,-32.74
44,0,19,-16.63
44,0,20,-21.03
44,0,21,-8.43
44,0,22,-16.94
44,0,23,-40.22
44,0,24,-47.07
44,0,25,2.27
44,0,26,2.35
44,0,27,-15.99
44,0,28,2.85
44,0,29,-31.72
44,0,30,-29.97
44,0,31,6.83
44,0,32,-22.04
44,0,33,-15.58
44,0,34,-2.11
44,0,35,-15.57
44,0,36,-17.57
44,0,37,-23.40
44,0,38,-15.07
44,0,39,-10.51
44,0,40,-19.75
44,0,41,-5.44
44,1,0,-14.66
44,1,1,-19.14
44,1,2,-10.23
44,1,3,-10.71
44,1,4,-8.88
44,1,5,-8.47
44,1,6,31.60
44,1,7,3.68
44,1,8,-2.90
44,1,9,24.75
44,1,10,28.63
44,1,11,7.41
44,1,12,-15.35
44,1,13,-22.72
44,1,14,-23.61
44,1,15,-3.50
44,1,16,-21.12
44,1,17,-21.15
44,1,18,-8.20
44,1,19,40.99
44,1,20,-5.42
44,1,21,-28.99
44,1,22,22.32
44,1,23,-6.58
44,1,24,-22.40
44,1,25,5.65
44,1,26,-14.29
44,1,27,-27.88
44,1,28,2.25
44,1,29,-28.63
44,1,30,-4.40
44,1,31,-5.20
44,1,32,-10.80
44,1,33,-32.48
44,1,34,28.19
44,1,35,-18.66
44,1,36,-20.51
44,1,37,-12.22
44,1,38,3.66
44,1,39,-25.11
44,1,40,-29.63
44,1,41,-26.59
44,2,0,-20.59
44,2,1,-27.44
44,2,2,-20.75
44,2,3,-25.86
44,2,4,1.19
44,2,5,-6.87
44,2,6,2.87
44,2,7,-25.53
44,2,8,-32.31
44,2,9,-17.84
44,2,10,-2.87
44,2,11,-21.92
44,2,12,-7.09
44,2,13,-13.58
44,2,14,2.93
44,2,15,-3.90
44,2,16,-1.40
44,2,17,11.88
44,2,18,-20.30
44,2,19,5.91
44,2,20,-18.43
44,2,21,-11.17
44,2,22,-5.49
44,2,23,-43.86
44,2,24,-28.75
44,2,25,4.80
44,2,26,-2.56
44,2,27,-22.34
44,2,28,-4.21
44,2,29,-14.08
44,2,30,-36.85
44,2,31,-14.37
44,2,32,2.54
44,2,33,-16.14
44,2,34,-9.33
44,2,35,-38.98
44,2,36,-14.70
44,2,37,-45.15
44,2,38,-8.21
44,2,39,-15.69
44,2,40,-12.65
44,2,41,-11.46
44,3,0,-11.36
44,3,1,-10.11
44,3,2,-20.53
44,3,3,-19.39
44,3,4,9.75
44,3,5,-13.91
44,3,6,2.96
44,3,7,-23.33
44,3,8,-7.99
44,3,9,0.38
44,3,10,-12.09
44,3,11,-19.47
44,3,12,1.38
44,3,13,-3.26
44,3,14,-15.51
44,3,15,-6.97
44,3,16,-5.81
44,3,17,-9.52
44,3,18,29.62
44,3,19,6.63
44,3,20,1.49
44,3,21,8.49
44,3,22,38.58
44,3,23,-5.89
44,3,24,-10.31
44,3,25,15.68
44,3,26,-12.34
44,3,27,-7.78
44,3,28,2.37
44,3,29,-28.66
44,3,30,-20.45
44,3,31,1.51
44,3,32,-1.70
44,3,33,-27.56
44,3,34,-12.63
44,3,35,-27.51
44,3,36,-24.78
44,3,37,-26.38
44,3,38,-20.12
44,3,39,-14.81
44,3,40,-18.35
44,3,41,-27.52
44,4,0,-6.48
44,4,1,-11.69
44,4,2,-27.61
44,4,3,-20.67
44,4,4,33.10
44,4,5,2.45
44,4,6,-10.96
44,4,7,-32.95
44,4,8,-24.85
44,4,9,2.70
44,4,10,2.99
44,4,11,-26.02
44,4,12,-22.48
44,4,13,-35.99
44,4,14,-16.46
44,4,15,-27.84
44,4,16,-21.90
44,4,17,-16.63
44,4,18,-29.46
44,4,19,-7.02
44,4,20,-19.06
44,4,21,-21.25
44,4,22,9.10
44,4,23,7.99
44,4,24,9.81
44,4,25,41.69
44,4,26,15.92
44,4,27,-7.82
44,4,28,9.41
44,4,29,5.33
44,4,30,-24.55
44,4,31,-5.48
44,4,32,14.87
44,4,33,-25.56
44,4,34,-9.12
44,4,35,-16.99
44,4,36,-18.38
44,4,37,2.02
44,4,38,25.56
44,4,39,3.64
44,4,40,-24.15
44,4,41,-3.94
44,5,0,-24.92
44,5,1,-35.85
44,5,2,-19.26
44,5,3,-36.98
44,5,4,-7.30
44,5,5,-15.74
44,5,6,-12.26
44,5,7,-42.73
44,5,8,-25.44
44,5,9,17.61
44,5,10,-2.44
44,5,11,-28.51
44,5,12,-16.78
44,5,13,-14.11
44,5,14,-12.37
44,5,15,-30.61
44,5,16,-21.80
44,5,17,-32.31
44,5,18,-18.40
44,5,19,31.16
44,5,20,-18.75
44,5,21,-19.50
44,5,22,0.01
44,5,23,-13.25
44,5,24,-21.51
44,5,25,2.99
44,5,26,-5.44
44,5,27,-15.79
44,5,28,2.44
44,5,29,-21.85
44,5,30,-18.00
44,5,31,4.23
44,5,32,14.60
44,5,33,-4.76
44,5,34,12.43
44,5,35,-15.99
44,5,36,-28.86
44,5,37,-35.90
44,5,38,2.74
44,5,39,-40.18
44,5,40,-19.89
44,5,41,-13.15
44,6,0,-30.84
44,6,1,-21.62
44,6,2,-19.98
44,6,3,-15.25
44,6,4,1.04
44,6,5,-35.99
44,6,6,2.57
44,6,7,-31.16
44,6,8,-17.80
44,6,9,-14.40
44,6,10,9.06
44,6,11,-10.13
44,6,12,-15.89
44,6,13,2.81
44,6,14,6.38
44,6,15,-10.70
44,6,16,-17.19
44,6,17,-13.26
44,6,18,-25.16
44,6,19,12.20
44,6,20,-26.21
44,6,21,-18.92
44,6,22,13.80
44,6,23,-10.67
44,6,24,-12.92
44,6,25,3.78
44,6,26,2.52
44,6,27,-19.67
44,6,28,-1.57
44,6,29,-10.91
44,6,30,-16.45
44,6,31,3.09
44,6,32,8.95
44,6,33,-33.88
44,6,34,-9.50
44,6,35,-19.90
44,6,36,0.00
44,6,37,11.41
44,6,38,38.34
44,6,39,2.01
44,6,40,-6.71
44,6,41,2.60
45,0,0,-19.21
45,0,1,-11.47
45,0,2,17.12
45,0,3,6.15
45,0,4,5.21
45,0,5,-26.09
45,0,6,7.65
45,0,7,-26.94
45,0,8,-25.00
45,0,9,-9.68
45,0,10,-14.56
45,0,11,-17.29
45,0,12,-23.21
45,0,13,-14.06
45,0,14,-31.63
45,0,15,-20.13
45,0,16,-17.35
45,0,17,-21.82
45,0,18,-32.74
45,0,19,-16.63
45,0,20,-21.03
45,0,21,-8.43
45,0,22,-16.94
45,0,23,-40.22
45,0,24,-47.07
45,0,25,2.27
45,0,26,2.35
45,0,27,-15.99
45,0,28,2.85
45,0,29,-31.72
45,0,30,-29.97
45,0,31,6.83
45,0,32,-22.04
45,0,33,-15.58
45,0,34,-2.11
45,0,35,-15.57
45,0,36,-17.57
45,0,37,-23.40
45,0,38,-15.07
45,0,39,-10.51
45,0,40,-19.75
45,0,41,-5.44
45,1,0,-14.66
45,1,1,-19.14
45,1,2,-10.23
45,1,3,-10.71
45,1,4,-8.88
45,1,5,-8.47
45,1,6,31.60
45,1,7,3.68
45,1,8,-2.90
45,1,9,24.75
45,1,10,28.63
45,1,11,7.41
45,1,12,-15.35
45,1,13,-22.72
45,1,14,-23.61
45,1,15,-3.50
45,1,16,-21.12
45,1,17,-21.15
45,1,18,-8.20
45,1,19,40.99
45,1,20,-5.42
45,1,21,-28.99
45,1,22,22.32
45,1,23,-6.58
45,1,24,-22.40
45,1,25,5.65
45,1,26,-14.29
45,1,27,-27.88
45,1,28,2.25
45,1,29,-28.63
45,1,30,-4.40
45,1,31,-5.20
45,1,32,-10.80
45,1,33,-32.48
45,1,34,28.19
45,1,35,-18.66
45,1,36,-20.51
45,1,37,-12.22
45,1,38,3.66
45,1,39,-25.11
45,1,40,-29.63
45,1,41,-26.59
45,2,0,-20.59
45,2,1,-27.44
45,2,2,-20.75
45,2,3,-25.86
45,2,4,1.19
45,2,5,-6.87
45,2,6,2.87
45,2,7,-25.53
45,2,8,-32.31
45,2,9,-17.84
45,2,10,-2.87
45,2,11,-21.92
45,2,12,-7.09
45,2,13,-13.58
45,2,14,2.93
45,2,15,-3.90
45,2,16,-1.40
45,2,17,11.88
45,2,18,-20.30
45,2,19,5.91
45,2,20,-18.43
45,2,21,-11.17
45,2,22,-5.49
45,2,23,-43.86
45,2,24,-28.75
45,2,25,4.80
45,2,26,-2.56
45,2,27,-22.34
45,2,28,-4.21
45,2,29,-14.08
45,2,30,-36.85
45,2,31,-14.37
45,2,32,2.54
45,2,33,-16.14
45,2,34,-9.33
45,2,35,-38.98
45,2,36,-14.70
45,2,37,-45.15
45,2,38,-8.21
45,2,39,-15.69
45,2,40,-12.65
45,2,41,-11.46
45,3,0,-11.36
45,3,1,-10.11
45,3,2,-20.53
45,3,3,-19.39
45,3,4,9.75
45,3,5,-13.91
45,3,6,2.96
45,3,7,-23.33
45,3,8,-7.99
45,3,9,0.38
45,3,10,-12.09
45,3,11,-19.47
45,3,12,1.38
45,3,13,-3.26
45,3,14,-15.51
45,3,15,-6.97
45,3,16,-5.81
45,3,17,-9.52
45,3,18,29.62
45,3,19,6.63
45,3,20,1.49
45,3,21,8.49
45,3,22,38.58
45,3,23,-5.89
45,3,24,-10.31
45,3,25,15.68
45,3,26,-12.34
45,3,27,-7.78
45,3,28,2.37
45,3,29,-28.66
45,3,30,-20.45
45,3,31,1.51
45,3,32,-1.70
45,3,33,-27.56
45,3,34,-12.63
45,3,35,-27.51
45,3,36,-24.78
45,3,37,-26.38
45,3,38,-20.12
45,3,39,-14.81
45,3,40,-18.35
45,3,41,-27.52
45,4,0,-6.48
45,4,1,-11.69
45,4,2,-27.61
45,4,3,-20.67
45,4,4,33.10
45,4,5,2.45
45,4,6,-10.96
45,4,7,-32.95
45,4,8,-24.85
45,4,9,2.70
45,4,10,2.99
45,4,11,-26.02
45,4,12,-22.48
45,4,13,-35.99
45,4,14,-16.46
45,4,15,-27.84
45,4,16,-21.90
45,4,17,-16.63
45,4,18,-29.46
45,4,19,-7.02
45,4,20,-19.06
45,4,21,-21.25
45,4,22,9.10
45,4,23,7.99
45,4,24,9.81
45,4,25,41.69
45,4,26,15.92
45,4,27,-7.82
45,4,28,9.41
45,4,29,5.33
45,4,30,-24.55
45,4,31,-5.48
45,4,32,14.87
45,4,33,-25.56
45,4,34,-9.12
45,4,35,-16.99
45,4,36,-18.38
45,4,37,2.02
45,4,38,25.56
45,4,39,3.64
45,4,40,-24.15
45,4,41,-3.94
45,5,0,-24.92
45,5,1,-35.85
45,5,2,-19.26
45,5,3,-36.98
45,5,4,-7.30
45,5,5,-15.74
45,5,6,-12.26
45,5,7,-42.73
45,5,8,-25.44
45,5,9,17.61
45,5,10,-2.44
45,5,11,-28.51
45,5,12,-16.78
45,5,13,-14.11
45,5,14,-12.37
45,5,15,-30.61
45,5,16,-21.80
45,5,17,-32.31
45,5,18,-18.40
45,5,19,31.16
45,5,20,-18.75
45,5,21,-19.50
45,5,22,0.01
45,5,23,-13.25
45,5,24,-21.51
45,5,25,2.99
45,5,26,-5.44
45,5,27,-15.79
45,5,28,2.44
45,5,29,-21.85
45,5,30,-18.00
45,5,31,4.23
45,5,32,14.60
45,5,33,-4.76
45,5,34,12.43
45,5,35,-15.99
45,5,36,-28.86
45,5,37,-35.90
45,5,38,2.74
45,5,39,-40.18
45,5,40,-19.89
45,5,41,-13.15
45,6,0,-30.84
45,6,1,-21.62
45,6,2,-19.98
45,6,3,-15.25
45,6,4,1.04
45,6,5,-35.99
45,6,6,2.57
45,6,7,-31.16
45,6,8,-17.80
45,6,9,-14.40
45,6,10,9.06
45,6,11,-10.13
45,6,12,-15.89
45,6,13,2.81
45,6,14,6.38
45,6,15,-10.70
45,6,16,-17.19
45,6,17,-13.26
45,6,18,-25.16
45,6,19,12.20
45,6,20,-26.21
45,6,21,-18.92
45,6,22,13.80
45,6,23,-10.67
45,6,24,-12.92
45,6,25,3.78
45,6,26,2.52
45,6,27,-19.67
45,6,28,-1.57
45,6,29,-10.91
45,6,30,-16.45
45,6,31,3.09
45,6,32,8.95
45,6,33,-33.88
45,6,34,-9.50
45,6,35,-19.90
45,6,36,0.00
45,6,37,11.41
45,6,38,38.34
45,6,39,2.01
45,6,40,-6.71
45,6,41,2.60
46,0,0,-19.21
46,0,1,-11.47
46,0,2,17.12
46,0,3,6.15
46,0,4,5.21
46,0,5,-26.09
46,0,6,7.65
46,0,7,-26.94
46,0,8,-25.00
46,0,9,-9.68
46,0,10,-14.56
46,0,11,-17.29
46,0,12,-23.21
46,0,13,-14.06
46,0,14,-31.63
46,0,15,-20.13
46,0,16,-17.35
46,0,17,-21.82
46,0,18,-32.74
46,0,19,-16.63
46,0,20,-21.03
46,0,21,-8.43
46,0,22,-16.94
46,0,23,-40.22
46,0,24,-47.07
46,0,25,2.27
46,0,26,2.35
46,0,27,-15.99
46,0,28,2.85
46,0,29,-31.72
46,0,30,-29.97
46,0,31,6.83
46,0,32,-22.04
46,0,33,-15.58
46,0,34,-2.11
46,0,35,-15.57
46,0,36,-17.57
46,0,37,-23.40
46,0,38,-15.07
46,0,39,-10.51
46,0,40,-19.75
46,0,41,-5.44
46,1,0,-14.66
46,1,1,-19.14
46,1,2,-10.23
46,1,3,-10.71
46,1,4,-8.88
46,1,5,-8.47
46,1,6,31.60
46,1,7,3.68
46,1,8,-2.90
46,1,9,24.75
46,1,10,28.63
46,1,11,7.41
46,1,12,-15.35
46,1,13,-22.72
46,1,14,-23.61
46,1,15,-3.50
46,1,16,-21.12
46,1,17,-21.15
46,1,18,-8.20
46,1,19,40.99
46,1,20,-5.42
46,1,21,-28.99
46,1,22,22.32
46,1,23,-6.58
46,1,24,-22.40
46,1,25,5.65
46,1,26,-14.29
46,1,27,-27.88
46,1,28,2.25
46,1,29,-28.63
46,1,30,-4.40
46,1,31,-5.20
46,1,32,-10.80
46,1,33,-32.48
46,1,34,28.19
46,1,35,-18.66
46,1,36,-20.51
46,1,37,-12.22
46,1,38,3.66
46,1,39,-25.11
46,1,40,-29.63
46,1,41,-26.59
46,2,0,-20.59
46,2,1,-27.44
46,2,2,-20.75
46,2,3,-25.86
46,2,4,1.19
46,2,5,-6.87
46,2,6,2.87
46,2,7,-25.53
46,2,8,-32.31
46,2,9,-17.84
46,2,10,-2.87
46,2,11,-21.92
46,2,12,-7.09
46,2,13,-13.58
46,2,14,2.93
46,2,15,-3.90
46,2,16,-1.40
46,2,17,11.88
46,2,18,-20.30
46,2,19,5.91
46,2,20,-18.43
46,2,21,-11.17
46,2,22,-5.49
46,2,23,-43.86
46,2,24,-28.75
46,2,25,4.80
46,2,26,-2.56
46,2,27,-22.34
46,2,28,-4.21
46,2,29,-14.08
46,2,30,-36.85
46,2,31,-14.37
46,2,32,2.54
46,2,33,-16.14
46,2,34,-9.33
46,2,35,-38.98
46,2,36,-14.70
46,2,37,-45.15
46,2,38,-8.21
46,2,39,-15.69
46,2,40,-12.65
46,2,41,-11.46
46,3,0,-11.36
46,3,1,-10.11
46,3,2,-20.53
46,3,3,-19.39
46,3,4,9.75
46,3,5,-13.91
46,3,6,2.96
46,3,7,-23.33
46,3,8,-7.99
46,3,9,0.38
46,3,10,-12.09
46,3,11,-19.47
46,3,12,1.38
46,3,13,-3.26
46,3,14,-15.51
46,3,15,-6.97
46,3,16,-5.81
46,3,17,-9.52
46,3,18,29.62
46,3,19,6.63
46,3,20,1.49
46,3,21,8.49
46,3,22,38.58
46,3,23,-5.89
46,3,24,-10.31
46,3,25,15.68
46,3,26,-12.34
46,3,27,-7.78
46,3,28,2.37
46,3,29,-28.66
46,3,30,-20.45
46,3,31,1.51
46,3,32,-1.70
46,3,33,-27.56
46,3,34,-12.63
46,3,35,-27.51
46,3,36,-24.78
46,3,37,-26.38
46,3,38,-20.12
46,3,39,-14.81
46,3,40,-18.35
46,3,41,-27.52
46,4,0,-6.48
46,4,1,-11.69
46,4,2,-27.61
46,4,3,-20.67
46,4,4,33.10
46,4,5,2.45
46,4,6,-10.96
46,4,7,-32.95
46,4,8,-24.85
46,4,9,2.70
46,4,10,2.99
46,4,11,-26.02
46,4,12,-22.48
46,4,13,-35.99
46,4,14,-16.46
46,4,15,-27.84
46,4,16,-21.90
46,4,17,-16.63
46,4,18,-29.46
46,4,19,-7.02
46,4,20,-19.06
46,4,21,-21.25
46,4,22,9.10
46,4,23,7.99
46,4,24,9.81
46,4,25,41.69
46,4,26,15.92
46,4,27,-7.82
46,4,28,9.41
46,4,29,5.33
46,4,30,-24.55
46,4,31,-5.48
46,4,32,14.87
46,4,33,-25.56
46,4,34,-9.12
46,4,35,-16.99
46,4,36,-18.38
46,4,37,2.02
46,4,38,25.56
46,4,39,3.64
46,4,40,-24.15
46,4,41,-3.94
46,5,0,-24.92
46,5,1,-35.85
46,5,2,-19.26
46,5,3,-36.98
46,5,4,-7.30
46,5,5,-15.74
46,5,6,-12.26
46,5,7,-42.73
46,5,8,-25.44
46,5,9,17.61
46,5,10,-2.44
46,5,11,-28.51
46,5,12,-16.78
46,5,13,-14.11
46,5,14,-12.37
46,5,15,-30.61
46,5,16,-21.80
46,5,17,-32.31
46,5,18,-18.40
46,5,19,31.16
46,5,20,-18.75
46,5,21,-19.50
46,5,22,0.01
46,5,23,-13.25
46,5,24,-21.51
46,5,25,2.99
46,5,26,-5.44
46,5,27,-15.79
46,5,28,2.44
46,5,29,-21.85
46,5,30,-18.00
46,5,31,4.23
46,5,32,14.60
46,5,33,-4.76
46,5,34,12.43
46,5,35,-15.99
46,5,36,-28.86
46,5,37,-35.90
46,5,38,2.74
46,5,39,-40.18
46,5,40,-19.89
46,5,41,-13.15
46,6,0,-30.84
46,6,1,-21.62
46,6,2,-19.98
46,6,3,-15.25
46,6,4,1.04
46,6,5,-35.99
46,6,6,2.57
46,6,7,-31.16
46,6,8,-17.80
46,6,9,-14.40
46,6,10,9.06
46,6,11,-10.13
46,6,12,-15.89
46,6,13,2.81
46,6,14,6.38
46,6,15,-10.70
46,6,16,-17.19
46,6,17,-13.26
46,6,18,-25.16
46,6,19,12.20
46,6,20,-26.21
46,6,21,-18.92
46,6,22,13.80
46,6,23,-10.67
46,6,24,-12.92
46,6,25,3.78
46,6,26,2.52
46,6,27,-19.67
46,6,28,-1.57
46,6,29,-10.91
46,6,30,-16.45
46,6,31,3.09
46,6,32,8.95
46,6,33,-33.88
46,6,34,-9.50
46,6,35,-19.90
46,6,36,0.00
46,6,37,11.41
46,6,38,38.34
46,6,39,2.01
46,6,40,-6.71
46,6,41,2.60
47,0,0,-19.21
47,0,1,-11.47
47,0,2,17.12
47,0,3,6.15
47,0,4,5.21
47,0,5,-26.09
47,0,6,7.65
47,0,7,-26.94
47,0,8,-25.00
47,0,9,-9.68
47,0,10,-14.56
47,0,11,-17.29
47,0,12,-23.21
47,0,13,-14.06
47,0,14,-31.63
47,0,15,-20.13
47,0,16,-17.35
47,0,17,-21.82
47,0,18,-32.74
47,0,19,-16.63
47,0,20,-21.03
47,0,21,-8.43
47,0,22,-16.94
47,0,23,-40.22
47,0,24,-47.07
47,0,25,2.27
47,0,26,2.35
47,0,27,-15.99
47,0,28,2.85
47,0,29,-31.72
47,0,30,-29.97
47,0,31,6.83
47,0,32,-22.04
47,0,33,-15.58
47,0,34,-2.11
47,0,35,-15.57
47,0,36,-17.57
47,0,37,-23.40
47,0,38,-15.07
47,0,39,-10.51
47,0,40,-19.75
47,0,41,-5.44
47,1,0,-14.66
47,1,1,-19.14
47,1,2,-10.23
47,1,3,-10.71
47,1,4,-8.88
47,1,5,-8.47
47,1,6,31.60
47,1,7,3.68
47,1,8,-2.90
47,1,9,24.75
47,1,10,28.63
47,1,11,7.41
47,1,12,-15.35
47,1,13,-22.72
47,1,14,-23.61
47,1,15,-3.50
47,1,16,-21.12
47,1,17,-21.15
47,1,18,-8.20
47,1,19,40.99
47,1,20,-5.42
47,1,21,-28.99
47,1,22,22.32
47,1,23,-6.58
47,1,24,-22.40
47,1,25,5.65
47,1,26,-14.29
47,1,27,-27.88
47,1,28,2.25
47,1,29,-28.63
47,1,30,-4.40
47,1,31,-5.20
47,1,32,-10.80
47,1,33,-32.48
47,1,34,28.19
47,1,35,-18.66
47,1,36,-20.51
47,1,37,-12.22
47,1,38,3.66
47,1,39,-25.11
47,1,40,-29.63
47,1,41,-26.59
47,2,0,-20.59
47,2,1,-27.44
47,2,2,-20.75
47,2,3,-25.86
47,2,4,1.19
47,2,5,-6.87
47,2,6,2.87
47,2,7,-25.53
47,2,8,-32.31
47,2,9,-17.84
47,2,10,-2.87
47,2,11,-21.92
47,2,12,-7.09
47,2,13,-13.58
47,2,14,2.93
47,2,15,-3.90
47,2,16,-1.40
47,2,17,11.88
47,2,18,-20.30
47,2,19,5.91
47,2,20,-18.43
47,2,21,-11.17
47,2,22,-5.49
47,2,23,-43.86
47,2,24,-28.75
47,2,25,4.80
47,2,26,-2.56
47,2,27,-22.34
47,2,28,-4.21
47,2,29,-14.08
47,2,30,-36.85
47,2,31,-14.37
47,2,32,2.54
47,2,33,-16.14
47,2,34,-9.33
47,2,35,-38.98
47,2,36,-14.70
47,2,37,-45.15
47,2,38,-8.21
47,2,39,-15.69
47,2,40,-12.65
47,2,41,-11.46
47,3,0,-11.36
47,3,1,-10.11
47,3,2,-20.53
47,3,3,-19.39
47,3,4,9.75
47,3,5,-13.91
47,3,6,2.96
47,3,7,-23.33
47,3,8,-7.99
47,3,9,0.38
47,3,10,-12.09
47,3,11,-19.47
47,3,12,1.38
47,3,13,-3.26
47,3,14,-15.51
47,3,15,-6.97
47,3,16,-5.81
47,3,17,-9.52
47,3,18,29.62
47,3,19,6.63
47,3,20,1.49
47,3,21,8.49
47,3,22,38.58
47,3,23,-5.89
47,3,24,-10.31
47,3,25,15.68
47,3,26,-12.34
47,3,27,-7.78
47,3,28,2.37
47,3,29,-28.66
47,3,30,-20.45
47,3,31,1.51
47,3,32,-1.70
47,3,33,-27.56
47,3,34,-12.63
47,3,35,-27.51
47,3,36,-24.78
47,3,37,-26.38
47,3,38,-20.12
47,3,39,-14.81
47,3,40,-18.35
47,3,41,-27.52
47,4,0,-6.48
47,4,1,-11.69
47,4,2,-27.61
47,4,3,-20.67
47,4,4,33.10
47,4,5,2.45
47,4,6,-10.96
47,4,7,-32.95
47,4,8,-24.85
47,4,9,2.70
47,4,10,2.99
47,4,11,-26.02
47,4,12,-22.48
47,4,13,-35.99
47,4,14,-16.46
47,4,15,-27.84
47,4,16,-21.90
47,4,17,-16.63
47,4,18,-29.46
47,4,19,-7.02
47,4,20,-19.06
47,4,21,-21.25
47,4,22,9.10
47,4,23,7.99
47,4,24,9.81
47,4,25,41.69
47,4,26,15.92
47,4,27,-7.82
47,4,28,9.41
47,4,29,5.33
47,4,30,-24.55
47,4,31,-5.48
47,4,32,14.87
47,4,33,-25.56
47,4,34,-9.12
47,4,35,-16.99
47,4,36,-18.38
47,4,37,2.02
47,4,38,25.56
47,4,39,3.64
47,4,40,-24.15
47,4,41,-3.94
47,5,0,-24.92
47,5,1,-35.85
47,5,2,-19.26
47,5,3,-36.98
47,5,4,-7.30
47,5,5,-15.74
47,5,6,-12.26
47,5,7,-42.73
47,5,8,-25.44
47,5,9,17.61
47,5,10,-2.44
47,5,11,-28.51
47,5,12,-16.78
47,5,13,-14.11
47,5,14,-12.37
47,5,15,-30.61
47,5,16,-21.80
47,5,17,-32.31
47,5,18,-18.40
47,5,19,31.16
47,5,20,-18.75
47,5,21,-19.50
47,5,22,0.01
47,5,23,-13.25
47,5,24,-21.51
47,5,25,2.99
47,5,26,-5.44
47,5,27,-15.79
47,5,28,2.44
47,5,29,-21.85
47,5,30,-18.00
47,5,31,4.23
47,5,32,14.60
47,5,33,-4.76
47,5,34,12.43
47,5,35,-15.99
47,5,36,-28.86
47,5,37,-35.90
47,5,38,2.74
47,5,39,-40.18
47,5,40,-19.89
47,5,41,-13.15
47,6,0,-30.84
47,6,1,-21.62
47,6,2,-19.98
47,6,3,-15.25
47,6,4,1.04
47,6,5,-35.99
47,6,6,2.57
47,6,7,-31.16
47,6,8,-17.80
47,6,9,-14.40
47,6,10,9.06
47,6,11,-10.13
47,6,12,-15.89
47,6,13,2.81
47,6,14,6.38
47,6,15,-10.70
47,6,16,-17.19
47,6,17,-13.26
47,6,18,-25.16
47,6,19,12.20
47,6,20,-26.21
47,6,21,-18.92
47,6,22,13.80
47,6,23,-10.67
47,6,24,-12.92
47,6,25,3.78
47,6,26,2.52
47,6,27,-19.67
47,6,28,-1.57
47,6,29,-10.91
47,6,30,-16.45
47,6,31,3.09
47,6,32,8.95
47,6,33,-33.88
47,6,34,-9.50
47,6,35,-19.90
47,6,36,0.00
47,6,37,11.41
47,6,38,38.34
47,6,39,2.01
47,6,40,-6.71
47,6,41,2.60
48,0,0,-19.21
48,0,1,-11.47
48,0,2,17.12
48,0,3,6.15
48,0,4,5.21
48,0,5,-26.09
48,0,6,7.65
48,0,7,-26.94
48,0,8,-25.00
48,0,9,-9.68
48,0,10,-14.56
48,0,11,-17.29
48,0,12,-23.21
48,0,13,-14.06
48,0,14,-31.63
48,0,15,-20.13
48,0,16,-17.35
48,0,17,-21.82
48,0,18,-32.74
48,0,19,-16.63
48,0,20,-21.03
48,0,21,-8.43
48,0,22,-16.94
48,0,23,-40.22
48,0,24,-47.07
48,0,25,2.27
48,0,26,2.35
48,0,27,-15.99
48,0,28,2.85
48,0,29,-31.72
48,0,30,-29.97
48,0,31,6.83
48,0,32,-22.04
48,0,33,-15.58
48,0,34,-2.11
48,0,35,-15.57
48,0,36,-17.57
48,0,37,-23.40
48,0,38,-15.07
48,0,39,-10.51
48,0,40,-19.75
48,0,41,-5.44
48,1,0,-14.66
48,1,1,-19.14
48,1,2,-10.23
48,1,3,-10.71
48,1,4,-8.88
48,1,5,-8.47
48,1,6,31.60
48,1,7,3.68
48,1,8,-2.90
48,1,9,24.75
48,1,10,28.63
48,1,11,7.41
48,1,12,-15.35
48,1,13,-22.72
48,1,14,-23.61
48,1,15,-3.50
48,1,16,-21.12
48,1,17,-21.15
48,1,18,-8.20
48,1,19,40.99
48,1,20,-5.42
48,1,21,-28.99
48,1,22,22.32
48,1,23,-6.58
48,1,24,-22.40
48,1,25,5.65
48,1,26,-14.29
48,1,27,-27.88
48,1,28,2.25
48,1,29,-28.63
48,1,30,-4.40
48,1,31,-5.20
48,1,32,-10.80
48,1,33,-32.48
48,1,34,28.19
48,1,35,-18.66
48,1,36,-20.51
48,1,37,-12.22
48,1,38,3.66
48,1,39,-25.11
48,1,40,-29.63
48,1,41,-26.59
48,2,0,-20.59
48,2,1,-27.44
48,2,2,-20.75
48,2,3,-25.86
48,2,4,1.19
48,2,5,-6.87
48,2,6,2.87
48,2,7,-25.53
48,2,8,-32.31
48,2,9,-17.84
48,2,10,-2.87
48,2,11,-21.92
48,2,12,-7.09
48,2,13,-13.58
48,2,14,2.93
48,2,15,-3.90
48,2,16,-1.40
48,2,17,11.88
48,2,18,-20.30
48,2,19,5.91
48,2,20,-18.43
48,2,21,-11.17
48,2,22,-5.49
48,2,23,-43.86
48,2,24,-28.75
48,2,25,4.80
48,2,26,-2.56
48,2,27,-22.34
48,2,28,-4.21
48,2,29,-14.08
48,2,30,-36.85
48,2,31,-14.37
48,2,32,2.54
48,2,33,-16.14
48,2,34,-9.33
48,2,35,-38.98
48,2,36,-14.70
48,2,37,-45.15
48,2,38,-8.21
48,2,39,-15.69
48,2,40,-12.65
48,2,41,-11.46
48,3,0,-11.36
48,3,1,-10.11
48,3,2,-20.53
48,3,3,-19.39
48,3,4,9.75
48,3,5,-13.91
48,3,6,2.96
48,3,7,-23.33
48,3,8,-7.99
48,3,9,0.38
48,3,10,-12.09
48,3,11,-19.47
48,3,12,1.38
48,3,13,-3.26
48,3,14,-15.51
48,3,15,-6.97
48,3,16,-5.81
48,3,17,-9.52
48,3,18,29.62
48,3,19,6.63
48,3,20,1.49
48,3,21,8.49
48,3,22,38.58
48,3,23,-5.89
48,3,24,-10.31
48,3,25,15.68
48,3,26,-12.34
48,3,27,-7.78
48,3,28,2.37
48,3,29,-28.66
48,3,30,-20.45
48,3,31,1.51
48,3,32,-1.70
48,3,33,-27.56
48,3,34,-12.63
48,3,35,-27.51
48,3,36,-24.78
48,3,37,-26.38
48,3,38,-20.12
48,3,39,-14.81
48,3,40,-18.35
48,3,41,-27.52
48,4,0,-6.48
48,4,1,-11.69
48,4,2,-27.61
48,4,3,-20.67
48,4,4,33.10
48,4,5,2.45
48,4,6,-10.96
48,4,7,-32.95
48,4,8,-24.85
48,4,9,2.70
48,4,10,2.99
48,4,11,-26.02
48,4,12,-22.48
48,4,13,-35.99
48,4,14,-16.46
48,4,15,-27.84
48,4,16,-21.90
48,4,17,-16.63
48,4,18,-29.46
48,4,19,-7.02
48,4,20,-19.06
48,4,21,-21.25
48,4,22,9.10
48,4,23,7.99
48,4,24,9.81
48,4,25,41.69
48,4,26,15.92
48,4,27,-7.82
48,4,28,9.41
48,4,29,5.33
48,4,30,-24.55
48,4,31,-5.48
48,4,32,14.87
48,4,33,-25.56
48,4,34,-9.12
48,4,35,-16.99
48,4,36,-18.38
48,4,37,2.02
48,4,38,25.56
48,4,39,3.64
48,4,40,-24.15
48,4,41,-3.94
48,5,0,-24.92
48,5,1,-35.85
48,5,2,-19.26
48,5,3,-36.98
48,5,4,-7.30
48,5,5,-15.74
48,5,6,-12.26
48,5,7,-42.73
48,5,8,-25.44
48,5,9,17.61
48,5,10,-2.44
48,5,11,-28.51
48,5,12,-16.78
48,5,13,-14.11
48,5,14,-12.37
48,5,15,-30.61
48,5,16,-21.80
48,5,17,-32.31
48,5,18,-18.40
48,5,19,31.16
48,5,20,-18.75
48,5,21,-19.50
48,5,22,0.01
48,5,23,-13.25
48,5,24,-21.51
48,5,25,2.99
48,5,26,-5.44
48,5,27,-15.79
48,5,28,2.44
48,5,29,-21.85
48,5,30,-18.00
48,5,31,4.23
48,5,32,14.60
48,5,33,-4.76
48,5,34,12.43
48,5,35,-15.99
48,5,36,-28.86
48,5,37,-35.90
48,5,38,2.74
48,5,39,-40.18
48,5,40,-19.89
48,5,41,-13.15
48,6,0,-30.84
48,6,1,-21.62
48,6,2,-19.98
48,6,3,-15.25
48,6,4,1.04
48,6,5,-35.99
48,6,6,2.57
48,6,7,-31.16
48,6,8,-17.80
48,6,9,-14.40
48,6,10,9.06
48,6,11,-10.13
48,6,12,-15.89
48,6,13,2.81
48,6,14,6.38
48,6,15,-10.70
48,6,16,-17.19
48,6,17,-13.26
48,6,18,-25.16
48,6,19,12.20
48,6,20,-26.21
48,6,21,-18.92
48,6,22,13.80
48,6,23,-10.67
48,6,24,-12.92
48,6,25,3.78
48,6,26,2.52
48,6,27,-19.67
48,6,28,-1.57
48,6,29,-10.91
48,6,30,-16.45
48,6,31,3.09
48,6,32,8.95
48,6,33,-33.88
48,6,34,-9.50
48,6,35,-19.90
48,6,36,0.00
48,6,37,11.41
48,6,38,38.34
48,6,39,2.01
48,6,40,-6.71
48,6,41,2.60
49,0,0,-19.21
49,0,1,-11.47
49,0,2,17.12
49,0,3,6.15
49,0,4,5.21
49,0,5,-26.09
49,0,6,7.65
49,0,7,-26.94
49,0,8,-25.00
49,0,9,-9.68
49,0,10,-14.56
49,0,11,-17.29
49,0,12,-23.21
49,0,13,-14.06
49,0,14,-31.63
49,0,15,-20.13
49,0,16,-17.35
49,0,17,-21.82
49,0,18,-32.74
49,0,19,-16.63
49,0,20,-21.03
49,0,21,-8.43
49,0,22,-16.94
49,0,23,-40.22
49,0,24,-47.07
49,0,25,2.27
49,0,26,2.35
49,0,27,-15.99
49,0,28,2.85
49,0,29,-31.72
49,0,30,-29.97
49,0,31,6.83
49,0,32,-22.04
49,0,33,-15.58
49,0,34,-2.11
49,0,35,-15.57
49,0,36,-17.57
49,0,37,-23.40
49,0,38,-15.07
49,0,39,-10.51
49,0,40,-19.75
49,0,41,-5.44
49,1,0,-14.66
49,1,1,-19.14
49,1,2,-10.23
49,1,3,-10.71
49,1,4,-8.88
49,1,5,-8.47
49,1,6,31.60
49,1,7,3.68
49,1,8,-2.90
49,1,9,24.75
49,1,10,28.63
49,1,11,7.41
49,1,12,-15.35
49,1,13,-22.72
49,1,14,-23.61
49,1,15,-3.50
49,1,16,-21.12
49,1,17,-21.15
49,1,18,-8.20
49,1,19,40.99
49,1,20,-5.42
49,1,21,-28.99
49,1,22,22.32
49,1,23,-6.58
49,1,24,-22.40
49,1,25,5.65
49,1,26,-14.29
49,1,27,-27.88
49,1,28,2.25
49,1,29,-28.63
49,1,30,-4.40
49,1,31,-5.20
49,1,32,-10.80
49,1,33,-32.48
49,1,34,28.19
49,1,35,-18.66
49,1,36,-20.51
49,1,37,-12.22
49,1,38,3.66
49,1,39,-25.11
49,1,40,-29.63
49,1,41,-26.59
49,2,0,-20.59
49,2,1,-27.44
49,2,2,-20.75
49,2,3,-25.86
49,2,4,1.19
49,2,5,-6.87
49,2,6,2.87
49,2,7,-25.53
49,2,8,-32.31
49,2,9,-17.84
49,2,10,-2.87
49,2,11,-21.92
49,2,12,-7.09
49,2,13,-13.58
49,2,14,2.93
49,2,15,-3.90
49,2,16,-1.40
49,2,17,11.88
49,2,18,-20.30
49,2,19,5.91
49,2,20,-18.43
49,2,21,-11.17
49,2,22,-5.49
49,2,23,-43.86
49,2,24,-28.75
49,2,25,4.80
49,2,26,-2.56
49,2,27,-22.34
49,2,28,-4.21
49,2,29,-14.08
49,2,30,-36.85
49,2,31,-14.37
49,2,32,2.54
49,2,33,-16.14
49,2,34,-9.33
49,2,35,-38.98
49,2,36,-14.70
49,2,37,-45.15
49,2,38,-8.21
49,2,39,-15.69
49,2,40,-12.65
49,2,41,-11.46
49,3,0,-11.36
49,3,1,-10.11
49,3,2,-20.53
49,3,3,-19.39
49,3,4,9.75
49,3,5,-13.91
49,3,6,2.96
49,3,7,-23.33
49,3,8,-7.99
49,3,9,0.38
49,3,10,-12.09
49,3,11,-19.47
49,3,12,1.38
49,3,13,-3.26
49,3,14,-15.51
49,3,15,-6.97
49,3,16,-5.81
49,3,17,-9.52
49,3,18,29.62
49,3,19,6.63
49,3,20,1.49
49,3,21,8.49
49,3,22,38.58
49,3,23,-5.89
49,3,24,-10.31
49,3,25,15.68
49,3,26,-12.34
49,3,27,-7.78
49,3,28,2.37
49,3,29,-28.66
49,3,30,-20.45
49,3,31,1.51
49,3,32,-1.70
49,3,33,-27.56
49,3,34,-12.63
49,3,35,-27.51
49,3,36,-24.78
49,3,37,-26.38
49,3,38,-20.12
49,3,39,-14.81
49,3,40,-18.35
49,3,41,-27.52
49,4,0,-6.48
49,4,1,-11.69
49,4,2,-27.61
49,4,3,-20.67
49,4,4,33.10
49,4,5,2.45
49,4,6,-10.96
49,4,7,-32.95
49,4,8,-24.85
49,4,9,2.70
49,4,10,2.99
49,4,11,-26.02
49,4,12,-22.48
49,4,13,-35.99
49,4,14,-16.46
49,4,15,-27.84
49,4,16,-21.90
49,4,17,-16.63
49,4,18,-29.46
49,4,19,-7.02
49,4,20,-19.06
49,4,21,-21.25
49,4,22,9.10
49,4,23,7.99
49,4,24,9.81
49,4,25,41.69
49,4,26,15.92
49,4,27,-7.82
49,4,28,9.41
49,4,29,5.33
49,4,30,-24.55
49,4,31,-5.48
49,4,32,14.87
49,4,33,-25.56
49,4,34,-9.12
49,4,35,-16.99
49,4,36,-18.38
49,4,37,2.02
49,4,38,25.56
49,4,39,3.64
49,4,40,-24.15
49,4,41,-3.94
49,5,0,-24.92
49,5,1,-35.85
49,5,2,-19.26
49,5,3,-36.98
49,5,4,-7.30
49,5,5,-15.74
49,5,6,-12.26
49,5,7,-42.73
49,5,8,-25.44
49,5,9,17.61
49,5,10,-2.44
49,5,11,-28.51
49,5,12,-16.78
49,5,13,-14.11
49,5,14,-12.37
49,5,15,-30.61
49,5,16,-21.80
49,5,17,-32.31
49,5,18,-18.40
49,5,19,31.16
49,5,20,-18.75
49,5,21,-19.50
49,5,22,0.01
49,5,23,-13.25
49,5,24,-21.51
49,5,25,2.99
49,5,26,-5.44
49,5,27,-15.79
49,5,28,2.44
49,5,29,-21.85
49,5,30,-18.00
49,5,31,4.23
49,5,32,14.60
49,5,33,-4.76
49,5,34,12.43
49,5,35,-15.99
49,5,36,-28.86
49,5,37,-35.90
49,5,38,2.74
49,5,39,-40.18
49,5,40,-19.89
49,5,41,-13.15
49,6,0,-30.84
49,6,1,-21.62
49,6,2,-19.98
49,6,3,-15.25
49,6,4,1.04
49,6,5,-35.99
49,6,6,2.57
49,6,7,-31.16
49,6,8,-17.80
49,6,9,-14.40
49,6,10,9.06
49,6,11,-10.13
49,6,12,-15.89
49,6,13,2.81
49,6,14,6.38
49,6,15,-10.70
49,6,16,-17.19
49,6,17,-13.26
49,6,18,-25.16
49,6,19,12.20
49,6,20,-26.21
49,6,21,-18.92
49,6,22,13.80
49,6,23,-10.67
49,6,24,-12.92
49,6,25,3.78
49,6,26,2.52
49,6,27,-19.67
49,6,28,-1.57
49,6,29,-10.91
49,6,30,-16.45
49,6,31,3.09
49,6,32,8.95
49,6,33,-33.88
49,6,34,-9.50
49,6,35,-19.90
49,6,36,0.00
49,6,37,11.41
49,6,38,38.34
49,6,39,2.01
49,6,40,-6.71
49,6,41,2.60
50,0,0,-19.21
50,0,1,-11.47
50,0,2,17.12
50,0,3,6.15
50,0,4,5.21
50,0,5,-26.09
50,0,6,7.65
50,0,7,-26.94
50,0,8,-25.00
50,0,9,-9.68
50,0,10,-14.56
50,0,11,-17.29
50,0,12,-23.21
50,0,13,-14.06
50,0,14,-31.63
50,0,15,-20.13
50,0,16,-17.35
50,0,17,-21.82
50,0,18,-32.74
50,0,19,-16.63
50,0,20,-21.03
50,0,21,-8.43
50,0,22,-16.94
50,0,23,-40.22
50,0,24,-47.07
50,0,25,2.27
50,0,26,2.35
50,0,27,-15.99
50,0,28,2.85
50,0,29,-31.72
50,0,30,-29.97
50,0,31,6.83
50,0,32,-22.04
50,0,33,-15.58
50,0,34,-2.11
50,0,35,-15.57
50,0,36,-17.57
50,0,37,-23.40
50,0,38,-15.07
50,0,39,-10.51
50,0,40,-19.75
50,0,41,-5.44
50,1,0,-14.66
50,1,1,-19.14
50,1,2,-10.23
50,1,3,-10.71
50,1,4,-8.88
50,1,5,-8.47
50,1,6,31.60
50,1,7,3.68
50,1,8,-2.90
50,1,9,24.75
50,1,10,28.63
50,1,11,7.41
50,1,12,-15.35
50,1,13,-22.72
50,1,14,-23.61
50,1,15,-3.50
50,1,16,-21.12
50,1,17,-21.15
50,1,18,-8.20
50,1,19,40.99
50,1,20,-5.42
50,1,21,-28.99
50,1,22,22.32
50,1,23,-6.58
50,1,24,-22.40
50,1,25,5.65
50,1,26,-14.29
50,1,27,-27.88
50,1,28,2.25
50,1,29,-28.63
50,1,30,-4.40
50,1,31,-5.20
50,1,32,-10.80
50,1,33,-32.48
50,1,34,28.19
50,1,35,-18.66
50,1,36,-20.51
50,1,37,-12.22
50,1,38,3.66
50,1,39,-25.11
50,1,40,-29.63
50,1,41,-26.59
50,2,0,-20.59
50,2,1,-27.44
50,2,2,-20.75
50,2,3,-25.86
50,2,4,1.19
50,2,5,-6.87
50,2,6,2.87
50,2,7,-25.53
50,2,8,-32.31
50,2,9,-17.84
50,2,10,-2.87
50,2,11,-21.92
50,2,12,-7.09
50,2,13,-13.58
50,2,14,2.93
50,2,15,-3.90
50,2,16,-1.40
50,2,17,11.88
50,2,18,-20.30
50,2,19,5.91
50,2,20,-18.43
50,2,21,-11.17
50,2,22,-5.49
50,2,23,-43.86
50,2,24,-28.75
50,2,25,4.80
50,2,26,-2.56
50,2,27,-22.34
50,2,28,-4.21
50,2,29,-14.08
50,2,30,-36.85
50,2,31,-14.37
50,2,32,2.54
50,2,33,-16.14
50,2,34,-9.33
50,2,35,-38.98
50,2,36,-14.70
50,2,37,-45.15
50,2,38,-8.21
50,2,39,-15.69
50,2,40,-12.65
50,2,41,-11.46
50,3,0,-11.36
50,3,1,-10.11
50,3,2,-20.53
50,3,3,-19.39
50,3,4,9.75
50,3,5,-13.91
50,3,6,2.96
50,3,7,-23.33
50,3,8,-7.99
50,3,9,0.38
50,3,10,-12.09
50,3,11,-19.47
50,3,12,1.38
50,3,13,-3.26
50,3,14,-15.51
50,3,15,-6.97
50,3,16,-5.81
50,3,17,-9.52
50,3,18,29.62
50,3,19,6.63
50,3,20,1.49
50,3,21,8.49
50,3,22,38.58
50,3,23,-5.89
50,3,24,-10.31
50,3,25,15.68
50,3,26,-12.34
50,3,27,-7.78
50,3,28,2.37
50,3,29,-28.66
50,3,30,-20.45
50,3,31,1.51
50,3,32,-1.70
50,3,33,-27.56
50,3,34,-12.63
50,3,35,-27.51
50,3,36,-24.78
50,3,37,-26.38
50,3,38,-20.12
50,3,39,-14.81
50,3,40,-18.35
50,3,41,-27.52
50,4,0,-6.48
50,4,1,-11.69
50,4,2,-27.61
50,4,3,-20.67
50,4,4,33.10
50,4,5,2.45
50,4,6,-10.96
50,4,7,-32.95
50,4,8,-24.85
50,4,9,2.70
50,4,10,2.99
50,4,11,-26.02
50,4,12,-22.48
50,4,13,-35.99
50,4,14,-16.46
50,4,15,-27.84
50,4,16,-21.90
50,4,17,-16.63
50,4,18,-29.46
50,4,19,-7.02
50,4,20,-19.06
50,4,21,-21.25
50,4,22,9.10
50,4,23,7.99
50,4,24,9.81
50,4,25,41.69
50,4,26,15.92
50,4,27,-7.82
50,4,28,9.41
50,4,29,5.33
50,4,30,-24.55
50,4,31,-5.48
50,4,32,14.87
50,4,33,-25.56
50,4,34,-9.12
50,4,35,-16.99
50,4,36,-18.38
50,4,37,2.02
50,4,38,25.56
50,4,39,3.64
50,4,40,-24.15
50,4,41,-3.94
50,5,0,-24.92
50,5,1,-35.85
50,5,2,-19.26
50,5,3,-36.98
50,5,4,-7.30
50,5,5,-15.74
50,5,6,-12.26
50,5,7,-42.73
50,5,8,-25.44
50,5,9,17.61
50,5,10,-2.44
50,5,11,-28.51
50,5,12,-16.78
50,5,13,-14.11
50,5,14,-12.37
50,5,15,-30.61
50,5,16,-21.80
50,5,17,-32.31
50,5,18,-18.40
50,5,19,31.16
50,5,20,-18.75
50,5,21,-19.50
50,5,22,0.01
50,5,23,-13.25
50,5,24,-21.51
50,5,25,2.99
50,5,26,-5.44
50,5,27,-15.79
50,5,28,2.44
50,5,29,-21.85
50,5,30,-18.00
50,5,31,4.23
50,5,32,14.60
50,5,33,-4.76
50,5,34,12.43
50,5,35,-15.99
50,5,36,-28.86
50,5,37,-35.90
50,5,38,2.74
50,5,39,-40.18
50,5,40,-19.89
50,5,41,-13.15
50,6,0,-30.84
50,6,1,-21.62
50,6,2,-19.98
50,6,3,-15.25
50,6,4,1.04
50,6,5,-35.99
50,6,6,2.57
50,6,7,-31.16
50,6,8,-17.80
50,6,9,-14.40
50,6,10,9.06
50,6,11,-10.13
50,6,12,-15.89
50,6,13,2.81
50,6,14,6.38
50,6,15,-10.70
50,6,16,-17.19
50,6,17,-13.26
50,6,18,-25.16
50,6,19,12.20
50,6,20,-26.21
50,6,21,-18.92
50,6,22,13.80
50,6,23,-10.67
50,6,24,-12.92
50,6,25,3.78
50,6,26,2.52
50,6,27,-19.67
50,6,28,-1.57
50,6,29,-10.91
50,6,30,-16.45
50,6,31,3.09
50,6,32,8.95
50,6,33,-33.88
50,6,34,-9.50
50,6,35,-19.90
50,6,36,0.00
50,6,37,11.41
50,6,38,38.34
50,6,39,2.01
50,6,40,-6.71
50,6,41,2.60
51,0,0,-19.21
51,0,1,-11.47
51,0,2,17.12
51,0,3,6.15
51,0,4,5.21
51,0,5,-26.09
51,0,6,7.65
51,0,7,-26.94
51,0,8,-25.00
51,0,9,-9.68
51,0,10,-14.56
51,0,11,-17.29
51,0,12,-23.21
51,0,13,-14.06
51,0,14,-31.63
51,0,15,-20.13
51,0,16,-17.35
51,0,17,-21.82
51,0,18,-32.74
51,0,19,-16.63
51,0,20,-21.03
51,0,21,-8.43
51,0,22,-16.94
51,0,23,-40.22
51,0,24,-47.07
51,0,25,2.27
51,0,26,2.35
51,0,27,-15.99
51,0,28,2.85
51,0,29,-31.72
51,0,30,-29.97
51,0,31,6.83
51,0,32,-22.04
51,0,33,-15.58
51,0,34,-2.11
51,0,35,-15.57
51,0,36,-17.57
51,0,37,-23.40
51,0,38,-15.07
51,0,39,-10.51
51,0,40,-19.75
51,0,41,-5.44
51,1,0,-14.66
51,1,1,-19.14
51,1,2,-10.23
51,1,3,-10.71
51,1,4,-8.88
51,1,5,-8.47
51,1,6,31.60
51,1,7,3.68
51,1,8,-2.90
51,1,9,24.75
51,1,10,28.63
51,1,11,7.41
51,1,12,-15.35
51,1,13,-22.72
51,1,14,-23.61
51,1,15,-3.50
51,1,16,-21.12
51,1,17,-21.15
51,1,18,-8.20
51,1,19,40.99
51,1,20,-5.42
51,1,21,-28.99
51,1,22,22.32
51,1,23,-6.58
51,1,24,-22.40
51,1,25,5.65
51,1,26,-14.29
51,1,27,-27.88
51,1,28,2.25
51,1,29,-28.63
51,1,30,-4.40
51,1,31,-5.20
51,1,32,-10.80
51,1,33,-32.48
51,1,34,28.19
51,1,35,-18.66
51,1,36,-20.51
51,1,37,-12.22
51,1,38,3.66
51,1,39,-25.11
51,1,40,-29.63
51,1,41,-26.59
51,2,0,-20.59
51,2,1,-27.44
51,2,2,-20.75
51,2,3,-25.86
51,2,4,1.19
51,2,5,-6.87
51,2,6,2.87
51,2,7,-25.53
51,2,8,-32.31
51,2,9,-17.84
51,2,10,-2.87
51,2,11,-21.92
51,2,12,-7.09
51,2,13,-13.58
51,2,14,2.93
51,2,15,-3.90
51,2,16,-1.40
51,2,17,11.88
51,2,18,-20.30
51,2,19,5.91
51,2,20,-18.43
51,2,21,-11.17
51,2,22,-5.49
51,2,23,-43.86
51,2,24,-28.75
51,2,25,4.80
51,2,26,-2.56
51,2,27,-22.34
51,2,28,-4.21
51,2,29,-14.08
51,2,30,-36.85
51,2,31,-14.37
51,2,32,2.54
51,2,33,-16.14
51,2,34,-9.33
51,2,35,-38.98
51,2,36,-14.70
51,2,37,-45.15
51,2,38,-8.21
51,2,39,-15.69
51,2,40,-12.65
51,2,41,-11.46
51,3,0,-11.36
51,3,1,-10.11
51,3,2,-20.53
51,3,3,-19.39
51,3,4,9.75
51,3,5,-13.91
51,3,6,2.96
51,3,7,-23.33
51,3,8,-7.99
51,3,9,0.38
51,3,10,-12.09
51,3,11,-19.47
51,3,12,1.38
51,3,13,-3.26
51,3,14,-15.51
51,3,15,-6.97
51,3,16,-5.81
51,3,17,-9.52
51,3,18,29.62
51,3,19,6.63
51,3,20,1.49
51,3,21,8.49
51,3,22,38.58
51,3,23,-5.89
51,3,24,-10.31
51,3,25,15.68
51,3,26,-12.34
51,3,27,-7.78
51,3,28,2.37
51,3,29,-28.66
51,3,30,-20.45
51,3,31,1.51
51,3,32,-1.70
51,3,33,-27.56
51,3,34,-12.63
51,3,35,-27.51
51,3,36,-24.78
51,3,37,-26.38
51,3,38,-20.12
51,3,39,-14.81
51,3,40,-18.35
51,3,41,-27.52
51,4,0,-6.48
51,4,1,-11.69
51,4,2,-27.61
51,4,3,-20.67
51,4,4,33.10
51,4,5,2.45
51,4,6,-10.96
51,4,7,-32.95
51,4,8,-24.85
51,4,9,2.70
51,4,10,2.99
51,4,11,-26.02
51,4,12,-22.48
51,4,13,-35.99
51,4,14,-16.46
51,4,15,-27.84
51,4,16,-21.90
51,4,17,-16.63
51,4,18,-29.46
51,4,19,-7.02
51,4,20,-19.06
51,4,21,-21.25
51,4,22,9.10
51,4,23,7.99
51,4,24,9.81
51,4,25,41.69
51,4,26,15.92
51,4,27,-7.82
51,4,28,9.41
51,4,29,5.33
51,4,30,-24.55
51,4,31,-5.48
51,4,32,14.87
51,4,33,-25.56
51,4,34,-9.12
51,4,35,-16.99
51,4,36,-18.38
51,4,37,2.02
51,4,38,25.56
51,4,39,3.64
51,4,40,-24.15
51,4,41,-3.94
51,5,0,-24.92
51,5,1,-35.85
51,5,2,-19.26
51,5,3,-36.98
51,5,4,-7.30
51,5,5,-15.74
51,5,6,-12.26
51,5,7,-42.73
51,5,8,-25.44
51,5,9,17.61
51,5,10,-2.44
51,5,11,-28.51
51,5,12,-16.78
51,5,13,-14.11
51,5,14,-12.37
51,5,15,-30.61
51,5,16,-21.80
51,5,17,-32.31
51,5,18,-18.40
51,5,19,31.16
51,5,20,-18.75
51,5,21,-19.50
51,5,22,0.01
51,5,23,-13.25
51,5,24,-21.51
51,5,25,2.99
51,5,26,-5.44
51,5,27,-15.79
51,5,28,2.44
51,5,29,-21.85
51,5,30,-18.00
51,5,31,4.23
51,5,32,14.60
51,5,33,-4.76
51,5,34,12.43
51,5,35,-15.99
51,5,36,-28.86
51,5,37,-35.90
51,5,38,2.74
51,5,39,-40.18
51,5,40,-19.89
51,5,41,-13.15
51,6,0,-30.84
51,6,1,-21.62
51,6,2,-19.98
51,6,3,-15.25
51,6,4,1.04
51,6,5,-35.99
51,6,6,2.57
51,6,7,-31.16
51,6,8,-17.80
51,6,9,-14.40
51,6,10,9.06
51,6,11,-10.13
51,6,12,-15.89
51,6,13,2.81
51,6,14,6.38
51,6,15,-10.70
51,6,16,-17.19
51,6,17,-13.26
51,6,18,-25.16
51,6,19,12.20
51,6,20,-26.21
51,6,21,-18.92
51,6,22,13.80
51,6,23,-10.67
51,6,24,-12.92
51,6,25,3.78
51,6,26,2.52
51,6,27,-19.67
51,6,28,-1.57
51,6,29,-10.91
51,6,30,-16.45
51,6,31,3.09
51,6,32,8.95
51,6,33,-33.88
51,6,34,-9.50
51,6,35,-19.90
51,6,36,0.00
51,6,37,11.41
51,6,38,38.34
51,6,39,2.01
51,6,40,-6.71
51,6,41,2.60
52,0,0,-19.21
52,0,1,-11.47
52,0,2,17.12
52,0,3,6.15
52,0,4,5.21
52,0,5,-26.09
52,0,6,7.65
52,0,7,-26.94
52,0,8,-25.00
52,0,9,-9.68
52,0,10,-14.56
52,0,11,-17.29
52,0,12,-23.21
52,0,13,-14.06
52,0,14,-31.63
52,0,15,-20.13
52,0,16,-17.35
52,0,17,-21.82
52,0,18,-32.74
52,0,19,-16.63
52,0,20,-21.03
52,0,21,-8.43
52,0,22,-16.94
52,0,23,-40.22
52,0,24,-47.07
52,0,25,2.27
52,0,26,2.35
52,0,27,-15.99
52,0,28,2.85
52,0,29,-31.72
52,0,30,-29.97
52,0,31,6.83
52,0,32,-22.04
52,0,33,-15.58
52,0,34,-2.11
52,0,35,-15.57
52,0,36,-17.57
52,0,37,-23.40
52,0,38,-15.07
52,0,39,-10.51
52,0,40,-19.75
52,0,41,-5.44
52,1,0,-14.66
52,1,1,-19.14
52,1,2,-10.23
52,1,3,-10.71
52,1,4,-8.88
52,1,5,-8.47
52,1,6,31.60
52,1,7,3.68
52,1,8,-2.90
52,1,9,24.75
52,1,10,28.63
52,1,11,7.41
52,1,12,-15.35
52,1,13,-22.72
52,1,14,-23.61
52,1,15,-3.50
52,1,16,-21.12
52,1,17,-21.15
52,1,18,-8.20
52,1,19,40.99
52,1,20,-5.42
52,1,21,-28.99
52,1,22,22.32
52,1,23,-6.58
52,1,24,-22.40
52,1,25,5.65
52,1,26,-14.29
52,1,27,-27.88
52,1,28,2.25
52,1,29,-28.63
52,1,30,-4.40
52,1,31,-5.20
52,1,32,-10.80
52,1,33,-32.48
52,1,34,28.19
52,1,35,-18.66
52,1,36,-20.51
52,1,37,-12.22
52,1,38,3.66
52,1,39,-25.11
52,1,40,-29.63
52,1,41,-26.59
52,2,0,-20.59
52,2,1,-27.44
52,2,2,-20.75
52,2,3,-25.86
52,2,4,1.19
52,2,5,-6.87
52,2,6,2.87
52,2,7,-25.53
52,2,8,-32.31
52,2,9,-17.84
52,2,10,-2.87
52,2,11,-21.92
52,2,12,-7.09
52,2,13,-13.58
52,2,14,2.93
52,2,15,-3.90
52,2,16,-1.40
52,2,17,11.88
52,2,18,-20.30
52,2,19,5.91
52,2,20,-18.43
52,2,21,-11.17
52,2,22,-5.49
52,2,23,-43.86
52,2,24,-28.75
52,2,25,4.80
52,2,26,-2.56
52,2,27,-22.34
52,2,28,-4.21
52,2,29,-14.08
52,2,30,-36.85
52,2,31,-14.37
52,2,32,2.54
52,2,33,-16.14
52,2,34,-9.33
52,2,35,-38.98
52,2,36,-14.70
52,2,37,-45.15
52,2,38,-8.21
52,2,39,-15.69
52,2,40,-12.65
52,2,41,-11.46
52,3,0,-11.36
52,3,1,-10.11
52,3,2,-20.53
52,3,3,-19.39
52,3,4,9.75
52,3,5,-13.91
52,3,6,2.96
52,3,7,-23.33
52,3,8,-7.99
52,3,9,0.38
52,3,10,-12.09
52,3,11,-19.47
52,3,12,1.38
52,3,13,-3.26
52,3,14,-15.51
52,3,15,-6.97
52,3,16,-5.81
52,3,17,-9.52
52,3,18,29.62
52,3,19,6.63
52,3,20,1.49
52,3,21,8.49
52,3,22,38.58
52,3,23,-5.89
52,3,24,-10.31
52,3,25,15.68
52,3,26,-12.34
52,3,27,-7.78
52,3,28,2.37
52,3,29,-28.66
52,3,30,-20.45
52,3,31,1.51
52,3,32,-1.70
52,3,33,-27.56
52,3,34,-12.63
52,3,35,-27.51
52,3,36,-24.78
52,3,37,-26.38
52,3,38,-20.12
52,3,39,-14.81
52,3,40,-18.35
52,3,41,-27.52
52,4,0,-6.48
52,4,1,-11.69
52,4,2,-27.61
52,4,3,-20.67
52,4,4,33.10
52,4,5,2.45
52,4,6,-10.96
52,4,7,-32.95
52,4,8,-24.85
52,4,9,2.70
52,4,10,2.99
52,4,11,-26.02
52,4,12,-22.48
52,4,13,-35.99
52,4,14,-16.46
52,4,15,-27.84
52,4,16,-21.90
52,4,17,-16.63
52,4,18,-29.46
52,4,19,-7.02
52,4,20,-19.06
52,4,21,-21.25
52,4,22,9.10
52,4,23,7.99
52,4,24,9.81
52,4,25,41.69
52,4,26,15.92
52,4,27,-7.82
52,4,28,9.41
52,4,29,5.33
52,4,30,-24.55
52,4,31,-5.48
52,4,32,14.87
52,4,33,-25.56
52,4,34,-9.12
52,4,35,-16.99
52,4,36,-18.38
52,4,37,2.02
52,4,38,25.56
52,4,39,3.64
52,4,40,-24.15
52,4,41,-3.94
52,5,0,-24.92
52,5,1,-35.85
52,5,2,-19.26
52,5,3,-36.98
52,5,4,-7.30
52,5,5,-15.74
52,5,6,-12.26
52,5,7,-42.73
52,5,8,-25.44
52,5,9,17.61
52,5,10,-2.44
52,5,11,-28.51
52,5,12,-16.78
52,5,13,-14.11
52,5,14,-12.37
52,5,15,-30.61
52,5,16,-21.80
52,5,17,-32.31
52,5,18,-18.40
52,5,19,31.16
52,5,20,-18.75
52,5,21,-19.50
52,5,22,0.01
52,5,23,-13.25
52,5,24,-21.51
52,5,25,2.99
52,5,26,-5.44
52,5,27,-15.79
52,5,28,2.44
52,5,29,-21.85
52,5,30,-18.00
52,5,31,4.23
52,5,32,14.60
52,5,33,-4.76
52,5,34,12.43
52,5,35,-15.99
52,5,36,-28.86
52,5,37,-35.90
52,5,38,2.74
52,5,39,-40.18
52,5,40,-19.89
52,5,41,-13.15
52,6,0,-30.84
52,6,1,-21.62
52,6,2,-19.98
52,6,3,-15.25
52,6,4,1.04
52,6,5,-35.99
52,6,6,2.57
52,6,7,-31.16
52,6,8,-17.80
52,6,9,-14.40
52,6,10,9.06
52,6,11,-10.13
52,6,12,-15.89
52,6,13,2.81
52,6,14,6.38
52,6,15,-10.70
52,6,16,-17.19
52,6,17,-13.26
52,6,18,-25.16
52,6,19,12.20
52,6,20,-26.21
52,6,21,-18.92
52,6,22,13.80
52,6,23,-10.67
52,6,24,-12.92
52,6,25,3.78
52,6,26,2.52
52,6,27,-19.67
52,6,28,-1.57
52,6,29,-10.91
52,6,30,-16.45
52,6,31,3.09
52,6,32,8.95
52,6,33,-33.88
52,6,34,-9.50
52,6,35,-19.90
52,6,36,0.00
52,6,37,11.41
52,6,38,38.34
52,6,39,2.01
52,6,40,-6.71
52,6,41,2.60
53,0,0,-19.21
53,0,1,-11.47
53,0,2,17.12
53,0,3,6.15
53,0,4,5.21
53,0,5,-26.09
53,0,6,7.65
53,0,7,-26.94
53,0,8,-25.00
53,0,9,-9.68
53,0,10,-14.56
53,0,11,-17.29
53,0,12,-23.21
53,0,13,-14.06
53,0,14,-31.63
53,0,15,-20.13
53,0,16,-17.35
53,0,17,-21.82
53,0,18,-32.74
53,0,19,-16.63
53,0,20,-21.03
53,0,21,-8.43
53,0,22,-16.94
53,0,23,-40.22
53,0,24,-47.07
53,0,25,2.27
53,0,26,2.35
53,0,27,-15.99
53,0,28,2.85
53,0,29,-31.72
53,0,30,-29.97
53,0,31,6.83
53,0,32,-22.04
53,0,33,-15.58
53,0,34,-2.11
53,0,35,-15.57
53,0,36,-17.57
53,0,37,-23.40
53,0,38,-15.07
53,0,39,-10.51
53,0,40,-19.75
53,0,41,-5.44
53,1,0,-14.66
53,1,1,-19.14
53,1,2,-10.23
53,1,3,-10.71
53,1,4,-8.88
53,1,5,-8.47
53,1,6,31.60
53,1,7,3.68
53,1,8,-2.90
53,1,9,24.75
53,1,10,28.63
53,1,11,7.41
53,1,12,-15.35
53,1,13,-22.72
53,1,14,-23.61
53,1,15,-3.50
53,1,16,-21.12
53,1,17,-21.15
53,1,18,-8.20
53,1,19,40.99
53,1,20,-5.42
53,1,21,-28.99
53,1,22,22.32
53,1,23,-6.58
53,1,24,-22.40
53,1,25,5.65
53,1,26,-14.29
53,1,27,-27.88
53,1,28,2.25
53,1,29,-28.63
53,1,30,-4.40
53,1,31,-5.20
53,1,32,-10.80
53,1,33,-32.48
53,1,34,28.19
53,1,35,-18.66
53,1,36,-20.51
53,1,37,-12.22
53,1,38,3.66
53,1,39,-25.11
53,1,40,-29.63
53,1,41,-26.59
53,2,0,-20.59
53,2,1,-27.44
53,2,2,-20.75
53,2,3,-25.86
53,2,4,1.19
53,2,5,-6.87
53,2,6,2.87
53,2,7,-25.53
53,2,8,-32.31
53,2,9,-17.84
53,2,10,-2.87
53,2,11,-21.92
53,2,12,-7.09
53,2,13,-13.58
53,2,14,2.93
53,2,15,-3.90
53,2,16,-1.40
53,2,17,11.88
53,2,18,-20.30
53,2,19,5.91
53,2,20,-18.43
53,2,21,-11.17
53,2,22,-5.49
53,2,23,-43.86
53,2,24,-28.75
53,2,25,4.80
53,2,26,-2.56
53,2,27,-22.34
53,2,28,-4.21
53,2,29,-14.08
53,2,30,-36.85
53,2,31,-14.37
53,2,32,2.54
53,2,33,-16.14
53,2,34,-9.33
53,2,35,-38.98
53,2,36,-14.70
53,2,37,-45.15
53,2,38,-8.21
53,2,39,-15.69
53,2,40,-12.65
53,2,41,-11.46
53,3,0,-11.36
53,3,1,-10.11
53,3,2,-20.53
53,3,3,-19.39
53,3,4,9.75
53,3,5,-13.91
53,3,6,2.96
53,3,7,-23.33
53,3,8,-7.99
53,3,9,0.38
53,3,10,-12.09
53,3,11,-19.47
53,3,12,1.38
53,3,13,-3.26
53,3,14,-15.51
53,3,15,-6.97
53,3,16,-5.81
53,3,17,-9.52
53,3,18,29.62
53,3,19,6.63
53,3,20,1.49
53,3,21,8.49
53,3,22,38.58
53,3,23,-5.89
53,3,24,-10.31
53,3,25,15.68
53,3,26,-12.34
53,3,27,-7.78
53,3,28,2.37
53,3,29,-28.66
53,3,30,-20.45
53,3,31,1.51
53,3,32,-1.70
53,3,33,-27.56
53,3,34,-12.63
53,3,35,-27.51
53,3,36,-24.78
53,3,37,-26.38
53,3,38,-20.12
53,3,39,-14.81
53,3,40,-18.35
53,3,41,-27.52
53,4,0,-6.48
53,4,1,-11.69
53,4,2,-27.61
53,4,3,-20.67
53,4,4,33.10
53,4,5,2.45
53,4,6,-10.96
53,4,7,-32.95
53,4,8,-24.85
53,4,9,2.70
53,4,10,2.99
53,4,11,-26.02
53,4,12,-22.48
53,4,13,-35.99
53,4,14,-16.46
53,4,15,-27.84
53,4,16,-21.90
53,4,17,-16.63
53,4,18,-29.46
53,4,19,-7.02
53,4,20,-19.06
53,4,21,-21.25
53,4,22,9.10
53,4,23,7.99
53,4,24,9.81
53,4,25,41.69
53,4,26,15.92
53,4,27,-7.82
53,4,28,9.41
53,4,29,5.33
53,4,30,-24.55
53,4,31,-5.48
53,4,32,14.87
53,4,33,-25.56
53,4,34,-9.12
53,4,35,-16.99
53,4,36,-18.38
53,4,37,2.02
53,4,38,25.56
53,4,39,3.64
53,4,40,-24.15
53,4,41,-3.94
53,5,0,-24.92
53,5,1,-35.85
53,5,2,-19.26
53,5,3,-36.98
53,5,4,-7.30
53,5,5,-15.74
53,5,6,-12.26
53,5,7,-42.73
53,5,8,-25.44
53,5,9,17.61
53,5,10,-2.44
53,5,11,-28.51
53,5,12,-16.78
53,5,13,-14.11
53,5,14,-12.37
53,5,15,-30.61
53,5,16,-21.80
53,5,17,-32.31
53,5,18,-18.40
53,5,19,31.16
53,5,20,-18.75
53,5,21,-19.50
53,5,22,0.01
53,5,23,-13.25
53,5,24,-21.51
53,5,25,2.99
53,5,26,-5.44
53,5,27,-15.79
53,5,28,2.44
53,5,29,-21.85
53,5,30,-18.00
53,5,31,4.23
53,5,32,14.60
53,5,33,-4.76
53,5,34,12.43
53,5,35,-15.99
53,5,36,-28.86
53,5,37,-35.90
53,5,38,2.74
53,5,39,-40.18
53,5,40,-19.89
53,5,41,-13.15
53,6,0,-30.84
53,6,1,-21.62
53,6,2,-19.98
53,6,3,-15.25
53,6,4,1.04
53,6,5,-35.99
53,6,6,2.57
53,6,7,-31.16
53,6,8,-17.80
53,6,9,-14.40
53,6,10,9.06
53,6,11,-10.13
53,6,12,-15.89
53,6,13,2.81
53,6,14,6.38
53,6,15,-10.70
53,6,16,-17.19
53,6,17,-13.26
53,6,18,-25.16
53,6,19,12.20
53,6,20,-26.21
53,6,21,-18.92
53,6,22,13.80
53,6,23,-10.67
53,6,24,-12.92
53,6,25,3.78
53,6,26,2.52
53,6,27,-19.67
53,6,28,-1.57
53,6,29,-10.91
53,6,30,-16.45
53,6,31,3.09
53,6,32,8.95
53,6,33,-33.88
53,6,34,-9.50
53,6,35,-19.90
53,6,36,0.00
53,6,37,11.41
53,6,38,38.34
53,6,39,2.01
53,6,40,-6.71
53,6,41,2.60
54,0,0,-19.21
54,0,1,-11.47
54,0,2,17.12
54,0,3,6.15
54,0,4,5.21
54,0,5,-26.09
54,0,6,7.65
54,0,7,-26.94
54,0,8,-25.00
54,0,9,-9.68
54,0,10,-14.56
54,0,11,-17.29
54,0,12,-23.21
54,0,13,-14.06
54,0,14,-31.63
54,0,15,-20.13
54,0,16,-17.35
54,0,17,-21.82
54,0,18,-32.74
54,0,19,-16.63
54,0,20,-21.03
54,0,21,-8.43
54,0,22,-16.94
54,0,23,-40.22
54,0,24,-47.07
54,0,25,2.27
54,0,26,2.35
54,0,27,-15.99
54,0,28,2.85
54,0,29,-31.72
54,0,30,-29.97
54,0,31,6.83
54,0,32,-22.04
54,0,33,-15.58
54,0,34,-2.11
54,0,35,-15.57
54,0,36,-17.57
54,0,37,-23.40
54,0,38,-15.07
54,0,39,-10.51
54,0,40,-19.75
54,0,41,-5.44
54,1,0,-14.66
54,1,1,-19.14
54,1,2,-10.23
54,1,3,-10.71
54,1,4,-8.88
54,1,5,-8.47
54,1,6,31.60
54,1,7,3.68
54,1,8,-2.90
54,1,9,24.75
54,1,10,28.63
54,1,11,7.41
54,1,12,-15.35
54,1,13,-22.72
54,1,14,-23.61
54,1,15,-3.50
54,1,16,-21.12
54,1,17,-21.15
54,1,18,-8.20
54,1,19,40.99
54,1,20,-5.42
54,1,21,-28.99
54,1,22,22.32
54,1,23,-6.58
54,1,24,-22.40
54,1,25,5.65
54,1,26,-14.29
54,1,27,-27.88
54,1,28,2.25
54,1,29,-28.63
54,1,30,-4.40
54,1,31,-5.20
54,1,32,-10.80
54,1,33,-32.48
54,1,34,28.19
54,1,35,-18.66
54,1,36,-20.51
54,1,37,-12.22
54,1,38,3.66
54,1,39,-25.11
54,1,40,-29.63
54,1,41,-26.59
54,2,0,-20.59
54,2,1,-27.44
54,2,2,-20.75
54,2,3,-25.86
54,2,4,1.19
54,2,5,-6.87
54,2,6,2.87
54,2,7,-25.53
54,2,8,-32.31
54,2,9,-17.84
54,2,10,-2.87
54,2,11,-21.92
54,2,12,-7.09
54,2,13,-13.58
54,2,14,2.93
54,2,15,-3.90
54,2,16,-1.40
54,2,17,11.88
54,2,18,-20.30
54,2,19,5.91
54,2,20,-18.43
54,2,21,-11.17
54,2,22,-5.49
54,2,23,-43.86
54,2,24,-28.75
54,2,25,4.80
54,2,26,-2.56
54,2,27,-22.34
54,2,28,-4.21
54,2,29,-14.08
54,2,30,-36.85
54,2,31,-14.37
54,2,32,2.54
54,2,33,-16.14
54,2,34,-9.33
54,2,35,-38.98
54,2,36,-14.70
54,2,37,-45.15
54,2,38,-8.21
54,2,39,-15.69
54,2,40,-12.65
54,2,41,-11.46
54,3,0,-11.36
54,3,1,-10.11
54,3,2,-20.53
54,3,3,-19.39
54,3,4,9.75
54,3,5,-13.91
54,3,6,2.96
54,3,7,-23.33
54,3,8,-7.99
54,3,9,0.38
54,3,10,-12.09
54,3,11,-19.47
54,3,12,1.38
54,3,13,-3.26
54,3,14,-15.51
54,3,15,-6.97
54,3,16,-5.81
54,3,17,-9.52
54,3,18,29.62
54,3,19,6.63
54,3,20,1.49
54,3,21,8.49
54,3,22,38.58
54,3,23,-5.89
54,3,24,-10.31
54,3,25,15.68
54,3,26,-12.34
54,3,27,-7.78
54,3,28,2.37
54,3,29,-28.66
54,3,30,-20.45
54,3,31,1.51
54,3,32,-1.70
54,3,33,-27.56
54,3,34,-12.63
54,3,35,-27.51
54,3,36,-24.78
54,3,37,-26.38
54,3,38,-20.12
54,3,39,-14.81
54,3,40,-18.35
54,3,41,-27.52
54,4,0,-6.48
54,4,1,-11.69
54,4,2,-27.61
54,4,3,-20.67
54,4,4,33.10
54,4,5,2.45
54,4,6,-10.96
54,4,7,-32.95
54,4,8,-24.85
54,4,9,2.70
54,4,10,2.99
54,4,11,-26.02
54,4,12,-22.48
54,4,13,-35.99
54,4,14,-16.46
54,4,15,-27.84
54,4,16,-21.90
54,4,17,-16.63
54,4,18,-29.46
54,4,19,-7.02
54,4,20,-19.06
54,4,21,-21.25
54,4,22,9.10
54,4,23,7.99
54,4,24,9.81
54,4,25,41.69
54,4,26,15.92
54,4,27,-7.82
54,4,28,9.41
54,4,29,5.33
54,4,30,-24.55
54,4,31,-5.48
54,4,32,14.87
54,4,33,-25.56
54,4,34,-9.12
54,4,35,-16.99
54,4,36,-18.38
54,4,37,2.02
54,4,38,25.56
54,4,39,3.64
54,4,40,-24.15
54,4,41,-3.94
54,5,0,-24.92
54,5,1,-35.85
54,5,2,-19.26
54,5,3,-36.98
54,5,4,-7.30
54,5,5,-15.74
54,5,6,-12.26
54,5,7,-42.73
54,5,8,-25.44
54,5,9,17.61
54,5,10,-2.44
54,5,11,-28.51
54,5,12,-16.78
54,5,13,-14.11
54,5,14,-12.37
54,5,15,-30.61
54,5,16,-21.80
54,5,17,-32.31
54,5,18,-18.40
54,5,19,31.16
54,5,20,-18.75
54,5,21,-19.50
54,5,22,0.01
54,5,23,-13.25
54,5,24,-21.51
54,5,25,2.99
54,5,26,-5.44
54,5,27,-15.79
54,5,28,2.44
54,5,29,-21.85
54,5,30,-18.00
54,5,31,4.23
54,5,32,14.60
54,5,33,-4.76
54,5,34,12.43
54,5,35,-15.99
54,5,36,-28.86
54,5,37,-35.90
54,5,38,2.74
54,5,39,-40.18
54,5,40,-19.89
54,5,41,-13.15
54,6,0,-30.84
54,6,1,-21.62
54,6,2,-19.98
54,6,3,-15.25
54,6,4,1.04
54,6,5,-35.99
54,6,6,2.57
54,6,7,-31.16
54,6,8,-17.80
54,6,9,-14.40
54,6,10,9.06
54,6,11,-10.13
54,6,12,-15.89
54,6,13,2.81
54,6,14,6.38
54,6,15,-10.70
54,6,16,-17.19
54,6,17,-13.26
54,6,18,-25.16
54,6,19,12.20
54,6,20,-26.21
54,6,21,-18.92
54,6,22,13.80
54,6,23,-10.67
54,6,24,-12.92
54,6,25,3.78
54,6,26,2.52
54,6,27,-19.67
54,6,28,-1.57
54,6,29,-10.91
54,6,30,-16.45
54,6,31,3.09
54,6,32,8.95
54,6,33,-33.88
54,6,34,-9.50
54,6,35,-19.90
54,6,36,0.00
54,6,37,11.41
54,6,38,38.34
54,6,39,2.01
54,6,40,-6.71
54,6,41,2.60
55,0,0,-19.21
55,0,1,-11.47
55,0,2,17.12
55,0,3,6.15
55,0,4,5.21
55,0,5,-26.09
55,0,6,7.65
55,0,7,-26.94
55,0,8,-25.00
55,0,9,-9.68
55,0,10,-14.56
55,0,11,-17.29
55,0,12,-23.21
55,0,13,-14.06
55,0,14,-31.63
55,0,15,-20.13
55,0,16,-17.35
55,0,17,-21.82
55,0,18,-32.74
55,0,19,-16.63
55,0,20,-21.03
55,0,21,-8.43
55,0,22,-16.94
55,0,23,-40.22
55,0,24,-47.07
55,0,25,2.27
55,0,26,2.35
55,0,27,-15.99
55,0,28,2.85
55,0,29,-31.72
55,0,30,-29.97
55,0,31,6.83
55,0,32,-22.04
55,0,33,-15.58
55,0,34,-2.11
55,0,35,-15.57
55,0,36,-17.57
55,0,37,-23.40
55,0,38,-15.07
55,0,39,-10.51
55,0,40,-19.75
55,0,41,-5.44
55,1,0,-14.66
55,1,1,-19.14
55,1,2,-10.23
55,1,3,-10.71
55,1,4,-8.88
55,1,5,-8.47
55,1,6,31.60
55,1,7,3.68
55,1,8,-2.90
55,1,9,24.75
55,1,10,28.63
55,1,11,7.41
55,1,12,-15.35
55,1,13,-22.72
55,1,14,-23.61
55,1,15,-3.50
55,1,16,-21.12
55,1,17,-21.15
55,1,18,-8.20
55,1,19,40.99
55,1,20,-5.42
55,1,21,-28.99
55,1,22,22.32
55,1,23,-6.58
55,1,24,-22.40
55,1,25,5.65
55,1,26,-14.29
55,1,27,-27.88
55,1,28,2.25
55,1,29,-28.63
55,1,30,-4.40
55,1,31,-5.20
55,1,32,-10.80
55,1,33,-32.48
55,1,34,28.19
55,1,35,-18.66
55,1,36,-20.51
55,1,37,-12.22
55,1,38,3.66
55,1,39,-25.11
55,1,40,-29.63
55,1,41,-26.59
55,2,0,-20.59
55,2,1,-27.44
55,2,2,-20.75
55,2,3,-25.86
55,2,4,1.19
55,2,5,-6.87
55,2,6,2.87
55,2,7,-25.53
55,2,8,-32.31
55,2,9,-17.84
55,2,10,-2.87
55,2,11,-21.92
55,2,12,-7.09
55,2,13,-13.58
55,2,14,2.93
55,2,15,-3.90
55,2,16,-1.40
55,2,17,11.88
55,2,18,-20.30
55,2,19,5.91
55,2,20,-18.43
55,2,21,-11.17
55,2,22,-5.49
55,2,23,-43.86
55,2,24,-28.75
55,2,25,4.80
55,2,26,-2.56
55,2,27,-22.34
55,2,28,-4.21
55,2,29,-14.08
55,2,30,-36.85
55,2,31,-14.37
55,2,32,2.54
55,2,33,-16.14
55,2,34,-9.33
55,2,35,-38.98
55,2,36,-14.70
55,2,37,-45.15
55,2,38,-8.21
55,2,39,-15.69
55,2,40,-12.65
55,2,41,-11.46
55,3,0,-11.36
55,3,1,-10.11
55,3,2,-20.53
55,3,3,-19.39
55,3,4,9.75
55,3,5,-13.91
55,3,6,2.96
55,3,7,-23.33
55,3,8,-7.99
55,3,9,0.38
55,3,10,-12.09
55,3,11,-19.47
55,3,12,1.38
55,3,13,-3.26
55,3,14,-15.51
55,3,15,-6.97
55,3,16,-5.81
55,3,17,-9.52
55,3,18,29.62
55,3,19,6.63
55,3,20,1.49
55,3,21,8.49
55,3,22,38.58
55,3,23,-5.89
55,3,24,-10.31
55,3,25,15.68
55,3,26,-12.34
55,3,27,-7.78
55,3,28,2.37
55,3,29,-28.66
55,3,30,-20.45
55,3,31,1.51
55,3,32,-1.70
55,3,33,-27.56
55,3,34,-12.63
55,3,35,-27.51
55,3,36,-24.78
55,3,37,-26.38
55,3,38,-20.12
55,3,39,-14.81
55,3,40,-18.35
55,3,41,-27.52
55,4,0,-6.48
55,4,1,-11.69
55,4,2,-27.61
55,4,3,-20.67
55,4,4,33.10
55,4,5,2.45
55,4,6,-10.96
55,4,7,-32.95
55,4,8,-24.85
55,4,9,2.70
55,4,10,2.99
55,4,11,-26.02
55,4,12,-22.48
55,4,13,-35.99
55,4,14,-16.46
55,4,15,-27.84
55,4,16,-21.90
55,4,17,-16.63
55,4,18,-29.46
55,4,19,-7.02
55,4,20,-19.06
55,4,21,-21.25
55,4,22,9.10
55,4,23,7.99
55,4,24,9.81
55,4,25,41.69
55,4,26,15.92
55,4,27,-7.82
55,4,28,9.41
55,4,29,5.33
55,4,30,-24.55
55,4,31,-5.48
55,4,32,14.87
55,4,33,-25.56
55,4,34,-9.12
55,4,35,-16.99
55,4,36,-18.38
55,4,37,2.02
55,4,38,25.56
55,4,39,3.64
55,4,40,-24.15
55,4,41,-3.94
55,5,0,-24.92
55,5,1,-35.85
55,5,2,-19.26
55,5,3,-36.98
55,5,4,-7.30
55,5,5,-15.74
55,5,6,-12.26
55,5,7,-42.73
55,5,8,-25.44
55,5,9,17.61
55,5,10,-2.44
55,5,11,-28.51
55,5,12,-16.78
55,5,13,-14.11
55,5,14,-12.37
55,5,15,-30.61
55,5,16,-21.80
55,5,17,-32.31
55,5,18,-18.40
55,5,19,31.16
55,5,20,-18.75
55,5,21,-19.50
55,5,22,0.01
55,5,23,-13.25
55,5,24,-21.51
55,5,25,2.99
55,5,26,-5.44
55,5,27,-15.79
55,5,28,2.44
55,5,29,-21.85
55,5,30,-18.00
55,5,31,4.23
55,5,32,14.60
55,5,33,-4.76
55,5,34,12.43
55,5,35,-15.99
55,5,36,-28.86
55,5,37,-35.90
55,5,38,2.74
55,5,39,-40.18
55,5,40,-19.89
55,5,41,-13.15
55,6,0,-30.84
55,6,1,-21.62
55,6,2,-19.98
55,6,3,-15.25
55,6,4,1.04
55,6,5,-35.99
55,6,6,2.57
55,6,7,-31.16
55,6,8,-17.80
55,6,9,-14.40
55,6,10,9.06
55,6,11,-10.13
55,6,12,-15.89
55,6,13,2.81
55,6,14,6.38
55,6,15,-10.70
55,6,16,-17.19
55,6,17,-13.26
55,6,18,-25.16
55,6,19,12.20
55,6,20,-26.21
55,6,21,-18.92
55,6,22,13.80
55,6,23,-10.67
55,6,24,-12.92
55,6,25,3.78
55,6,26,2.52
55,6,27,-19.67
55,6,28,-1.57
55,6,29,-10.91
55,6,30,-16.45
55,6,31,3.09
55,6,32,8.95
55,6,33,-33.88
55,6,34,-9.50
55,6,35,-19.90
55,6,36,0.00
55,6,37,11.41
55,6,38,38.34
55,6,39,2.01
55,6,40,-6.71
55,6,41,2.60
56,0,0,-19.21
56,0,1,-11.47
56,0,2,17.12
56,0,3,6.15
56,0,4,5.21
56,0,5,-26.09
56,0,6,7.65
56,0,7,-26.94
56,0,8,-25.00
56,0,9,-9.68
56,0,10,-14.56
56,0,11,-17.29
56,0,12,-23.21
56,0,13,-14.06
56,0,14,-31.63
56,0,15,-20.13
56,0,16,-17.35
56,0,17,-21.82
56,0,18,-32.74
56,0,19,-16.63
56,0,20,-21.03
56,0,21,-8.43
56,0,22,-16.94
56,0,23,-40.22
56,0,24,-47.07
56,0,25,2.27
56,0,26,2.35
56,0,27,-15.99
56,0,28,2.85
56,0,29,-31.72
56,0,30,-29.97
56,0,31,6.83
56,0,32,-22.04
56,0,33,-15.58
56,0,34,-2.11
56,0,35,-15.57
56,0,36,-17.57
56,0,37,-23.40
56,0,38,-15.07
56,0,39,-10.51
56,0,40,-19.75
56,0,41,-5.44
56,1,0,-14.66
56,1,1,-19.14
56,1,2,-10.23
56,1,3,-10.71
56,1,4,-8.88
56,1,5,-8.47
56,1,6,31.60
56,1,7,3.68
56,1,8,-2.90
56,1,9,24.75
56,1,10,28.63
56,1,11,7.41
56,1,12,-15.35
56,1,13,-22.72
56,1,14,-23.61
56,1,15,-3.50
56,1,16,-21.12
56,1,17,-21.15
56,1,18,-8.20
56,1,19,40.99
56,1,20,-5.42
56,1,21,-28.99
56,1,22,22.32
56,1,23,-6.58
56,1,24,-22.40
56,1,25,5.65
56,1,26,-14.29
56,1,27,-27.88
56,1,28,2.25
56,1,29,-28.63
56,1,30,-4.40
56,1,31,-5.20
56,1,32,-10.80
56,1,33,-32.48
56,1,34,28.19
56,1,35,-18.66
56,1,36,-20.51
56,1,37,-12.22
56,1,38,3.66
56,1,39,-25.11
56,1,40,-29.63
56,1,41,-26.59
56,2,0,-20.59
56,2,1,-27.44
56,2,2,-20.75
56,2,3,-25.86
56,2,4,1.19
56,2,5,-6.87
56,2,6,2.87
56,2,7,-25.53
56,2,8,-32.31
56,2,9,-17.84
56,2,10,-2.87
56,2,11,-21.92
56,2,12,-7.09
56,2,13,-13.58
56,2,14,2.93
56,2,15,-3.90
56,2,16,-1.40
56,2,17,11.88
56,2,18,-20.30
56,2,19,5.91
56,2,20,-18.43
56,2,21,-11.17
56,2,22,-5.49
56,2,23,-43.86
56,2,24,-28.75
56,2,25,4.80
56,2,26,-2.56
56,2,27,-22.34
56,2,28,-4.21
56,2,29,-14.08
56,2,30,-36.85
56,2,31,-14.37
56,2,32,2.54
56,2,33,-16.14
56,2,34,-9.33
56,2,35,-38.98
56,2,36,-14.70
56,2,37,-45.15
56,2,38,-8.21
56,2,39,-15.69
56,2,40,-12.65
56,2,41,-11.46
56,3,0,-11.36
56,3,1,-10.11
56,3,2,-20.53
56,3,3,-19.39
56,3,4,9.75
56,3,5,-13.91
56,3,6,2.96
56,3,7,-23.33
56,3,8,-7.99
56,3,9,0.38
56,3,10,-12.09
56,3,11,-19.47
56,3,12,1.38
56,3,13,-3.26
56,3,14,-15.51
56,3,15,-6.97
56,3,16,-5.81
56,3,17,-9.52
56,3,18,29.62
56,3,19,6.63
56,3,20,1.49
56,3,21,8.49
56,3,22,38.58
56,3,23,-5.89
56,3,24,-10.31
56,3,25,15.68
56,3,26,-12.34
56,3,27,-7.78
56,3,28,2.37
56,3,29,-28.66
56,3,30,-20.45
56,3,31,1.51
56,3,32,-1.70
56,3,33,-27.56
56,3,34,-12.63
56,3,35,-27.51
56,3,36,-24.78
56,3,37,-26.38
56,3,38,-20.12
56,3,39,-14.81
56,3,40,-18.35
56,3,41,-27.52
56,4,0,-6.48
56,4,1,-11.69
56,4,2,-27.61
56,4,3,-20.67
56,4,4,33.10
56,4,5,2.45
56,4,6,-10.96
56,4,7,-32.95
56,4,8,-24.85
56,4,9,2.70
56,4,10,2.99
56,4,11,-26.02
56,4,12,-22.48
56,4,13,-35.99
56,4,14,-16.46
56,4,15,-27.84
56,4,16,-21.90
56,4,17,-16.63
56,4,18,-29.46
56,4,19,-7.02
56,4,20,-19.06
56,4,21,-21.25
56,4,22,9.10
56,4,23,7.99
56,4,24,9.81
56,4,25,41.69
56,4,26,15.92
56,4,27,-7.82
56,4,28,9.41
56,4,29,5.33
56,4,30,-24.55
56,4,31,-5.48
56,4,32,14.87
56,4,33,-25.56
56,4,34,-9.12
56,4,35,-16.99
56,4,36,-18.38
56,4,37,2.02
56,4,38,25.56
56,4,39,3.64
56,4,40,-24.15
56,4,41,-3.94
56,5,0,-24.92
56,5,1,-35.85
56,5,2,-19.26
56,5,3,-36.98
56,5,4,-7.30
56,5,5,-15.74
56,5,6,-12.26
56,5,7,-42.73
56,5,8,-25.44
56,5,9,17.61
56,5,10,-2.44
56,5,11,-28.51
56,5,12,-16.78
56,5,13,-14.11
56,5,14,-12.37
56,5,15,-30.61
56,5,16,-21.80
56,5,17,-32.31
56,5,18,-18.40
56,5,19,31.16
56,5,20,-18.75
56,5,21,-19.50
56,5,22,0.01
56,5,23,-13.25
56,5,24,-21.51
56,5,25,2.99
56,5,26,-5.44
56,5,27,-15.79
56,5,28,2.44
56,5,29,-21.85
56,5,30,-18.00
56,5,31,4.23
56,5,32,14.60
56,5,33,-4.76
56,5,34,12.43
56,5,35,-15.99
56,5,36,-28.86
56,5,37,-35.90
56,5,38,2.74
56,5,39,-40.18
56,5,40,-19.89
56,5,41,-13.15
56,6,0,-30.84
56,6,1,-21.62
56,6,2,-19.98
56,6,3,-15.25
56,6,4,1.04
56,6,5,-35.99
56,6,6,2.57
56,6,7,-31.16
56,6,8,-17.80
56,6,9,-14.40
56,6,10,9.06
56,6,11,-10.13
56,6,12,-15.89
56,6,13,2.81
56,6,14,6.38
56,6,15,-10.70
56,6,16,-17.19
56,6,17,-13.26
56,6,18,-25.16
56,6,19,12.20
56,6,20,-26.21
56,6,21,-18.92
56,6,22,13.80
56,6,23,-10.67
56,6,24,-12.92
56,6,25,3.78
56,6,26,2.52
56,6,27,-19.67
56,6,28,-1.57
56,6,29,-10.91
56,6,30,-16.45
56,6,31,3.09
56,6,32,8.95
56,6,33,-33.88
56,6,34,-9.50
56,6,35,-19.90
56,6,36,0.00
56,6,37,11.41
56,6,38,38.34
56,6,39,2.01
56,6,40,-6.71
56,6,41,2.60
57,0,0,-19.21
57,0,1,-11.47
57,0,2,17.12
57,0,3,6.15
57,0,4,5.21
57,0,5,-26.09
57,0,6,7.65
57,0,7,-26.94
57,0,8,-25.00
57,0,9,-9.68
57,0,10,-14.56
57,0,11,-17.29
57,0,12,-23.21
57,0,13,-14.06
57,0,14,-31.63
57,0,15,-20.13
57,0,16,-17.35
57,0,17,-21.82
57,0,18,-32.74
57,0,19,-16.63
57,0,20,-21.03
57,0,21,-8.43
57,0,22,-16.94
57,0,23,-40.22
57,0,24,-47.07
57,0,25,2.27
57,0,26,2.35
57,0,27,-15.99
57,0,28,2.85
57,0,29,-31.72
57,0,30,-29.97
57,0,31,6.83
57,0,32,-22.04
57,0,33,-15.58
57,0,34,-2.11
57,0,35,-15.57
57,0,36,-17.57
57,0,37,-23.40
57,0,38,-15.07
57,0,39,-10.51
57,0,40,-19.75
57,0,41,-5.44
57,1,0,-14.66
57,1,1,-19.14
57,1,2,-10.23
57,1,3,-10.71
57,1,4,-8.88
57,1,5,-8.47
57,1,6,31.60
57,1,7,3.68
57,1,8,-2.90
57,1,9,24.75
57,1,10,28.63
57,1,11,7.41
57,1,12,-15.35
57,1,13,-22.72
57,1,14,-23.61
57,1,15,-3.50
57,1,16,-21.12
57,1,17,-21.15
57,1,18,-8.20
57,1,19,40.99
57,1,20,-5.42
57,1,21,-28.99
57,1,22,22.32
57,1,23,-6.58
57,1,24,-22.40
57,1,25,5.65
57,1,26,-14.29
57,1,27,-27.88
57,1,28,2.25
57,1,29,-28.63
57,1,30,-4.40
57,1,31,-5.20
57,1,32,-10.80
57,1,33,-32.48
57,1,34,28.19
57,1,35,-18.66
57,1,36,-20.51
57,1,37,-12.22
57,1,38,3.66
57,1,39,-25.11
57,1,40,-29.63
57,1,41,-26.59
57,2,0,-20.59
57,2,1,-27.44
57,2,2,-20.75
57,2,3,-25.86
57,2,4,1.19
57,2,5,-6.87
57,2,6,2.87
57,2,7,-25.53
57,2,8,-32.31
57,2,9,-17.84
57,2,10,-2.87
57,2,11,-21.92
57,2,12,-7.09
57,2,13,-13.58
57,2,14,2.93
57,2,15,-3.90
57,2,16,-1.40
57,2,17,11.88
57,2,18,-20.30
57,2,19,5.91
57,2,20,-18.43
57,2,21,-11.17
57,2,22,-5.49
57,2,23,-43.86
57,2,24,-28.75
57,2,25,4.80
57,2,26,-2.56
57,2,27,-22.34
57,2,28,-4.21
57,2,29,-14.08
57,2,30,-36.85
57,2,31,-14.37
57,2,32,2.54
57,2,33,-16.14
57,2,34,-9.33
57,2,35,-38.98
57,2,36,-14.70
57,2,37,-45.15
57,2,38,-8.21
57,2,39,-15.69
57,2,40,-12.65
57,2,41,-11.46
57,3,0,-11.36
57,3,1,-10.11
57,3,2,-20.53
57,3,3,-19.39
57,3,4,9.75
57,3,5,-13.91
57,3,6,2.96
57,3,7,-23.33
57,3,8,-7.99
57,3,9,0.38
57,3,10,-12.09
57,3,11,-19.47
57,3,12,1.38
57,3,13,-3.26
57,3,14,-15.51
57,3,15,-6.97
57,3,16,-5.81
57,3,17,-9.52
57,3,18,29.62
57,3,19,6.63
57,3,20,1.49
57,3,21,8.49
57,3,22,38.58
57,3,23,-5.89
57,3,24,-10.31
57,3,25,15.68
57,3,26,-12.34
57,3,27,-7.78
57,3,28,2.37
57,3,29,-28.66
57,3,30,-20.45
57,3,31,1.51
57,3,32,-1.70
57,3,33,-27.56
57,3,34,-12.63
57,3,35,-27.51
57,3,36,-24.78
57,3,37,-26.38
57,3,38,-20.12
57,3,39,-14.81
57,3,40,-18.35
57,3,41,-27.52
57,4,0,-6.48
57,4,1,-11.69
57,4,2,-27.61
57,4,3,-20.67
57,4,4,33.10
57,4,5,2.45
57,4,6,-10.96
57,4,7,-32.95
57,4,8,-24.85
57,4,9,2.70
57,4,10,2.99
57,4,11,-26.02
57,4,12,-22.48
57,4,13,-35.99
57,4,14,-16.46
57,4,15,-27.84
57,4,16,-21.90
57,4,17,-16.63
57,4,18,-29.46
57,4,19,-7.02
57,4,20,-19.06
57,4,21,-21.25
57,4,22,9.10
57,4,23,7.99
57,4,24,9.81
57,4,25,41.69
57,4,26,15.92
57,4,27,-7.82
57,4,28,9.41
57,4,29,5.33
57,4,30,-24.55
57,4,31,-5.48
57,4,32,14.87
57,4,33,-25.56
57,4,34,-9.12
57,4,35,-16.99
57,4,36,-18.38
57,4,37,2.02
57,4,38,25.56
57,4,39,3.64
57,4,40,-24.15
57,4,41,-3.94
57,5,0,-24.92
57,5,1,-35.85
57,5,2,-19.26
57,5,3,-36.98
57,5,4,-7.30
57,5,5,-15.74
57,5,6,-12.26
57,5,7,-42.73
57,5,8,-25.44
57,5,9,17.61
57,5,10,-2.44
57,5,11,-28.51
57,5,12,-16.78
57,5,13,-14.11
57,5,14,-12.37
57,5,15,-30.61
57,5,16,-21.80
57,5,17,-32.31
57,5,18,-18.40
57,5,19,31.16
57,5,20,-18.75
57,5,21,-19.50
57,5,22,0.01
57,5,23,-13.25
57,5,24,-21.51
57,5,25,2.99
57,5,26,-5.44
57,5,27,-15.79
57,5,28,2.44
57,5,29,-21.85
57,5,30,-18.00
57,5,31,4.23
57,5,32,14.60
57,5,33,-4.76
57,5,34,12.43
57,5,35,-15.99
57,5,36,-28.86
57,5,37,-35.90
57,5,38,2.74
57,5,39,-40.18
57,5,40,-19.89
57,5,41,-13.15
57,6,0,-30.84
57,6,1,-21.62
57,6,2,-19.98
57,6,3,-15.25
57,6,4,1.04
57,6,5,-35.99
57,6,6,2.57
57,6,7,-31.16
57,6,8,-17.80
57,6,9,-14.40
57,6,10,9.06
57,6,11,-10.13
57,6,12,-15.89
57,6,13,2.81
57,6,14,6.38
57,6,15,-10.70
57,6,16,-17.19
57,6,17,-13.26
57,6,18,-25.16
57,6,19,12.20
57,6,20,-26.21
57,6,21,-18.92
57,6,22,13.80
57,6,23,-10.67
57,6,24,-12.92
57,6,25,3.78
57,6,26,2.52
57,6,27,-19.67
57,6,28,-1.57
57,6,29,-10.91
57,6,30,-16.45
57,6,31,3.09
57,6,32,8.95
57,6,33,-33.88
57,6,34,-9.50
57,6,35,-19.90
57,6,36,0.00
57,6,37,11.41
57,6,38,38.34
57,6,39,2.01
57,6,40,-6.71
57,6,41,2.60
58,0,0,-19.21
58,0,1,-11.47
58,0,2,17.12
58,0,3,6.15
58,0,4,5.21
58,0,5,-26.09
58,0,6,7.65
58,0,7,-26.94
58,0,8,-25.00
58,0,9,-9.68
58,0,10,-14.56
58,0,11,-17.29
58,0,12,-23.21
58,0,13,-14.06
58,0,14,-31.63
58,0,15,-20.13
58,0,16,-17.35
58,0,17,-21.82
58,0,18,-32.74
58,0,19,-16.63
58,0,20,-21.03
58,0,21,-8.43
58,0,22,-16.94
58,0,23,-40.22
58,0,24,-47.07
58,0,25,2.27
58,0,26,2.35
58,0,27,-15.99
58,0,28,2.85
58,0,29,-31.72
58,0,30,-29.97
58,0,31,6.83
58,0,32,-22.04
58,0,33,-15.58
58,0,34,-2.11
58,0,35,-15.57
58,0,36,-17.57
58,0,37,-23.40
58,0,38,-15.07
58,0,39,-10.51
58,0,40,-19.75
58,0,41,-5.44
58,1,0,-14.66
58,1,1,-19.14
58,1,2,-10.23
58,1,3,-10.71
58,1,4,-8.88
58,1,5,-8.47
58,1,6,31.60
58,1,7,3.68
58,1,8,-2.90
58,1,9,24.75
58,1,10,28.63
58,1,11,7.41
58,1,12,-15.35
58,1,13,-22.72
58,1,14,-23.61
58,1,15,-3.50
58,1,16,-21.12
58,1,17,-21.15
58,1,18,-8.20
58,1,19,40.99
58,1,20,-5.42
58,1,21,-28.99
58,1,22,22.32
58,1,23,-6.58
58,1,24,-22.40
58,1,25,5.65
58,1,26,-14.29
58,1,27,-27.88
58,1,28,2.25
58,1,29,-28.63
58,1,30,-4.40
58,1,31,-5.20
58,1,32,-10.80
58,1,33,-32.48
58,1,34,28.19
58,1,35,-18.66
58,1,36,-20.51
58,1,37,-12.22
58,1,38,3.66
58,1,39,-25.11
58,1,40,-29.63
58,1,41,-26.59
58,2,0,-20.59
58,2,1,-27.44
58,2,2,-20.75
58,2,3,-25.86
58,2,4,1.19
58,2,5,-6.87
58,2,6,2.87
58,2,7,-25.53
58,2,8,-32.31
58,2,9,-17.84
58,2,10,-2.87
58,2,11,-21.92
58,2,12,-7.09
58,2,13,-13.58
58,2,14,2.93
58,2,15,-3.90
58,2,16,-1.40
58,2,17,11.88
58,2,18,-20.30
58,2,19,5.91
58,2,20,-18.43
58,2,21,-11.17
58,2,22,-5.49
58,2,23,-43.86
58,2,24,-28.75
58,2,25,4.80
58,2,26,-2.56
58,2,27,-22.34
58,2,28,-4.21
58,2,29,-14.08
58,2,30,-36.85
58,2,31,-14.37
58,2,32,2.54
58,2,33,-16.14
58,2,34,-9.33
58,2,35,-38.98
58,2,36,-14.70
58,2,37,-45.15
58,2,38,-8.21
58,2,39,-15.69
58,2,40,-12.65
58,2,41,-11.46
58,3,0,-11.36
58,3,1,-10.11
58,3,2,-20.53
58,3,3,-19.39
58,3,4,9.75
58,3,5,-13.91
58,3,6,2.96
58,3,7,-23.33
58,3,8,-7.99
58,3,9,0.38
58,3,10,-12.09
58,3,11,-19.47
58,3,12,1.38
58,3,13,-3.26
58,3,14,-15.51
58,3,15,-6.97
58,3,16,-5.81
58,3,17,-9.52
58,3,18,29.62
58,3,19,6.63
58,3,20,1.49
58,3,21,8.49
58,3,22,38.58
58,3,23,-5.89
58,3,24,-10.31
58,3,25,15.68
58,3,26,-12.34
58,3,27,-7.78
58,3,28,2.37
58,3,29,-28.66
58,3,30,-20.45
58,3,31,1.51
58,3,32,-1.70
58,3,33,-27.56
58,3,34,-12.63
58,3,35,-27.51
58,3,36,-24.78
58,3,37,-26.38
58,3,38,-20.12
58,3,39,-14.81
58,3,40,-18.35
58,3,41,-27.52
58,4,0,-6.48
58,4,1,-11.69
58,4,2,-27.61
58,4,3,-20.67
58,4,4,33.10
58,4,5,2.45
58,4,6,-10.96
58,4,7,-32.95
58,4,8,-24.85
58,4,9,2.70
58,4,10,2.99
58,4,11,-26.02
58,4,12,-22.48
58,4,13,-35.99
58,4,14,-16.46
58,4,15,-27.84
58,4,16,-21.90
58,4,17,-16.63
58,4,18,-29.46
58,4,19,-7.02
58,4,20,-19.06
58,4,21,-21.25
58,4,22,9.10
58,4,23,7.99
58,4,24,9.81
58,4,25,41.69
58,4,26,15.92
58,4,27,-7.82
58,4,28,9.41
58,4,29,5.33
58,4,30,-24.55
58,4,31,-5.48
58,4,32,14.87
58,4,33,-25.56
58,4,34,-9.12
58,4,35,-16.99
58,4,36,-18.38
58,4,37,2.02
58,4,38,25.56
58,4,39,3.64
58,4,40,-24.15
58,4,41,-3.94
58,5,0,-24.92
58,5,1,-35.85
58,5,2,-19.26
58,5,3,-36.98
58,5,4,-7.30
58,5,5,-15.74
58,5,6,-12.26
58,5,7,-42.73
58,5,8,-25.44
58,5,9,17.61
58,5,10,-2.44
58,5,11,-28.51
58,5,12,-16.78
58,5,13,-14.11
58,5,14,-12.37
58,5,15,-30.61
58,5,16,-21.80
58,5,17,-32.31
58,5,18,-18.40
58,5,19,31.16
58,5,20,-18.75
58,5,21,-19.50
58,5,22,0.01
58,5,23,-13.25
58,5,24,-21.51
58,5,25,2.99
58,5,26,-5.44
58,5,27,-15.79
58,5,28,2.44
58,5,29,-21.85
58,5,30,-18.00
58,5,31,4.23
58,5,32,14.60
58,5,33,-4.76
58,5,34,12.43
58,5,35,-15.99
58,5,36,-28.86
58,5,37,-35.90
58,5,38,2.74
58,5,39,-40.18
58,5,40,-19.89
58,5,41,-13.15
58,6,0,-30.84
58,6,1,-21.62
58,6,2,-19.98
58,6,3,-15.25
58,6,4,1.04
58,6,5,-35.99
58,6,6,2.57
58,6,7,-31.16
58,6,8,-17.80
58,6,9,-14.40
58,6,10,9.06
58,6,11,-10.13
58,6,12,-15.89
58,6,13,2.81
58,6,14,6.38
58,6,15,-10.70
58,6,16,-17.19
58,6,17,-13.26
58,6,18,-25.16
58,6,19,12.20
58,6,20,-26.21
58,6,21,-18.92
58,6,22,13.80
58,6,23,-10.67
58,6,24,-12.92
58,6,25,3.78
58,6,26,2.52
58,6,27,-19.67
58,6,28,-1.57
58,6,29,-10.91
58,6,30,-16.45
58,6,31,3.09
58,6,32,8.95
58,6,33,-33.88
58,6,34,-9.50
58,6,35,-19.90
58,6,36,0.00
58,6,37,11.41
58,6,38,38.34
58,6,39,2.01
58,6,40,-6.71
58,6,41,2.60
59,0,0,-19.21
59,0,1,-11.47
59,0,2,17.12
59,0,3,6.15
59,0,4,5.21
59,0,5,-26.09
59,0,6,7.65
59,0,7,-26.94
59,0,8,-25.00
59,0,9,-9.68
59,0,10,-14.56
59,0,11,-17.29
59,0,12,-23.21
59,0,13,-14.06
59,0,14,-31.63
59,0,15,-20.13
59,0,16,-17.35
59,0,17,-21.82
59,0,18,-32.74
59,0,19,-16.63
59,0,20,-21.03
59,0,21,-8.43
59,0,22,-16.94
59,0,23,-40.22
59,0,24,-47.07
59,0,25,2.27
59,0,26,2.35
59,0,27,-15.99
59,0,28,2.85
59,0,29,-31.72
59,0,30,-29.97
59,0,31,6.83
59,0,32,-22.04
59,0,33,-15.58
59,0,34,-2.11
59,0,35,-15.57
59,0,36,-17.57
59,0,37,-23.40
59,0,38,-15.07
59,0,39,-10.51
59,0,40,-19.75
59,0,41,-5.44
59,1,0,-14.66
59,1,1,-19.14
59,1,2,-10.23
59,1,3,-10.71
59,1,4,-8.88
59,1,5,-8.47
59,1,6,31.60
59,1,7,3.68
59,1,8,-2.90
59,1,9,24.75
59,1,10,28.63
59,1,11,7.41
59,1,12,-15.35
59,1,13,-22.72
59,1,14,-23.61
59,1,15,-3.50
59,1,16,-21.12
59,1,17,-21.15
59,1,18,-8.20
59,1,19,40.99
59,1,20,-5.42
59,1,21,-28.99
59,1,22,22.32
59,1,23,-6.58
59,1,24,-22.40
59,1,25,5.65
59,1,26,-14.29
59,1,27,-27.88
59,1,28,2.25
59,1,29,-28.63
59,1,30,-4.40
59,1,31,-5.20
59,1,32,-10.80
59,1,33,-32.48
59,1,34,28.19
59,1,35,-18.66
59,1,36,-20.51
59,1,37,-12.22
59,1,38,3.66
59,1,39,-25.11
59,1,40,-29.63
59,1,41,-26.59
59,2,0,-20.59
59,2,1,-27.44
59,2,2,-20.75
59,2,3,-25.86
59,2,4,1.19
59,2,5,-6.87
59,2,6,2.87
59,2,7,-25.53
59,2,8,-32.31
59,2,9,-17.84
59,2,10,-2.87
59,2,11,-21.92
59,2,12,-7.09
59,2,13,-13.58
59,2,14,2.93
59,2,15,-3.90
59,2,16,-1.40
59,2,17,11.88
59,2,18,-20.30
59,2,19,5.91
59,2,20,-18.43
59,2,21,-11.17
59,2,22,-5.49
59,2,23,-43.86
59,2,24,-28.75
59,2,25,4.80
59,2,26,-2.56
59,2,27,-22.34
59,2,28,-4.21
59,2,29,-14.08
59,2,30,-36.85
59,2,31,-14.37
59,2,32,2.54
59,2,33,-16.14
59,2,34,-9.33
59,2,35,-38.98
59,2,36,-14.70
59,2,37,-45.15
59,2,38,-8.21
59,2,39,-15.69
59,2,40,-12.65
59,2,41,-11.46
59,3,0,-11.36
59,3,1,-10.11
59,3,2,-20.53
59,3,3,-19.39
59,3,4,9.75
59,3,5,-13.91
59,3,6,2.96
59,3,7,-23.33
59,3,8,-7.99
59,3,9,0.38
59,3,10,-12.09
59,3,11,-19.47
59,3,12,1.38
59,3,13,-3.26
59,3,14,-15.51
59,3,15,-6.97
59,3,16,-5.81
59,3,17,-9.52
59,3,18,29.62
59,3,19,6.63
59,3,20,1.49
59,3,21,8.49
59,3,22,38.58
59,3,23,-5.89
59,3,24,-10.31
59,3,25,15.68
59,3,26,-12.34
59,3,27,-7.78
59,3,28,2.37
59,3,29,-28.66
59,3,30,-20.45
59,3,31,1.51
59,3,32,-1.70
59,3,33,-27.56
59,3,34,-12.63
59,3,35,-27.51
59,3,36,-24.78
59,3,37,-26.38
59,3,38,-20.12
59,3,39,-14.81
59,3,40,-18.35
59,3,41,-27.52
59,4,0,-6.48
59,4,1,-11.69
59,4,2,-27.61
59,4,3,-20.67
59,4,4,33.10
59,4,5,2.45
59,4,6,-10.96
59,4,7,-32.95
59,4,8,-24.85
59,4,9,2.70
59,4,10,2.99
59,4,11,-26.02
59,4,12,-22.48
59,4,13,-35.99
59,4,14,-16.46
59,4,15,-27.84
59,4,16,-21.90
59,4,17,-16.63
59,4,18,-29.46
59,4,19,-7.02
59,4,20,-19.06
59,4,21,-21.25
59,4,22,9.10
59,4,23,7.99
59,4,24,9.81
59,4,25,41.69
59,4,26,15.92
59,4,27,-7.82
59,4,28,9.41
59,4,29,5.33
59,4,30,-24.55
59,4,31,-5.48
59,4,32,14.87
59,4,33,-25.56
59,4,34,-9.12
59,4,35,-16.99
59,4,36,-18.38
59,4,37,2.02
59,4,38,25.56
59,4,39,3.64
59,4,40,-24.15
59,4,41,-3.94
59,5,0,-24.92
59,5,1,-35.85
59,5,2,-19.26
59,5,3,-36.98
59,5,4,-7.30
59,5,5,-15.74
59,5,6,-12.26
59,5,7,-42.73
59,5,8,-25.44
59,5,9,17.61
59,5,10,-2.44
59,5,11,-28.51
59,5,12,-16.78
59,5,13,-14.11
59,5,14,-12.37
59,5,15,-30.61
59,5,16,-21.80
59,5,17,-32.31
59,5,18,-18.40
59,5,19,31.16
59,5,20,-18.75
59,5,21,-19.50
59,5,22,0.01
59,5,23,-13.25
59,5,24,-21.51
59,5,25,2.99
59,5,26,-5.44
59,5,27,-15.79
59,5,28,2.44
59,5,29,-21.85
59,5,30,-18.00
59,5,31,4.23
59,5,32,14.60
59,5,33,-4.76
59,5,34,12.43
59,5,35,-15.99
59,5,36,-28.86
59,5,37,-35.90
59,5,38,2.74
59,5,39,-40.18
59,5,40,-19.89
59,5,41,-13.15
59,6,0,-30.84
59,6,1,-21.62
59,6,2,-19.98
59,6,3,-15.25
59,6,4,1.04
59,6,5,-35.99
59,6,6,2.57
59,6,7,-31.16
59,6,8,-17.80
59,6,9,-14.40
59,6,10,9.06
59,6,11,-10.13
59,6,12,-15.89
59,6,13,2.81
59,6,14,6.38
59,6,15,-10.70
59,6,16,-17.19
59,6,17,-13.26
59,6,18,-25.16
59,6,19,12.20
59,6,20,-26.21
59,6,21,-18.92
59,6,22,13.80
59,6,23,-10.67
59,6,24,-12.92
59,6,25,3.78
59,6,26,2.52
59,6,27,-19.67
59,6,28,-1.57
59,6,29,-10.91
59,6,30,-16.45
59,6,31,3.09
59,6,32,8.95
59,6,33,-33.88
59,6,34,-9.50
59,6,35,-19.90
59,6,36,0.00
59,6,37,11.41
59,6,38,38.34
59,6,39,2.01
59,6,40,-6.71
59,6,41,2.60
60,0,0,-19.21
60,0,1,-11.47
60,0,2,17.12
60,0,3,6.15
60,0,4,5.21
60,0,5,-26.09
60,0,6,7.65
60,0,7,-26.94
60,0,8,-25.00
60,0,9,-9.68
60,0,10,-14.56
60,0,11,-17.29
60,0,12,-23.21
60,0,13,-14.06
60,0,14,-31.63
60,0,15,-20.13
60,0,16,-17.35
60,0,17,-21.82
60,0,18,-32.74
60,0,19,-16.63
60,0,20,-21.03
60,0,21,-8.43
60,0,22,-16.94
60,0,23,-40.22
60,0,24,-47.07
60,0,25,2.27
60,0,26,2.35
60,0,27,-15.99
60,0,28,2.85
60,0,29,-31.72
60,0,30,-29.97
60,0,31,6.83
60,0,32,-22.04
60,0,33,-15.58
60,0,34,-2.11
60,0,35,-15.57
60,0,36,-17.57
60,0,37,-23.40
60,0,38,-15.07
60,0,39,-10.51
60,0,40,-19.75
60,0,41,-5.44
60,1,0,-14.66
60,1,1,-19.14
60,1,2,-10.23
60,1,3,-10.71
60,1,4,-8.88
60,1,5,-8.47
60,1,6,31.60
60,1,7,3.68
60,1,8,-2.90
60,1,9,24.75
60,1,10,28.63
60,1,11,7.41
60,1,12,-15.35
60,1,13,-22.72
60,1,14,-23.61
60,1,15,-3.50
60,1,16,-21.12
60,1,17,-21.15
60,1,18,-8.20
60,1,19,40.99
60,1,20,-5.42
60,1,21,-28.99
60,1,22,22.32
60,1,23,-6.58
60,1,24,-22.40
60,1,25,5.65
60,1,26,-14.29
60,1,27,-27.88
60,1,28,2.25
60,1,29,-28.63
60,1,30,-4.40
60,1,31,-5.20
60,1,32,-10.80
60,1,33,-32.48
60,1,34,28.19
60,1,35,-18.66
60,1,36,-20.51
60,1,37,-12.22
60,1,38,3.66
60,1,39,-25.11
60,1,40,-29.63
60,1,41,-26.59
60,2,0,-20.59
60,2,1,-27.44
60,2,2,-20.75
60,2,3,-25.86
60,2,4,1.19
60,2,5,-6.87
60,2,6,2.87
60,2,7,-25.53
60,2,8,-32.31
60,2,9,-17.84
60,2,10,-2.87
60,2,11,-21.92
60,2,12,-7.09
60,2,13,-13.58
60,2,14,2.93
60,2,15,-3.90
60,2,16,-1.40
60,2,17,11.88
60,2,18,-20.30
60,2,19,5.91
60,2,20,-18.43
60,2,21,-11.17
60,2,22,-5.49
60,2,23,-43.86
60,2,24,-28.75
60,2,25,4.80
60,2,26,-2.56
60,2,27,-22.34
60,2,28,-4.21
60,2,29,-14.08
60,2,30,-36.85
60,2,31,-14.37
60,2,32,2.54
60,2,33,-16.14
60,2,34,-9.33
60,2,35,-38.98
60,2,36,-14.70
60,2,37,-45.15
60,2,38,-8.21
60,2,39,-15.69
60,2,40,-12.65
60,2,41,-11.46
60,3,0,-11.36
60,3,1,-10.11
60,3,2,-20.53
60,3,3,-19.39
60,3,4,9.75
60,3,5,-13.91
60,3,6,2.96
60,3,7,-23.33
60,3,8,-7.99
60,3,9,0.38
60,3,10,-12.09
60,3,11,-19.47
60,3,12,1.38
60,3,13,-3.26
60,3,14,-15.51
60,3,15,-6.97
60,3,16,-5.81
60,3,17,-9.52
60,3,18,29.62
60,3,19,6.63
60,3,20,1.49
60,3,21,8.49
60,3,22,38.58
60,3,23,-5.89
60,3,24,-10.31
60,3,25,15.68
60,3,26,-12.34
60,3,27,-7.78
60,3,28,2.37
60,3,29,-28.66
60,3,30,-20.45
60,3,31,1.51
60,3,32,-1.70
60,3,33,-27.56
60,3,34,-12.63
60,3,35,-27.51
60,3,36,-24.78
60,3,37,-26.38
60,3,38,-20.12
60,3,39,-14.81
60,3,40,-18.35
60,3,41,-27.52
60,4,0,-6.48
60,4,1,-11.69
60,4,2,-27.61
60,4,3,-20.67
60,4,4,33.10
60,4,5,2.45
60,4,6,-10.96
60,4,7,-32.95
60,4,8,-24.85
60,4,9,2.70
60,4,10,2.99
60,4,11,-26.02
60,4,12,-22.48
60,4,13,-35.99
60,4,14,-16.46
60,4,15,-27.84
60,4,16,-21.90
60,4,17,-16.63
60,4,18,-29.46
60,4,19,-7.02
60,4,20,-19.06
60,4,21,-21.25
60,4,22,9.10
60,4,23,7.99
60,4,24,9.81
60,4,25,41.69
60,4,26,15.92
60,4,27,-7.82
60,4,28,9.41
60,4,29,5.33
60,4,30,-24.55
60,4,31,-5.48
60,4,32,14.87
60,4,33,-25.56
60,4,34,-9.12
60,4,35,-16.99
60,4,36,-18.38
60,4,37,2.02
60,4,38,25.56
60,4,39,3.64
60,4,40,-24.15
60,4,41,-3.94
60,5,0,-24.92
60,5,1,-35.85
60,5,2,-19.26
60,5,3,-36.98
60,5,4,-7.30
60,5,5,-15.74
60,5,6,-12.26
60,5,7,-42.73
60,5,8,-25.44
60,5,9,17.61
60,5,10,-2.44
60,5,11,-28.51
60,5,12,-16.78
60,5,13,-14.11
60,5,14,-12.37
60,5,15,-30.61
60,5,16,-21.80
60,5,17,-32.31
60,5,18,-18.40
60,5,19,31.16
60,5,20,-18.75
60,5,21,-19.50
60,5,22,0.01
60,5,23,-13.25
60,5,24,-21.51
60,5,25,2.99
60,5,26,-5.44
60,5,27,-15.79
60,5,28,2.44
60,5,29,-21.85
60,5,30,-18.00
60,5,31,4.23
60,5,32,14.60
60,5,33,-4.76
60,5,34,12.43
60,5,35,-15.99
60,5,36,-28.86
60,5,37,-35.90
60,5,38,2.74
60,5,39,-40.18
60,5,40,-19.89
60,5,41,-13.15
60,6,0,-30.84
60,6,1,-21.62
60,6,2,-19.98
60,6,3,-15.25
60,6,4,1.04
60,6,5,-35.99
60,6,6,2.57
60,6,7,-31.16
60,6,8,-17.80
60,6,9,-14.40
60,6,10,9.06
60,6,11,-10.13
60,6,12,-15.89
60,6,13,2.81
60,6,14,6.38
60,6,15,-10.70
60,6,16,-17.19
60,6,17,-13.26
60,6,18,-25.16
60,6,19,12.20
60,6,20,-26.21
60,6,21,-18.92
60,6,22,13.80
60,6,23,-10.67
60,6,24,-12.92
60,6,25,3.78
60,6,26,2.52
60,6,27,-19.67
60,6,28,-1.57
60,6,29,-10.91
60,6,30,-16.45
60,6,31,3.09
60,6,32,8.95
60,6,33,-33.88
60,6,34,-9.50
60,6,35,-19.90
60,6,36,0.00
60,6,37,11.41
60,6,38,38.34
60,6,39,2.01
60,6,40,-6.71
60,6,41,2.60
61,0,0,-19.21
61,0,1,-11.47
61,0,2,17.12
61,0,3,6.15
61,0,4,5.21
61,0,5,-26.09
61,0,6,7.65
61,0,7,-26.94
61,0,8,-25.00
61,0,9,-9.68
61,0,10,-14.56
61,0,11,-17.29
61,0,12,-23.21
61,0,13,-14.06
61,0,14,-31.63
61,0,15,-20.13
61,0,16,-17.35
61,0,17,-21.82
61,0,18,-32.74
61,0,19,-16.63
61,0,20,-21.03
61,0,21,-8.43
61,0,22,-16.94
61,0,23,-40.22
61,0,24,-47.07
61,0,25,2.27
61,0,26,2.35
61,0,27,-15.99
61,0,28,2.85
61,0,29,-31.72
61,0,30,-29.97
61,0,31,6.83
61,0,32,-22.04
61,0,33,-15.58
61,0,34,-2.11
61,0,35,-15.57
61,0,36,-17.57
61,0,37,-23.40
61,0,38,-15.07
61,0,39,-10.51
61,0,40,-19.75
61,0,41,-5.44
61,1,0,-14.66
61,1,1,-19.14
61,1,2,-10.23
61,1,3,-10.71
61,1,4,-8.88
61,1,5,-8.47
61,1,6,31.60
61,1,7,3.68
61,1,8,-2.90
61,1,9,24.75
61,1,10,28.63
61,1,11,7.41
61,1,12,-15.35
61,1,13,-22.72
61,1,14,-23.61
61,1,15,-3.50
61,1,16,-21.12
61,1,17,-21.15
61,1,18,-8.20
61,1,19,40.99
61,1,20,-5.42
61,1,21,-28.99
61,1,22,22.32
61,1,23,-6.58
61,1,24,-22.40
61,1,25,5.65
61,1,26,-14.29
61,1,27,-27.88
61,1,28,2.25
61,1,29,-28.63
61,1,30,-4.40
61,1,31,-5.20
61,1,32,-10.80
61,1,33,-32.48
61,1,34,28.19
61,1,35,-18.66
61,1,36,-20.51
61,1,37,-12.22
61,1,38,3.66
61,1,39,-25.11
61,1,40,-29.63
61,1,41,-26.59
61,2,0,-20.59
61,2,1,-27.44
61,2,2,-20.75
61,2,3,-25.86
61,2,4,1.19
61,2,5,-6.87
61,2,6,2.87
61,2,7,-25.53
61,2,8,-32.31
61,2,9,-17.84
61,2,10,-2.87
61,2,11,-21.92
61,2,12,-7.09
61,2,13,-13.58
61,2,14,2.93
61,2,15,-3.90
61,2,16,-1.40
61,2,17,11.88
61,2,18,-20.30
61,2,19,5.91
61,2,20,-18.43
61,2,21,-11.17
61,2,22,-5.49
61,2,23,-43.86
61,2,24,-28.75
61,2,25,4.80
61,2,26,-2.56
61,2,27,-22.34
61,2,28,-4.21
61,2,29,-14.08
61,2,30,-36.85
61,2,31,-14.37
61,2,32,2.54
61,2,33,-16.14
61,2,34,-9.33
61,2,35,-38.98
61,2,36,-14.70
61,2,37,-45.15
61,2,38,-8.21
61,2,39,-15.69
61,2,40,-12.65
61,2,41,-11.46
61,3,0,-11.36
61,3,1,-10.11
61,3,2,-20.53
61,3,3,-19.39
61,3,4,9.75
61,3,5,-13.91
61,3,6,2.96
61,3,7,-23.33
61,3,8,-7.99
61,3,9,0.38
61,3,10,-12.09
61,3,11,-19.47
61,3,12,1.38
61,3,13,-3.26
61,3,14,-15.51
61,3,15,-6.97
61,3,16,-5.81
61,3,17,-9.52
61,3,18,29.62
61,3,19,6.63
61,3,20,1.49
61,3,21,8.49
61,3,22,38.58
61,3,23,-5.89
61,3,24,-10.31
61,3,25,15.68
61,3,26,-12.34
61,3,27,-7.78
61,3,28,2.37
61,3,29,-28.66
61,3,30,-20.45
61,3,31,1.51
61,3,32,-1.70
61,3,33,-27.56
61,3,34,-12.63
61,3,35,-27.51
61,3,36,-24.78
61,3,37,-26.38
61,3,38,-20.12
61,3,39,-14.81
61,3,40,-18.35
61,3,41,-27.52
61,4,0,-6.48
61,4,1,-11.69
61,4,2,-27.61
61,4,3,-20.67
61,4,4,33.10
61,4,5,2.45
61,4,6,-10.96
61,4,7,-32.95
61,4,8,-24.85
61,4,9,2.70
61,4,10,2.99
61,4,11,-26.02
61,4,12,-22.48
61,4,13,-35.99
61,4,14,-16.46
61,4,15,-27.84
61,4,16,-21.90
61,4,17,-16.63
61,4,18,-29.46
61,4,19,-7.02
61,4,20,-19.06
61,4,21,-21.25
61,4,22,9.10
61,4,23,7.99
61,4,24,9.81
61,4,25,41.69
61,4,26,15.92
61,4,27,-7.82
61,4,28,9.41
61,4,29,5.33
61,4,30,-24.55
61,4,31,-5.48
61,4,32,14.87
61,4,33,-25.56
61,4,34,-9.12
61,4,35,-16.99
61,4,36,-18.38
61,4,37,2.02
61,4,38,25.56
61,4,39,3.64
61,4,40,-24.15
61,4,41,-3.94
61,5,0,-24.92
61,5,1,-35.85
61,5,2,-19.26
61,5,3,-36.98
61,5,4,-7.30
61,5,5,-15.74
61,5,6,-12.26
61,5,7,-42.73
61,5,8,-25.44
61,5,9,17.61
61,5,10,-2.44
61,5,11,-28.51
61,5,12,-16.78
61,5,13,-14.11
61,5,14,-12.37
61,5,15,-30.61
61,5,16,-21.80
61,5,17,-32.31
61,5,18,-18.40
61,5,19,31.16
61,5,20,-18.75
61,5,21,-19.50
61,5,22,0.01
61,5,23,-13.25
61,5,24,-21.51
61,5,25,2.99
61,5,26,-5.44
61,5,27,-15.79
61,5,28,2.44
61,5,29,-21.85
61,5,30,-18.00
61,5,31,4.23
61,5,32,14.60
61,5,33,-4.76
61,5,34,12.43
61,5,35,-15.99
61,5,36,-28.86
61,5,37,-35.90
61,5,38,2.74
61,5,39,-40.18
61,5,40,-19.89
61,5,41,-13.15
61,6,0,-30.84
61,6,1,-21.62
61,6,2,-19.98
61,6,3,-15.25
61,6,4,1.04
61,6,5,-35.99
61,6,6,2.57
61,6,7,-31.16
61,6,8,-17.80
61,6,9,-14.40
61,6,10,9.06
61,6,11,-10.13
61,6,12,-15.89
61,6,13,2.81
61,6,14,6.38
61,6,15,-10.70
61,6,16,-17.19
61,6,17,-13.26
61,6,18,-25.16
61,6,19,12.20
61,6,20,-26.21
61,6,21,-18.92
61,6,22,13.80
61,6,23,-10.67
61,6,24,-12.92
61,6,25,3.78
61,6,26,2.52
61,6,27,-19.67
61,6,28,-1.57
61,6,29,-10.91
61,6,30,-16.45
61,6,31,3.09
61,6,32,8.95
61,6,33,-33.88
61,6,34,-9.50
61,6,35,-19.90
61,6,36,0.00
61,6,37,11.41
61,6,38,38.34
61,6,39,2.01
61,6,40,-6.71
61,6,41,2.60
62,0,0,-19.21
62,0,1,-11.47
62,0,2,17.12
62,0,3,6.15
62,0,4,5.21
62,0,5,-26.09
62,0,6,7.65
62,0,7,-26.94
62,0,8,-25.00
62,0,9,-9.68
62,0,10,-14.56
62,0,11,-17.29
62,0,12,-23.21
62,0,13,-14.06
62,0,14,-31.63
62,0,15,-20.13
62,0,16,-17.35
62,0,17,-21.82
62,0,18,-32.74
62,0,19,-16.63
62,0,20,-21.03
62,0,21,-8.43
62,0,22,-16.94
62,0,23,-40.22
62,0,24,-47.07
62,0,25,2.27
62,0,26,2.35
62,0,27,-15.99
62,0,28,2.85
62,0,29,-31.72
62,0,30,-29.97
62,0,31,6.83
62,0,32,-22.04
62,0,33,-15.58
62,0,34,-2.11
62,0,35,-15.57
62,0,36,-17.57
62,0,37,-23.40
62,0,38,-15.07
62,0,39,-10.51
62,0,40,-19.75
62,0,41,-5.44
62,1,0,-14.66
62,1,1,-19.14
62,1,2,-10.23
62,1,3,-10.71
62,1,4,-8.88
62,1,5,-8.47
62,1,6,31.60
62,1,7,3.68
62,1,8,-2.90
62,1,9,24.75
62,1,10,28.63
62,1,11,7.41
62,1,12,-15.35
62,1,13,-22.72
62,1,14,-23.61
62,1,15,-3.50
62,1,16,-21.12
62,1,17,-21.15
62,1,18,-8.20
62,1,19,40.99
62,1,20,-5.42
62,1,21,-28.99
62,1,22,22.32
62,1,23,-6.58
62,1,24,-22.40
62,1,25,5.65
62,1,26,-14.29
62,1,27,-27.88
62,1,28,2.25
62,1,29,-28.63
62,1,30,-4.40
62,1,31,-5.20
62,1,32,-10.80
62,1,33,-32.48
62,1,34,28.19
62,1,35,-18.66
62,1,36,-20.51
62,1,37,-12.22
62,1,38,3.66
62,1,39,-25.11
62,1,40,-29.63
62,1,41,-26.59
62,2,0,-20.59
62,2,1,-27.44
62,2,2,-20.75
62,2,3,-25.86
62,2,4,1.19
62,2,5,-6.87
62,2,6,2.87
62,2,7,-25.53
62,2,8,-32.31
62,2,9,-17.84
62,2,10,-2.87
62,2,11,-21.92
62,2,12,-7.09
62,2,13,-13.58
62,2,14,2.93
62,2,15,-3.90
62,2,16,-1.40
62,2,17,11.88
62,2,18,-20.30
62,2,19,5.91
62,2,20,-18.43
62,2,21,-11.17
62,2,22,-5.49
62,2,23,-43.86
62,2,24,-28.75
62,2,25,4.80
62,2,26,-2.56
62,2,27,-22.34
62,2,28,-4.21
62,2,29,-14.08
62,2,30,-36.85
62,2,31,-14.37
62,2,32,2.54
62,2,33,-16.14
62,2,34,-9.33
62,2,35,-38.98
62,2,36,-14.70
62,2,37,-45.15
62,2,38,-8.21
62,2,39,-15.69
62,2,40,-12.65
62,2,41,-11.46
62,3,0,-11.36
62,3,1,-10.11
62,3,2,-20.53
62,3,3,-19.39
62,3,4,9.75
62,3,5,-13.91
62,3,6,2.96
62,3,7,-23.33
62,3,8,-7.99
62,3,9,0.38
62,3,10,-12.09
62,3,11,-19.47
62,3,12,1.38
62,3,13,-3.26
62,3,14,-15.51
62,3,15,-6.97
62,3,16,-5.81
62,3,17,-9.52
62,3,18,29.62
62,3,19,6.63
62,3,20,1.49
62,3,21,8.49
62,3,22,38.58
62,3,23,-5.89
62,3,24,-10.31
62,3,25,15.68
62,3,26,-12.34
62,3,27,-7.78
62,3,28,2.37
62,3,29,-28.66
62,3,30,-20.45
62,3,31,1.51
62,3,32,-1.70
62,3,33,-27.56
62,3,34,-12.63
62,3,35,-27.51
62,3,36,-24.78
62,3,37,-26.38
62,3,38,-20.12
62,3,39,-14.81
62,3,40,-18.35
62,3,41,-27.52
62,4,0,-6.48
62,4,1,-11.69
62,4,2,-27.61
62,4,3,-20.67
62,4,4,33.10
62,4,5,2.45
62,4,6,-10.96
62,4,7,-32.95
62,4,8,-24.85
62,4,9,2.70
62,4,10,2.99
62,4,11,-26.02
62,4,12,-22.48
62,4,13,-35.99
62,4,14,-16.46
62,4,15,-27.84
62,4,16,-21.90
62,4,17,-16.63
62,4,18,-29.46
62,4,19,-7.02
62,4,20,-19.06
62,4,21,-21.25
62,4,22,9.10
62,4,23,7.99
62,4,24,9.81
62,4,25,41.69
62,4,26,15.92
62,4,27,-7.82
62,4,28,9.41
62,4,29,5.33
62,4,30,-24.55
62,4,31,-5.48
62,4,32,14.87
62,4,33,-25.56
62,4,34,-9.12
62,4,35,-16.99
62,4,36,-18.38
62,4,37,2.02
62,4,38,25.56
62,4,39,3.64
62,4,40,-24.15
62,4,41,-3.94
62,5,0,-24.92
62,5,1,-35.85
62,5,2,-19.26
62,5,3,-36.98
62,5,4,-7.30
62,5,5,-15.74
62,5,6,-12.26
62,5,7,-42.73
62,5,8,-25.44
62,5,9,17.61
62,5,10,-2.44
62,5,11,-28.51
62,5,12,-16.78
62,5,13,-14.11
62,5,14,-12.37
62,5,15,-30.61
62,5,16,-21.80
62,5,17,-32.31
62,5,18,-18.40
62,5,19,31.16
62,5,20,-18.75
62,5,21,-19.50
62,5,22,0.01
62,5,23,-13.25
62,5,24,-21.51
62,5,25,2.99
62,5,26,-5.44
62,5,27,-15.79
62,5,28,2.44
62,5,29,-21.85
62,5,30,-18.00
62,5,31,4.23
62,5,32,14.60
62,5,33,-4.76
62,5,34,12.43
62,5,35,-15.99
62,5,36,-28.86
62,5,37,-35.90
62,5,38,2.74
62,5,39,-40.18
62,5,40,-19.89
62,5,41,-13.15
62,6,0,-30.84
62,6,1,-21.62
62,6,2,-19.98
62,6,3,-15.25
62,6,4,1.04
62,6,5,-35.99
62,6,6,2.57
62,6,7,-31.16
62,6,8,-17.80
62,6,9,-14.40
62,6,10,9.06
62,6,11,-10.13
62,6,12,-15.89
62,6,13,2.81
62,6,14,6.38
62,6,15,-10.70
62,6,16,-17.19
62,6,17,-13.26
62,6,18,-25.16
62,6,19,12.20
62,6,20,-26.21
62,6,21,-18.92
62,6,22,13.80
62,6,23,-10.67
62,6,24,-12.92
62,6,25,3.78
62,6,26,2.52
62,6,27,-19.67
62,6,28,-1.57
62,6,29,-10.91
62,6,30,-16.45
62,6,31,3.09
62,6,32,8.95
62,6,33,-33.88
62,6,34,-9.50
62,6,35,-19.90
62,6,36,0.00
62,6,37,11.41
62,6,38,38.34
62,6,39,2.01
62,6,40,-6.71
62,6,41,2.60
63,0,0,-19.21
63,0,1,-11.47
63,0,2,17.12
63,0,3,6.15
63,0,4,5.21
63,0,5,-26.09
63,0,6,7.65
63,0,7,-26.94
63,0,8,-25.00
63,0,9,-9.68
63,0,10,-14.56
63,0,11,-17.29
63,0,12,-23.21
63,0,13,-14.06
63,0,14,-31.63
63,0,15,-20.13
63,0,16,-17.35
63,0,17,-21.82
63,0,18,-32.74
63,0,19,-16.63
63,0,20,-21.03
63,0,21,-8.43
63,0,22,-16.94
63,0,23,-40.22
63,0,24,-47.07
63,0,25,2.27
63,0,26,2.35
63,0,27,-15.99
63,0,28,2.85
63,0,29,-31.72
63,0,30,-29.97
63,0,31,6.83
63,0,32,-22.04
63,0,33,-15.58
63,0,34,-2.11
63,0,35,-15.57
63,0,36,-17.57
63,0,37,-23.40
63,0,38,-15.07
63,0,39,-10.51
63,0,40,-19.75
63,0,41,-5.44
63,1,0,-14.66
63,1,1,-19.14
63,1,2,-10.23
63,1,3,-10.71
63,1,4,-8.88
63,1,5,-8.47
63,1,6,31.60
63,1,7,3.68
63,1,8,-2.90
63,1,9,24.75
63,1,10,28.63
63,1,11,7.41
63,1,12,-15.35
63,1,13,-22.72
63,1,14,-23.61
63,1,15,-3.50
63,1,16,-21.12
63,1,17,-21.15
63,1,18,-8.20
63,1,19,40.99
63,1,20,-5.42
63,1,21,-28.99
63,1,22,22.32
63,1,23,-6.58
63,1,24,-22.40
63,1,25,5.65
63,1,26,-14.29
63,1,27,-27.88
63,1,28,2.25
63,1,29,-28.63
63,1,30,-4.40
63,1,31,-5.20
63,1,32,-10.80
63,1,33,-32.48
63,1,34,28.19
63,1,35,-18.66
63,1,36,-20.51
63,1,37,-12.22
63,1,38,3.66
63,1,39,-25.11
63,1,40,-29.63
63,1,41,-26.59
63,2,0,-20.59
63,2,1,-27.44
63,2,2,-20.75
63,2,3,-25.86
63,2,4,1.19
63,2,5,-6.87
63,2,6,2.87
63,2,7,-25.53
63,2,8,-32.31
63,2,9,-17.84
63,2,10,-2.87
63,2,11,-21.92
63,2,12,-7.09
63,2,13,-13.58
63,2,14,2.93
63,2,15,-3.90
63,2,16,-1.40
63,2,17,11.88
63,2,18,-20.30
63,2,19,5.91
63,2,20,-18.43
63,2,21,-11.17
63,2,22,-5.49
63,2,23,-43.86
63,2,24,-28.75
63,2,25,4.80
63,2,26,-2.56
63,2,27,-22.34
63,2,28,-4.21
63,2,29,-14.08
63,2,30,-36.85
63,2,31,-14.37
63,2,32,2.54
63,2,33,-16.14
63,2,34,-9.33
63,2,35,-38.98
63,2,36,-14.70
63,2,37,-45.15
63,2,38,-8.21
63,2,39,-15.69
63,2,40,-12.65
63,2,41,-11.46
63,3,0,-11.36
63,3,1,-10.11
63,3,2,-20.53
63,3,3,-19.39
63,3,4,9.75
63,3,5,-13.91
63,3,6,2.96
63,3,7,-23.33
63,3,8,-7.99
63,3,9,0.38
63,3,10,-12.09
63,3,11,-19.47
63,3,12,1.38
63,3,13,-3.26
63,3,14,-15.51
63,3,15,-6.97
63,3,16,-5.81
63,3,17,-9.52
63,3,18,29.62
63,3,19,6.63
63,3,20,1.49
63,3,21,8.49
63,3,22,38.58
63,3,23,-5.89
63,3,24,-10.31
63,3,25,15.68
63,3,26,-12.34
63,3,27,-7.78
63,3,28,2.37
63,3,29,-28.66
63,3,30,-20.45
63,3,31,1.51
63,3,32,-1.70
63,3,33,-27.56
63,3,34,-12.63
63,3,35,-27.51
63,3,36,-24.78
63,3,37,-26.38
63,3,38,-20.12
63,3,39,-14.81
63,3,40,-18.35
63,3,41,-27.52
63,4,0,-6.48
63,4,1,-11.69
63,4,2,-27.61
63,4,3,-20.67
63,4,4,33.10
63,4,5,2.45
63,4,6,-10.96
63,4,7,-32.95
63,4,8,-24.85
63,4,9,2.70
63,4,10,2.99
63,4,11,-26.02
63,4,12,-22.48
63,4,13,-35.99
63,4,14,-16.46
63,4,15,-27.84
63,4,16,-21.90
63,4,17,-16.63
63,4,18,-29.46
63,4,19,-7.02
63,4,20,-19.06
63,4,21,-21.25
63,4,22,9.10
63,4,23,7.99
63,4,24,9.81
63,4,25,41.69
63,4,26,15.92
63,4,27,-7.82
63,4,28,9.41
63,4,29,5.33
63,4,30,-24.55
63,4,31,-5.48
63,4,32,14.87
63,4,33,-25.56
63,4,34,-9.12
63,4,35,-16.99
63,4,36,-18.38
63,4,37,2.02
63,4,38,25.56
63,4,39,3.64
63,4,40,-24.15
63,4,41,-3.94
63,5,0,-24.92
63,5,1,-35.85
63,5,2,-19.26
63,5,3,-36.98
63,5,4,-7.30
63,5,5,-15.74
63,5,6,-12.26
63,5,7,-42.73
63,5,8,-25.44
63,5,9,17.61
63,5,10,-2.44
63,5,11,-28.51
63,5,12,-16.78
63,5,13,-14.11
63,5,14,-12.37
63,5,15,-30.61
63,5,16,-21.80
63,5,17,-32.31
63,5,18,-18.40
63,5,19,31.16
63,5,20,-18.75
63,5,21,-19.50
63,5,22,0.01
63,5,23,-13.25
63,5,24,-21.51
63,5,25,2.99
63,5,26,-5.44
63,5,27,-15.79
63,5,28,2.44
63,5,29,-21.85
63,5,30,-18.00
63,5,31,4.23
63,5,32,14.60
63,5,33,-4.76
63,5,34,12.43
63,5,35,-15.99
63,5,36,-28.86
63,5,37,-35.90
63,5,38,2.74
63,5,39,-40.18
63,5,40,-19.89
63,5,41,-13.15
63,6,0,-30.84
63,6,1,-21.62
63,6,2,-19.98
63,6,3,-15.25
63,6,4,1.04
63,6,5,-35.99
63,6,6,2.57
63,6,7,-31.16
63,6,8,-17.80
63,6,9,-14.40
63,6,10,9.06
63,6,11,-10.13
63,6,12,-15.89
63,6,13,2.81
63,6,14,6.38
63,6,15,-10.70
63,6,16,-17.19
63,6,17,-13.26
63,6,18,-25.16
63,6,19,12.20
63,6,20,-26.21
63,6,21,-18.92
63,6,22,13.80
63,6,23,-10.67
63,6,24,-12.92
63,6,25,3.78
63,6,26,2.52
63,6,27,-19.67
63,6,28,-1.57
63,6,29,-10.91
63,6,30,-16.45
63,6,31,3.09
63,6,32,8.95
63,6,33,-33.88
63,6,34,-9.50
63,6,35,-19.90
63,6,36,0.00
63,6,37,11.41
63,6,38,38.34
63,6,39,2.01
63,6,40,-6.71
63,6,41,2.60
64,0,0,-19.21
64,0,1,-11.47
64,0,2,17.12
64,0,3,6.15
64,0,4,5.21
64,0,5,-26.09
64,0,6,7.65
64,0,7,-26.94
64,0,8,-25.00
64,0,9,-9.68
64,0,10,-14.56
64,0,11,-17.29
64,0,12,-23.21
64,0,13,-14.06
64,0,14,-31.63
64,0,15,-20.13
64,0,16,-17.35
64,0,17,-21.82
64,0,18,-32.74
64,0,19,-16.63
64,0,20,-21.03
64,0,21,-8.43
64,0,22,-16.94
64,0,23,-40.22
64,0,24,-47.07
64,0,25,2.27
64,0,26,2.35
64,0,27,-15.99
64,0,28,2.85
64,0,29,-31.72
64,0,30,-29.97
64,0,31,6.83
64,0,32,-22.04
64,0,33,-15.58
64,0,34,-2.11
64,0,35,-15.57
64,0,36,-17.57
64,0,37,-23.40
64,0,38,-15.07
64,0,39,-10.51
64,0,40,-19.75
64,0,41,-5.44
64,1,0,-14.66
64,1,1,-19.14
64,1,2,-10.23
64,1,3,-10.71
64,1,4,-8.88
64,1,5,-8.47
64,1,6,31.60
64,1,7,3.68
64,1,8,-2.90
64,1,9,24.75
64,1,10,28.63
64,1,11,7.41
64,1,12,-15.35
64,1,13,-22.72
64,1,14,-23.61
64,1,15,-3.50
64,1,16,-21.12
64,1,17,-21.15
64,1,18,-8.20
64,1,19,40.99
64,1,20,-5.42
64,1,21,-28.99
64,1,22,22.32
64,1,23,-6.58
64,1,24,-22.40
64,1,25,5.65
64,1,26,-14.29
64,1,27,-27.88
64,1,28,2.25
64,1,29,-28.63
64,1,30,-4.40
64,1,31,-5.20
64,1,32,-10.80
64,1,33,-32.48
64,1,34,28.19
64,1,35,-18.66
64,1,36,-20.51
64,1,37,-12.22
64,1,38,3.66
64,1,39,-25.11
64,1,40,-29.63
64,1,41,-26.59
64,2,0,-20.59
64,2,1,-27.44
64,2,2,-20.75
64,2,3,-25.86
64,2,4,1.19
64,2,5,-6.87
64,2,6,2.87
64,2,7,-25.53
64,2,8,-32.31
64,2,9,-17.84
64,2,10,-2.87
64,2,11,-21.92
64,2,12,-7.09
64,2,13,-13.58
64,2,14,2.93
64,2,15,-3.90
64,2,16,-1.40
64,2,17,11.88
64,2,18,-20.30
64,2,19,5.91
64,2,20,-18.43
64,2,21,-11.17
64,2,22,-5.49
64,2,23,-43.86
64,2,24,-28.75
64,2,25,4.80
64,2,26,-2.56
64,2,27,-22.34
64,2,28,-4.21
64,2,29,-14.08
64,2,30,-36.85
64,2,31,-14.37
64,2,32,2.54
64,2,33,-16.14
64,2,34,-9.33
64,2,35,-38.98
64,2,36,-14.70
64,2,37,-45.15
64,2,38,-8.21
64,2,39,-15.69
64,2,40,-12.65
64,2,41,-11.46
64,3,0,-11.36
64,3,1,-10.11
64,3,2,-20.53
64,3,3,-19.39
64,3,4,9.75
64,3,5,-13.91
64,3,6,2.96
64,3,7,-23.33
64,3,8,-7.99
64,3,9,0.38
64,3,10,-12.09
64,3,11,-19.47
64,3,12,1.38
64,3,13,-3.26
64,3,14,-15.51
64,3,15,-6.97
64,3,16,-5.81
64,3,17,-9.52
64,3,18,29.62
64,3,19,6.63
64,3,20,1.49
64,3,21,8.49
64,3,22,38.58
64,3,23,-5.89
64,3,24,-10.31
64,3,25,15.68
64,3,26,-12.34
64,3,27,-7.78
64,3,28,2.37
64,3,29,-28.66
64,3,30,-20.45
64,3,31,1.51
64,3,32,-1.70
64,3,33,-27.56
64,3,34,-12.63
64,3,35,-27.51
64,3,36,-24.78
64,3,37,-26.38
64,3,38,-20.12
64,3,39,-14.81
64,3,40,-18.35
64,3,41,-27.52
64,4,0,-6.48
64,4,1,-11.69
64,4,2,-27.61
64,4,3,-20.67
64,4,4,33.10
64,4,5,2.45
64,4,6,-10.96
64,4,7,-32.95
64,4,8,-24.85
64,4,9,2.70
64,4,10,2.99
64,4,11,-26.02
64,4,12,-22.48
64,4,13,-35.99
64,4,14,-16.46
64,4,15,-27.84
64,4,16,-21.90
64,4,17,-16.63
64,4,18,-29.46
64,4,19,-7.02
64,4,20,-19.06
64,4,21,-21.25
64,4,22,9.10
64,4,23,7.99
64,4,24,9.81
64,4,25,41.69
64,4,26,15.92
64,4,27,-7.82
64,4,28,9.41
64,4,29,5.33
64,4,30,-24.55
64,4,31,-5.48
64,4,32,14.87
64,4,33,-25.56
64,4,34,-9.12
64,4,35,-16.99
64,4,36,-18.38
64,4,37,2.02
64,4,38,25.56
64,4,39,3.64
64,4,40,-24.15
64,4,41,-3.94
64,5,0,-24.92
64,5,1,-35.85
64,5,2,-19.26
64,5,3,-36.98
64,5,4,-7.30
64,5,5,-15.74
64,5,6,-12.26
64,5,7,-42.73
64,5,8,-25.44
64,5,9,17.61
64,5,10,-2.44
64,5,11,-28.51
64,5,12,-16.78
64,5,13,-14.11
64,5,14,-12.37
64,5,15,-30.61
64,5,16,-21.80
64,5,17,-32.31
64,5,18,-18.40
64,5,19,31.16
64,5,20,-18.75
64,5,21,-19.50
64,5,22,0.01
64,5,23,-13.25
64,5,24,-21.51
64,5,25,2.99
64,5,26,-5.44
64,5,27,-15.79
64,5,28,2.44
64,5,29,-21.85
64,5,30,-18.00
64,5,31,4.23
64,5,32,14.60
64,5,33,-4.76
64,5,34,12.43
64,5,35,-15.99
64,5,36,-28.86
64,5,37,-35.90
64,5,38,2.74
64,5,39,-40.18
64,5,40,-19.89
64,5,41,-13.15
64,6,0,-30.84
64,6,1,-21.62
64,6,2,-19.98
64,6,3,-15.25
64,6,4,1.04
64,6,5,-35.99
64,6,6,2.57
64,6,7,-31.16
64,6,8,-17.80
64,6,9,-14.40
64,6,10,9.06
64,6,11,-10.13
64,6,12,-15.89
64,6,13,2.81
64,6,14,6.38
64,6,15,-10.70
64,6,16,-17.19
64,6,17,-13.26
64,6,18,-25.16
64,6,19,12.20
64,6,20,-26.21
64,6,21,-18.92
64,6,22,13.80
64,6,23,-10.67
64,6,24,-12.92
64,6,25,3.78
64,6,26,2.52
64,6,27,-19.67
64,6,28,-1.57
64,6,29,-10.91
64,6,30,-16.45
64,6,31,3.09
64,6,32,8.95
64,6,33,-33.88
64,6,34,-9.50
64,6,35,-19.90
64,6,36,0.00
64,6,37,11.41
64,6,38,38.34
64,6,39,2.01
64,6,40,-6.71
64,6,41,2.60
65,0,0,-19.21
65,0,1,-11.47
65,0,2,17.12
65,0,3,6.15
65,0,4,5.21
65,0,5,-26.09
65,0,6,7.65
65,0,7,-26.94
65,0,8,-25.00
65,0,9,-9.68
65,0,10,-14.56
65,0,11,-17.29
65,0,12,-23.21
65,0,13,-14.06
65,0,14,-31.63
65,0,15,-20.13
65,0,16,-17.35
65,0,17,-21.82
65,0,18,-32.74
65,0,19,-16.63
65,0,20,-21.03
65,0,21,-8.43
65,0,22,-16.94
65,0,23,-40.22
65,0,24,-47.07
65,0,25,2.27
65,0,26,2.35
65,0,27,-15.99
65,0,28,2.85
65,0,29,-31.72
65,0,30,-29.97
65,0,31,6.83
65,0,32,-22.04
65,0,33,-15.58
65,0,34,-2.11
65,0,35,-15.57
65,0,36,-17.57
65,0,37,-23.40
65,0,38,-15.07
65,0,39,-10.51
65,0,40,-19.75
65,0,41,-5.44
65,1,0,-14.66
65,1,1,-19.14
65,1,2,-10.23
65,1,3,-10.71
65,1,4,-8.88
65,1,5,-8.47
65,1,6,31.60
65,1,7,3.68
65,1,8,-2.90
65,1,9,24.75
65,1,10,28.63
65,1,11,7.41
65,1,12,-15.35
65,1,13,-22.72
65,1,14,-23.61
65,1,15,-3.50
65,1,16,-21.12
65,1,17,-21.15
65,1,18,-8.20
65,1,19,40.99
65,1,20,-5.42
65,1,21,-28.99
65,1,22,22.32
65,1,23,-6.58
65,1,24,-22.40
65,1,25,5.65
65,1,26,-14.29
65,1,27,-27.88
65,1,28,2.25
65,1,29,-28.63
65,1,30,-4.40
65,1,31,-5.20
65,1,32,-10.80
65,1,33,-32.48
65,1,34,28.19
65,1,35,-18.66
65,1,36,-20.51
65,1,37,-12.22
65,1,38,3.66
65,1,39,-25.11
65,1,40,-29.63
65,1,41,-26.59
65,2,0,-20.59
65,2,1,-27.44
65,2,2,-20.75
65,2,3,-25.86
65,2,4,1.19
65,2,5,-6.87
65,2,6,2.87
65,2,7,-25.53
65,2,8,-32.31
65,2,9,-17.84
65,2,10,-2.87
65,2,11,-21.92
65,2,12,-7.09
65,2,13,-13.58
65,2,14,2.93
65,2,15,-3.90
65,2,16,-1.40
65,2,17,11.88
65,2,18,-20.30
65,2,19,5.91
65,2,20,-18.43
65,2,21,-11.17
65,2,22,-5.49
65,2,23,-43.86
65,2,24,-28.75
65,2,25,4.80
65,2,26,-2.56
65,2,27,-22.34
65,2,28,-4.21
65,2,29,-14.08
65,2,30,-36.85
65,2,31,-14.37
65,2,32,2.54
65,2,33,-16.14
65,2,34,-9.33
65,2,35,-38.98
65,2,36,-14.70
65,2,37,-45.15
65,2,38,-8.21
65,2,39,-15.69
65,2,40,-12.65
65,2,41,-11.46
65,3,0,-11.36
65,3,1,-10.11
65,3,2,-20.53
65,3,3,-19.39
65,3,4,9.75
65,3,5,-13.91
65,3,6,2.96
65,3,7,-23.33
65,3,8,-7.99
65,3,9,0.38
65,3,10,-12.09
65,3,11,-19.47
65,3,12,1.38
65,3,13,-3.26
65,3,14,-15.51
65,3,15,-6.97
65,3,16,-5.81
65,3,17,-9.52
65,3,18,29.62
65,3,19,6.63
65,3,20,1.49
65,3,21,8.49
65,3,22,38.58
65,3,23,-5.89
65,3,24,-10.31
65,3,25,15.68
65,3,26,-12.34
65,3,27,-7.78
65,3,28,2.37
65,3,29,-28.66
65,3,30,-20.45
65,3,31,1.51
65,3,32,-1.70
65,3,33,-27.56
65,3,34,-12.63
65,3,35,-27.51
65,3,36,-24.78
65,3,37,-26.38
65,3,38,-20.12
65,3,39,-14.81
65,3,40,-18.35
65,3,41,-27.52
65,4,0,-6.48
65,4,1,-11.69
65,4,2,-27.61
65,4,3,-20.67
65,4,4,33.10
65,4,5,2.45
65,4,6,-10.96
65,4,7,-32.95
65,4,8,-24.85
65,4,9,2.70
65,4,10,2.99
65,4,11,-26.02
65,4,12,-22.48
65,4,13,-35.99
65,4,14,-16.46
65,4,15,-27.84
65,4,16,-21.90
65,4,17,-16.63
65,4,18,-29.46
65,4,19,-7.02
65,4,20,-19.06
65,4,21,-21.25
65,4,22,9.10
65,4,23,7.99
65,4,24,9.81
65,4,25,41.69
65,4,26,15.92
65,4,27,-7.82
65,4,28,9.41
65,4,29,5.33
65,4,30,-24.55
65,4,31,-5.48
65,4,32,14.87
65,4,33,-25.56
65,4,34,-9.12
65,4,35,-16.99
65,4,36,-18.38
65,4,37,2.02
65,4,38,25.56
65,4,39,3.64
65,4,40,-24.15
65,4,41,-3.94
65,5,0,-24.92
65,5,1,-35.85
65,5,2,-19.26
65,5,3,-36.98
65,5,4,-7.30
65,5,5,-15.74
65,5,6,-12.26
65,5,7,-42.73
65,5,8,-25.44
65,5,9,17.61
65,5,10,-2.44
65,5,11,-28.51
65,5,12,-16.78
65,5,13,-14.11
65,5,14,-12.37
65,5,15,-30.61
65,5,16,-21.80
65,5,17,-32.31
65,5,18,-18.40
65,5,19,31.16
65,5,20,-18.75
65,5,21,-19.50
65,5,22,0.01
65,5,23,-13.25
65,5,24,-21.51
65,5,25,2.99
65,5,26,-5.44
65,5,27,-15.79
65,5,28,2.44
65,5,29,-21.85
65,5,30,-18.00
65,5,31,4.23
65,5,32,14.60
65,5,33,-4.76
65,5,34,12.43
65,5,35,-15.99
65,5,36,-28.86
65,5,37,-35.90
65,5,38,2.74
65,5,39,-40.18
65,5,40,-19.89
65,5,41,-13.15
65,6,0,-30.84
65,6,1,-21.62
65,6,2,-19.98
65,6,3,-15.25
65,6,4,1.04
65,6,5,-35.99
65,6,6,2.57
65,6,7,-31.16
65,6,8,-17.80
65,6,9,-14.40
65,6,10,9.06
65,6,11,-10.13
65,6,12,-15.89
65,6,13,2.81
65,6,14,6.38
65,6,15,-10.70
65,6,16,-17.19
65,6,17,-13.26
65,6,18,-25.16
65,6,19,12.20
65,6,20,-26.21
65,6,21,-18.92
65,6,22,13.80
65,6,23,-10.67
65,6,24,-12.92
65,6,25,3.78
65,6,26,2.52
65,6,27,-19.67
65,6,28,-1.57
65,6,29,-10.91
65,6,30,-16.45
65,6,31,3.09
65,6,32,8.95
65,6,33,-33.88
65,6,34,-9.50
65,6,35,-19.90
65,6,36,0.00
65,6,37,11.41
65,6,38,38.34
65,6,39,2.01
65,6,40,-6.71
65,6,41,2.60
66,0,0,-19.21
66,0,1,-11.47
66,0,2,17.12
66,0,3,6.15
66,0,4,5.21
66,0,5,-26.09
66,0,6,7.65
66,0,7,-26.94
66,0,8,-25.00
66,0,9,-9.68
66,0,10,-14.56
66,0,11,-17.29
66,0,12,-23.21
66,0,13,-14.06
66,0,14,-31.63
66,0,15,-20.13
66,0,16,-17.35
66,0,17,-21.82
66,0,18,-32.74
66,0,19,-16.63
66,0,20,-21.03
66,0,21,-8.43
66,0,22,-16.94
66,0,23,-40.22
66,0,24,-47.07
66,0,25,2.27
66,0,26,2.35
66,0,27,-15.99
66,0,28,2.85
66,0,29,-31.72
66,0,30,-29.97
66,0,31,6.83
66,0,32,-22.04
66,0,33,-15.58
66,0,34,-2.11
66,0,35,-15.57
66,0,36,-17.57
66,0,37,-23.40
66,0,38,-15.07
66,0,39,-10.51
66,0,40,-19.75
66,0,41,-5.44
66,1,0,-14.66
66,1,1,-19.14
66,1,2,-10.23
66,1,3,-10.71
66,1,4,-8.88
66,1,5,-8.47
66,1,6,31.60
66,1,7,3.68
66,1,8,-2.90
66,1,9,24.75
66,1,10,28.63
66,1,11,7.41
66,1,12,-15.35
66,1,13,-22.72
66,1,14,-23.61
66,1,15,-3.50
66,1,16,-21.12
66,1,17,-21.15
66,1,18,-8.20
66,1,19,40.99
66,1,20,-5.42
66,1,21,-28.99
66,1,22,22.32
66,1,23,-6.58
66,1,24,-22.40
66,1,25,5.65
66,1,26,-14.29
66,1,27,-27.88
66,1,28,2.25
66,1,29,-28.63
66,1,30,-4.40
66,1,31,-5.20
66,1,32,-10.80
66,1,33,-32.48
66,1,34,28.19
66,1,35,-18.66
66,1,36,-20.51
66,1,37,-12.22
66,1,38,3.66
66,1,39,-25.11
66,1,40,-29.63
66,1,41,-26.59
66,2,0,-20.59
66,2,1,-27.44
66,2,2,-20.75
66,2,3,-25.86
66,2,4,1.19
66,2,5,-6.87
66,2,6,2.87
66,2,7,-25.53
66,2,8,-32.31
66,2,9,-17.84
66,2,10,-2.87
66,2,11,-21.92
66,2,12,-7.09
66,2,13,-13.58
66,2,14,2.93
66,2,15,-3.90
66,2,16,-1.40
66,2,17,11.88
66,2,18,-20.30
66,2,19,5.91
66,2,20,-18.43
66,2,21,-11.17
66,2,22,-5.49
66,2,23,-43.86
66,2,24,-28.75
66,2,25,4.80
66,2,26,-2.56
66,2,27,-22.34
66,2,28,-4.21
66,2,29,-14.08
66,2,30,-36.85
66,2,31,-14.37
66,2,32,2.54
66,2,33,-16.14
66,2,34,-9.33
66,2,35,-38.98
66,2,36,-14.70
66,2,37,-45.15
66,2,38,-8.21
66,2,39,-15.69
66,2,40,-12.65
66,2,41,-11.46
66,3,0,-11.36
66,3,1,-10.11
66,3,2,-20.53
66,3,3,-19.39
66,3,4,9.75
66,3,5,-13.91
66,3,6,2.96
66,3,7,-23.33
66,3,8,-7.99
66,3,9,0.38
66,3,10,-12.09
66,3,11,-19.47
66,3,12,1.38
66,3,13,-3.26
66,3,14,-15.51
66,3,15,-6.97
66,3,16,-5.81
66,3,17,-9.52
66,3,18,29.62
66,3,19,6.63
66,3,20,1.49
66,3,21,8.49
66,3,22,38.58
66,3,23,-5.89
66,3,24,-10.31
66,3,25,15.68
66,3,26,-12.34
66,3,27,-7.78
66,3,28,2.37
66,3,29,-28.66
66,3,30,-20.45
66,3,31,1.51
66,3,32,-1.70
66,3,33,-27.56
66,3,34,-12.63
66,3,35,-27.51
66,3,36,-24.78
66,3,37,-26.38
66,3,38,-20.12
66,3,39,-14.81
66,3,40,-18.35
66,3,41,-27.52
66,4,0,-6.48
66,4,1,-11.69
66,4,2,-27.61
66,4,3,-20.67
66,4,4,33.10
66,4,5,2.45
66,4,6,-10.96
66,4,7,-32.95
66,4,8,-24.85
66,4,9,2.70
66,4,10,2.99
66,4,11,-26.02
66,4,12,-22.48
66,4,13,-35.99
66,4,14,-16.46
66,4,15,-27.84
66,4,16,-21.90
66,4,17,-16.63
66,4,18,-29.46
66,4,19,-7.02
66,4,20,-19.06
66,4,21,-21.25
66,4,22,9.10
66,4,23,7.99
66,4,24,9.81
66,4,25,41.69
66,4,26,15.92
66,4,27,-7.82
66,4,28,9.41
66,4,29,5.33
66,4,30,-24.55
66,4,31,-5.48
66,4,32,14.87
66,4,33,-25.56
66,4,34,-9.12
66,4,35,-16.99
66,4,36,-18.38
66,4,37,2.02
66,4,38,25.56
66,4,39,3.64
66,4,40,-24.15
66,4,41,-3.94
66,5,0,-24.92
66,5,1,-35.85
66,5,2,-19.26
66,5,3,-36.98
66,5,4,-7.30
66,5,5,-15.74
66,5,6,-12.26
66,5,7,-42.73
66,5,8,-25.44
66,5,9,17.61
66,5,10,-2.44
66,5,11,-28.51
66,5,12,-16.78
66,5,13,-14.11
66,5,14,-12.37
66,5,15,-30.61
66,5,16,-21.80
66,5,17,-32.31
66,5,18,-18.40
66,5,19,31.16
66,5,20,-18.75
66,5,21,-19.50
66,5,22,0.01
66,5,23,-13.25
66,5,24,-21.51
66,5,25,2.99
66,5,26,-5.44
66,5,27,-15.79
66,5,28,2.44
66,5,29,-21.85
66,5,30,-18.00
66,5,31,4.23
66,5,32,14.60
66,5,33,-4.76
66,5,34,12.43
66,5,35,-15.99
66,5,36,-28.86
66,5,37,-35.90
66,5,38,2.74
66,5,39,-40.18
66,5,40,-19.89
66,5,41,-13.15
66,6,0,-30.84
66,6,1,-21.62
66,6,2,-19.98
66,6,3,-15.25
66,6,4,1.04
66,6,5,-35.99
66,6,6,2.57
66,6,7,-31.16
66,6,8,-17.80
66,6,9,-14.40
66,6,10,9.06
66,6,11,-10.13
66,6,12,-15.89
66,6,13,2.81
66,6,14,6.38
66,6,15,-10.70
66,6,16,-17.19
66,6,17,-13.26
66,6,18,-25.16
66,6,19,12.20
66,6,20,-26.21
66,6,21,-18.92
66,6,22,13.80
66,6,23,-10.67
66,6,24,-12.92
66,6,25,3.78
66,6,26,2.52
66,6,27,-19.67
66,6,28,-1.57
66,6,29,-10.91
66,6,30,-16.45
66,6,31,3.09
66,6,32,8.95
66,6,33,-33.88
66,6,34,-9.50
66,6,35,-19.90
66,6,36,0.00
66,6,37,11.41
66,6,38,38.34
66,6,39,2.01
66,6,40,-6.71
66,6,41,2.60
67,0,0,-19.21
67,0,1,-11.47
67,0,2,17.12
67,0,3,6.15
67,0,4,5.21
67,0,5,-26.09
67,0,6,7.65
67,0,7,-26.94
67,0,8,-25.00
67,0,9,-9.68
67,0,10,-14.56
67,0,11,-17.29
67,0,12,-23.21
67,0,13,-14.06
67,0,14,-31.63
67,0,15,-20.13
67,0,16,-17.35
67,0,17,-21.82
67,0,18,-32.74
67,0,19,-16.63
67,0,20,-21.03
67,0,21,-8.43
67,0,22,-16.94
67,0,23,-40.22
67,0,24,-47.07
67,0,25,2.27
67,0,26,2.35
67,0,27,-15.99
67,0,28,2.85
67,0,29,-31.72
67,0,30,-29.97
67,0,31,6.83
67,0,32,-22.04
67,0,33,-15.58
67,0,34,-2.11
67,0,35,-15.57
67,0,36,-17.57
67,0,37,-23.40
67,0,38,-15.07
67,0,39,-10.51
67,0,40,-19.75
67,0,41,-5.44
67,1,0,-14.66
67,1,1,-19.14
67,1,2,-10.23
67,1,3,-10.71
67,1,4,-8.88
67,1,5,-8.47
67,1,6,31.60
67,1,7,3.68
67,1,8,-2.90
67,1,9,24.75
67,1,10,28.63
67,1,11,7.41
67,1,12,-15.35
67,1,13,-22.72
67,1,14,-23.61
67,1,15,-3.50
67,1,16,-21.12
67,1,17,-21.15
67,1,18,-8.20
67,1,19,40.99
67,1,20,-5.42
67,1,21,-28.99
67,1,22,22.32
67,1,23,-6.58
67,1,24,-22.40
67,1,25,5.65
67,1,26,-14.29
67,1,27,-27.88
67,1,28,2.25
67,1,29,-28.63
67,1,30,-4.40
67,1,31,-5.20
67,1,32,-10.80
67,1,33,-32.48
67,1,34,28.19
67,1,35,-18.66
67,1,36,-20.51
67,1,37,-12.22
67,1,38,3.66
67,1,39,-25.11
67,1,40,-29.63
67,1,41,-26.59
67,2,0,-20.59
67,2,1,-27.44
67,2,2,-20.75
67,2,3,-25.86
67,2,4,1.19
67,2,5,-6.87
67,2,6,2.87
67,2,7,-25.53
67,2,8,-32.31
67,2,9,-17.84
67,2,10,-2.87
67,2,11,-21.92
67,2,12,-7.09
67,2,13,-13.58
67,2,14,2.93
67,2,15,-3.90
67,2,16,-1.40
67,2,17,11.88
67,2,18,-20.30
67,2,19,5.91
67,2,20,-18.43
67,2,21,-11.17
67,2,22,-5.49
67,2,23,-43.86
67,2,24,-28.75
67,2,25,4.80
67,2,26,-2.56
67,2,27,-22.34
67,2,28,-4.21
67,2,29,-14.08
67,2,30,-36.85
67,2,31,-14.37
67,2,32,2.54
67,2,33,-16.14
67,2,34,-9.33
67,2,35,-38.98
67,2,36,-14.70
67,2,37,-45.15
67,2,38,-8.21
67,2,39,-15.69
67,2,40,-12.65
67,2,41,-11.46
67,3,0,-11.36
67,3,1,-10.11
67,3,2,-20.53
67,3,3,-19.39
67,3,4,9.75
67,3,5,-13.91
67,3,6,2.96
67,3,7,-23.33
67,3,8,-7.99
67,3,9,0.38
67,3,10,-12.09
67,3,11,-19.47
67,3,12,1.38
67,3,13,-3.26
67,3,14,-15.51
67,3,15,-6.97
67,3,16,-5.81
67,3,17,-9.52
67,3,18,29.62
67,3,19,6.63
67,3,20,1.49
67,3,21,8.49
67,3,22,38.58
67,3,23,-5.89
67,3,24,-10.31
67,3,25,15.68
67,3,26,-12.34
67,3,27,-7.78
67,3,28,2.37
67,3,29,-28.66
67,3,30,-20.45
67,3,31,1.51
67,3,32,-1.70
67,3,33,-27.56
67,3,34,-12.63
67,3,35,-27.51
67,3,36,-24.78
67,3,37,-26.38
67,3,38,-20.12
67,3,39,-14.81
67,3,40,-18.35
67,3,41,-27.52
67,4,0,-6.48
67,4,1,-11.69
67,4,2,-27.61
67,4,3,-20.67
67,4,4,33.10
67,4,5,2.45
67,4,6,-10.96
67,4,7,-32.95
67,4,8,-24.85
67,4,9,2.70
67,4,10,2.99
67,4,11,-26.02
67,4,12,-22.48
67,4,13,-35.99
67,4,14,-16.46
67,4,15,-27.84
67,4,16,-21.90
67,4,17,-16.63
67,4,18,-29.46
67,4,19,-7.02
67,4,20,-19.06
67,4,21,-21.25
67,4,22,9.10
67,4,23,7.99
67,4,24,9.81
67,4,25,41.69
67,4,26,15.92
67,4,27,-7.82
67,4,28,9.41
67,4,29,5.33
67,4,30,-24.55
67,4,31,-5.48
67,4,32,14.87
67,4,33,-25.56
67,4,34,-9.12
67,4,35,-16.99
67,4,36,-18.38
67,4,37,2.02
67,4,38,25.56
67,4,39,3.64
67,4,40,-24.15
67,4,41,-3.94
67,5,0,-24.92
67,5,1,-35.85
67,5,2,-19.26
67,5,3,-36.98
67,5,4,-7.30
67,5,5,-15.74
67,5,6,-12.26
67,5,7,-42.73
67,5,8,-25.44
67,5,9,17.61
67,5,10,-2.44
67,5,11,-28.51
67,5,12,-16.78
67,5,13,-14.11
67,5,14,-12.37
67,5,15,-30.61
67,5,16,-21.80
67,5,17,-32.31
67,5,18,-18.40
67,5,19,31.16
67,5,20,-18.75
67,5,21,-19.50
67,5,22,0.01
67,5,23,-13.25
67,5,24,-21.51
67,5,25,2.99
67,5,26,-5.44
67,5,27,-15.79
67,5,28,2.44
67,5,29,-21.85
67,5,30,-18.00
67,5,31,4.23
67,5,32,14.60
67,5,33,-4.76
67,5,34,12.43
67,5,35,-15.99
67,5,36,-28.86
67,5,37,-35.90
67,5,38,2.74
67,5,39,-40.18
67,5,40,-19.89
67,5,41,-13.15
67,6,0,-30.84
67,6,1,-21.62
67,6,2,-19.98
67,6,3,-15.25
67,6,4,1.04
67,6,5,-35.99
67,6,6,2.57
67,6,7,-31.16
67,6,8,-17.80
67,6,9,-14.40
67,6,10,9.06
67,6,11,-10.13
67,6,12,-15.89
67,6,13,2.81
67,6,14,6.38
67,6,15,-10.70
67,6,16,-17.19
67,6,17,-13.26
67,6,18,-25.16
67,6,19,12.20
67,6,20,-26.21
67,6,21,-18.92
67,6,22,13.80
67,6,23,-10.67
67,6,24,-12.92
67,6,25,3.78
67,6,26,2.52
67,6,27,-19.67
67,6,28,-1.57
67,6,29,-10.91
67,6,30,-16.45
67,6,31,3.09
67,6,32,8.95
67,6,33,-33.88
67,6,34,-9.50
67,6,35,-19.90
67,6,36,0.00
67,6,37,11.41
67,6,38,38.34
67,6,39,2.01
67,6,40,-6.71
67,6,41,2.60
68,0,0,-19.21
68,0,1,-11.47
68,0,2,17.12
68,0,3,6.15
68,0,4,5.21
68,0,5,-26.09
68,0,6,7.65
68,0,7,-26.94
68,0,8,-25.00
68,0,9,-9.68
68,0,10,-14.56
68,0,11,-17.29
68,0,12,-23.21
68,0,13,-14.06
68,0,14,-31.63
68,0,15,-20.13
68,0,16,-17.35
68,0,17,-21.82
68,0,18,-32.74
68,0,19,-16.63
68,0,20,-21.03
68,0,21,-8.43
68,0,22,-16.94
68,0,23,-40.22
68,0,24,-47.07
68,0,25,2.27
68,0,26,2.35
68,0,27,-15.99
68,0,28,2.85
68,0,29,-31.72
68,0,30,-29.97
68,0,31,6.83
68,0,32,-22.04
68,0,33,-15.58
68,0,34,-2.11
68,0,35,-15.57
68,0,36,-17.57
68,0,37,-23.40
68,0,38,-15.07
68,0,39,-10.51
68,0,40,-19.75
68,0,41,-5.44
68,1,0,-14.66
68,1,1,-19.14
68,1,2,-10.23
68,1,3,-10.71
68,1,4,-8.88
68,1,5,-8.47
68,1,6,31.60
68,1,7,3.68
68,1,8,-2.90
68,1,9,24.75
68,1,10,28.63
68,1,11,7.41
68,1,12,-15.35
68,1,13,-22.72
68,1,14,-23.61
68,1,15,-3.50
68,1,16,-21.12
68,1,17,-21.15
68,1,18,-8.20
68,1,19,40.99
68,1,20,-5.42
68,1,21,-28.99
68,1,22,22.32
68,1,23,-6.58
68,1,24,-22.40
68,1,25,5.65
68,1,26,-14.29
68,1,27,-27.88
68,1,28,2.25
68,1,29,-28.63
68,1,30,-4.40
68,1,31,-5.20
68,1,32,-10.80
68,1,33,-32.48
68,1,34,28.19
68,1,35,-18.66
68,1,36,-20.51
68,1,37,-12.22
68,1,38,3.66
68,1,39,-25.11
68,1,40,-29.63
68,1,41,-26.59
68,2,0,-20.59
68,2,1,-27.44
68,2,2,-20.75
68,2,3,-25.86
68,2,4,1.19
68,2,5,-6.87
68,2,6,2.87
68,2,7,-25.53
68,2,8,-32.31
68,2,9,-17.84
68,2,10,-2.87
68,2,11,-21.92
68,2,12,-7.09
68,2,13,-13.58
68,2,14,2.93
68,2,15,-3.90
68,2,16,-1.40
68,2,17,11.88
68,2,18,-20.30
68,2,19,5.91
68,2,20,-18.43
68,2,21,-11.17
68,2,22,-5.49
68,2,23,-43.86
68,2,24,-28.75
68,2,25,4.80
68,2,26,-2.56
68,2,27,-22.34
68,2,28,-4.21
68,2,29,-14.08
68,2,30,-36.85
68,2,31,-14.37
68,2,32,2.54
68,2,33,-16.14
68,2,34,-9.33
68,2,35,-38.98
68,2,36,-14.70
68,2,37,-45.15
68,2,38,-8.21
68,2,39,-15.69
68,2,40,-12.65
68,2,41,-11.46
68,3,0,-11.36
68,3,1,-10.11
68,3,2,-20.53
68,3,3,-19.39
68,3,4,9.75
68,3,5,-13.91
68,3,6,2.96
68,3,7,-23.33
68,3,8,-7.99
68,3,9,0.38
68,3,10,-12.09
68,3,11,-19.47
68,3,12,1.38
68,3,13,-3.26
68,3,14,-15.51
68,3,15,-6.97
68,3,16,-5.81
68,3,17,-9.52
68,3,18,29.62
68,3,19,6.63
68,3,20,1.49
68,3,21,8.49
68,3,22,38.58
68,3,23,-5.89
68,3,24,-10.31
68,3,25,15.68
68,3,26,-12.34
68,3,27,-7.78
68,3,28,2.37
68,3,29,-28.66
68,3,30,-20.45
68,3,31,1.51
68,3,32,-1.70
68,3,33,-27.56
68,3,34,-12.63
68,3,35,-27.51
68,3,36,-24.78
68,3,37,-26.38
68,3,38,-20.12
68,3,39,-14.81
68,3,40,-18.35
68,3,41,-27.52
68,4,0,-6.48
68,4,1,-11.69
68,4,2,-27.61
68,4,3,-20.67
68,4,4,33.10
68,4,5,2.45
68,4,6,-10.96
68,4,7,-32.95
68,4,8,-24.85
68,4,9,2.70
68,4,10,2.99
68,4,11,-26.02
68,4,12,-22.48
68,4,13,-35.99
68,4,14,-16.46
68,4,15,-27.84
68,4,16,-21.90
68,4,17,-16.63
68,4,18,-29.46
68,4,19,-7.02
68,4,20,-19.06
68,4,21,-21.25
68,4,22,9.10
68,4,23,7.99
68,4,24,9.81
68,4,25,41.69
68,4,26,15.92
68,4,27,-7.82
68,4,28,9.41
68,4,29,5.33
68,4,30,-24.55
68,4,31,-5.48
68,4,32,14.87
68,4,33,-25.56
68,4,34,-9.12
68,4,35,-16.99
68,4,36,-18.38
68,4,37,2.02
68,4,38,25.56
68,4,39,3.64
68,4,40,-24.15
68,4,41,-3.94
68,5,0,-24.92
68,5,1,-35.85
68,5,2,-19.26
68,5,3,-36.98
68,5,4,-7.30
68,5,5,-15.74
68,5,6,-12.26
68,5,7,-42.73
68,5,8,-25.44
68,5,9,17.61
68,5,10,-2.44
68,5,11,-28.51
68,5,12,-16.78
68,5,13,-14.11
68,5,14,-12.37
68,5,15,-30.61
68,5,16,-21.80
68,5,17,-32.31
68,5,18,-18.40
68,5,19,31.16
68,5,20,-18.75
68,5,21,-19.50
68,5,22,0.01
68,5,23,-13.25
68,5,24,-21.51
68,5,25,2.99
68,5,26,-5.44
68,5,27,-15.79
68,5,28,2.44
68,5,29,-21.85
68,5,30,-18.00
68,5,31,4.23
68,5,32,14.60
68,5,33,-4.76
68,5,34,12.43
68,5,35,-15.99
68,5,36,-28.86
68,5,37,-35.90
68,5,38,2.74
68,5,39,-40.18
68,5,40,-19.89
68,5,41,-13.15
68,6,0,-30.84
68,6,1,-21.62
68,6,2,-19.98
68,6,3,-15.25
68,6,4,1.04
68,6,5,-35.99
68,6,6,2.57
68,6,7,-31.16
68,6,8,-17.80
68,6,9,-14.40
68,6,10,9.06
68,6,11,-10.13
68,6,12,-15.89
68,6,13,2.81
68,6,14,6.38
68,6,15,-10.70
68,6,16,-17.19
68,6,17,-13.26
68,6,18,-25.16
68,6,19,12.20
68,6,20,-26.21
68,6,21,-18.92
68,6,22,13.80
68,6,23,-10.67
68,6,24,-12.92
68,6,25,3.78
68,6,26,2.52
68,6,27,-19.67
68,6,28,-1.57
68,6,29,-10.91
68,6,30,-16.45
68,6,31,3.09
68,6,32,8.95
68,6,33,-33.88
68,6,34,-9.50
68,6,35,-19.90
68,6,36,0.00
68,6,37,11.41
68,6,38,38.34
68,6,39,2.01
68,6,40,-6.71
68,6,41,2.60
69,0,0,-19.21
69,0,1,-11.47
69,0,2,17.12
69,0,3,6.15
69,0,4,5.21
69,0,5,-26.09
69,0,6,7.65
69,0,7,-26.94
69,0,8,-25.00
69,0,9,-9.68
69,0,10,-14.56
69,0,11,-17.29
69,0,12,-23.21
69,0,13,-14.06
69,0,14,-31.63
69,0,15,-20.13
69,0,16,-17.35
69,0,17,-21.82
69,0,18,-32.74
69,0,19,-16.63
69,0,20,-21.03
69,0,21,-8.43
69,0,22,-16.94
69,0,23,-40.22
69,0,24,-47.07
69,0,25,2.27
69,0,26,2.35
69,0,27,-15.99
69,0,28,2.85
69,0,29,-31.72
69,0,30,-29.97
69,0,31,6.83
69,0,32,-22.04
69,0,33,-15.58
69,0,34,-2.11
69,0,35,-15.57
69,0,36,-17.57
69,0,37,-23.40
69,0,38,-15.07
69,0,39,-10.51
69,0,40,-19.75
69,0,41,-5.44
69,1,0,-14.66
69,1,1,-19.14
69,1,2,-10.23
69,1,3,-10.71
69,1,4,-8.88
69,1,5,-8.47
69,1,6,31.60
69,1,7,3.68
69,1,8,-2.90
69,1,9,24.75
69,1,10,28.63
69,1,11,7.41
69,1,12,-15.35
69,1,13,-22.72
69,1,14,-23.61
69,1,15,-3.50
69,1,16,-21.12
69,1,17,-21.15
69,1,18,-8.20
69,1,19,40.99
69,1,20,-5.42
69,1,21,-28.99
69,1,22,22.32
69,1,23,-6.58
69,1,24,-22.40
69,1,25,5.65
69,1,26,-14.29
69,1,27,-27.88
69,1,28,2.25
69,1,29,-28.63
69,1,30,-4.40
69,1,31,-5.20
69,1,32,-10.80
69,1,33,-32.48
69,1,34,28.19
69,1,35,-18.66
69,1,36,-20.51
69,1,37,-12.22
69,1,38,3.66
69,1,39,-25.11
69,1,40,-29.63
69,1,41,-26.59
69,2,0,-20.59
69,2,1,-27.44
69,2,2,-20.75
69,2,3,-25.86
69,2,4,1.19
69,2,5,-6.87
69,2,6,2.87
69,2,7,-25.53
69,2,8,-32.31
69,2,9,-17.84
69,2,10,-2.87
69,2,11,-21.92
69,2,12,-7.09
69,2,13,-13.58
69,2,14,2.93
69,2,15,-3.90
69,2,16,-1.40
69,2,17,11.88
69,2,18,-20.30
69,2,19,5.91
69,2,20,-18.43
69,2,21,-11.17
69,2,22,-5.49
69,2,23,-43.86
69,2,24,-28.75
69,2,25,4.80
69,2,26,-2.56
69,2,27,-22.34
69,2,28,-4.21
69,2,29,-14.08
69,2,30,-36.85
69,2,31,-14.37
69,2,32,2.54
69,2,33,-16.14
69,2,34,-9.33
69,2,35,-38.98
69,2,36,-14.70
69,2,37,-45.15
69,2,38,-8.21
69,2,39,-15.69
69,2,40,-12.65
69,2,41,-11.46
69,3,0,-11.36
69,3,1,-10.11
69,3,2,-20.53
69,3,3,-19.39
69,3,4,9.75
69,3,5,-13.91
69,3,6,2.96
69,3,7,-23.33
69,3,8,-7.99
69,3,9,0.38
69,3,10,-12.09
69,3,11,-19.47
69,3,12,1.38
69,3,13,-3.26
69,3,14,-15.51
69,3,15,-6.97
69,3,16,-5.81
69,3,17,-9.52
69,3,18,29.62
69,3,19,6.63
69,3,20,1.49
69,3,21,8.49
69,3,22,38.58
69,3,23,-5.89
69,3,24,-10.31
69,3,25,15.68
69,3,26,-12.34
69,3,27,-7.78
69,3,28,2.37
69,3,29,-28.66
69,3,30,-20.45
69,3,31,1.51
69,3,32,-1.70
69,3,33,-27.56
69,3,34,-12.63
69,3,35,-27.51
69,3,36,-24.78
69,3,37,-26.38
69,3,38,-20.12
69,3,39,-14.81
69,3,40,-18.35
69,3,41,-27.52
69,4,0,-6.48
69,4,1,-11.69
69,4,2,-27.61
69,4,3,-20.67
69,4,4,33.10
69,4,5,2.45
69,4,6,-10.96
69,4,7,-32.95
69,4,8,-24.85
69,4,9,2.70
69,4,10,2.99
69,4,11,-26.02
69,4,12,-22.48
69,4,13,-35.99
69,4,14,-16.46
69,4,15,-27.84
69,4,16,-21.90
69,4,17,-16.63
69,4,18,-29.46
69,4,19,-7.02
69,4,20,-19.06
69,4,21,-21.25
69,4,22,9.10
69,4,23,7.99
69,4,24,9.81
69,4,25,41.69
69,4,26,15.92
69,4,27,-7.82
69,4,28,9.41
69,4,29,5.33
69,4,30,-24.55
69,4,31,-5.48
69,4,32,14.87
69,4,33,-25.56
69,4,34,-9.12
69,4,35,-16.99
69,4,36,-18.38
69,4,37,2.02
69,4,38,25.56
69,4,39,3.64
69,4,40,-24.15
69,4,41,-3.94
69,5,0,-24.92
69,5,1,-35.85
69,5,2,-19.26
69,5,3,-36.98
69,5,4,-7.30
69,5,5,-15.74
69,5,6,-12.26
69,5,7,-42.73
69,5,8,-25.44
69,5,9,17.61
69,5,10,-2.44
69,5,11,-28.51
69,5,12,-16.78
69,5,13,-14.11
69,5,14,-12.37
69,5,15,-30.61
69,5,16,-21.80
69,5,17,-32.31
69,5,18,-18.40
69,5,19,31.16
69,5,20,-18.75
69,5,21,-19.50
69,5,22,0.01
69,5,23,-13.25
69,5,24,-21.51
69,5,25,2.99
69,5,26,-5.44
69,5,27,-15.79
69,5,28,2.44
69,5,29,-21.85
69,5,30,-18.00
69,5,31,4.23
69,5,32,14.60
69,5,33,-4.76
69,5,34,12.43
69,5,35,-15.99
69,5,36,-28.86
69,5,37,-35.90
69,5,38,2.74
69,5,39,-40.18
69,5,40,-19.89
69,5,41,-13.15
69,6,0,-30.84
69,6,1,-21.62
69,6,2,-19.98
69,6,3,-15.25
69,6,4,1.04
69,6,5,-35.99
69,6,6,2.57
69,6,7,-31.16
69,6,8,-17.80
69,6,9,-14.40
69,6,10,9.06
69,6,11,-10.13
69,6,12,-15.89
69,6,13,2.81
69,6,14,6.38
69,6,15,-10.70
69,6,16,-17.19
69,6,17,-13.26
69,6,18,-25.16
69,6,19,12.20
69,6,20,-26.21
69,6,21,-18.92
69,6,22,13.80
69,6,23,-10.67
69,6,24,-12.92
69,6,25,3.78
69,6,26,2.52
69,6,27,-19.67
69,6,28,-1.57
69,6,29,-10.91
69,6,30,-16.45
69,6,31,3.09
69,6,32,8.95
69,6,33,-33.88
69,6,34,-9.50
69,6,35,-19.90
69,6,36,0.00
69,6,37,11.41
69,6,38,38.34
69,6,39,2.01
69,6,40,-6.71
69,6,41,2.60
70,0,0,-19.21
70,0,1,-11.47
70,0,2,17.12
70,0,3,6.15
70,0,4,5.21
70,0,5,-26.09
70,0,6,7.65
70,0,7,-26.94
70,0,8,-25.00
70,0,9,-9.68
70,0,10,-14.56
70,0,11,-17.29
70,0,12,-23.21
70,0,13,-14.06
70,0,14,-31.63
70,0,15,-20.13
70,0,16,-17.35
70,0,17,-21.82
70,0,18,-32.74
70,0,19,-16.63
70,0,20,-21.03
70,0,21,-8.43
70,0,22,-16.94
70,0,23,-40.22
70,0,24,-47.07
70,0,25,2.27
70,0,26,2.35
70,0,27,-15.99
70,0,28,2.85
70,0,29,-31.72
70,0,30,-29.97
70,0,31,6.83
70,0,32,-22.04
70,0,33,-15.58
70,0,34,-2.11
70,0,35,-15.57
70,0,36,-17.57
70,0,37,-23.40
70,0,38,-15.07
70,0,39,-10.51
70,0,40,-19.75
70,0,41,-5.44
70,1,0,-14.66
70,1,1,-19.14
70,1,2,-10.23
70,1,3,-10.71
70,1,4,-8.88
70,1,5,-8.47
70,1,6,31.60
70,1,7,3.68
70,1,8,-2.90
70,1,9,24.75
70,1,10,28.63
70,1,11,7.41
70,1,12,-15.35
70,1,13,-22.72
70,1,14,-23.61
70,1,15,-3.50
70,1,16,-21.12
70,1,17,-21.15
70,1,18,-8.20
70,1,19,40.99
70,1,20,-5.42
70,1,21,-28.99
70,1,22,22.32
70,1,23,-6.58
70,1,24,-22.40
70,1,25,5.65
70,1,26,-14.29
70,1,27,-27.88
70,1,28,2.25
70,1,29,-28.63
70,1,30,-4.40
70,1,31,-5.20
70,1,32,-10.80
70,1,33,-32.48
70,1,34,28.19
70,1,35,-18.66
70,1,36,-20.51
70,1,37,-12.22
70,1,38,3.66
70,1,39,-25.11
70,1,40,-29.63
70,1,41,-26.59
70,2,0,-20.59
70,2,1,-27.44
70,2,2,-20.75
70,2,3,-25.86
70,2,4,1.19
70,2,5,-6.87
70,2,6,2.87
70,2,7,-25.53
70,2,8,-32.31
70,2,9,-17.84
70,2,10,-2.87
70,2,11,-21.92
70,2,12,-7.09
70,2,13,-13.58
70,2,14,2.93
70,2,15,-3.90
70,2,16,-1.40
70,2,17,11.88
70,2,18,-20.30
70,2,19,5.91
70,2,20,-18.43
70,2,21,-11.17
70,2,22,-5.49
70,2,23,-43.86
70,2,24,-28.75
70,2,25,4.80
70,2,26,-2.56
70,2,27,-22.34
70,2,28,-4.21
70,2,29,-14.08
70,2,30,-36.85
70,2,31,-14.37
70,2,32,2.54
70,2,33,-16.14
70,2,34,-9.33
70,2,35,-38.98
70,2,36,-14.70
70,2,37,-45.15
70,2,38,-8.21
70,2,39,-15.69
70,2,40,-12.65
70,2,41,-11.46
70,3,0,-11.36
70,3,1,-10.11
70,3,2,-20.53
70,3,3,-19.39
70,3,4,9.75
70,3,5,-13.91
70,3,6,2.96
70,3,7,-23.33
70,3,8,-7.99
70,3,9,0.38
70,3,10,-12.09
70,3,11,-19.47
70,3,12,1.38
70,3,13,-3.26
70,3,14,-15.51
70,3,15,-6.97
70,3,16,-5.81
70,3,17,-9.52
70,3,18,29.62
70,3,19,6.63
70,3,20,1.49
70,3,21,8.49
70,3,22,38.58
70,3,23,-5.89
70,3,24,-10.31
70,3,25,15.68
70,3,26,-12.34
70,3,27,-7.78
70,3,28,2.37
70,3,29,-28.66
70,3,30,-20.45
70,3,31,1.51
70,3,32,-1.70
70,3,33,-27.56
70,3,34,-12.63
70,3,35,-27.51
70,3,36,-24.78
70,3,37,-26.38
70,3,38,-20.12
70,3,39,-14.81
70,3,40,-18.35
70,3,41,-27.52
70,4,0,-6.48
70,4,1,-11.69
70,4,2,-27.61
70,4,3,-20.67
70,4,4,33.10
70,4,5,2.45
70,4,6,-10.96
70,4,7,-32.95
70,4,8,-24.85
70,4,9,2.70
70,4,10,2.99
70,4,11,-26.02
70,4,12,-22.48
70,4,13,-35.99
70,4,14,-16.46
70,4,15,-27.84
70,4,16,-21.90
70,4,17,-16.63
70,4,18,-29.46
70,4,19,-7.02
70,4,20,-19.06
70,4,21,-21.25
70,4,22,9.10
70,4,23,7.99
70,4,24,9.81
70,4,25,41.69
70,4,26,15.92
70,4,27,-7.82
70,4,28,9.41
70,4,29,5.33
70,4,30,-24.55
70,4,31,-5.48
70,4,32,14.87
70,4,33,-25.56
70,4,34,-9.12
70,4,35,-16.99
70,4,36,-18.38
70,4,37,2.02
70,4,38,25.56
70,4,39,3.64
70,4,40,-24.15
70,4,41,-3.94
70,5,0,-24.92
70,5,1,-35.85
70,5,2,-19.26
70,5,3,-36.98
70,5,4,-7.30
70,5,5,-15.74
70,5,6,-12.26
70,5,7,-42.73
70,5,8,-25.44
70,5,9,17.61
70,5,10,-2.44
70,5,11,-28.51
70,5,12,-16.78
70,5,13,-14.11
70,5,14,-12.37
70,5,15,-30.61
70,5,16,-21.80
70,5,17,-32.31
70,5,18,-18.40
70,5,19,31.16
70,5,20,-18.75
70,5,21,-19.50
70,5,22,0.01
70,5,23,-13.25
70,5,24,-21.51
70,5,25,2.99
70,5,26,-5.44
70,5,27,-15.79
70,5,28,2.44
70,5,29,-21.85
70,5,30,-18.00
70,5,31,4.23
70,5,32,14.60
70,5,33,-4.76
70,5,34,12.43
70,5,35,-15.99
70,5,36,-28.86
70,5,37,-35.90
70,5,38,2.74
70,5,39,-40.18
70,5,40,-19.89
70,5,41,-13.15
70,6,0,-30.84
70,6,1,-21.62
70,6,2,-19.98
70,6,3,-15.25
70,6,4,1.04
70,6,5,-35.99
70,6,6,2.57
70,6,7,-31.16
70,6,8,-17.80
70,6,9,-14.40
70,6,10,9.06
70,6,11,-10.13
70,6,12,-15.89
70,6,13,2.81
70,6,14,6.38
70,6,15,-10.70
70,6,16,-17.19
70,6,17,-13.26
70,6,18,-25.16
70,6,19,12.20
70,6,20,-26.21
70,6,21,-18.92
70,6,22,13.80
70,6,23,-10.67
70,6,24,-12.92
70,6,25,3.78
70,6,26,2.52
70,6,27,-19.67
70,6,28,-1.57
70,6,29,-10.91
70,6,30,-16.45
70,6,31,3.09
70,6,32,8.95
70,6,33,-33.88
70,6,34,-9.50
70,6,35,-19.90
70,6,36,0.00
70,6,37,11.41
70,6,38,38.34
70,6,39,2.01
70,6,40,-6.71
70,6,41,2.60
71,0,0,-19.21
71,0,1,-11.47
71,0,2,17.12
71,0,3,6.15
71,0,4,5.21
71,0,5,-26.09
71,0,6,7.65
71,0,7,-26.94
71,0,8,-25.00
71,0,9,-9.68
71,0,10,-14.56
71,0,11,-17.29
71,0,12,-23.21
71,0,13,-14.06
71,0,14,-31.63
71,0,15,-20.13
71,0,16,-17.35
71,0,17,-21.82
71,0,18,-32.74
71,0,19,-16.63
71,0,20,-21.03
71,0,21,-8.43
71,0,22,-16.94
71,0,23,-40.22
71,0,24,-47.07
71,0,25,2.27
71,0,26,2.35
71,0,27,-15.99
71,0,28,2.85
71,0,29,-31.72
71,0,30,-29.97
71,0,31,6.83
71,0,32,-22.04
71,0,33,-15.58
71,0,34,-2.11
71,0,35,-15.57
71,0,36,-17.57
71,0,37,-23.40
71,0,38,-15.07
71,0,39,-10.51
71,0,40,-19.75
71,0,41,-5.44
71,1,0,-14.66
71,1,1,-19.14
71,1,2,-10.23
71,1,3,-10.71
71,1,4,-8.88
71,1,5,-8.47
71,1,6,31.60
71,1,7,3.68
71,1,8,-2.90
71,1,9,24.75
71,1,10,28.63
71,1,11,7.41
71,1,12,-15.35
71,1,13,-22.72
71,1,14,-23.61
71,1,15,-3.50
71,1,16,-21.12
71,1,17,-21.15
71,1,18,-8.20
71,1,19,40.99
71,1,20,-5.42
71,1,21,-28.99
71,1,22,22.32
71,1,23,-6.58
71,1,24,-22.40
71,1,25,5.65
71,1,26,-14.29
71,1,27,-27.88
71,1,28,2.25
71,1,29,-28.63
71,1,30,-4.40
71,1,31,-5.20
71,1,32,-10.80
71,1,33,-32.48
71,1,34,28.19
71,1,35,-18.66
71,1,36,-20.51
71,1,37,-12.22
71,1,38,3.66
71,1,39,-25.11
71,1,40,-29.63
71,1,41,-26.59
71,2,0,-20.59
71,2,1,-27.44
71,2,2,-20.75
71,2,3,-25.86
71,2,4,1.19
71,2,5,-6.87
71,2,6,2.87
71,2,7,-25.53
71,2,8,-32.31
71,2,9,-17.84
71,2,10,-2.87
71,2,11,-21.92
71,2,12,-7.09
71,2,13,-13.58
71,2,14,2.93
71,2,15,-3.90
71,2,16,-1.40
71,2,17,11.88
71,2,18,-20.30
71,2,19,5.91
71,2,20,-18.43
71,2,21,-11.17
71,2,22,-5.49
71,2,23,-43.86
71,2,24,-28.75
71,2,25,4.80
71,2,26,-2.56
71,2,27,-22.34
71,2,28,-4.21
71,2,29,-14.08
71,2,30,-36.85
71,2,31,-14.37
71,2,32,2.54
71,2,33,-16.14
71,2,34,-9.33
71,2,35,-38.98
71,2,36,-14.70
71,2,37,-45.15
71,2,38,-8.21
71,2,39,-15.69
71,2,40,-12.65
71,2,41,-11.46
71,3,0,-11.36
71,3,1,-10.11
71,3,2,-20.53
71,3,3,-19.39
71,3,4,9.75
71,3,5,-13.91
71,3,6,2.96
71,3,7,-23.33
71,3,8,-7.99
71,3,9,0.38
71,3,10,-12.09
71,3,11,-19.47
71,3,12,1.38
71,3,13,-3.26
71,3,14,-15.51
71,3,15,-6.97
71,3,16,-5.81
71,3,17,-9.52
71,3,18,29.62
71,3,19,6.63
71,3,20,1.49
71,3,21,8.49
71,3,22,38.58
71,3,23,-5.89
71,3,24,-10.31
71,3,25,15.68
71,3,26,-12.34
71,3,27,-7.78
71,3,28,2.37
71,3,29,-28.66
71,3,30,-20.45
71,3,31,1.51
71,3,32,-1.70
71,3,33,-27.56
71,3,34,-12.63
71,3,35,-27.51
71,3,36,-24.78
71,3,37,-26.38
71,3,38,-20.12
71,3,39,-14.81
71,3,40,-18.35
71,3,41,-27.52
71,4,0,-6.48
71,4,1,-11.69
71,4,2,-27.61
71,4,3,-20.67
71,4,4,33.10
71,4,5,2.45
71,4,6,-10.96
71,4,7,-32.95
71,4,8,-24.85
71,4,9,2.70
71,4,10,2.99
71,4,11,-26.02
71,4,12,-22.48
71,4,13,-35.99
71,4,14,-16.46
71,4,15,-27.84
71,4,16,-21.90
71,4,17,-16.63
71,4,18,-29.46
71,4,19,-7.02
71,4,20,-19.06
71,4,21,-21.25
71,4,22,9.10
71,4,23,7.99
71,4,24,9.81
71,4,25,41.69
71,4,26,15.92
71,4,27,-7.82
71,4,28,9.41
71,4,29,5.33
71,4,30,-24.55
71,4,31,-5.48
71,4,32,14.87
71,4,33,-25.56
71,4,34,-9.12
71,4,35,-16.99
71,4,36,-18.38
71,4,37,2.02
71,4,38,25.56
71,4,39,3.64
71,4,40,-24.15
71,4,41,-3.94
71,5,0,-24.92
71,5,1,-35.85
71,5,2,-19.26
71,5,3,-36.98
71,5,4,-7.30
71,5,5,-15.74
71,5,6,-12.26
71,5,7,-42.73
71,5,8,-25.44
71,5,9,17.61
71,5,10,-2.44
71,5,11,-28.51
71,5,12,-16.78
71,5,13,-14.11
71,5,14,-12.37
71,5,15,-30.61
71,5,16,-21.80
71,5,17,-32.31
71,5,18,-18.40
71,5,19,31.16
71,5,20,-18.75
71,5,21,-19.50
71,5,22,0.01
71,5,23,-13.25
71,5,24,-21.51
71,5,25,2.99
71,5,26,-5.44
71,5,27,-15.79
71,5,28,2.44
71,5,29,-21.85
71,5,30,-18.00
71,5,31,4.23
71,5,32,14.60
71,5,33,-4.76
71,5,34,12.43
71,5,35,-15.99
71,5,36,-28.86
71,5,37,-35.90
71,5,38,2.74
71,5,39,-40.18
71,5,40,-19.89
71,5,41,-13.15
71,6,0,-30.84
71,6,1,-21.62
71,6,2,-19.98
71,6,3,-15.25
71,6,4,1.04
71,6,5,-35.99
71,6,6,2.57
71,6,7,-31.16
71,6,8,-17.80
71,6,9,-14.40
71,6,10,9.06
71,6,11,-10.13
71,6,12,-15.89
71,6,13,2.81
71,6,14,6.38
71,6,15,-10.70
71,6,16,-17.19
71,6,17,-13.26
71,6,18,-25.16
71,6,19,12.20
71,6,20,-26.21
71,6,21,-18.92
71,6,22,13.80
71,6,23,-10.67
71,6,24,-12.92
71,6,25,3.78
71,6,26,2.52
71,6,27,-19.67
71,6,28,-1.57
71,6,29,-10.91
71,6,30,-16.45
71,6,31,3.09
71,6,32,8.95
71,6,33,-33.88
71,6,34,-9.50
71,6,35,-19.90
71,6,36,0.00
71,6,37,11.41
71,6,38,38.34
71,6,39,2.01
71,6,40,-6.71
71,6,41,2.60
72,0,0,-19.21
72,0,1,-11.47
72,0,2,17.12
72,0,3,6.15
72,0,4,5.21
72,0,5,-26.09
72,0,6,7.65
72,0,7,-26.94
72,0,8,-25.00
72,0,9,-9.68
72,0,10,-14.56
72,0,11,-17.29
72,0,12,-23.21
72,0,13,-14.06
72,0,14,-31.63
72,0,15,-20.13
72,0,16,-17.35
72,0,17,-21.82
72,0,18,-32.74
72,0,19,-16.63
72,0,20,-21.03
72,0,21,-8.43
72,0,22,-16.94
72,0,23,-40.22
72,0,24,-47.07
72,0,25,2.27
72,0,26,2.35
72,0,27,-15.99
72,0,28,2.85
72,0,29,-31.72
72,0,30,-29.97
72,0,31,6.83
72,0,32,-22.04
72,0,33,-15.58
72,0,34,-2.11
72,0,35,-15.57
72,0,36,-17.57
72,0,37,-23.40
72,0,38,-15.07
72,0,39,-10.51
72,0,40,-19.75
72,0,41,-5.44
72,1,0,-14.66
72,1,1,-19.14
72,1,2,-10.23
72,1,3,-10.71
72,1,4,-8.88
72,1,5,-8.47
72,1,6,31.60
72,1,7,3.68
72,1,8,-2.90
72,1,9,24.75
72,1,10,28.63
72,1,11,7.41
72,1,12,-15.35
72,1,13,-22.72
72,1,14,-23.61
72,1,15,-3.50
72,1,16,-21.12
72,1,17,-21.15
72,1,18,-8.20
72,1,19,40.99
72,1,20,-5.42
72,1,21,-28.99
72,1,22,22.32
72,1,23,-6.58
72,1,24,-22.40
72,1,25,5.65
72,1,26,-14.29
72,1,27,-27.88
72,1,28,2.25
72,1,29,-28.63
72,1,30,-4.40
72,1,31,-5.20
72,1,32,-10.80
72,1,33,-32.48
72,1,34,28.19
72,1,35,-18.66
72,1,36,-20.51
72,1,37,-12.22
72,1,38,3.66
72,1,39,-25.11
72,1,40,-29.63
72,1,41,-26.59
72,2,0,-20.59
72,2,1,-27.44
72,2,2,-20.75
72,2,3,-25.86
72,2,4,1.19
72,2,5,-6.87
72,2,6,2.87
72,2,7,-25.53
72,2,8,-32.31
72,2,9,-17.84
72,2,10,-2.87
72,2,11,-21.92
72,2,12,-7.09
72,2,13,-13.58
72,2,14,2.93
72,2,15,-3.90
72,2,16,-1.40
72,2,17,11.88
72,2,18,-20.30
72,2,19,5.91
72,2,20,-18.43
72,2,21,-11.17
72,2,22,-5.49
72,2,23,-43.86
72,2,24,-28.75
72,2,25,4.80
72,2,26,-2.56
72,2,27,-22.34
72,2,28,-4.21
72,2,29,-14.08
72,2,30,-36.85
72,2,31,-14.37
72,2,32,2.54
72,2,33,-16.14
72,2,34,-9.33
72,2,35,-38.98
72,2,36,-14.70
72,2,37,-45.15
72,2,38,-8.21
72,2,39,-15.69
72,2,40,-12.65
72,2,41,-11.46
72,3,0,-11.36
72,3,1,-10.11
72,3,2,-20.53
72,3,3,-19.39
72,3,4,9.75
72,3,5,-13.91
72,3,6,2.96
72,3,7,-23.33
72,3,8,-7.99
72,3,9,0.38
72,3,10,-12.09
72,3,11,-19.47
72,3,12,1.38
72,3,13,-3.26
72,3,14,-15.51
72,3,15,-6.97
72,3,16,-5.81
72,3,17,-9.52
72,3,18,29.62
72,3,19,6.63
72,3,20,1.49
72,3,21,8.49
72,3,22,38.58
72,3,23,-5.89
72,3,24,-10.31
72,3,25,15.68
72,3,26,-12.34
72,3,27,-7.78
72,3,28,2.37
72,3,29,-28.66
72,3,30,-20.45
72,3,31,1.51
72,3,32,-1.70
72,3,33,-27.56
72,3,34,-12.63
72,3,35,-27.51
72,3,36,-24.78
72,3,37,-26.38
72,3,38,-20.12
72,3,39,-14.81
72,3,40,-18.35
72,3,41,-27.52
72,4,0,-6.48
72,4,1,-11.69
72,4,2,-27.61
72,4,3,-20.67
72,4,4,33.10
72,4,5,2.45
72,4,6,-10.96
72,4,7,-32.95
72,4,8,-24.85
72,4,9,2.70
72,4,10,2.99
72,4,11,-26.02
72,4,12,-22.48
72,4,13,-35.99
72,4,14,-16.46
72,4,15,-27.84
72,4,16,-21.90
72,4,17,-16.63
72,4,18,-29.46
72,4,19,-7.02
72,4,20,-19.06
72,4,21,-21.25
72,4,22,9.10
72,4,23,7.99
72,4,24,9.81
72,4,25,41.69
72,4,26,15.92
72,4,27,-7.82
72,4,28,9.41
72,4,29,5.33
72,4,30,-24.55
72,4,31,-5.48
72,4,32,14.87
72,4,33,-25.56
72,4,34,-9.12
72,4,35,-16.99
72,4,36,-18.38
72,4,37,2.02
72,4,38,25.56
72,4,39,3.64
72,4,40,-24.15
72,4,41,-3.94
72,5,0,-24.92
72,5,1,-35.85
72,5,2,-19.26
72,5,3,-36.98
72,5,4,-7.30
72,5,5,-15.74
72,5,6,-12.26
72,5,7,-42.73
72,5,8,-25.44
72,5,9,17.61
72,5,10,-2.44
72,5,11,-28.51
72,5,12,-16.78
72,5,13,-14.11
72,5,14,-12.37
72,5,15,-30.61
72,5,16,-21.80
72,5,17,-32.31
72,5,18,-18.40
72,5,19,31.16
72,5,20,-18.75
72,5,21,-19.50
72,5,22,0.01
72,5,23,-13.25
72,5,24,-21.51
72,5,25,2.99
72,5,26,-5.44
72,5,27,-15.79
72,5,28,2.44
72,5,29,-21.85
72,5,30,-18.00
72,5,31,4.23
72,5,32,14.60
72,5,33,-4.76
72,5,34,12.43
72,5,35,-15.99
72,5,36,-28.86
72,5,37,-35.90
72,5,38,2.74
72,5,39,-40.18
72,5,40,-19.89
72,5,41,-13.15
72,6,0,-30.84
72,6,1,-21.62
72,6,2,-19.98
72,6,3,-15.25
72,6,4,1.04
72,6,5,-35.99
72,6,6,2.57
72,6,7,-31.16
72,6,8,-17.80
72,6,9,-14.40
72,6,10,9.06
72,6,11,-10.13
72,6,12,-15.89
72,6,13,2.81
72,6,14,6.38
72,6,15,-10.70
72,6,16,-17.19
72,6,17,-13.26
72,6,18,-25.16
72,6,19,12.20
72,6,20,-26.21
72,6,21,-18.92
72,6,22,13.80
72,6,23,-10.67
72,6,24,-12.92
72,6,25,3.78
72,6,26,2.52
72,6,27,-19.67
72,6,28,-1.57
72,6,29,-10.91
72,6,30,-16.45
72,6,31,3.09
72,6,32,8.95
72,6,33,-33.88
72,6,34,-9.50
72,6,35,-19.90
72,6,36,0.00
72,6,37,11.41
72,6,38,38.34
72,6,39,2.01
72,6,40,-6.71
72,6,41,2.60
73,0,0,-19.21
73,0,1,-11.47
73,0,2,17.12
73,0,3,6.15
73,0,4,5.21
73,0,5,-26.09
73,0,6,7.65
73,0,7,-26.94
73,0,8,-25.00
73,0,9,-9.68
73,0,10,-14.56
73,0,11,-17.29
73,0,12,-23.21
73,0,13,-14.06
73,0,14,-31.63
73,0,15,-20.13
73,0,16,-17.35
73,0,17,-21.82
73,0,18,-32.74
73,0,19,-16.63
73,0,20,-21.03
73,0,21,-8.43
73,0,22,-16.94
73,0,23,-40.22
73,0,24,-47.07
73,0,25,2.27
73,0,26,2.35
73,0,27,-15.99
73,0,28,2.85
73,0,29,-31.72
73,0,30,-29.97
73,0,31,6.83
73,0,32,-22.04
73,0,33,-15.58
73,0,34,-2.11
73,0,35,-15.57
73,0,36,-17.57
73,0,37,-23.40
73,0,38,-15.07
73,0,39,-10.51
73,0,40,-19.75
73,0,41,-5.44
73,1,0,-14.66
73,1,1,-19.14
73,1,2,-10.23
73,1,3,-10.71
73,1,4,-8.88
73,1,5,-8.47
73,1,6,31.60
73,1,7,3.68
73,1,8,-2.90
73,1,9,24.75
73,1,10,28.63
73,1,11,7.41
73,1,12,-15.35
73,1,13,-22.72
73,1,14,-23.61
73,1,15,-3.50
73,1,16,-21.12
73,1,17,-21.15
73,1,18,-8.20
73,1,19,40.99
73,1,20,-5.42
73,1,21,-28.99
73,1,22,22.32
73,1,23,-6.58
73,1,24,-22.40
73,1,25,5.65
73,1,26,-14.29
73,1,27,-27.88
73,1,28,2.25
73,1,29,-28.63
73,1,30,-4.40
73,1,31,-5.20
73,1,32,-10.80
73,1,33,-32.48
73,1,34,28.19
73,1,35,-18.66
73,1,36,-20.51
73,1,37,-12.22
73,1,38,3.66
73,1,39,-25.11
73,1,40,-29.63
73,1,41,-26.59
73,2,0,-20.59
73,2,1,-27.44
73,2,2,-20.75
73,2,3,-25.86
73,2,4,1.19
73,2,5,-6.87
73,2,6,2.87
73,2,7,-25.53
73,2,8,-32.31
73,2,9,-17.84
73,2,10,-2.87
73,2,11,-21.92
73,2,12,-7.09
73,2,13,-13.58
73,2,14,2.93
73,2,15,-3.90
73,2,16,-1.40
73,2,17,11.88
73,2,18,-20.30
73,2,19,5.91
73,2,20,-18.43
73,2,21,-11.17
73,2,22,-5.49
73,2,23,-43.86
73,2,24,-28.75
73,2,25,4.80
73,2,26,-2.56
73,2,27,-22.34
73,2,28,-4.21
73,2,29,-14.08
73,2,30,-36.85
73,2,31,-14.37
73,2,32,2.54
73,2,33,-16.14
73,2,34,-9.33
73,2,35,-38.98
73,2,36,-14.70
73,2,37,-45.15
73,2,38,-8.21
73,2,39,-15.69
73,2,40,-12.65
73,2,41,-11.46
73,3,0,-11.36
73,3,1,-10.11
73,3,2,-20.53
73,3,3,-19.39
73,3,4,9.75
73,3,5,-13.91
73,3,6,2.96
73,3,7,-23.33
73,3,8,-7.99
73,3,9,0.38
73,3,10,-12.09
73,3,11,-19.47
73,3,12,1.38
73,3,13,-3.26
73,3,14,-15.51
73,3,15,-6.97
73,3,16,-5.81
73,3,17,-9.52
73,3,18,29.62
73,3,19,6.63
73,3,20,1.49
73,3,21,8.49
73,3,22,38.58
73,3,23,-5.89
73,3,24,-10.31
73,3,25,15.68
73,3,26,-12.34
73,3,27,-7.78
73,3,28,2.37
73,3,29,-28.66
73,3,30,-20.45
73,3,31,1.51
73,3,32,-1.70
73,3,33,-27.56
73,3,34,-12.63
73,3,35,-27.51
73,3,36,-24.78
73,3,37,-26.38
73,3,38,-20.12
73,3,39,-14.81
73,3,40,-18.35
73,3,41,-27.52
73,4,0,-6.48
73,4,1,-11.69
73,4,2,-27.61
73,4,3,-20.67
73,4,4,33.10
73,4,5,2.45
73,4,6,-10.96
73,4,7,-32.95
73,4,8,-24.85
73,4,9,2.70
73,4,10,2.99
73,4,11,-26.02
73,4,12,-22.48
73,4,13,-35.99
73,4,14,-16.46
73,4,15,-27.84
73,4,16,-21.90
73,4,17,-16.63
73,4,18,-29.46
73,4,19,-7.02
73,4,20,-19.06
73,4,21,-21.25
73,4,22,9.10
73,4,23,7.99
73,4,24,9.81
73,4,25,41.69
73,4,26,15.92
73,4,27,-7.82
73,4,28,9.41
73,4,29,5.33
73,4,30,-24.55
73,4,31,-5.48
73,4,32,14.87
73,4,33,-25.56
73,4,34,-9.12
73,4,35,-16.99
73,4,36,-18.38
73,4,37,2.02
73,4,38,25.56
73,4,39,3.64
73,4,40,-24.15
73,4,41,-3.94
73,5,0,-24.92
73,5,1,-35.85
73,5,2,-19.26
73,5,3,-36.98
73,5,4,-7.30
73,5,5,-15.74
73,5,6,-12.26
73,5,7,-42.73
73,5,8,-25.44
73,5,9,17.61
73,5,10,-2.44
73,5,11,-28.51
73,5,12,-16.78
73,5,13,-14.11
73,5,14,-12.37
73,5,15,-30.61
73,5,16,-21.80
73,5,17,-32.31
73,5,18,-18.40
73,5,19,31.16
73,5,20,-18.75
73,5,21,-19.50
73,5,22,0.01
73,5,23,-13.25
73,5,24,-21.51
73,5,25,2.99
73,5,26,-5.44
73,5,27,-15.79
73,5,28,2.44
73,5,29,-21.85
73,5,30,-18.00
73,5,31,4.23
73,5,32,14.60
73,5,33,-4.76
73,5,34,12.43
73,5,35,-15.99
73,5,36,-28.86
73,5,37,-35.90
73,5,38,2.74
73,5,39,-40.18
73,5,40,-19.89
73,5,41,-13.15
73,6,0,-30.84
73,6,1,-21.62
73,6,2,-19.98
73,6,3,-15.25
73,6,4,1.04
73,6,5,-35.99
73,6,6,2.57
73,6,7,-31.16
73,6,8,-17.80
73,6,9,-14.40
73,6,10,9.06
73,6,11,-10.13
73,6,12,-15.89
73,6,13,2.81
73,6,14,6.38
73,6,15,-10.70
73,6,16,-17.19
73,6,17,-13.26
73,6,18,-25.16
73,6,19,12.20
73,6,20,-26.21
73,6,21,-18.92
73,6,22,13.80
73,6,23,-10.67
73,6,24,-12.92
73,6,25,3.78
73,6,26,2.52
73,6,27,-19.67
73,6,28,-1.57
73,6,29,-10.91
73,6,30,-16.45
73,6,31,3.09
73,6,32,8.95
73,6,33,-33.88
73,6,34,-9.50
73,6,35,-19.90
73,6,36,0.00
73,6,37,11.41
73,6,38,38.34
73,6,39,2.01
73,6,40,-6.71
73,6,41,2.60
74,0,0,-19.21
74,0,1,-11.47
74,0,2,17.12
74,0,3,6.15
74,0,4,5.21
74,0,5,-26.09
74,0,6,7.65
74,0,7,-26.94
74,0,8,-25.00
74,0,9,-9.68
74,0,10,-14.56
74,0,11,-17.29
74,0,12,-23.21
74,0,13,-14.06
74,0,14,-31.63
74,0,15,-20.13
74,0,16,-17.35
74,0,17,-21.82
74,0,18,-32.74
74,0,19,-16.63
74,0,20,-21.03
74,0,21,-8.43
74,0,22,-16.94
74,0,23,-40.22
74,0,24,-47.07
74,0,25,2.27
74,0,26,2.35
74,0,27,-15.99
74,0,28,2.85
74,0,29,-31.72
74,0,30,-29.97
74,0,31,6.83
74,0,32,-22.04
74,0,33,-15.58
74,0,34,-2.11
74,0,35,-15.57
74,0,36,-17.57
74,0,37,-23.40
74,0,38,-15.07
74,0,39,-10.51
74,0,40,-19.75
74,0,41,-5.44
74,1,0,-14.66
74,1,1,-19.14
74,1,2,-10.23
74,1,3,-10.71
74,1,4,-8.88
74,1,5,-8.47
74,1,6,31.60
74,1,7,3.68
74,1,8,-2.90
74,1,9,24.75
74,1,10,28.63
74,1,11,7.41
74,1,12,-15.35
74,1,13,-22.72
74,1,14,-23.61
74,1,15,-3.50
74,1,16,-21.12
74,1,17,-21.15
74,1,18,-8.20
74,1,19,40.99
74,1,20,-5.42
74,1,21,-28.99
74,1,22,22.32
74,1,23,-6.58
74,1,24,-22.40
74,1,25,5.65
74,1,26,-14.29
74,1,27,-27.88
74,1,28,2.25
74,1,29,-28.63
74,1,30,-4.40
74,1,31,-5.20
74,1,32,-10.80
74,1,33,-32.48
74,1,34,28.19
74,1,35,-18.66
74,1,36,-20.51
74,1,37,-12.22
74,1,38,3.66
74,1,39,-25.11
74,1,40,-29.63
74,1,41,-26.59
74,2,0,-20.59
74,2,1,-27.44
74,2,2,-20.75
74,2,3,-25.86
74,2,4,1.19
74,2,5,-6.87
74,2,6,2.87
74,2,7,-25.53
74,2,8,-32.31
74,2,9,-17.84
74,2,10,-2.87
74,2,11,-21.92
74,2,12,-7.09
74,2,13,-13.58
74,2,14,2.93
74,2,15,-3.90
74,2,16,-1.40
74,2,17,11.88
74,2,18,-20.30
74,2,19,5.91
74,2,20,-18.43
74,2,21,-11.17
74,2,22,-5.49
74,2,23,-43.86
74,2,24,-28.75
74,2,25,4.80
74,2,26,-2.56
74,2,27,-22.34
74,2,28,-4.21
74,2,29,-14.08
74,2,30,-36.85
74,2,31,-14.37
74,2,32,2.54
74,2,33,-16.14
74,2,34,-9.33
74,2,35,-38.98
74,2,36,-14.70
74,2,37,-45.15
74,2,38,-8.21
74,2,39,-15.69
74,2,40,-12.65
74,2,41,-11.46
74,3,0,-11.36
74,3,1,-10.11
74,3,2,-20.53
74,3,3,-19.39
74,3,4,9.75
74,3,5,-13.91
74,3,6,2.96
74,3,7,-23.33
74,3,8,-7.99
74,3,9,0.38
74,3,10,-12.09
74,3,11,-19.47
74,3,12,1.38
74,3,13,-3.26
74,3,14,-15.51
74,3,15,-6.97
74,3,16,-5.81
74,3,17,-9.52
74,3,18,29.62
74,3,19,6.63
74,3,20,1.49
74,3,21,8.49
74,3,22,38.58
74,3,23,-5.89
74,3,24,-10.31
74,3,25,15.68
74,3,26,-12.34
74,3,27,-7.78
74,3,28,2.37
74,3,29,-28.66
74,3,30,-20.45
74,3,31,1.51
74,3,32,-1.70
74,3,33,-27.56
74,3,34,-12.63
74,3,35,-27.51
74,3,36,-24.78
74,3,37,-26.38
74,3,38,-20.12
74,3,39,-14.81
74,3,40,-18.35
74,3,41,-27.52
74,4,0,-6.48
74,4,1,-11.69
74,4,2,-27.61
74,4,3,-20.67
74,4,4,33.10
74,4,5,2.45
74,4,6,-10.96
74,4,7,-32.95
74,4,8,-24.85
74,4,9,2.70
74,4,10,2.99
74,4,11,-26.02
74,4,12,-22.48
74,4,13,-35.99
74,4,14,-16.46
74,4,15,-27.84
74,4,16,-21.90
74,4,17,-16.63
74,4,18,-29.46
74,4,19,-7.02
74,4,20,-19.06
74,4,21,-21.25
74,4,22,9.10
74,4,23,7.99
74,4,24,9.81
74,4,25,41.69
74,4,26,15.92
74,4,27,-7.82
74,4,28,9.41
74,4,29,5.33
74,4,30,-24.55
74,4,31,-5.48
74,4,32,14.87
74,4,33,-25.56
74,4,34,-9.12
74,4,35,-16.99
74,4,36,-18.38
74,4,37,2.02
74,4,38,25.56
74,4,39,3.64
74,4,40,-24.15
74,4,41,-3.94
74,5,0,-24.92
74,5,1,-35.85
74,5,2,-19.26
74,5,3,-36.98
74,5,4,-7.30
74,5,5,-15.74
74,5,6,-12.26
74,5,7,-42.73
74,5,8,-25.44
74,5,9,17.61
74,5,10,-2.44
74,5,11,-28.51
74,5,12,-16.78
74,5,13,-14.11
74,5,14,-12.37
74,5,15,-30.61
74,5,16,-21.80
74,5,17,-32.31
74,5,18,-18.40
74,5,19,31.16
74,5,20,-18.75
74,5,21,-19.50
74,5,22,0.01
74,5,23,-13.25
74,5,24,-21.51
74,5,25,2.99
74,5,26,-5.44
74,5,27,-15.79
74,5,28,2.44
74,5,29,-21.85
74,5,30,-18.00
74,5,31,4.23
74,5,32,14.60
74,5,33,-4.76
74,5,34,12.43
74,5,35,-15.99
74,5,36,-28.86
74,5,37,-35.90
74,5,38,2.74
74,5,39,-40.18
74,5,40,-19.89
74,5,41,-13.15
74,6,0,-30.84
74,6,1,-21.62
74,6,2,-19.98
74,6,3,-15.25
74,6,4,1.04
74,6,5,-35.99
74,6,6,2.57
74,6,7,-31.16
74,6,8,-17.80
74,6,9,-14.40
74,6,10,9.06
74,6,11,-10.13
74,6,12,-15.89
74,6,13,2.81
74,6,14,6.38
74,6,15,-10.70
74,6,16,-17.19
74,6,17,-13.26
74,6,18,-25.16
74,6,19,12.20
74,6,20,-26.21
74,6,21,-18.92
74,6,22,13.80
74,6,23,-10.67
74,6,24,-12.92
74,6,25,3.78
74,6,26,2.52
74,6,27,-19.67
74,6,28,-1.57
74,6,29,-10.91
74,6,30,-16.45
74,6,31,3.09
74,6,32,8.95
74,6,33,-33.88
74,6,34,-9.50
74,6,35,-19.90
74,6,36,0.00
74,6,37,11.41
74,6,38,38.34
74,6,39,2.01
74,6,40,-6.71
74,6,41,2.60
75,0,0,-19.21
75,0,1,-11.47
75,0,2,17.12
75,0,3,6.15
75,0,4,5.21
75,0,5,-26.09
75,0,6,7.65
75,0,7,-26.94
75,0,8,-25.00
75,0,9,-9.68
75,0,10,-14.56
75,0,11,-17.29
75,0,12,-23.21
75,0,13,-14.06
75,0,14,-31.63
75,0,15,-20.13
75,0,16,-17.35
75,0,17,-21.82
75,0,18,-32.74
75,0,19,-16.63
75,0,20,-21.03
75,0,21,-8.43
75,0,22,-16.94
75,0,23,-40.22
75,0,24,-47.07
75,0,25,2.27
75,0,26,2.35
75,0,27,-15.99
75,0,28,2.85
75,0,29,-31.72
75,0,30,-29.97
75,0,31,6.83
75,0,32,-22.04
75,0,33,-15.58
75,0,34,-2.11
75,0,35,-15.57
75,0,36,-17.57
75,0,37,-23.40
75,0,38,-15.07
75,0,39,-10.51
75,0,40,-19.75
75,0,41,-5.44
75,1,0,-14.66
75,1,1,-19.14
75,1,2,-10.23
75,1,3,-10.71
75,1,4,-8.88
75,1,5,-8.47
75,1,6,31.60
75,1,7,3.68
75,1,8,-2.90
75,1,9,24.75
75,1,10,28.63
75,1,11,7.41
75,1,12,-15.35
75,1,13,-22.72
75,1,14,-23.61
75,1,15,-3.50
75,1,16,-21.12
75,1,17,-21.15
75,1,18,-8.20
75,1,19,40.99
75,1,20,-5.42
75,1,21,-28.99
75,1,22,22.32
75,1,23,-6.58
75,1,24,-22.40
75,1,25,5.65
75,1,26,-14.29
75,1,27,-27.88
75,1,28,2.25
75,1,29,-28.63
75,1,30,-4.40
75,1,31,-5.20
75,1,32,-10.80
75,1,33,-32.48
75,1,34,28.19
75,1,35,-18.66
75,1,36,-20.51
75,1,37,-12.22
75,1,38,3.66
75,1,39,-25.11
75,1,40,-29.63
75,1,41,-26.59
75,2,0,-20.59
75,2,1,-27.44
75,2,2,-20.75
75,2,3,-25.86
75,2,4,1.19
75,2,5,-6.87
75,2,6,2.87
75,2,7,-25.53
75,2,8,-32.31
75,2,9,-17.84
75,2,10,-2.87
75,2,11,-21.92
75,2,12,-7.09
75,2,13,-13.58
75,2,14,2.93
75,2,15,-3.90
75,2,16,-1.40
75,2,17,11.88
75,2,18,-20.30
75,2,19,5.91
75,2,20,-18.43
75,2,21,-11.17
75,2,22,-5.49
75,2,23,-43.86
75,2,24,-28.75
75,2,25,4.80
75,2,26,-2.56
75,2,27,-22.34
75,2,28,-4.21
75,2,29,-14.08
75,2,30,-36.85
75,2,31,-14.37
75,2,32,2.54
75,2,33,-16.14
75,2,34,-9.33
75,2,35,-38.98
75,2,36,-14.70
75,2,37,-45.15
75,2,38,-8.21
75,2,39,-15.69
75,2,40,-12.65
75,2,41,-11.46
75,3,0,-11.36
75,3,1,-10.11
75,3,2,-20.53
75,3,3,-19.39
75,3,4,9.75
75,3,5,-13.91
75,3,6,2.96
75,3,7,-23.33
75,3,8,-7.99
75,3,9,0.38
75,3,10,-12.09
75,3,11,-19.47
75,3,12,1.38
75,3,13,-3.26
75,3,14,-15.51
75,3,15,-6.97
75,3,16,-5.81
75,3,17,-9.52
75,3,18,29.62
75,3,19,6.63
75,3,20,1.49
75,3,21,8.49
75,3,22,38.58
75,3,23,-5.89
75,3,24,-10.31
75,3,25,15.68
75,3,26,-12.34
75,3,27,-7.78
75,3,28,2.37
75,3,29,-28.66
75,3,30,-20.45
75,3,31,1.51
75,3,32,-1.70
75,3,33,-27.56
75,3,34,-12.63
75,3,35,-27.51
75,3,36,-24.78
75,3,37,-26.38
75,3,38,-20.12
75,3,39,-14.81
75,3,40,-18.35
75,3,41,-27.52
75,4,0,-6.48
75,4,1,-11.69
75,4,2,-27.61
75,4,3,-20.67
75,4,4,33.10
75,4,5,2.45
75,4,6,-10.96
75,4,7,-32.95
75,4,8,-24.85
75,4,9,2.70
75,4,10,2.99
75,4,11,-26.02
75,4,12,-22.48
75,4,13,-35.99
75,4,14,-16.46
75,4,15,-27.84
75,4,16,-21.90
75,4,17,-16.63
75,4,18,-29.46
75,4,19,-7.02
75,4,20,-19.06
75,4,21,-21.25
75,4,22,9.10
75,4,23,7.99
75,4,24,9.81
75,4,25,41.69
75,4,26,15.92
75,4,27,-7.82
75,4,28,9.41
75,4,29,5.33
75,4,30,-24.55
75,4,31,-5.48
75,4,32,14.87
75,4,33,-25.56
75,4,34,-9.12
75,4,35,-16.99
75,4,36,-18.38
75,4,37,2.02
75,4,38,25.56
75,4,39,3.64
75,4,40,-24.15
75,4,41,-3.94
75,5,0,-24.92
75,5,1,-35.85
75,5,2,-19.26
75,5,3,-36.98
75,5,4,-7.30
75,5,5,-15.74
75,5,6,-12.26
75,5,7,-42.73
75,5,8,-25.44
75,5,9,17.61
75,5,10,-2.44
75,5,11,-28.51
75,5,12,-16.78
75,5,13,-14.11
75,5,14,-12.37
75,5,15,-30.61
75,5,16,-21.80
75,5,17,-32.31
75,5,18,-18.40
75,5,19,31.16
75,5,20,-18.75
75,5,21,-19.50
75,5,22,0.01
75,5,23,-13.25
75,5,24,-21.51
75,5,25,2.99
75,5,26,-5.44
75,5,27,-15.79
75,5,28,2.44
75,5,29,-21.85
75,5,30,-18.00
75,5,31,4.23
75,5,32,14.60
75,5,33,-4.76
75,5,34,12.43
75,5,35,-15.99
75,5,36,-28.86
75,5,37,-35.90
75,5,38,2.74
75,5,39,-40.18
75,5,40,-19.89
75,5,41,-13.15
75,6,0,-30.84
75,6,1,-21.62
75,6,2,-19.98
75,6,3,-15.25
75,6,4,1.04
75,6,5,-35.99
75,6,6,2.57
75,6,7,-31.16
75,6,8,-17.80
75,6,9,-14.40
75,6,10,9.06
75,6,11,-10.13
75,6,12,-15.89
75,6,13,2.81
75,6,14,6.38
75,6,15,-10.70
75,6,16,-17.19
75,6,17,-13.26
75,6,18,-25.16
75,6,19,12.20
75,6,20,-26.21
75,6,21,-18.92
75,6,22,13.80
75,6,23,-10.67
75,6,24,-12.92
75,6,25,3.78
75,6,26,2.52
75,6,27,-19.67
75,6,28,-1.57
75,6,29,-10.91
75,6,30,-16.45
75,6,31,3.09
75,6,32,8.95
75,6,33,-33.88
75,6,34,-9.50
75,6,35,-19.90
75,6,36,0.00
75,6,37,11.41
75,6,38,38.34
75,6,39,2.01
75,6,40,-6.71
75,6,41,2.60
76,0,0,-19.21
76,0,1,-11.47
76,0,2,17.12
76,0,3,6.15
76,0,4,5.21
76,0,5,-26.09
76,0,6,7.65
76,0,7,-26.94
76,0,8,-25.00
76,0,9,-9.68
76,0,10,-14.56
76,0,11,-17.29
76,0,12,-23.21
76,0,13,-14.06
76,0,14,-31.63
76,0,15,-20.13
76,0,16,-17.35
76,0,17,-21.82
76,0,18,-32.74
76,0,19,-16.63
76,0,20,-21.03
76,0,21,-8.43
76,0,22,-16.94
76,0,23,-40.22
76,0,24,-47.07
76,0,25,2.27
76,0,26,2.35
76,0,27,-15.99
76,0,28,2.85
76,0,29,-31.72
76,0,30,-29.97
76,0,31,6.83
76,0,32,-22.04
76,0,33,-15.58
76,0,34,-2.11
76,0,35,-15.57
76,0,36,-17.57
76,0,37,-23.40
76,0,38,-15.07
76,0,39,-10.51
76,0,40,-19.75
76,0,41,-5.44
76,1,0,-14.66
76,1,1,-19.14
76,1,2,-10.23
76,1,3,-10.71
76,1,4,-8.88
76,1,5,-8.47
76,1,6,31.60
76,1,7,3.68
76,1,8,-2.90
76,1,9,24.75
76,1,10,28.63
76,1,11,7.41
76,1,12,-15.35
76,1,13,-22.72
76,1,14,-23.61
76,1,15,-3.50
76,1,16,-21.12
76,1,17,-21.15
76,1,18,-8.20
76,1,19,40.99
76,1,20,-5.42
76,1,21,-28.99
76,1,22,22.32
76,1,23,-6.58
76,1,24,-22.40
76,1,25,5.65
76,1,26,-14.29
76,1,27,-27.88
76,1,28,2.25
76,1,29,-28.63
76,1,30,-4.40
76,1,31,-5.20
76,1,32,-10.80
76,1,33,-32.48
76,1,34,28.19
76,1,35,-18.66
76,1,36,-20.51
76,1,37,-12.22
76,1,38,3.66
76,1,39,-25.11
76,1,40,-29.63
76,1,41,-26.59
76,2,0,-20.59
76,2,1,-27.44
76,2,2,-20.75
76,2,3,-25.86
76,2,4,1.19
76,2,5,-6.87
76,2,6,2.87
76,2,7,-25.53
76,2,8,-32.31
76,2,9,-17.84
76,2,10,-2.87
76,2,11,-21.92
76,2,12,-7.09
76,2,13,-13.58
76,2,14,2.93
76,2,15,-3.90
76,2,16,-1.40
76,2,17,11.88
76,2,18,-20.30
76,2,19,5.91
76,2,20,-18.43
76,2,21,-11.17
76,2,22,-5.49
76,2,23,-43.86
76,2,24,-28.75
76,2,25,4.80
76,2,26,-2.56
76,2,27,-22.34
76,2,28,-4.21
76,2,29,-14.08
76,2,30,-36.85
76,2,31,-14.37
76,2,32,2.54
76,2,33,-16.14
76,2,34,-9.33
76,2,35,-38.98
76,2,36,-14.70
76,2,37,-45.15
76,2,38,-8.21
76,2,39,-15.69
76,2,40,-12.65
76,2,41,-11.46
76,3,0,-11.36
76,3,1,-10.11
76,3,2,-20.53
76,3,3,-19.39
76,3,4,9.75
76,3,5,-13.91
76,3,6,2.96
76,3,7,-23.33
76,3,8,-7.99
76,3,9,0.38
76,3,10,-12.09
76,3,11,-19.47
76,3,12,1.38
76,3,13,-3.26
76,3,14,-15.51
76,3,15,-6.97
76,3,16,-5.81
76,3,17,-9.52
76,3,18,29.62
76,3,19,6.63
76,3,20,1.49
76,3,21,8.49
76,3,22,38.58
76,3,23,-5.89
76,3,24,-10.31
76,3,25,15.68
76,3,26,-12.34
76,3,27,-7.78
76,3,28,2.37
76,3,29,-28.66
76,3,30,-20.45
76,3,31,1.51
76,3,32,-1.70
76,3,33,-27.56
76,3,34,-12.63
76,3,35,-27.51
76,3,36,-24.78
76,3,37,-26.38
76,3,38,-20.12
76,3,39,-14.81
76,3,40,-18.35
76,3,41,-27.52
76,4,0,-6.48
76,4,1,-11.69
76,4,2,-27.61
76,4,3,-20.67
76,4,4,33.10
76,4,5,2.45
76,4,6,-10.96
76,4,7,-32.95
76,4,8,-24.85
76,4,9,2.70
76,4,10,2.99
76,4,11,-26.02
76,4,12,-22.48
76,4,13,-35.99
76,4,14,-16.46
76,4,15,-27.84
76,4,16,-21.90
76,4,17,-16.63
76,4,18,-29.46
76,4,19,-7.02
76,4,20,-19.06
76,4,21,-21.25
76,4,22,9.10
76,4,23,7.99
76,4,24,9.81
76,4,25,41.69
76,4,26,15.92
76,4,27,-7.82
76,4,28,9.41
76,4,29,5.33
76,4,30,-24.55
76,4,31,-5.48
76,4,32,14.87
76,4,33,-25.56
76,4,34,-9.12
76,4,35,-16.99
76,4,36,-18.38
76,4,37,2.02
76,4,38,25.56
76,4,39,3.64
76,4,40,-24.15
76,4,41,-3.94
76,5,0,-24.92
76,5,1,-35.85
76,5,2,-19.26
76,5,3,-36.98
76,5,4,-7.30
76,5,5,-15.74
76,5,6,-12.26
76,5,7,-42.73
76,5,8,-25.44
76,5,9,17.61
76,5,10,-2.44
76,5,11,-28.51
76,5,12,-16.78
76,5,13,-14.11
76,5,14,-12.37
76,5,15,-30.61
76,5,16,-21.80
76,5,17,-32.31
76,5,18,-18.40
76,5,19,31.16
76,5,20,-18.75
76,5,21,-19.50
76,5,22,0.01
76,5,23,-13.25
76,5,24,-21.51
76,5,25,2.99
76,5,26,-5.44
76,5,27,-15.79
76,5,28,2.44
76,5,29,-21.85
76,5,30,-18.00
76,5,31,4.23
76,5,32,14.60
76,5,33,-4.76
76,5,34,12.43
76,5,35,-15.99
76,5,36,-28.86
76,5,37,-35.90
76,5,38,2.74
76,5,39,-40.18
76,5,40,-19.89
76,5,41,-13.15
76,6,0,-30.84
76,6,1,-21.62
76,6,2,-19.98
76,6,3,-15.25
76,6,4,1.04
76,6,5,-35.99
76,6,6,2.57
76,6,7,-31.16
76,6,8,-17.80
76,6,9,-14.40
76,6,10,9.06
76,6,11,-10.13
76,6,12,-15.89
76,6,13,2.81
76,6,14,6.38
76,6,15,-10.70
76,6,16,-17.19
76,6,17,-13.26
76,6,18,-25.16
76,6,19,12.20
76,6,20,-26.21
76,6,21,-18.92
76,6,22,13.80
76,6,23,-10.67
76,6,24,-12.92
76,6,25,3.78
76,6,26,2.52
76,6,27,-19.67
76,6,28,-1.57
76,6,29,-10.91
76,6,30,-16.45
76,6,31,3.09
76,6,32,8.95
76,6,33,-33.88
76,6,34,-9.50
76,6,35,-19.90
76,6,36,0.00
76,6,37,11.41
76,6,38,38.34
76,6,39,2.01
76,6,40,-6.71
76,6,41,2.60
77,0,0,-19.21
77,0,1,-11.47
77,0,2,17.12
77,0,3,6.15
77,0,4,5.21
77,0,5,-26.09
77,0,6,7.65
77,0,7,-26.94
77,0,8,-25.00
77,0,9,-9.68
77,0,10,-14.56
77,0,11,-17.29
77,0,12,-23.21
77,0,13,-14.06
77,0,14,-31.63
77,0,15,-20.13
77,0,16,-17.35
77,0,17,-21.82
77,0,18,-32.74
77,0,19,-16.63
77,0,20,-21.03
77,0,21,-8.43
77,0,22,-16.94
77,0,23,-40.22
77,0,24,-47.07
77,0,25,2.27
77,0,26,2.35
77,0,27,-15.99
77,0,28,2.85
77,0,29,-31.72
77,0,30,-29.97
77,0,31,6.83
77,0,32,-22.04
77,0,33,-15.58
77,0,34,-2.11
77,0,35,-15.57
77,0,36,-17.57
77,0,37,-23.40
77,0,38,-15.07
77,0,39,-10.51
77,0,40,-19.75
77,0,41,-5.44
77,1,0,-14.66
77,1,1,-19.14
77,1,2,-10.23
77,1,3,-10.71
77,1,4,-8.88
77,1,5,-8.47
77,1,6,31.60
77,1,7,3.68
77,1,8,-2.90
77,1,9,24.75
77,1,10,28.63
77,1,11,7.41
77,1,12,-15.35
77,1,13,-22.72
77,1,14,-23.61
77,1,15,-3.50
77,1,16,-21.12
77,1,17,-21.15
77,1,18,-8.20
77,1,19,40.99
77,1,20,-5.42
77,1,21,-28.99
77,1,22,22.32
77,1,23,-6.58
77,1,24,-22.40
77,1,25,5.65
77,1,26,-14.29
77,1,27,-27.88
77,1,28,2.25
77,1,29,-28.63
77,1,30,-4.40
77,1,31,-5.20
77,1,32,-10.80
77,1,33,-32.48
77,1,34,28.19
77,1,35,-18.66
77,1,36,-20.51
77,1,37,-12.22
77,1,38,3.66
77,1,39,-25.11
77,1,40,-29.63
77,1,41,-26.59
77,2,0,-20.59
77,2,1,-27.44
77,2,2,-20.75
77,2,3,-25.86
77,2,4,1.19
77,2,5,-6.87
77,2,6,2.87
77,2,7,-25.53
77,2,8,-32.31
77,2,9,-17.84
77,2,10,-2.87
77,2,11,-21.92
77,2,12,-7.09
77,2,13,-13.58
77,2,14,2.93
77,2,15,-3.90
77,2,16,-1.40
77,2,17,11.88
77,2,18,-20.30
77,2,19,5.91
77,2,20,-18.43
77,2,21,-11.17
77,2,22,-5.49
77,2,23,-43.86
77,2,24,-28.75
77,2,25,4.80
77,2,26,-2.56
77,2,27,-22.34
77,2,28,-4.21
77,2,29,-14.08
77,2,30,-36.85
77,2,31,-14.37
77,2,32,2.54
77,2,33,-16.14
77,2,34,-9.33
77,2,35,-38.98
77,2,36,-14.70
77,2,37,-45.15
77,2,38,-8.21
77,2,39,-15.69
77,2,40,-12.65
77,2,41,-11.46
77,3,0,-11.36
77,3,1,-10.11
77,3,2,-20.53
77,3,3,-19.39
77,3,4,9.75
77,3,5,-13.91
77,3,6,2.96
77,3,7,-23.33
77,3,8,-7.99
77,3,9,0.38
77,3,10,-12.09
77,3,11,-19.47
77,3,12,1.38
77,3,13,-3.26
77,3,14,-15.51
77,3,15,-6.97
77,3,16,-5.81
77,3,17,-9.52
77,3,18,29.62
77,3,19,6.63
77,3,20,1.49
77,3,21,8.49
77,3,22,38.58
77,3,23,-5.89
77,3,24,-10.31
77,3,25,15.68
77,3,26,-12.34
77,3,27,-7.78
77,3,28,2.37
77,3,29,-28.66
77,3,30,-20.45
77,3,31,1.51
77,3,32,-1.70
77,3,33,-27.56
77,3,34,-12.63
77,3,35,-27.51
77,3,36,-24.78
77,3,37,-26.38
77,3,38,-20.12
77,3,39,-14.81
77,3,40,-18.35
77,3,41,-27.52
77,4,0,-6.48
77,4,1,-11.69
77,4,2,-27.61
77,4,3,-20.67
77,4,4,33.10
77,4,5,2.45
77,4,6,-10.96
77,4,7,-32.95
77,4,8,-24.85
77,4,9,2.70
77,4,10,2.99
77,4,11,-26.02
77,4,12,-22.48
77,4,13,-35.99
77,4,14,-16.46
77,4,15,-27.84
77,4,16,-21.90
77,4,17,-16.63
77,4,18,-29.46
77,4,19,-7.02
77,4,20,-19.06
77,4,21,-21.25
77,4,22,9.10
77,4,23,7.99
77,4,24,9.81
77,4,25,41.69
77,4,26,15.92
77,4,27,-7.82
77,4,28,9.41
77,4,29,5.33
77,4,30,-24.55
77,4,31,-5.48
77,4,32,14.87
77,4,33,-25.56
77,4,34,-9.12
77,4,35,-16.99
77,4,36,-18.38
77,4,37,2.02
77,4,38,25.56
77,4,39,3.64
77,4,40,-24.15
77,4,41,-3.94
77,5,0,-24.92
77,5,1,-35.85
77,5,2,-19.26
77,5,3,-36.98
77,5,4,-7.30
77,5,5,-15.74
77,5,6,-12.26
77,5,7,-42.73
77,5,8,-25.44
77,5,9,17.61
77,5,10,-2.44
77,5,11,-28.51
77,5,12,-16.78
77,5,13,-14.11
77,5,14,-12.37
77,5,15,-30.61
77,5,16,-21.80
77,5,17,-32.31
77,5,18,-18.40
77,5,19,31.16
77,5,20,-18.75
77,5,21,-19.50
77,5,22,0.01
77,5,23,-13.25
77,5,24,-21.51
77,5,25,2.99
77,5,26,-5.44
77,5,27,-15.79
77,5,28,2.44
77,5,29,-21.85
77,5,30,-18.00
77,5,31,4.23
77,5,32,14.60
77,5,33,-4.76
77,5,34,12.43
77,5,35,-15.99
77,5,36,-28.86
77,5,37,-35.90
77,5,38,2.74
77,5,39,-40.18
77,5,40,-19.89
77,5,41,-13.15
77,6,0,-30.84
77,6,1,-21.62
77,6,2,-19.98
77,6,3,-15.25
77,6,4,1.04
77,6,5,-35.99
77,6,6,2.57
77,6,7,-31.16
77,6,8,-17.80
77,6,9,-14.40
77,6,10,9.06
77,6,11,-10.13
77,6,12,-15.89
77,6,13,2.81
77,6,14,6.38
77,6,15,-10.70
77,6,16,-17.19
77,6,17,-13.26
77,6,18,-25.16
77,6,19,12.20
77,6,20,-26.21
77,6,21,-18.92
77,6,22,13.80
77,6,23,-10.67
77,6,24,-12.92
77,6,25,3.78
77,6,26,2.52
77,6,27,-19.67
77,6,28,-1.57
77,6,29,-10.91
77,6,30,-16.45
77,6,31,3.09
77,6,32,8.95
77,6,33,-33.88
77,6,34,-9.50
77,6,35,-19.90
77,6,36,0.00
77,6,37,11.41
77,6,38,38.34
77,6,39,2.01
77,6,40,-6.71
77,6,41,2.60
78,0,0,-19.21
78,0,1,-11.47
78,0,2,17.12
78,0,3,6.15
78,0,4,5.21
78,0,5,-26.09
78,0,6,7.65
78,0,7,-26.94
78,0,8,-25.00
78,0,9,-9.68
78,0,10,-14.56
78,0,11,-17.29
78,0,12,-23.21
78,0,13,-14.06
78,0,14,-31.63
78,0,15,-20.13
78,0,16,-17.35
78,0,17,-21.82
78,0,18,-32.74
78,0,19,-16.63
78,0,20,-21.03
78,0,21,-8.43
78,0,22,-16.94
78,0,23,-40.22
78,0,24,-47.07
78,0,25,2.27
78,0,26,2.35
78,0,27,-15.99
78,0,28,2.85
78,0,29,-31.72
78,0,30,-29.97
78,0,31,6.83
78,0,32,-22.04
78,0,33,-15.58
78,0,34,-2.11
78,0,35,-15.57
78,0,36,-17.57
78,0,37,-23.40
78,0,38,-15.07
78,0,39,-10.51
78,0,40,-19.75
78,0,41,-5.44
78,1,0,-14.66
78,1,1,-19.14
78,1,2,-10.23
78,1,3,-10.71
78,1,4,-8.88
78,1,5,-8.47
78,1,6,31.60
78,1,7,3.68
78,1,8,-2.90
78,1,9,24.75
78,1,10,28.63
78,1,11,7.41
78,1,12,-15.35
78,1,13,-22.72
78,1,14,-23.61
78,1,15,-3.50
78,1,16,-21.12
78,1,17,-21.15
78,1,18,-8.20
78,1,19,40.99
78,1,20,-5.42
78,1,21,-28.99
78,1,22,22.32
78,1,23,-6.58
78,1,24,-22.40
78,1,25,5.65
78,1,26,-14.29
78,1,27,-27.88
78,1,28,2.25
78,1,29,-28.63
78,1,30,-4.40
78,1,31,-5.20
78,1,32,-10.80
78,1,33,-32.48
78,1,34,28.19
78,1,35,-18.66
78,1,36,-20.51
78,1,37,-12.22
78,1,38,3.66
78,1,39,-25.11
78,1,40,-29.63
78,1,41,-26.59
78,2,0,-20.59
78,2,1,-27.44
78,2,2,-20.75
78,2,3,-25.86
78,2,4,1.19
78,2,5,-6.87
78,2,6,2.87
78,2,7,-25.53
78,2,8,-32.31
78,2,9,-17.84
78,2,10,-2.87
78,2,11,-21.92
78,2,12,-7.09
78,2,13,-13.58
78,2,14,2.93
78,2,15,-3.90
78,2,16,-1.40
78,2,17,11.88
78,2,18,-20.30
78,2,19,5.91
78,2,20,-18.43
78,2,21,-11.17
78,2,22,-5.49
78,2,23,-43.86
78,2,24,-28.75
78,2,25,4.80
78,2,26,-2.56
78,2,27,-22.34
78,2,28,-4.21
78,2,29,-14.08
78,2,30,-36.85
78,2,31,-14.37
78,2,32,2.54
78,2,33,-16.14
78,2,34,-9.33
78,2,35,-38.98
78,2,36,-14.70
78,2,37,-45.15
78,2,38,-8.21
78,2,39,-15.69
78,2,40,-12.65
78,2,41,-11.46
78,3,0,-11.36
78,3,1,-10.11
78,3,2,-20.53
78,3,3,-19.39
78,3,4,9.75
78,3,5,-13.91
78,3,6,2.96
78,3,7,-23.33
78,3,8,-7.99
78,3,9,0.38
78,3,10,-12.09
78,3,11,-19.47
78,3,12,1.38
78,3,13,-3.26
78,3,14,-15.51
78,3,15,-6.97
78,3,16,-5.81
78,3,17,-9.52
78,3,18,29.62
78,3,19,6.63
78,3,20,1.49
78,3,21,8.49
78,3,22,38.58
78,3,23,-5.89
78,3,24,-10.31
78,3,25,15.68
78,3,26,-12.34
78,3,27,-7.78
78,3,28,2.37
78,3,29,-28.66
78,3,30,-20.45
78,3,31,1.51
78,3,32,-1.70
78,3,33,-27.56
78,3,34,-12.63
78,3,35,-27.51
78,3,36,-24.78
78,3,37,-26.38
78,3,38,-20.12
78,3,39,-14.81
78,3,40,-18.35
78,3,41,-27.52
78,4,0,-6.48
78,4,1,-11.69
78,4,2,-27.61
78,4,3,-20.67
78,4,4,33.10
78,4,5,2.45
78,4,6,-10.96
78,4,7,-32.95
78,4,8,-24.85
78,4,9,2.70
78,4,10,2.99
78,4,11,-26.02
78,4,12,-22.48
78,4,13,-35.99
78,4,14,-16.46
78,4,15,-27.84
78,4,16,-21.90
78,4,17,-16.63
78,4,18,-29.46
78,4,19,-7.02
78,4,20,-19.06
78,4,21,-21.25
78,4,22,9.10
78,4,23,7.99
78,4,24,9.81
78,4,25,41.69
78,4,26,15.92
78,4,27,-7.82
78,4,28,9.41
78,4,29,5.33
78,4,30,-24.55
78,4,31,-5.48
78,4,32,14.87
78,4,33,-25.56
78,4,34,-9.12
78,4,35,-16.99
78,4,36,-18.38
78,4,37,2.02
78,4,38,25.56
78,4,39,3.64
78,4,40,-24.15
78,4,41,-3.94
78,5,0,-24.92
78,5,1,-35.85
78,5,2,-19.26
78,5,3,-36.98
78,5,4,-7.30
78,5,5,-15.74
78,5,6,-12.26
78,5,7,-42.73
78,5,8,-25.44
78,5,9,17.61
78,5,10,-2.44
78,5,11,-28.51
78,5,12,-16.78
78,5,13,-14.11
78,5,14,-12.37
78,5,15,-30.61
78,5,16,-21.80
78,5,17,-32.31
78,5,18,-18.40
78,5,19,31.16
78,5,20,-18.75
78,5,21,-19.50
78,5,22,0.01
78,5,23,-13.25
78,5,24,-21.51
78,5,25,2.99
78,5,26,-5.44
78,5,27,-15.79
78,5,28,2.44
78,5,29,-21.85
78,5,30,-18.00
78,5,31,4.23
78,5,32,14.60
78,5,33,-4.76
78,5,34,12.43
78,5,35,-15.99
78,5,36,-28.86
78,5,37,-35.90
78,5,38,2.74
78,5,39,-40.18
78,5,40,-19.89
78,5,41,-13.15
78,6,0,-30.84
78,6,1,-21.62
78,6,2,-19.98
78,6,3,-15.25
78,6,4,1.04
78,6,5,-35.99
78,6,6,2.57
78,6,7,-31.16
78,6,8,-17.80
78,6,9,-14.40
78,6,10,9.06
78,6,11,-10.13
78,6,12,-15.89
78,6,13,2.81
78,6,14,6.38
78,6,15,-10.70
78,6,16,-17.19
78,6,17,-13.26
78,6,18,-25.16
78,6,19,12.20
78,6,20,-26.21
78,6,21,-18.92
78,6,22,13.80
78,6,23,-10.67
78,6,24,-12.92
78,6,25,3.78
78,6,26,2.52
78,6,27,-19.67
78,6,28,-1.57
78,6,29,-10.91
78,6,30,-16.45
78,6,31,3.09
78,6,32,8.95
78,6,33,-33.88
78,6,34,-9.50
78,6,35,-19.90
78,6,36,0.00
78,6,37,11.41
78,6,38,38.34
78,6,39,2.01
78,6,40,-6.71
78,6,41,2.60
79,0,0,-19.21
79,0,1,-11.47
79,0,2,17.12
79,0,3,6.15
79,0,4,5.21
79,0,5,-26.09
79,0,6,7.65
79,0,7,-26.94
79,0,8,-25.00
79,0,9,-9.68
79,0,10,-14.56
79,0,11,-17.29
79,0,12,-23.21
79,0,13,-14.06
79,0,14,-31.63
79,0,15,-20.13
79,0,16,-17.35
79,0,17,-21.82
79,0,18,-32.74
79,0,19,-16.63
79,0,20,-21.03
79,0,21,-8.43
79,0,22,-16.94
79,0,23,-40.22
79,0,24,-47.07
79,0,25,2.27
79,0,26,2.35
79,0,27,-15.99
79,0,28,2.85
79,0,29,-31.72
79,0,30,-29.97
79,0,31,6.83
79,0,32,-22.04
79,0,33,-15.58
79,0,34,-2.11
79,0,35,-15.57
79,0,36,-17.57
79,0,37,-23.40
79,0,38,-15.07
79,0,39,-10.51
79,0,40,-19.75
79,0,41,-5.44
79,1,0,-14.66
79,1,1,-19.14
79,1,2,-10.23
79,1,3,-10.71
79,1,4,-8.88
79,1,5,-8.47
79,1,6,31.60
79,1,7,3.68
79,1,8,-2.90
79,1,9,24.75
79,1,10,28.63
79,1,11,7.41
79,1,12,-15.35
79,1,13,-22.72
79,1,14,-23.61
79,1,15,-3.50
79,1,16,-21.12
79,1,17,-21.15
79,1,18,-8.20
79,1,19,40.99
79,1,20,-5.42
79,1,21,-28.99
79,1,22,22.32
79,1,23,-6.58
79,1,24,-22.40
79,1,25,5.65
79,1,26,-14.29
79,1,27,-27.88
79,1,28,2.25
79,1,29,-28.63
79,1,30,-4.40
79,1,31,-5.20
79,1,32,-10.80
79,1,33,-32.48
79,1,34,28.19
79,1,35,-18.66
79,1,36,-20.51
79,1,37,-12.22
79,1,38,3.66
79,1,39,-25.11
79,1,40,-29.63
79,1,41,-26.59
79,2,0,-20.59
79,2,1,-27.44
79,2,2,-20.75
79,2,3,-25.86
79,2,4,1.19
79,2,5,-6.87
79,2,6,2.87
79,2,7,-25.53
79,2,8,-32.31
79,2,9,-17.84
79,2,10,-2.87
79,2,11,-21.92
79,2,12,-7.09
79,2,13,-13.58
79,2,14,2.93
79,2,15,-3.90
79,2,16,-1.40
79,2,17,11.88
79,2,18,-20.30
79,2,19,5.91
79,2,20,-18.43
79,2,21,-11.17
79,2,22,-5.49
79,2,23,-43.86
79,2,24,-28.75
79,2,25,4.80
79,2,26,-2.56
79,2,27,-22.34
79,2,28,-4.21
79,2,29,-14.08
79,2,30,-36.85
79,2,31,-14.37
79,2,32,2.54
79,2,33,-16.14
79,2,34,-9.33
79,2,35,-38.98
79,2,36,-14.70
79,2,37,-45.15
79,2,38,-8.21
79,2,39,-15.69
79,2,40,-12.65
79,2,41,-11.46
79,3,0,-11.36
79,3,1,-10.11
79,3,2,-20.53
79,3,3,-19.39
79,3,4,9.75
79,3,5,-13.91
79,3,6,2.96
79,3,7,-23.33
79,3,8,-7.99
79,3,9,0.38
79,3,10,-12.09
79,3,11,-19.47
79,3,12,1.38
79,3,13,-3.26
79,3,14,-15.51
79,3,15,-6.97
79,3,16,-5.81
79,3,17,-9.52
79,3,18,29.62
79,3,19,6.63
79,3,20,1.49
79,3,21,8.49
79,3,22,38.58
79,3,23,-5.89
79,3,24,-10.31
79,3,25,15.68
79,3,26,-12.34
79,3,27,-7.78
79,3,28,2.37
79,3,29,-28.66
79,3,30,-20.45
79,3,31,1.51
79,3,32,-1.70
79,3,33,-27.56
79,3,34,-12.63
79,3,35,-27.51
79,3,36,-24.78
79,3,37,-26.38
79,3,38,-20.12
79,3,39,-14.81
79,3,40,-18.35
79,3,41,-27.52
79,4,0,-6.48
79,4,1,-11.69
79,4,2,-27.61
79,4,3,-20.67
79,4,4,33.10
79,4,5,2.45
79,4,6,-10.96
79,4,7,-32.95
79,4,8,-24.85
79,4,9,2.70
79,4,10,2.99
79,4,11,-26.02
79,4,12,-22.48
79,4,13,-35.99
79,4,14,-16.46
79,4,15,-27.84
79,4,16,-21.90
79,4,17,-16.63
79,4,18,-29.46
79,4,19,-7.02
79,4,20,-19.06
79,4,21,-21.25
79,4,22,9.10
79,4,23,7.99
79,4,24,9.81
79,4,25,41.69
79,4,26,15.92
79,4,27,-7.82
79,4,28,9.41
79,4,29,5.33
79,4,30,-24.55
79,4,31,-5.48
79,4,32,14.87
79,4,33,-25.56
79,4,34,-9.12
79,4,35,-16.99
79,4,36,-18.38
79,4,37,2.02
79,4,38,25.56
79,4,39,3.64
79,4,40,-24.15
79,4,41,-3.94
79,5,0,-24.92
79,5,1,-35.85
79,5,2,-19.26
79,5,3,-36.98
79,5,4,-7.30
79,5,5,-15.74
79,5,6,-12.26
79,5,7,-42.73
79,5,8,-25.44
79,5,9,17.61
79,5,10,-2.44
79,5,11,-28.51
79,5,12,-16.78
79,5,13,-14.11
79,5,14,-12.37
79,5,15,-30.61
79,5,16,-21.80
79,5,17,-32.31
79,5,18,-18.40
79,5,19,31.16
79,5,20,-18.75
79,5,21,-19.50
79,5,22,0.01
79,5,23,-13.25
79,5,24,-21.51
79,5,25,2.99
79,5,26,-5.44
79,5,27,-15.79
79,5,28,2.44
79,5,29,-21.85
79,5,30,-18.00
79,5,31,4.23
79,5,32,14.60
79,5,33,-4.76
79,5,34,12.43
79,5,35,-15.99
79,5,36,-28.86
79,5,37,-35.90
79,5,38,2.74
79,5,39,-40.18
79,5,40,-19.89
79,5,41,-13.15
79,6,0,-30.84
79,6,1,-21.62
79,6,2,-19.98
79,6,3,-15.25
79,6,4,1.04
79,6,5,-35.99
79,6,6,2.57
79,6,7,-31.16
79,6,8,-17.80
79,6,9,-14.40
79,6,10,9.06
79,6,11,-10.13
79,6,12,-15.89
79,6,13,2.81
79,6,14,6.38
79,6,15,-10.70
79,6,16,-17.19
79,6,17,-13.26
79,6,18,-25.16
79,6,19,12.20
79,6,20,-26.21
79,6,21,-18.92
79,6,22,13.80
79,6,23,-10.67
79,6,24,-12.92
79,6,25,3.78
79,6,26,2.52
79,6,27,-19.67
79,6,28,-1.57
79,6,29,-10.91
79,6,30,-16.45
79,6,31,3.09
79,6,32,8.95
79,6,33,-33.88
79,6,34,-9.50
79,6,35,-19.90
79,6,36,0.00
79,6,37,11.41
79,6,38,38.34
79,6,39,2.01
79,6,40,-6.71
79,6,41,2.60
80,0,0,-19.21
80,0,1,-11.47
80,0,2,17.12
80,0,3,6.15
80,0,4,5.21
80,0,5,-26.09
80,0,6,7.65
80,0,7,-26.94
80,0,8,-25.00
80,0,9,-9.68
80,0,10,-14.56
80,0,11,-17.29
80,0,12,-23.21
80,0,13,-14.06
80,0,14,-31.63
80,0,15,-20.13
80,0,16,-17.35
80,0,17,-21.82
80,0,18,-32.74
80,0,19,-16.63
80,0,20,-21.03
80,0,21,-8.43
80,0,22,-16.94
80,0,23,-40.22
80,0,24,-47.07
80,0,25,2.27
80,0,26,2.35
80,0,27,-15.99
80,0,28,2.85
80,0,29,-31.72
80,0,30,-29.97
80,0,31,6.83
80,0,32,-22.04
80,0,33,-15.58
80,0,34,-2.11
80,0,35,-15.57
80,0,36,-17.57
80,0,37,-23.40
80,0,38,-15.07
80,0,39,-10.51
80,0,40,-19.75
80,0,41,-5.44
80,1,0,-14.66
80,1,1,-19.14
80,1,2,-10.23
80,1,3,-10.71
80,1,4,-8.88
80,1,5,-8.47
80,1,6,31.60
80,1,7,3.68
80,1,8,-2.90
80,1,9,24.75
80,1,10,28.63
80,1,11,7.41
80,1,12,-15.35
80,1,13,-22.72
80,1,14,-23.61
80,1,15,-3.50
80,1,16,-21.12
80,1,17,-21.15
80,1,18,-8.20
80,1,19,40.99
80,1,20,-5.42
80,1,21,-28.99
80,1,22,22.32
80,1,23,-6.58
80,1,24,-22.40
80,1,25,5.65
80,1,26,-14.29
80,1,27,-27.88
80,1,28,2.25
80,1,29,-28.63
80,1,30,-4.40
80,1,31,-5.20
80,1,32,-10.80
80,1,33,-32.48
80,1,34,28.19
80,1,35,-18.66
80,1,36,-20.51
80,1,37,-12.22
80,1,38,3.66
80,1,39,-25.11
80,1,40,-29.63
80,1,41,-26.59
80,2,0,-20.59
80,2,1,-27.44
80,2,2,-20.75
80,2,3,-25.86
80,2,4,1.19
80,2,5,-6.87
80,2,6,2.87
80,2,7,-25.53
80,2,8,-32.31
80,2,9,-17.84
80,2,10,-2.87
80,2,11,-21.92
80,2,12,-7.09
80,2,13,-13.58
80,2,14,2.93
80,2,15,-3.90
80,2,16,-1.40
80,2,17,11.88
80,2,18,-20.30
80,2,19,5.91
80,2,20,-18.43
80,2,21,-11.17
80,2,22,-5.49
80,2,23,-43.86
80,2,24,-28.75
80,2,25,4.80
80,2,26,-2.56
80,2,27,-22.34
80,2,28,-4.21
80,2,29,-14.08
80,2,30,-36.85
80,2,31,-14.37
80,2,32,2.54
80,2,33,-16.14
80,2,34,-9.33
80,2,35,-38.98
80,2,36,-14.70
80,2,37,-45.15
80,2,38,-8.21
80,2,39,-15.69
80,2,40,-12.65
80,2,41,-11.46
80,3,0,-11.36
80,3,1,-10.11
80,3,2,-20.53
80,3,3,-19.39
80,3,4,9.75
80,3,5,-13.91
80,3,6,2.96
80,3,7,-23.33
80,3,8,-7.99
80,3,9,0.38
80,3,10,-12.09
80,3,11,-19.47
80,3,12,1.38
80,3,13,-3.26
80,3,14,-15.51
80,3,15,-6.97
80,3,16,-5.81
80,3,17,-9.52
80,3,18,29.62
80,3,19,6.63
80,3,20,1.49
80,3,21,8.49
80,3,22,38.58
80,3,23,-5.89
80,3,24,-10.31
80,3,25,15.68
80,3,26,-12.34
80,3,27,-7.78
80,3,28,2.37
80,3,29,-28.66
80,3,30,-20.45
80,3,31,1.51
80,3,32,-1.70
80,3,33,-27.56
80,3,34,-12.63
80,3,35,-27.51
80,3,36,-24.78
80,3,37,-26.38
80,3,38,-20.12
80,3,39,-14.81
80,3,40,-18.35
80,3,41,-27.52
80,4,0,-6.48
80,4,1,-11.69
80,4,2,-27.61
80,4,3,-20.67
80,4,4,33.10
80,4,5,2.45
80,4,6,-10.96
80,4,7,-32.95
80,4,8,-24.85
80,4,9,2.70
80,4,10,2.99
80,4,11,-26.02
80,4,12,-22.48
80,4,13,-35.99
80,4,14,-16.46
80,4,15,-27.84
80,4,16,-21.90
80,4,17,-16.63
80,4,18,-29.46
80,4,19,-7.02
80,4,20,-19.06
80,4,21,-21.25
80,4,22,9.10
80,4,23,7.99
80,4,24,9.81
80,4,25,41.69
80,4,26,15.92
80,4,27,-7.82
80,4,28,9.41
80,4,29,5.33
80,4,30,-24.55
80,4,31,-5.48
80,4,32,14.87
80,4,33,-25.56
80,4,34,-9.12
80,4,35,-16.99
80,4,36,-18.38
80,4,37,2.02
80,4,38,25.56
80,4,39,3.64
80,4,40,-24.15
80,4,41,-3.94
80,5,0,-24.92
80,5,1,-35.85
80,5,2,-19.26
80,5,3,-36.98
80,5,4,-7.30
80,5,5,-15.74
80,5,6,-12.26
80,5,7,-42.73
80,5,8,-25.44
80,5,9,17.61
80,5,10,-2.44
80,5,11,-28.51
80,5,12,-16.78
80,5,13,-14.11
80,5,14,-12.37
80,5,15,-30.61
80,5,16,-21.80
80,5,17,-32.31
80,5,18,-18.40
80,5,19,31.16
80,5,20,-18.75
80,5,21,-19.50
80,5,22,0.01
80,5,23,-13.25
80,5,24,-21.51
80,5,25,2.99
80,5,26,-5.44
80,5,27,-15.79
80,5,28,2.44
80,5,29,-21.85
80,5,30,-18.00
80,5,31,4.23
80,5,32,14.60
80,5,33,-4.76
80,5,34,12.43
80,5,35,-15.99
80,5,36,-28.86
80,5,37,-35.90
80,5,38,2.74
80,5,39,-40.18
80,5,40,-19.89
80,5,41,-13.15
80,6,0,-30.84
80,6,1,-21.62
80,6,2,-19.98
80,6,3,-15.25
80,6,4,1.04
80,6,5,-35.99
80,6,6,2.57
80,6,7,-31.16
80,6,8,-17.80
80,6,9,-14.40
80,6,10,9.06
80,6,11,-10.13
80,6,12,-15.89
80,6,13,2.81
80,6,14,6.38
80,6,15,-10.70
80,6,16,-17.19
80,6,17,-13.26
80,6,18,-25.16
80,6,19,12.20
80,6,20,-26.21
80,6,21,-18.92
80,6,22,13.80
80,6,23,-10.67
80,6,24,-12.92
80,6,25,3.78
80,6,26,2.52
80,6,27,-19.67
80,6,28,-1.57
80,6,29,-10.91
80,6,30,-16.45
80,6,31,3.09
80,6,32,8.95
80,6,33,-33.88
80,6,34,-9.50
80,6,35,-19.90
80,6,36,0.00
80,6,37,11.41
80,6,38,38.34
80,6,39,2.01
80,6,40,-6.71
80,6,41,2.60
81,0,0,-19.21
81,0,1,-11.47
81,0,2,17.12
81,0,3,6.15
81,0,4,5.21
81,0,5,-26.09
81,0,6,7.65
81,0,7,-26.94
81,0,8,-25.00
81,0,9,-9.68
81,0,10,-14.56
81,0,11,-17.29
81,0,12,-23.21
81,0,13,-14.06
81,0,14,-31.63
81,0,15,-20.13
81,0,16,-17.35
81,0,17,-21.82
81,0,18,-32.74
81,0,19,-16.63
81,0,20,-21.03
81,0,21,-8.43
81,0,22,-16.94
81,0,23,-40.22
81,0,24,-47.07
81,0,25,2.27
81,0,26,2.35
81,0,27,-15.99
81,0,28,2.85
81,0,29,-31.72
81,0,30,-29.97
81,0,31,6.83
81,0,32,-22.04
81,0,33,-15.58
81,0,34,-2.11
81,0,35,-15.57
81,0,36,-17.57
81,0,37,-23.40
81,0,38,-15.07
81,0,39,-10.51
81,0,40,-19.75
81,0,41,-5.44
81,1,0,-14.66
81,1,1,-19.14
81,1,2,-10.23
81,1,3,-10.71
81,1,4,-8.88
81,1,5,-8.47
81,1,6,31.60
81,1,7,3.68
81,1,8,-2.90
81,1,9,24.75
81,1,10,28.63
81,1,11,7.41
81,1,12,-15.35
81,1,13,-22.72
81,1,14,-23.61
81,1,15,-3.50
81,1,16,-21.12
81,1,17,-21.15
81,1,18,-8.20
81,1,19,40.99
81,1,20,-5.42
81,1,21,-28.99
81,1,22,22.32
81,1,23,-6.58
81,1,24,-22.40
81,1,25,5.65
81,1,26,-14.29
81,1,27,-27.88
81,1,28,2.25
81,1,29,-28.63
81,1,30,-4.40
81,1,31,-5.20
81,1,32,-10.80
81,1,33,-32.48
81,1,34,28.19
81,1,35,-18.66
81,1,36,-20.51
81,1,37,-12.22
81,1,38,3.66
81,1,39,-25.11
81,1,40,-29.63
81,1,41,-26.59
81,2,0,-20.59
81,2,1,-27.44
81,2,2,-20.75
81,2,3,-25.86
81,2,4,1.19
81,2,5,-6.87
81,2,6,2.87
81,2,7,-25.53
81,2,8,-32.31
81,2,9,-17.84
81,2,10,-2.87
81,2,11,-21.92
81,2,12,-7.09
81,2,13,-13.58
81,2,14,2.93
81,2,15,-3.90
81,2,16,-1.40
81,2,17,11.88
81,2,18,-20.30
81,2,19,5.91
81,2,20,-18.43
81,2,21,-11.17
81,2,22,-5.49
81,2,23,-43.86
81,2,24,-28.75
81,2,25,4.80
81,2,26,-2.56
81,2,27,-22.34
81,2,28,-4.21
81,2,29,-14.08
81,2,30,-36.85
81,2,31,-14.37
81,2,32,2.54
81,2,33,-16.14
81,2,34,-9.33
81,2,35,-38.98
81,2,36,-14.70
81,2,37,-45.15
81,2,38,-8.21
81,2,39,-15.69
81,2,40,-12.65
81,2,41,-11.46
81,3,0,-11.36
81,3,1,-10.11
81,3,2,-20.53
81,3,3,-19.39
81,3,4,9.75
81,3,5,-13.91
81,3,6,2.96
81,3,7,-23.33
81,3,8,-7.99
81,3,9,0.38
81,3,10,-12.09
81,3,11,-19.47
81,3,12,1.38
81,3,13,-3.26
81,3,14,-15.51
81,3,15,-6.97
81,3,16,-5.81
81,3,17,-9.52
81,3,18,29.62
81,3,19,6.63
81,3,20,1.49
81,3,21,8.49
81,3,22,38.58
81,3,23,-5.89
81,3,24,-10.31
81,3,25,15.68
81,3,26,-12.34
81,3,27,-7.78
81,3,28,2.37
81,3,29,-28.66
81,3,30,-20.45
81,3,31,1.51
81,3,32,-1.70
81,3,33,-27.56
81,3,34,-12.63
81,3,35,-27.51
81,3,36,-24.78
81,3,37,-26.38
81,3,38,-20.12
81,3,39,-14.81
81,3,40,-18.35
81,3,41,-27.52
81,4,0,-6.48
81,4,1,-11.69
81,4,2,-27.61
81,4,3,-20.67
81,4,4,33.10
81,4,5,2.45
81,4,6,-10.96
81,4,7,-32.95
81,4,8,-24.85
81,4,9,2.70
81,4,10,2.99
81,4,11,-26.02
81,4,12,-22.48
81,4,13,-35.99
81,4,14,-16.46
81,4,15,-27.84
81,4,16,-21.90
81,4,17,-16.63
81,4,18,-29.46
81,4,19,-7.02
81,4,20,-19.06
81,4,21,-21.25
81,4,22,9.10
81,4,23,7.99
81,4,24,9.81
81,4,25,41.69
81,4,26,15.92
81,4,27,-7.82
81,4,28,9.41
81,4,29,5.33
81,4,30,-24.55
81,4,31,-5.48
81,4,32,14.87
81,4,33,-25.56
81,4,34,-9.12
81,4,35,-16.99
81,4,36,-18.38
81,4,37,2.02
81,4,38,25.56
81,4,39,3.64
81,4,40,-24.15
81,4,41,-3.94
81,5,0,-24.92
81,5,1,-35.85
81,5,2,-19.26
81,5,3,-36.98
81,5,4,-7.30
81,5,5,-15.74
81,5,6,-12.26
81,5,7,-42.73
81,5,8,-25.44
81,5,9,17.61
81,5,10,-2.44
81,5,11,-28.51
81,5,12,-16.78
81,5,13,-14.11
81,5,14,-12.37
81,5,15,-30.61
81,5,16,-21.80
81,5,17,-32.31
81,5,18,-18.40
81,5,19,31.16
81,5,20,-18.75
81,5,21,-19.50
81,5,22,0.01
81,5,23,-13.25
81,5,24,-21.51
81,5,25,2.99
81,5,26,-5.44
81,5,27,-15.79
81,5,28,2.44
81,5,29,-21.85
81,5,30,-18.00
81,5,31,4.23
81,5,32,14.60
81,5,33,-4.76
81,5,34,12.43
81,5,35,-15.99
81,5,36,-28.86
81,5,37,-35.90
81,5,38,2.74
81,5,39,-40.18
81,5,40,-19.89
81,5,41,-13.15
81,6,0,-30.84
81,6,1,-21.62
81,6,2,-19.98
81,6,3,-15.25
81,6,4,1.04
81,6,5,-35.99
81,6,6,2.57
81,6,7,-31.16
81,6,8,-17.80
81,6,9,-14.40
81,6,10,9.06
81,6,11,-10.13
81,6,12,-15.89
81,6,13,2.81
81,6,14,6.38
81,6,15,-10.70
81,6,16,-17.19
81,6,17,-13.26
81,6,18,-25.16
81,6,19,12.20
81,6,20,-26.21
81,6,21,-18.92
81,6,22,13.80
81,6,23,-10.67
81,6,24,-12.92
81,6,25,3.78
81,6,26,2.52
81,6,27,-19.67
81,6,28,-1.57
81,6,29,-10.91
81,6,30,-16.45
81,6,31,3.09
81,6,32,8.95
81,6,33,-33.88
81,6,34,-9.50
81,6,35,-19.90
81,6,36,0.00
81,6,37,11.41
81,6,38,38.34
81,6,39,2.01
81,6,40,-6.71
81,6,41,2.60
82,0,0,-19.21
82,0,1,-11.47
82,0,2,17.12
82,0,3,6.15
82,0,4,5.21
82,0,5,-26.09
82,0,6,7.65
82,0,7,-26.94
82,0,8,-25.00
82,0,9,-9.68
82,0,10,-14.56
82,0,11,-17.29
82,0,12,-23.21
82,0,13,-14.06
82,0,14,-31.63
82,0,15,-20.13
82,0,16,-17.35
82,0,17,-21.82
82,0,18,-32.74
82,0,19,-16.63
82,0,20,-21.03
82,0,21,-8.43
82,0,22,-16.94
82,0,23,-40.22
82,0,24,-47.07
82,0,25,2.27
82,0,26,2.35
82,0,27,-15.99
82,0,28,2.85
82,0,29,-31.72
82,0,30,-29.97
82,0,31,6.83
82,0,32,-22.04
82,0,33,-15.58
82,0,34,-2.11
82,0,35,-15.57
82,0,36,-17.57
82,0,37,-23.40
82,0,38,-15.07
82,0,39,-10.51
82,0,40,-19.75
82,0,41,-5.44
82,1,0,-14.66
82,1,1,-19.14
82,1,2,-10.23
82,1,3,-10.71
82,1,4,-8.88
82,1,5,-8.47
82,1,6,31.60
82,1,7,3.68
82,1,8,-2.90
82,1,9,24.75
82,1,10,28.63
82,1,11,7.41
82,1,12,-15.35
82,1,13,-22.72
82,1,14,-23.61
82,1,15,-3.50
82,1,16,-21.12
82,1,17,-21.15
82,1,18,-8.20
82,1,19,40.99
82,1,20,-5.42
82,1,21,-28.99
82,1,22,22.32
82,1,23,-6.58
82,1,24,-22.40
82,1,25,5.65
82,1,26,-14.29
82,1,27,-27.88
82,1,28,2.25
82,1,29,-28.63
82,1,30,-4.40
82,1,31,-5.20
82,1,32,-10.80
82,1,33,-32.48
82,1,34,28.19
82,1,35,-18.66
82,1,36,-20.51
82,1,37,-12.22
82,1,38,3.66
82,1,39,-25.11
82,1,40,-29.63
82,1,41,-26.59
82,2,0,-20.59
82,2,1,-27.44
82,2,2,-20.75
82,2,3,-25.86
82,2,4,1.19
82,2,5,-6.87
82,2,6,2.87
82,2,7,-25.53
82,2,8,-32.31
82,2,9,-17.84
82,2,10,-2.87
82,2,11,-21.92
82,2,12,-7.09
82,2,13,-13.58
82,2,14,2.93
82,2,15,-3.90
82,2,16,-1.40
82,2,17,11.88
82,2,18,-20.30
82,2,19,5.91
82,2,20,-18.43
82,2,21,-11.17
82,2,22,-5.49
82,2,23,-43.86
82,2,24,-28.75
82,2,25,4.80
82,2,26,-2.56
82,2,27,-22.34
82,2,28,-4.21
82,2,29,-14.08
82,2,30,-36.85
82,2,31,-14.37
82,2,32,2.54
82,2,33,-16.14
82,2,34,-9.33
82,2,35,-38.98
82,2,36,-14.70
82,2,37,-45.15
82,2,38,-8.21
82,2,39,-15.69
82,2,40,-12.65
82,2,41,-11.46
82,3,0,-11.36
82,3,1,-10.11
82,3,2,-20.53
82,3,3,-19.39
82,3,4,9.75
82,3,5,-13.91
82,3,6,2.96
82,3,7,-23.33
82,3,8,-7.99
82,3,9,0.38
82,3,10,-12.09
82,3,11,-19.47
82,3,12,1.38
82,3,13,-3.26
82,3,14,-15.51
82,3,15,-6.97
82,3,16,-5.81
82,3,17,-9.52
82,3,18,29.62
82,3,19,6.63
82,3,20,1.49
82,3,21,8.49
82,3,22,38.58
82,3,23,-5.89
82,3,24,-10.31
82,3,25,15.68
82,3,26,-12.34
82,3,27,-7.78
82,3,28,2.37
82,3,29,-28.66
82,3,30,-20.45
82,3,31,1.51
82,3,32,-1.70
82,3,33,-27.56
82,3,34,-12.63
82,3,35,-27.51
82,3,36,-24.78
82,3,37,-26.38
82,3,38,-20.12
82,3,39,-14.81
82,3,40,-18.35
82,3,41,-27.52
82,4,0,-6.48
82,4,1,-11.69
82,4,2,-27.61
82,4,3,-20.67
82,4,4,33.10
82,4,5,2.45
82,4,6,-10.96
82,4,7,-32.95
82,4,8,-24.85
82,4,9,2.70
82,4,10,2.99
82,4,11,-26.02
82,4,12,-22.48
82,4,13,-35.99
82,4,14,-16.46
82,4,15,-27.84
82,4,16,-21.90
82,4,17,-16.63
82,4,18,-29.46
82,4,19,-7.02
82,4,20,-19.06
82,4,21,-21.25
82,4,22,9.10
82,4,23,7.99
82,4,24,9.81
82,4,25,41.69
82,4,26,15.92
82,4,27,-7.82
82,4,28,9.41
82,4,29,5.33
82,4,30,-24.55
82,4,31,-5.48
82,4,32,14.87
82,4,33,-25.56
82,4,34,-9.12
82,4,35,-16.99
82,4,36,-18.38
82,4,37,2.02
82,4,38,25.56
82,4,39,3.64
82,4,40,-24.15
82,4,41,-3.94
82,5,0,-24.92
82,5,1,-35.85
82,5,2,-19.26
82,5,3,-36.98
82,5,4,-7.30
82,5,5,-15.74
82,5,6,-12.26
82,5,7,-42.73
82,5,8,-25.44
82,5,9,17.61
82,5,10,-2.44
82,5,11,-28.51
82,5,12,-16.78
82,5,13,-14.11
82,5,14,-12.37
82,5,15,-30.61
82,5,16,-21.80
82,5,17,-32.31
82,5,18,-18.40
82,5,19,31.16
82,5,20,-18.75
82,5,21,-19.50
82,5,22,0.01
82,5,23,-13.25
82,5,24,-21.51
82,5,25,2.99
82,5,26,-5.44
82,5,27,-15.79
82,5,28,2.44
82,5,29,-21.85
82,5,30,-18.00
82,5,31,4.23
82,5,32,14.60
82,5,33,-4.76
82,5,34,12.43
82,5,35,-15.99
82,5,36,-28.86
82,5,37,-35.90
82,5,38,2.74
82,5,39,-40.18
82,5,40,-19.89
82,5,41,-13.15
82,6,0,-30.84
82,6,1,-21.62
82,6,2,-19.98
82,6,3,-15.25
82,6,4,1.04
82,6,5,-35.99
82,6,6,2.57
82,6,7,-31.16
82,6,8,-17.80
82,6,9,-14.40
82,6,10,9.06
82,6,11,-10.13
82,6,12,-15.89
82,6,13,2.81
82,6,14,6.38
82,6,15,-10.70
82,6,16,-17.19
82,6,17,-13.26
82,6,18,-25.16
82,6,19,12.20
82,6,20,-26.21
82,6,21,-18.92
82,6,22,13.80
82,6,23,-10.67
82,6,24,-12.92
82,6,25,3.78
82,6,26,2.52
82,6,27,-19.67
82,6,28,-1.57
82,6,29,-10.91
82,6,30,-16.45
82,6,31,3.09
82,6,32,8.95
82,6,33,-33.88
82,6,34,-9.50
82,6,35,-19.90
82,6,36,0.00
82,6,37,11.41
82,6,38,38.34
82,6,39,2.01
82,6,40,-6.71
82,6,41,2.60
83,0,0,-19.21
83,0,1,-11.47
83,0,2,17.12
83,0,3,6.15
83,0,4,5.21
83,0,5,-26.09
83,0,6,7.65
83,0,7,-26.94
83,0,8,-25.00
83,0,9,-9.68
83,0,10,-14.56
83,0,11,-17.29
83,0,12,-23.21
83,0,13,-14.06
83,0,14,-31.63
83,0,15,-20.13
83,0,16,-17.35
83,0,17,-21.82
83,0,18,-32.74
83,0,19,-16.63
83,0,20,-21.03
83,0,21,-8.43
83,0,22,-16.94
83,0,23,-40.22
83,0,24,-47.07
83,0,25,2.27
83,0,26,2.35
83,0,27,-15.99
83,0,28,2.85
83,0,29,-31.72
83,0,30,-29.97
83,0,31,6.83
83,0,32,-22.04
83,0,33,-15.58
83,0,34,-2.11
83,0,35,-15.57
83,0,36,-17.57
83,0,37,-23.40
83,0,38,-15.07
83,0,39,-10.51
83,0,40,-19.75
83,0,41,-5.44
83,1,0,-14.66
83,1,1,-19.14
83,1,2,-10.23
83,1,3,-10.71
83,1,4,-8.88
83,1,5,-8.47
83,1,6,31.60
83,1,7,3.68
83,1,8,-2.90
83,1,9,24.75
83,1,10,28.63
83,1,11,7.41
83,1,12,-15.35
83,1,13,-22.72
83,1,14,-23.61
83,1,15,-3.50
83,1,16,-21.12
83,1,17,-21.15
83,1,18,-8.20
83,1,19,40.99
83,1,20,-5.42
83,1,21,-28.99
83,1,22,22.32
83,1,23,-6.58
83,1,24,-22.40
83,1,25,5.65
83,1,26,-14.29
83,1,27,-27.88
83,1,28,2.25
83,1,29,-28.63
83,1,30,-4.40
83,1,31,-5.20
83,1,32,-10.80
83,1,33,-32.48
83,1,34,28.19
83,1,35,-18.66
83,1,36,-20.51
83,1,37,-12.22
83,1,38,3.66
83,1,39,-25.11
83,1,40,-29.63
83,1,41,-26.59
83,2,0,-20.59
83,2,1,-27.44
83,2,2,-20.75
83,2,3,-25.86
83,2,4,1.19
83,2,5,-6.87
83,2,6,2.87
83,2,7,-25.53
83,2,8,-32.31
83,2,9,-17.84
83,2,10,-2.87
83,2,11,-21.92
83,2,12,-7.09
83,2,13,-13.58
83,2,14,2.93
83,2,15,-3.90
83,2,16,-1.40
83,2,17,11.88
83,2,18,-20.30
83,2,19,5.91
83,2,20,-18.43
83,2,21,-11.17
83,2,22,-5.49
83,2,23,-43.86
83,2,24,-28.75
83,2,25,4.80
83,2,26,-2.56
83,2,27,-22.34
83,2,28,-4.21
83,2,29,-14.08
83,2,30,-36.85
83,2,31,-14.37
83,2,32,2.54
83,2,33,-16.14
83,2,34,-9.33
83,2,35,-38.98
83,2,36,-14.70
83,2,37,-45.15
83,2,38,-8.21
83,2,39,-15.69
83,2,40,-12.65
83,2,41,-11.46
83,3,0,-11.36
83,3,1,-10.11
83,3,2,-20.53
83,3,3,-19.39
83,3,4,9.75
83,3,5,-13.91
83,3,6,2.96
83,3,7,-23.33
83,3,8,-7.99
83,3,9,0.38
83,3,10,-12.09
83,3,11,-19.47
83,3,12,1.38
83,3,13,-3.26
83,3,14,-15.51
83,3,15,-6.97
83,3,16,-5.81
83,3,17,-9.52
83,3,18,29.62
83,3,19,6.63
83,3,20,1.49
83,3,21,8.49
83,3,22,38.58
83,3,23,-5.89
83,3,24,-10.31
83,3,25,15.68
83,3,26,-12.34
83,3,27,-7.78
83,3,28,2.37
83,3,29,-28.66
83,3,30,-20.45
83,3,31,1.51
83,3,32,-1.70
83,3,33,-27.56
83,3,34,-12.63
83,3,35,-27.51
83,3,36,-24.78
83,3,37,-26.38
83,3,38,-20.12
83,3,39,-14.81
83,3,40,-18.35
83,3,41,-27.52
83,4,0,-6.48
83,4,1,-11.69
83,4,2,-27.61
83,4,3,-20.67
83,4,4,33.10
83,4,5,2.45
83,4,6,-10.96
83,4,7,-32.95
83,4,8,-24.85
83,4,9,2.70
83,4,10,2.99
83,4,11,-26.02
83,4,12,-22.48
83,4,13,-35.99
83,4,14,-16.46
83,4,15,-27.84
83,4,16,-21.90
83,4,17,-16.63
83,4,18,-29.46
83,4,19,-7.02
83,4,20,-19.06
83,4,21,-21.25
83,4,22,9.10
83,4,23,7.99
83,4,24,9.81
83,4,25,41.69
83,4,26,15.92
83,4,27,-7.82
83,4,28,9.41
83,4,29,5.33
83,4,30,-24.55
83,4,31,-5.48
83,4,32,14.87
83,4,33,-25.56
83,4,34,-9.12
83,4,35,-16.99
83,4,36,-18.38
83,4,37,2.02
83,4,38,25.56
83,4,39,3.64
83,4,40,-24.15
83,4,41,-3.94
83,5,0,-24.92
83,5,1,-35.85
83,5,2,-19.26
83,5,3,-36.98
83,5,4,-7.30
83,5,5,-15.74
83,5,6,-12.26
83,5,7,-42.73
83,5,8,-25.44
83,5,9,17.61
83,5,10,-2.44
83,5,11,-28.51
83,5,12,-16.78
83,5,13,-14.11
83,5,14,-12.37
83,5,15,-30.61
83,5,16,-21.80
83,5,17,-32.31
83,5,18,-18.40
83,5,19,31.16
83,5,20,-18.75
83,5,21,-19.50
83,5,22,0.01
83,5,23,-13.25
83,5,24,-21.51
83,5,25,2.99
83,5,26,-5.44
83,5,27,-15.79
83,5,28,2.44
83,5,29,-21.85
83,5,30,-18.00
83,5,31,4.23
83,5,32,14.60
83,5,33,-4.76
83,5,34,12.43
83,5,35,-15.99
83,5,36,-28.86
83,5,37,-35.90
83,5,38,2.74
83,5,39,-40.18
83,5,40,-19.89
83,5,41,-13.15
83,6,0,-30.84
83,6,1,-21.62
83,6,2,-19.98
83,6,3,-15.25
83,6,4,1.04
83,6,5,-35.99
83,6,6,2.57
83,6,7,-31.16
83,6,8,-17.80
83,6,9,-14.40
83,6,10,9.06
83,6,11,-10.13
83,6,12,-15.89
83,6,13,2.81
83,6,14,6.38
83,6,15,-10.70
83,6,16,-17.19
83,6,17,-13.26
83,6,18,-25.16
83,6,19,12.20
83,6,20,-26.21
83,6,21,-18.92
83,6,22,13.80
83,6,23,-10.67
83,6,24,-12.92
83,6,25,3.78
83,6,26,2.52
83,6,27,-19.67
83,6,28,-1.57
83,6,29,-10.91
83,6,30,-16.45
83,6,31,3.09
83,6,32,8.95
83,6,33,-33.88
83,6,34,-9.50
83,6,35,-19.90
83,6,36,0.00
83,6,37,11.41
83,6,38,38.34
83,6,39,2.01
83,6,40,-6.71
83,6,41,2.60
84,0,0,-19.21
84,0,1,-11.47
84,0,2,17.12
84,0,3,6.15
84,0,4,5.21
84,0,5,-26.09
84,0,6,7.65
84,0,7,-26.94
84,0,8,-25.00
84,0,9,-9.68
84,0,10,-14.56
84,0,11,-17.29
84,0,12,-23.21
84,0,13,-14.06
84,0,14,-31.63
84,0,15,-20.13
84,0,16,-17.35
84,0,17,-21.82
84,0,18,-32.74
84,0,19,-16.63
84,0,20,-21.03
84,0,21,-8.43
84,0,22,-16.94
84,0,23,-40.22
84,0,24,-47.07
84,0,25,2.27
84,0,26,2.35
84,0,27,-15.99
84,0,28,2.85
84,0,29,-31.72
84,0,30,-29.97
84,0,31,6.83
84,0,32,-22.04
84,0,33,-15.58
84,0,34,-2.11
84,0,35,-15.57
84,0,36,-17.57
84,0,37,-23.40
84,0,38,-15.07
84,0,39,-10.51
84,0,40,-19.75
84,0,41,-5.44
84,1,0,-14.66
84,1,1,-19.14
84,1,2,-10.23
84,1,3,-10.71
84,1,4,-8.88
84,1,5,-8.47
84,1,6,31.60
84,1,7,3.68
84,1,8,-2.90
84,1,9,24.75
84,1,10,28.63
84,1,11,7.41
84,1,12,-15.35
84,1,13,-22.72
84,1,14,-23.61
84,1,15,-3.50
84,1,16,-21.12
84,1,17,-21.15
84,1,18,-8.20
84,1,19,40.99
84,1,20,-5.42
84,1,21,-28.99
84,1,22,22.32
84,1,23,-6.58
84,1,24,-22.40
84,1,25,5.65
84,1,26,-14.29
84,1,27,-27.88
84,1,28,2.25
84,1,29,-28.63
84,1,30,-4.40
84,1,31,-5.20
84,1,32,-10.80
84,1,33,-32.48
84,1,34,28.19
84,1,35,-18.66
84,1,36,-20.51
84,1,37,-12.22
84,1,38,3.66
84,1,39,-25.11
84,1,40,-29.63
84,1,41,-26.59
84,2,0,-20.59
84,2,1,-27.44
84,2,2,-20.75
84,2,3,-25.86
84,2,4,1.19
84,2,5,-6.87
84,2,6,2.87
84,2,7,-25.53
84,2,8,-32.31
84,2,9,-17.84
84,2,10,-2.87
84,2,11,-21.92
84,2,12,-7.09
84,2,13,-13.58
84,2,14,2.93
84,2,15,-3.90
84,2,16,-1.40
84,2,17,11.88
84,2,18,-20.30
84,2,19,5.91
84,2,20,-18.43
84,2,21,-11.17
84,2,22,-5.49
84,2,23,-43.86
84,2,24,-28.75
84,2,25,4.80
84,2,26,-2.56
84,2,27,-22.34
84,2,28,-4.21
84,2,29,-14.08
84,2,30,-36.85
84,2,31,-14.37
84,2,32,2.54
84,2,33,-16.14
84,2,34,-9.33
84,2,35,-38.98
84,2,36,-14.70
84,2,37,-45.15
84,2,38,-8.21
84,2,39,-15.69
84,2,40,-12.65
84,2,41,-11.46
84,3,0,-11.36
84,3,1,-10.11
84,3,2,-20.53
84,3,3,-19.39
84,3,4,9.75
84,3,5,-13.91
84,3,6,2.96
84,3,7,-23.33
84,3,8,-7.99
84,3,9,0.38
84,3,10,-12.09
84,3,11,-19.47
84,3,12,1.38
84,3,13,-3.26
84,3,14,-15.51
84,3,15,-6.97
84,3,16,-5.81
84,3,17,-9.52
84,3,18,29.62
84,3,19,6.63
84,3,20,1.49
84,3,21,8.49
84,3,22,38.58
84,3,23,-5.89
84,3,24,-10.31
84,3,25,15.68
84,3,26,-12.34
84,3,27,-7.78
84,3,28,2.37
84,3,29,-28.66
84,3,30,-20.45
84,3,31,1.51
84,3,32,-1.70
84,3,33,-27.56
84,3,34,-12.63
84,3,35,-27.51
84,3,36,-24.78
84,3,37,-26.38
84,3,38,-20.12
84,3,39,-14.81
84,3,40,-18.35
84,3,41,-27.52
84,4,0,-6.48
84,4,1,-11.69
84,4,2,-27.61
84,4,3,-20.67
84,4,4,33.10
84,4,5,2.45
84,4,6,-10.96
84,4,7,-32.95
84,4,8,-24.85
84,4,9,2.70
84,4,10,2.99
84,4,11,-26.02
84,4,12,-22.48
84,4,13,-35.99
84,4,14,-16.46
84,4,15,-27.84
84,4,16,-21.90
84,4,17,-16.63
84,4,18,-29.46
84,4,19,-7.02
84,4,20,-19.06
84,4,21,-21.25
84,4,22,9.10
84,4,23,7.99
84,4,24,9.81
84,4,25,41.69
84,4,26,15.92
84,4,27,-7.82
84,4,28,9.41
84,4,29,5.33
84,4,30,-24.55
84,4,31,-5.48
84,4,32,14.87
84,4,33,-25.56
84,4,34,-9.12
84,4,35,-16.99
84,4,36,-18.38
84,4,37,2.02
84,4,38,25.56
84,4,39,3.64
84,4,40,-24.15
84,4,41,-3.94
84,5,0,-24.92
84,5,1,-35.85
84,5,2,-19.26
84,5,3,-36.98
84,5,4,-7.30
84,5,5,-15.74
84,5,6,-12.26
84,5,7,-42.73
84,5,8,-25.44
84,5,9,17.61
84,5,10,-2.44
84,5,11,-28.51
84,5,12,-16.78
84,5,13,-14.11
84,5,14,-12.37
84,5,15,-30.61
84,5,16,-21.80
84,5,17,-32.31
84,5,18,-18.40
84,5,19,31.16
84,5,20,-18.75
84,5,21,-19.50
84,5,22,0.01
84,5,23,-13.25
84,5,24,-21.51
84,5,25,2.99
84,5,26,-5.44
84,5,27,-15.79
84,5,28,2.44
84,5,29,-21.85
84,5,30,-18.00
84,5,31,4.23
84,5,32,14.60
84,5,33,-4.76
84,5,34,12.43
84,5,35,-15.99
84,5,36,-28.86
84,5,37,-35.90
84,5,38,2.74
84,5,39,-40.18
84,5,40,-19.89
84,5,41,-13.15
84,6,0,-30.84
84,6,1,-21.62
84,6,2,-19.98
84,6,3,-15.25
84,6,4,1.04
84,6,5,-35.99
84,6,6,2.57
84,6,7,-31.16
84,6,8,-17.80
84,6,9,-14.40
84,6,10,9.06
84,6,11,-10.13
84,6,12,-15.89
84,6,13,2.81
84,6,14,6.38
84,6,15,-10.70
84,6,16,-17.19
84,6,17,-13.26
84,6,18,-25.16
84,6,19,12.20
84,6,20,-26.21
84,6,21,-18.92
84,6,22,13.80
84,6,23,-10.67
84,6,24,-12.92
84,6,25,3.78
84,6,26,2.52
84,6,27,-19.67
84,6,28,-1.57
84,6,29,-10.91
84,6,30,-16.45
84,6,31,3.09
84,6,32,8.95
84,6,33,-33.88
84,6,34,-9.50
84,6,35,-19.90
84,6,36,0.00
84,6,37,11.41
84,6,38,38.34
84,6,39,2.01
84,6,40,-6.71
84,6,41,2.60
85,0,0,-19.21
85,0,1,-11.47
85,0,2,17.12
85,0,3,6.15
85,0,4,5.21
85,0,5,-26.09
85,0,6,7.65
85,0,7,-26.94
85,0,8,-25.00
85,0,9,-9.68
85,0,10,-14.56
85,0,11,-17.29
85,0,12,-23.21
85,0,13,-14.06
85,0,14,-31.63
85,0,15,-20.13
85,0,16,-17.35
85,0,17,-21.82
85,0,18,-32.74
85,0,19,-16.63
85,0,20,-21.03
85,0,21,-8.43
85,0,22,-16.94
85,0,23,-40.22
85,0,24,-47.07
85,0,25,2.27
85,0,26,2.35
85,0,27,-15.99
85,0,28,2.85
85,0,29,-31.72
85,0,30,-29.97
85,0,31,6.83
85,0,32,-22.04
85,0,33,-15.58
85,0,34,-2.11
85,0,35,-15.57
85,0,36,-17.57
85,0,37,-23.40
85,0,38,-15.07
85,0,39,-10.51
85,0,40,-19.75
85,0,41,-5.44
85,1,0,-14.66
85,1,1,-19.14
85,1,2,-10.23
85,1,3,-10.71
85,1,4,-8.88
85,1,5,-8.47
85,1,6,31.60
85,1,7,3.68
85,1,8,-2.90
85,1,9,24.75
85,1,10,28.63
85,1,11,7.41
85,1,12,-15.35
85,1,13,-22.72
85,1,14,-23.61
85,1,15,-3.50
85,1,16,-21.12
85,1,17,-21.15
85,1,18,-8.20
85,1,19,40.99
85,1,20,-5.42
85,1,21,-28.99
85,1,22,22.32
85,1,23,-6.58
85,1,24,-22.40
85,1,25,5.65
85,1,26,-14.29
85,1,27,-27.88
85,1,28,2.25
85,1,29,-28.63
85,1,30,-4.40
85,1,31,-5.20
85,1,32,-10.80
85,1,33,-32.48
85,1,34,28.19
85,1,35,-18.66
85,1,36,-20.51
85,1,37,-12.22
85,1,38,3.66
85,1,39,-25.11
85,1,40,-29.63
85,1,41,-26.59
85,2,0,-20.59
85,2,1,-27.44
85,2,2,-20.75
85,2,3,-25.86
85,2,4,1.19
85,2,5,-6.87
85,2,6,2.87
85,2,7,-25.53
85,2,8,-32.31
85,2,9,-17.84
85,2,10,-2.87
85,2,11,-21.92
85,2,12,-7.09
85,2,13,-13.58
85,2,14,2.93
85,2,15,-3.90
85,2,16,-1.40
85,2,17,11.88
85,2,18,-20.30
85,2,19,5.91
85,2,20,-18.43
85,2,21,-11.17
85,2,22,-5.49
85,2,23,-43.86
85,2,24,-28.75
85,2,25,4.80
85,2,26,-2.56
85,2,27,-22.34
85,2,28,-4.21
85,2,29,-14.08
85,2,30,-36.85
85,2,31,-14.37
85,2,32,2.54
85,2,33,-16.14
85,2,34,-9.33
85,2,35,-38.98
85,2,36,-14.70
85,2,37,-45.15
85,2,38,-8.21
85,2,39,-15.69
85,2,40,-12.65
85,2,41,-11.46
85,3,0,-11.36
85,3,1,-10.11
85,3,2,-20.53
85,3,3,-19.39
85,3,4,9.75
85,3,5,-13.91
85,3,6,2.96
85,3,7,-23.33
85,3,8,-7.99
85,3,9,0.38
85,3,10,-12.09
85,3,11,-19.47
85,3,12,1.38
85,3,13,-3.26
85,3,14,-15.51
85,3,15,-6.97
85,3,16,-5.81
85,3,17,-9.52
85,3,18,29.62
85,3,19,6.63
85,3,20,1.49
85,3,21,8.49
85,3,22,38.58
85,3,23,-5.89
85,3,24,-10.31
85,3,25,15.68
85,3,26,-12.34
85,3,27,-7.78
85,3,28,2.37
85,3,29,-28.66
85,3,30,-20.45
85,3,31,1.51
85,3,32,-1.70
85,3,33,-27.56
85,3,34,-12.63
85,3,35,-27.51
85,3,36,-24.78
85,3,37,-26.38
85,3,38,-20.12
85,3,39,-14.81
85,3,40,-18.35
85,3,41,-27.52
85,4,0,-6.48
85,4,1,-11.69
85,4,2,-27.61
85,4,3,-20.67
85,4,4,33.10
85,4,5,2.45
85,4,6,-10.96
85,4,7,-32.95
85,4,8,-24.85
85,4,9,2.70
85,4,10,2.99
85,4,11,-26.02
85,4,12,-22.48
85,4,13,-35.99
85,4,14,-16.46
85,4,15,-27.84
85,4,16,-21.90
85,4,17,-16.63
85,4,18,-29.46
85,4,19,-7.02
85,4,20,-19.06
85,4,21,-21.25
85,4,22,9.10
85,4,23,7.99
85,4,24,9.81
85,4,25,41.69
85,4,26,15.92
85,4,27,-7.82
85,4,28,9.41
85,4,29,5.33
85,4,30,-24.55
85,4,31,-5.48
85,4,32,14.87
85,4,33,-25.56
85,4,34,-9.12
85,4,35,-16.99
85,4,36,-18.38
85,4,37,2.02
85,4,38,25.56
85,4,39,3.64
85,4,40,-24.15
85,4,41,-3.94
85,5,0,-24.92
85,5,1,-35.85
85,5,2,-19.26
85,5,3,-36.98
85,5,4,-7.30
85,5,5,-15.74
85,5,6,-12.26
85,5,7,-42.73
85,5,8,-25.44
85,5,9,17.61
85,5,10,-2.44
85,5,11,-28.51
85,5,12,-16.78
85,5,13,-14.11
85,5,14,-12.37
85,5,15,-30.61
85,5,16,-21.80
85,5,17,-32.31
85,5,18,-18.40
85,5,19,31.16
85,5,20,-18.75
85,5,21,-19.50
85,5,22,0.01
85,5,23,-13.25
85,5,24,-21.51
85,5,25,2.99
85,5,26,-5.44
85,5,27,-15.79
85,5,28,2.44
85,5,29,-21.85
85,5,30,-18.00
85,5,31,4.23
85,5,32,14.60
85,5,33,-4.76
85,5,34,12.43
85,5,35,-15.99
85,5,36,-28.86
85,5,37,-35.90
85,5,38,2.74
85,5,39,-40.18
85,5,40,-19.89
85,5,41,-13.15
85,6,0,-30.84
85,6,1,-21.62
85,6,2,-19.98
85,6,3,-15.25
85,6,4,1.04
85,6,5,-35.99
85,6,6,2.57
85,6,7,-31.16
85,6,8,-17.80
85,6,9,-14.40
85,6,10,9.06
85,6,11,-10.13
85,6,12,-15.89
85,6,13,2.81
85,6,14,6.38
85,6,15,-10.70
85,6,16,-17.19
85,6,17,-13.26
85,6,18,-25.16
85,6,19,12.20
85,6,20,-26.21
85,6,21,-18.92
85,6,22,13.80
85,6,23,-10.67
85,6,24,-12.92
85,6,25,3.78
85,6,26,2.52
85,6,27,-19.67
85,6,28,-1.57
85,6,29,-10.91
85,6,30,-16.45
85,6,31,3.09
85,6,32,8.95
85,6,33,-33.88
85,6,34,-9.50
85,6,35,-19.90
85,6,36,0.00
85,6,37,11.41
85,6,38,38.34
85,6,39,2.01
85,6,40,-6.71
85,6,41,2.60
86,0,0,-19.21
86,0,1,-11.47
86,0,2,17.12
86,0,3,6.15
86,0,4,5.21
86,0,5,-26.09
86,0,6,7.65
86,0,7,-26.94
86,0,8,-25.00
86,0,9,-9.68
86,0,10,-14.56
86,0,11,-17.29
86,0,12,-23.21
86,0,13,-14.06
86,0,14,-31.63
86,0,15,-20.13
86,0,16,-17.35
86,0,17,-21.82
86,0,18,-32.74
86,0,19,-16.63
86,0,20,-21.03
86,0,21,-8.43
86,0,22,-16.94
86,0,23,-40.22
86,0,24,-47.07
86,0,25,2.27
86,0,26,2.35
86,0,27,-15.99
86,0,28,2.85
86,0,29,-31.72
86,0,30,-29.97
86,0,31,6.83
86,0,32,-22.04
86,0,33,-15.58
86,0,34,-2.11
86,0,35,-15.57
86,0,36,-17.57
86,0,37,-23.40
86,0,38,-15.07
86,0,39,-10.51
86,0,40,-19.75
86,0,41,-5.44
86,1,0,-14.66
86,1,1,-19.14
86,1,2,-10.23
86,1,3,-10.71
86,1,4,-8.88
86,1,5,-8.47
86,1,6,31.60
86,1,7,3.68
86,1,8,-2.90
86,1,9,24.75
86,1,10,28.63
86,1,11,7.41
86,1,12,-15.35
86,1,13,-22.72
86,1,14,-23.61
86,1,15,-3.50
86,1,16,-21.12
86,1,17,-21.15
86,1,18,-8.20
86,1,19,40.99
86,1,20,-5.42
86,1,21,-28.99
86,1,22,22.32
86,1,23,-6.58
86,1,24,-22.40
86,1,25,5.65
86,1,26,-14.29
86,1,27,-27.88
86,1,28,2.25
86,1,29,-28.63
86,1,30,-4.40
86,1,31,-5.20
86,1,32,-10.80
86,1,33,-32.48
86,1,34,28.19
86,1,35,-18.66
86,1,36,-20.51
86,1,37,-12.22
86,1,38,3.66
86,1,39,-25.11
86,1,40,-29.63
86,1,41,-26.59
86,2,0,-20.59
86,2,1,-27.44
86,2,2,-20.75
86,2,3,-25.86
86,2,4,1.19
86,2,5,-6.87
86,2,6,2.87
86,2,7,-25.53
86,2,8,-32.31
86,2,9,-17.84
86,2,10,-2.87
86,2,11,-21.92
86,2,12,-7.09
86,2,13,-13.58
86,2,14,2.93
86,2,15,-3.90
86,2,16,-1.40
86,2,17,11.88
86,2,18,-20.30
86,2,19,5.91
86,2,20,-18.43
86,2,21,-11.17
86,2,22,-5.49
86,2,23,-43.86
86,2,24,-28.75
86,2,25,4.80
86,2,26,-2.56
86,2,27,-22.34
86,2,28,-4.21
86,2,29,-14.08
86,2,30,-36.85
86,2,31,-14.37
86,2,32,2.54
86,2,33,-16.14
86,2,34,-9.33
86,2,35,-38.98
86,2,36,-14.70
86,2,37,-45.15
86,2,38,-8.21
86,2,39,-15.69
86,2,40,-12.65
86,2,41,-11.46
86,3,0,-11.36
86,3,1,-10.11
86,3,2,-20.53
86,3,3,-19.39
86,3,4,9.75
86,3,5,-13.91
86,3,6,2.96
86,3,7,-23.33
86,3,8,-7.99
86,3,9,0.38
86,3,10,-12.09
86,3,11,-19.47
86,3,12,1.38
86,3,13,-3.26
86,3,14,-15.51
86,3,15,-6.97
86,3,16,-5.81
86,3,17,-9.52
86,3,18,29.62
86,3,19,6.63
86,3,20,1.49
86,3,21,8.49
86,3,22,38.58
86,3,23,-5.89
86,3,24,-10.31
86,3,25,15.68
86,3,26,-12.34
86,3,27,-7.78
86,3,28,2.37
86,3,29,-28.66
86,3,30,-20.45
86,3,31,1.51
86,3,32,-1.70
86,3,33,-27.56
86,3,34,-12.63
86,3,35,-27.51
86,3,36,-24.78
86,3,37,-26.38
86,3,38,-20.12
86,3,39,-14.81
86,3,40,-18.35
86,3,41,-27.52
86,4,0,-6.48
86,4,1,-11.69
86,4,2,-27.61
86,4,3,-20.67
86,4,4,33.10
86,4,5,2.45
86,4,6,-10.96
86,4,7,-32.95
86,4,8,-24.85
86,4,9,2.70
86,4,10,2.99
86,4,11,-26.02
86,4,12,-22.48
86,4,13,-35.99
86,4,14,-16.46
86,4,15,-27.84
86,4,16,-21.90
86,4,17,-16.63
86,4,18,-29.46
86,4,19,-7.02
86,4,20,-19.06
86,4,21,-21.25
86,4,22,9.10
86,4,23,7.99
86,4,24,9.81
86,4,25,41.69
86,4,26,15.92
86,4,27,-7.82
86,4,28,9.41
86,4,29,5.33
86,4,30,-24.55
86,4,31,-5.48
86,4,32,14.87
86,4,33,-25.56
86,4,34,-9.12
86,4,35,-16.99
86,4,36,-18.38
86,4,37,2.02
86,4,38,25.56
86,4,39,3.64
86,4,40,-24.15
86,4,41,-3.94
86,5,0,-24.92
86,5,1,-35.85
86,5,2,-19.26
86,5,3,-36.98
86,5,4,-7.30
86,5,5,-15.74
86,5,6,-12.26
86,5,7,-42.73
86,5,8,-25.44
86,5,9,17.61
86,5,10,-2.44
86,5,11,-28.51
86,5,12,-16.78
86,5,13,-14.11
86,5,14,-12.37
86,5,15,-30.61
86,5,16,-21.80
86,5,17,-32.31
86,5,18,-18.40
86,5,19,31.16
86,5,20,-18.75
86,5,21,-19.50
86,5,22,0.01
86,5,23,-13.25
86,5,24,-21.51
86,5,25,2.99
86,5,26,-5.44
86,5,27,-15.79
86,5,28,2.44
86,5,29,-21.85
86,5,30,-18.00
86,5,31,4.23
86,5,32,14.60
86,5,33,-4.76
86,5,34,12.43
86,5,35,-15.99
86,5,36,-28.86
86,5,37,-35.90
86,5,38,2.74
86,5,39,-40.18
86,5,40,-19.89
86,5,41,-13.15
86,6,0,-30.84
86,6,1,-21.62
86,6,2,-19.98
86,6,3,-15.25
86,6,4,1.04
86,6,5,-35.99
86,6,6,2.57
86,6,7,-31.16
86,6,8,-17.80
86,6,9,-14.40
86,6,10,9.06
86,6,11,-10.13
86,6,12,-15.89
86,6,13,2.81
86,6,14,6.38
86,6,15,-10.70
86,6,16,-17.19
86,6,17,-13.26
86,6,18,-25.16
86,6,19,12.20
86,6,20,-26.21
86,6,21,-18.92
86,6,22,13.80
86,6,23,-10.67
86,6,24,-12.92
86,6,25,3.78
86,6,26,2.52
86,6,27,-19.67
86,6,28,-1.57
86,6,29,-10.91
86,6,30,-16.45
86,6,31,3.09
86,6,32,8.95
86,6,33,-33.88
86,6,34,-9.50
86,6,35,-19.90
86,6,36,0.00
86,6,37,11.41
86,6,38,38.34
86,6,39,2.01
86,6,40,-6.71
86,6,41,2.60
87,0,0,-19.21
87,0,1,-11.47
87,0,2,17.12
87,0,3,6.15
87,0,4,5.21
87,0,5,-26.09
87,0,6,7.65
87,0,7,-26.94
87,0,8,-25.00
87,0,9,-9.68
87,0,10,-14.56
87,0,11,-17.29
87,0,12,-23.21
87,0,13,-14.06
87,0,14,-31.63
87,0,15,-20.13
87,0,16,-17.35
87,0,17,-21.82
87,0,18,-32.74
87,0,19,-16.63
87,0,20,-21.03
87,0,21,-8.43
87,0,22,-16.94
87,0,23,-40.22
87,0,24,-47.07
87,0,25,2.27
87,0,26,2.35
87,0,27,-15.99
87,0,28,2.85
87,0,29,-31.72
87,0,30,-29.97
87,0,31,6.83
87,0,32,-22.04
87,0,33,-15.58
87,0,34,-2.11
87,0,35,-15.57
87,0,36,-17.57
87,0,37,-23.40
87,0,38,-15.07
87,0,39,-10.51
87,0,40,-19.75
87,0,41,-5.44
87,1,0,-14.66
87,1,1,-19.14
87,1,2,-10.23
87,1,3,-10.71
87,1,4,-8.88
87,1,5,-8.47
87,1,6,31.60
87,1,7,3.68
87,1,8,-2.90
87,1,9,24.75
87,1,10,28.63
87,1,11,7.41
87,1,12,-15.35
87,1,13,-22.72
87,1,14,-23.61
87,1,15,-3.50
87,1,16,-21.12
87,1,17,-21.15
87,1,18,-8.20
87,1,19,40.99
87,1,20,-5.42
87,1,21,-28.99
87,1,22,22.32
87,1,23,-6.58
87,1,24,-22.40
87,1,25,5.65
87,1,26,-14.29
87,1,27,-27.88
87,1,28,2.25
87,1,29,-28.63
87,1,30,-4.40
87,1,31,-5.20
87,1,32,-10.80
87,1,33,-32.48
87,1,34,28.19
87,1,35,-18.66
87,1,36,-20.51
87,1,37,-12.22
87,1,38,3.66
87,1,39,-25.11
87,1,40,-29.63
87,1,41,-26.59
87,2,0,-20.59
87,2,1,-27.44
87,2,2,-20.75
87,2,3,-25.86
87,2,4,1.19
87,2,5,-6.87
87,2,6,2.87
87,2,7,-25.53
87,2,8,-32.31
87,2,9,-17.84
87,2,10,-2.87
87,2,11,-21.92
87,2,12,-7.09
87,2,13,-13.58
87,2,14,2.93
87,2,15,-3.90
87,2,16,-1.40
87,2,17,11.88
87,2,18,-20.30
87,2,19,5.91
87,2,20,-18.43
87,2,21,-11.17
87,2,22,-5.49
87,2,23,-43.86
87,2,24,-28.75
87,2,25,4.80
87,2,26,-2.56
87,2,27,-22.34
87,2,28,-4.21
87,2,29,-14.08
87,2,30,-36.85
87,2,31,-14.37
87,2,32,2.54
87,2,33,-16.14
87,2,34,-9.33
87,2,35,-38.98
87,2,36,-14.70
87,2,37,-45.15
87,2,38,-8.21
87,2,39,-15.69
87,2,40,-12.65
87,2,41,-11.46
87,3,0,-11.36
87,3,1,-10.11
87,3,2,-20.53
87,3,3,-19.39
87,3,4,9.75
87,3,5,-13.91
87,3,6,2.96
87,3,7,-23.33
87,3,8,-7.99
87,3,9,0.38
87,3,10,-12.09
87,3,11,-19.47
87,3,12,1.38
87,3,13,-3.26
87,3,14,-15.51
87,3,15,-6.97
87,3,16,-5.81
87,3,17,-9.52
87,3,18,29.62
87,3,19,6.63
87,3,20,1.49
87,3,21,8.49
87,3,22,38.58
87,3,23,-5.89
87,3,24,-10.31
87,3,25,15.68
87,3,26,-12.34
87,3,27,-7.78
87,3,28,2.37
87,3,29,-28.66
87,3,30,-20.45
87,3,31,1.51
87,3,32,-1.70
87,3,33,-27.56
87,3,34,-12.63
87,3,35,-27.51
87,3,36,-24.78
87,3,37,-26.38
87,3,38,-20.12
87,3,39,-14.81
87,3,40,-18.35
87,3,41,-27.52
87,4,0,-6.48
87,4,1,-11.69
87,4,2,-27.61
87,4,3,-20.67
87,4,4,33.10
87,4,5,2.45
87,4,6,-10.96
87,4,7,-32.95
87,4,8,-24.85
87,4,9,2.70
87,4,10,2.99
87,4,11,-26.02
87,4,12,-22.48
87,4,13,-35.99
87,4,14,-16.46
87,4,15,-27.84
87,4,16,-21.90
87,4,17,-16.63
87,4,18,-29.46
87,4,19,-7.02
87,4,20,-19.06
87,4,21,-21.25
87,4,22,9.10
87,4,23,7.99
87,4,24,9.81
87,4,25,41.69
87,4,26,15.92
87,4,27,-7.82
87,4,28,9.41
87,4,29,5.33
87,4,30,-24.55
87,4,31,-5.48
87,4,32,14.87
87,4,33,-25.56
87,4,34,-9.12
87,4,35,-16.99
87,4,36,-18.38
87,4,37,2.02
87,4,38,25.56
87,4,39,3.64
87,4,40,-24.15
87,4,41,-3.94
87,5,0,-24.92
87,5,1,-35.85
87,5,2,-19.26
87,5,3,-36.98
87,5,4,-7.30
87,5,5,-15.74
87,5,6,-12.26
87,5,7,-42.73
87,5,8,-25.44
87,5,9,17.61
87,5,10,-2.44
87,5,11,-28.51
87,5,12,-16.78
87,5,13,-14.11
87,5,14,-12.37
87,5,15,-30.61
87,5,16,-21.80
87,5,17,-32.31
87,5,18,-18.40
87,5,19,31.16
87,5,20,-18.75
87,5,21,-19.50
87,5,22,0.01
87,5,23,-13.25
87,5,24,-21.51
87,5,25,2.99
87,5,26,-5.44
87,5,27,-15.79
87,5,28,2.44
87,5,29,-21.85
87,5,30,-18.00
87,5,31,4.23
87,5,32,14.60
87,5,33,-4.76
87,5,34,12.43
87,5,35,-15.99
87,5,36,-28.86
87,5,37,-35.90
87,5,38,2.74
87,5,39,-40.18
87,5,40,-19.89
87,5,41,-13.15
87,6,0,-30.84
87,6,1,-21.62
87,6,2,-19.98
87,6,3,-15.25
87,6,4,1.04
87,6,5,-35.99
87,6,6,2.57
87,6,7,-31.16
87,6,8,-17.80
87,6,9,-14.40
87,6,10,9.06
87,6,11,-10.13
87,6,12,-15.89
87,6,13,2.81
87,6,14,6.38
87,6,15,-10.70
87,6,16,-17.19
87,6,17,-13.26
87,6,18,-25.16
87,6,19,12.20
87,6,20,-26.21
87,6,21,-18.92
87,6,22,13.80
87,6,23,-10.67
87,6,24,-12.92
87,6,25,3.78
87,6,26,2.52
87,6,27,-19.67
87,6,28,-1.57
87,6,29,-10.91
87,6,30,-16.45
87,6,31,3.09
87,6,32,8.95
87,6,33,-33.88
87,6,34,-9.50
87,6,35,-19.90
87,6,36,0.00
87,6,37,11.41
87,6,38,38.34
87,6,39,2.01
87,6,40,-6.71
87,6,41,2.60
88,0,0,-19.21
88,0,1,-11.47
88,0,2,17.12
88,0,3,6.15
88,0,4,5.21
88,0,5,-26.09
88,0,6,7.65
88,0,7,-26.94
88,0,8,-25.00
88,0,9,-9.68
88,0,10,-14.56
88,0,11,-17.29
88,0,12,-23.21
88,0,13,-14.06
88,0,14,-31.63
88,0,15,-20.13
88,0,16,-17.35
88,0,17,-21.82
88,0,18,-32.74
88,0,19,-16.63
88,0,20,-21.03
88,0,21,-8.43
88,0,22,-16.94
88,0,23,-40.22
88,0,24,-47.07
88,0,25,2.27
88,0,26,2.35
88,0,27,-15.99
88,0,28,2.85
88,0,29,-31.72
88,0,30,-29.97
88,0,31,6.83
88,0,32,-22.04
88,0,33,-15.58
88,0,34,-2.11
88,0,35,-15.57
88,0,36,-17.57
88,0,37,-23.40
88,0,38,-15.07
88,0,39,-10.51
88,0,40,-19.75
88,0,41,-5.44
88,1,0,-14.66
88,1,1,-19.14
88,1,2,-10.23
88,1,3,-10.71
88,1,4,-8.88
88,1,5,-8.47
88,1,6,31.60
88,1,7,3.68
88,1,8,-2.90
88,1,9,24.75
88,1,10,28.63
88,1,11,7.41
88,1,12,-15.35
88,1,13,-22.72
88,1,14,-23.61
88,1,15,-3.50
88,1,16,-21.12
88,1,17,-21.15
88,1,18,-8.20
88,1,19,40.99
88,1,20,-5.42
88,1,21,-28.99
88,1,22,22.32
88,1,23,-6.58
88,1,24,-22.40
88,1,25,5.65
88,1,26,-14.29
88,1,27,-27.88
88,1,28,2.25
88,1,29,-28.63
88,1,30,-4.40
88,1,31,-5.20
88,1,32,-10.80
88,1,33,-32.48
88,1,34,28.19
88,1,35,-18.66
88,1,36,-20.51
88,1,37,-12.22
88,1,38,3.66
88,1,39,-25.11
88,1,40,-29.63
88,1,41,-26.59
88,2,0,-20.59
88,2,1,-27.44
88,2,2,-20.75
88,2,3,-25.86
88,2,4,1.19
88,2,5,-6.87
88,2,6,2.87
88,2,7,-25.53
88,2,8,-32.31
88,2,9,-17.84
88,2,10,-2.87
88,2,11,-21.92
88,2,12,-7.09
88,2,13,-13.58
88,2,14,2.93
88,2,15,-3.90
88,2,16,-1.40
88,2,17,11.88
88,2,18,-20.30
88,2,19,5.91
88,2,20,-18.43
88,2,21,-11.17
88,2,22,-5.49
88,2,23,-43.86
88,2,24,-28.75
88,2,25,4.80
88,2,26,-2.56
88,2,27,-22.34
88,2,28,-4.21
88,2,29,-14.08
88,2,30,-36.85
88,2,31,-14.37
88,2,32,2.54
88,2,33,-16.14
88,2,34,-9.33
88,2,35,-38.98
88,2,36,-14.70
88,2,37,-45.15
88,2,38,-8.21
88,2,39,-15.69
88,2,40,-12.65
88,2,41,-11.46
88,3,0,-11.36
88,3,1,-10.11
88,3,2,-20.53
88,3,3,-19.39
88,3,4,9.75
88,3,5,-13.91
88,3,6,2.96
88,3,7,-23.33
88,3,8,-7.99
88,3,9,0.38
88,3,10,-12.09
88,3,11,-19.47
88,3,12,1.38
88,3,13,-3.26
88,3,14,-15.51
88,3,15,-6.97
88,3,16,-5.81
88,3,17,-9.52
88,3,18,29.62
88,3,19,6.63
88,3,20,1.49
88,3,21,8.49
88,3,22,38.58
88,3,23,-5.89
88,3,24,-10.31
88,3,25,15.68
88,3,26,-12.34
88,3,27,-7.78
88,3,28,2.37
88,3,29,-28.66
88,3,30,-20.45
88,3,31,1.51
88,3,32,-1.70
88,3,33,-27.56
88,3,34,-12.63
88,3,35,-27.51
88,3,36,-24.78
88,3,37,-26.38
88,3,38,-20.12
88,3,39,-14.81
88,3,40,-18.35
88,3,41,-27.52
88,4,0,-6.48
88,4,1,-11.69
88,4,2,-27.61
88,4,3,-20.67
88,4,4,33.10
88,4,5,2.45
88,4,6,-10.96
88,4,7,-32.95
88,4,8,-24.85
88,4,9,2.70
88,4,10,2.99
88,4,11,-26.02
88,4,12,-22.48
88,4,13,-35.99
88,4,14,-16.46
88,4,15,-27.84
88,4,16,-21.90
88,4,17,-16.63
88,4,18,-29.46
88,4,19,-7.02
88,4,20,-19.06
88,4,21,-21.25
88,4,22,9.10
88,4,23,7.99
88,4,24,9.81
88,4,25,41.69
88,4,26,15.92
88,4,27,-7.82
88,4,28,9.41
88,4,29,5.33
88,4,30,-24.55
88,4,31,-5.48
88,4,32,14.87
88,4,33,-25.56
88,4,34,-9.12
88,4,35,-16.99
88,4,36,-18.38
88,4,37,2.02
88,4,38,25.56
88,4,39,3.64
88,4,40,-24.15
88,4,41,-3.94
88,5,0,-24.92
88,5,1,-35.85
88,5,2,-19.26
88,5,3,-36.98
88,5,4,-7.30
88,5,5,-15.74
88,5,6,-12.26
88,5,7,-42.73
88,5,8,-25.44
88,5,9,17.61
88,5,10,-2.44
88,5,11,-28.51
88,5,12,-16.78
88,5,13,-14.11
88,5,14,-12.37
88,5,15,-30.61
88,5,16,-21.80
88,5,17,-32.31
88,5,18,-18.40
88,5,19,31.16
88,5,20,-18.75
88,5,21,-19.50
88,5,22,0.01
88,5,23,-13.25
88,5,24,-21.51
88,5,25,2.99
88,5,26,-5.44
88,5,27,-15.79
88,5,28,2.44
88,5,29,-21.85
88,5,30,-18.00
88,5,31,4.23
88,5,32,14.60
88,5,33,-4.76
88,5,34,12.43
88,5,35,-15.99
88,5,36,-28.86
88,5,37,-35.90
88,5,38,2.74
88,5,39,-40.18
88,5,40,-19.89
88,5,41,-13.15
88,6,0,-30.84
88,6,1,-21.62
88,6,2,-19.98
88,6,3,-15.25
88,6,4,1.04
88,6,5,-35.99
88,6,6,2.57
88,6,7,-31.16
88,6,8,-17.80
88,6,9,-14.40
88,6,10,9.06
88,6,11,-10.13
88,6,12,-15.89
88,6,13,2.81
88,6,14,6.38
88,6,15,-10.70
88,6,16,-17.19
88,6,17,-13.26
88,6,18,-25.16
88,6,19,12.20
88,6,20,-26.21
88,6,21,-18.92
88,6,22,13.80
88,6,23,-10.67
88,6,24,-12.92
88,6,25,3.78
88,6,26,2.52
88,6,27,-19.67
88,6,28,-1.57
88,6,29,-10.91
88,6,30,-16.45
88,6,31,3.09
88,6,32,8.95
88,6,33,-33.88
88,6,34,-9.50
88,6,35,-19.90
88,6,36,0.00
88,6,37,11.41
88,6,38,38.34
88,6,39,2.01
88,6,40,-6.71
88,6,41,2.60
89,0,0,-19.21
89,0,1,-11.47
89,0,2,17.12
89,0,3,6.15
89,0,4,5.21
89,0,5,-26.09
89,0,6,7.65
89,0,7,-26.94
89,0,8,-25.00
89,0,9,-9.68
89,0,10,-14.56
89,0,11,-17.29
89,0,12,-23.21
89,0,13,-14.06
89,0,14,-31.63
89,0,15,-20.13
89,0,16,-17.35
89,0,17,-21.82
89,0,18,-32.74
89,0,19,-16.63
89,0,20,-21.03
89,0,21,-8.43
89,0,22,-16.94
89,0,23,-40.22
89,0,24,-47.07
89,0,25,2.27
89,0,26,2.35
89,0,27,-15.99
89,0,28,2.85
89,0,29,-31.72
89,0,30,-29.97
89,0,31,6.83
89,0,32,-22.04
89,0,33,-15.58
89,0,34,-2.11
89,0,35,-15.57
89,0,36,-17.57
89,0,37,-23.40
89,0,38,-15.07
89,0,39,-10.51
89,0,40,-19.75
89,0,41,-5.44
89,1,0,-14.66
89,1,1,-19.14
89,1,2,-10.23
89,1,3,-10.71
89,1,4,-8.88
89,1,5,-8.47
89,1,6,31.60
89,1,7,3.68
89,1,8,-2.90
89,1,9,24.75
89,1,10,28.63
89,1,11,7.41
89,1,12,-15.35
89,1,13,-22.72
89,1,14,-23.61
89,1,15,-3.50
89,1,16,-21.12
89,1,17,-21.15
89,1,18,-8.20
89,1,19,40.99
89,1,20,-5.42
89,1,21,-28.99
89,1,22,22.32
89,1,23,-6.58
89,1,24,-22.40
89,1,25,5.65
89,1,26,-14.29
89,1,27,-27.88
89,1,28,2.25
89,1,29,-28.63
89,1,30,-4.40
89,1,31,-5.20
89,1,32,-10.80
89,1,33,-32.48
89,1,34,28.19
89,1,35,-18.66
89,1,36,-20.51
89,1,37,-12.22
89,1,38,3.66
89,1,39,-25.11
89,1,40,-29.63
89,1,41,-26.59
89,2,0,-20.59
89,2,1,-27.44
89,2,2,-20.75
89,2,3,-25.86
89,2,4,1.19
89,2,5,-6.87
89,2,6,2.87
89,2,7,-25.53
89,2,8,-32.31
89,2,9,-17.84
89,2,10,-2.87
89,2,11,-21.92
89,2,12,-7.09
89,2,13,-13.58
89,2,14,2.93
89,2,15,-3.90
89,2,16,-1.40
89,2,17,11.88
89,2,18,-20.30
89,2,19,5.91
89,2,20,-18.43
89,2,21,-11.17
89,2,22,-5.49
89,2,23,-43.86
89,2,24,-28.75
89,2,25,4.80
89,2,26,-2.56
89,2,27,-22.34
89,2,28,-4.21
89,2,29,-14.08
89,2,30,-36.85
89,2,31,-14.37
89,2,32,2.54
89,2,33,-16.14
89,2,34,-9.33
89,2,35,-38.98
89,2,36,-14.70
89,2,37,-45.15
89,2,38,-8.21
89,2,39,-15.69
89,2,40,-12.65
89,2,41,-11.46
89,3,0,-11.36
89,3,1,-10.11
89,3,2,-20.53
89,3,3,-19.39
89,3,4,9.75
89,3,5,-13.91
89,3,6,2.96
89,3,7,-23.33
89,3,8,-7.99
89,3,9,0.38
89,3,10,-12.09
89,3,11,-19.47
89,3,12,1.38
89,3,13,-3.26
89,3,14,-15.51
89,3,15,-6.97
89,3,16,-5.81
89,3,17,-9.52
89,3,18,29.62
89,3,19,6.63
89,3,20,1.49
89,3,21,8.49
89,3,22,38.58
89,3,23,-5.89
89,3,24,-10.31
89,3,25,15.68
89,3,26,-12.34
89,3,27,-7.78
89,3,28,2.37
89,3,29,-28.66
89,3,30,-20.45
89,3,31,1.51
89,3,32,-1.70
89,3,33,-27.56
89,3,34,-12.63
89,3,35,-27.51
89,3,36,-24.78
89,3,37,-26.38
89,3,38,-20.12
89,3,39,-14.81
89,3,40,-18.35
89,3,41,-27.52
89,4,0,-6.48
89,4,1,-11.69
89,4,2,-27.61
89,4,3,-20.67
89,4,4,33.10
89,4,5,2.45
89,4,6,-10.96
89,4,7,-32.95
89,4,8,-24.85
89,4,9,2.70
89,4,10,2.99
89,4,11,-26.02
89,4,12,-22.48
89,4,13,-35.99
89,4,14,-16.46
89,4,15,-27.84
89,4,16,-21.90
89,4,17,-16.63
89,4,18,-29.46
89,4,19,-7.02
89,4,20,-19.06
89,4,21,-21.25
89,4,22,9.10
89,4,23,7.99
89,4,24,9.81
89,4,25,41.69
89,4,26,15.92
89,4,27,-7.82
89,4,28,9.41
89,4,29,5.33
89,4,30,-24.55
89,4,31,-5.48
89,4,32,14.87
89,4,33,-25.56
89,4,34,-9.12
89,4,35,-16.99
89,4,36,-18.38
89,4,37,2.02
89,4,38,25.56
89,4,39,3.64
89,4,40,-24.15
89,4,41,-3.94
89,5,0,-24.92
89,5,1,-35.85
89,5,2,-19.26
89,5,3,-36.98
89,5,4,-7.30
89,5,5,-15.74
89,5,6,-12.26
89,5,7,-42.73
89,5,8,-25.44
89,5,9,17.61
89,5,10,-2.44
89,5,11,-28.51
89,5,12,-16.78
89,5,13,-14.11
89,5,14,-12.37
89,5,15,-30.61
89,5,16,-21.80
89,5,17,-32.31
89,5,18,-18.40
89,5,19,31.16
89,5,20,-18.75
89,5,21,-19.50
89,5,22,0.01
89,5,23,-13.25
89,5,24,-21.51
89,5,25,2.99
89,5,26,-5.44
89,5,27,-15.79
89,5,28,2.44
89,5,29,-21.85
89,5,30,-18.00
89,5,31,4.23
89,5,32,14.60
89,5,33,-4.76
89,5,34,12.43
89,5,35,-15.99
89,5,36,-28.86
89,5,37,-35.90
89,5,38,2.74
89,5,39,-40.18
89,5,40,-19.89
89,5,41,-13.15
89,6,0,-30.84
89,6,1,-21.62
89,6,2,-19.98
89,6,3,-15.25
89,6,4,1.04
89,6,5,-35.99
89,6,6,2.57
89,6,7,-31.16
89,6,8,-17.80
89,6,9,-14.40
89,6,10,9.06
89,6,11,-10.13
89,6,12,-15.89
89,6,13,2.81
89,6,14,6.38
89,6,15,-10.70
89,6,16,-17.19
89,6,17,-13.26
89,6,18,-25.16
89,6,19,12.20
89,6,20,-26.21
89,6,21,-18.92
89,6,22,13.80
89,6,23,-10.67
89,6,24,-12.92
89,6,25,3.78
89,6,26,2.52
89,6,27,-19.67
89,6,28,-1.57
89,6,29,-10.91
89,6,30,-16.45
89,6,31,3.09
89,6,32,8.95
89,6,33,-33.88
89,6,34,-9.50
89,6,35,-19.90
89,6,36,0.00
89,6,37,11.41
89,6,38,38.34
89,6,39,2.01
89,6,40,-6.71
89,6,41,2.60
90,0,0,-19.21
90,0,1,-11.47
90,0,2,17.12
90,0,3,6.15
90,0,4,5.21
90,0,5,-26.09
90,0,6,7.65
90,0,7,-26.94
90,0,8,-25.00
90,0,9,-9.68
90,0,10,-14.56
90,0,11,-17.29
90,0,12,-23.21
90,0,13,-14.06
90,0,14,-31.63
90,0,15,-20.13
90,0,16,-17.35
90,0,17,-21.82
90,0,18,-32.74
90,0,19,-16.63
90,0,20,-21.03
90,0,21,-8.43
90,0,22,-16.94
90,0,23,-40.22
90,0,24,-47.07
90,0,25,2.27
90,0,26,2.35
90,0,27,-15.99
90,0,28,2.85
90,0,29,-31.72
90,0,30,-29.97
90,0,31,6.83
90,0,32,-22.04
90,0,33,-15.58
90,0,34,-2.11
90,0,35,-15.57
90,0,36,-17.57
90,0,37,-23.40
90,0,38,-15.07
90,0,39,-10.51
90,0,40,-19.75
90,0,41,-5.44
90,1,0,-14.66
90,1,1,-19.14
90,1,2,-10.23
90,1,3,-10.71
90,1,4,-8.88
90,1,5,-8.47
90,1,6,31.60
90,1,7,3.68
90,1,8,-2.90
90,1,9,24.75
90,1,10,28.63
90,1,11,7.41
90,1,12,-15.35
90,1,13,-22.72
90,1,14,-23.61
90,1,15,-3.50
90,1,16,-21.12
90,1,17,-21.15
90,1,18,-8.20
90,1,19,40.99
90,1,20,-5.42
90,1,21,-28.99
90,1,22,22.32
90,1,23,-6.58
90,1,24,-22.40
90,1,25,5.65
90,1,26,-14.29
90,1,27,-27.88
90,1,28,2.25
90,1,29,-28.63
90,1,30,-4.40
90,1,31,-5.20
90,1,32,-10.80
90,1,33,-32.48
90,1,34,28.19
90,1,35,-18.66
90,1,36,-20.51
90,1,37,-12.22
90,1,38,3.66
90,1,39,-25.11
90,1,40,-29.63
90,1,41,-26.59
90,2,0,-20.59
90,2,1,-27.44
90,2,2,-20.75
90,2,3,-25.86
90,2,4,1.19
90,2,5,-6.87
90,2,6,2.87
90,2,7,-25.53
90,2,8,-32.31
90,2,9,-17.84
90,2,10,-2.87
90,2,11,-21.92
90,2,12,-7.09
90,2,13,-13.58
90,2,14,2.93
90,2,15,-3.90
90,2,16,-1.40
90,2,17,11.88
90,2,18,-20.30
90,2,19,5.91
90,2,20,-18.43
90,2,21,-11.17
90,2,22,-5.49
90,2,23,-43.86
90,2,24,-28.75
90,2,25,4.80
90,2,26,-2.56
90,2,27,-22.34
90,2,28,-4.21
90,2,29,-14.08
90,2,30,-36.85
90,2,31,-14.37
90,2,32,2.54
90,2,33,-16.14
90,2,34,-9.33
90,2,35,-38.98
90,2,36,-14.70
90,2,37,-45.15
90,2,38,-8.21
90,2,39,-15.69
90,2,40,-12.65
90,2,41,-11.46
90,3,0,-11.36
90,3,1,-10.11
90,3,2,-20.53
90,3,3,-19.39
90,3,4,9.75
90,3,5,-13.91
90,3,6,2.96
90,3,7,-23.33
90,3,8,-7.99
90,3,9,0.38
90,3,10,-12.09
90,3,11,-19.47
90,3,12,1.38
90,3,13,-3.26
90,3,14,-15.51
90,3,15,-6.97
90,3,16,-5.81
90,3,17,-9.52
90,3,18,29.62
90,3,19,6.63
90,3,20,1.49
90,3,21,8.49
90,3,22,38.58
90,3,23,-5.89
90,3,24,-10.31
90,3,25,15.68
90,3,26,-12.34
90,3,27,-7.78
90,3,28,2.37
90,3,29,-28.66
90,3,30,-20.45
90,3,31,1.51
90,3,32,-1.70
90,3,33,-27.56
90,3,34,-12.63
90,3,35,-27.51
90,3,36,-24.78
90,3,37,-26.38
90,3,38,-20.12
90,3,39,-14.81
90,3,40,-18.35
90,3,41,-27.52
90,4,0,-6.48
90,4,1,-11.69
90,4,2,-27.61
90,4,3,-20.67
90,4,4,33.10
90,4,5,2.45
90,4,6,-10.96
90,4,7,-32.95
90,4,8,-24.85
90,4,9,2.70
90,4,10,2.99
90,4,11,-26.02
90,4,12,-22.48
90,4,13,-35.99
90,4,14,-16.46
90,4,15,-27.84
90,4,16,-21.90
90,4,17,-16.63
90,4,18,-29.46
90,4,19,-7.02
90,4,20,-19.06
90,4,21,-21.25
90,4,22,9.10
90,4,23,7.99
90,4,24,9.81
90,4,25,41.69
90,4,26,15.92
90,4,27,-7.82
90,4,28,9.41
90,4,29,5.33
90,4,30,-24.55
90,4,31,-5.48
90,4,32,14.87
90,4,33,-25.56
90,4,34,-9.12
90,4,35,-16.99
90,4,36,-18.38
90,4,37,2.02
90,4,38,25.56
90,4,39,3.64
90,4,40,-24.15
90,4,41,-3.94
90,5,0,-24.92
90,5,1,-35.85
90,5,2,-19.26
90,5,3,-36.98
90,5,4,-7.30
90,5,5,-15.74
90,5,6,-12.26
90,5,7,-42.73
90,5,8,-25.44
90,5,9,17.61
90,5,10,-2.44
90,5,11,-28.51
90,5,12,-16.78
90,5,13,-14.11
90,5,14,-12.37
90,5,15,-30.61
90,5,16,-21.80
90,5,17,-32.31
90,5,18,-18.40
90,5,19,31.16
90,5,20,-18.75
90,5,21,-19.50
90,5,22,0.01
90,5,23,-13.25
90,5,24,-21.51
90,5,25,2.99
90,5,26,-5.44
90,5,27,-15.79
90,5,28,2.44
90,5,29,-21.85
90,5,30,-18.00
90,5,31,4.23
90,5,32,14.60
90,5,33,-4.76
90,5,34,12.43
90,5,35,-15.99
90,5,36,-28.86
90,5,37,-35.90
90,5,38,2.74
90,5,39,-40.18
90,5,40,-19.89
90,5,41,-13.15
90,6,0,-30.84
90,6,1,-21.62
90,6,2,-19.98
90,6,3,-15.25
90,6,4,1.04
90,6,5,-35.99
90,6,6,2.57
90,6,7,-31.16
90,6,8,-17.80
90,6,9,-14.40
90,6,10,9.06
90,6,11,-10.13
90,6,12,-15.89
90,6,13,2.81
90,6,14,6.38
90,6,15,-10.70
90,6,16,-17.19
90,6,17,-13.26
90,6,18,-25.16
90,6,19,12.20
90,6,20,-26.21
90,6,21,-18.92
90,6,22,13.80
90,6,23,-10.67
90,6,24,-12.92
90,6,25,3.78
90,6,26,2.52
90,6,27,-19.67
90,6,28,-1.57
90,6,29,-10.91
90,6,30,-16.45
90,6,31,3.09
90,6,32,8.95
90,6,33,-33.88
90,6,34,-9.50
90,6,35,-19.90
90,6,36,0.00
90,6,37,11.41
90,6,38,38.34
90,6,39,2.01
90,6,40,-6.71
90,6,41,2.60
91,0,0,-19.21
91,0,1,-11.47
91,0,2,17.12
91,0,3,6.15
91,0,4,5.21
91,0,5,-26.09
91,0,6,7.65
91,0,7,-26.94
91,0,8,-25.00
91,0,9,-9.68
91,0,10,-14.56
91,0,11,-17.29
91,0,12,-23.21
91,0,13,-14.06
91,0,14,-31.63
91,0,15,-20.13
91,0,16,-17.35
91,0,17,-21.82
91,0,18,-32.74
91,0,19,-16.63
91,0,20,-21.03
91,0,21,-8.43
91,0,22,-16.94
91,0,23,-40.22
91,0,24,-47.07
91,0,25,2.27
91,0,26,2.35
91,0,27,-15.99
91,0,28,2.85
91,0,29,-31.72
91,0,30,-29.97
91,0,31,6.83
91,0,32,-22.04
91,0,33,-15.58
91,0,34,-2.11
91,0,35,-15.57
91,0,36,-17.57
91,0,37,-23.40
91,0,38,-15.07
91,0,39,-10.51
91,0,40,-19.75
91,0,41,-5.44
91,1,0,-14.66
91,1,1,-19.14
91,1,2,-10.23
91,1,3,-10.71
91,1,4,-8.88
91,1,5,-8.47
91,1,6,31.60
91,1,7,3.68
91,1,8,-2.90
91,1,9,24.75
91,1,10,28.63
91,1,11,7.41
91,1,12,-15.35
91,1,13,-22.72
91,1,14,-23.61
91,1,15,-3.50
91,1,16,-21.12
91,1,17,-21.15
91,1,18,-8.20
91,1,19,40.99
91,1,20,-5.42
91,1,21,-28.99
91,1,22,22.32
91,1,23,-6.58
91,1,24,-22.40
91,1,25,5.65
91,1,26,-14.29
91,1,27,-27.88
91,1,28,2.25
91,1,29,-28.63
91,1,30,-4.40
91,1,31,-5.20
91,1,32,-10.80
91,1,33,-32.48
91,1,34,28.19
91,1,35,-18.66
91,1,36,-20.51
91,1,37,-12.22
91,1,38,3.66
91,1,39,-25.11
91,1,40,-29.63
91,1,41,-26.59
91,2,0,-20.59
91,2,1,-27.44
91,2,2,-20.75
91,2,3,-25.86
91,2,4,1.19
91,2,5,-6.87
91,2,6,2.87
91,2,7,-25.53
91,2,8,-32.31
91,2,9,-17.84
91,2,10,-2.87
91,2,11,-21.92
91,2,12,-7.09
91,2,13,-13.58
91,2,14,2.93
91,2,15,-3.90
91,2,16,-1.40
91,2,17,11.88
91,2,18,-20.30
91,2,19,5.91
91,2,20,-18.43
91,2,21,-11.17
91,2,22,-5.49
91,2,23,-43.86
91,2,24,-28.75
91,2,25,4.80
91,2,26,-2.56
91,2,27,-22.34
91,2,28,-4.21
91,2,29,-14.08
91,2,30,-36.85
91,2,31,-14.37
91,2,32,2.54
91,2,33,-16.14
91,2,34,-9.33
91,2,35,-38.98
91,2,36,-14.70
91,2,37,-45.15
91,2,38,-8.21
91,2,39,-15.69
91,2,40,-12.65
91,2,41,-11.46
91,3,0,-11.36
91,3,1,-10.11
91,3,2,-20.53
91,3,3,-19.39
91,3,4,9.75
91,3,5,-13.91
91,3,6,2.96
91,3,7,-23.33
91,3,8,-7.99
91,3,9,0.38
91,3,10,-12.09
91,3,11,-19.47
91,3,12,1.38
91,3,13,-3.26
91,3,14,-15.51
91,3,15,-6.97
91,3,16,-5.81
91,3,17,-9.52
91,3,18,29.62
91,3,19,6.63
91,3,20,1.49
91,3,21,8.49
91,3,22,38.58
91,3,23,-5.89
91,3,24,-10.31
91,3,25,15.68
91,3,26,-12.34
91,3,27,-7.78
91,3,28,2.37
91,3,29,-28.66
91,3,30,-20.45
91,3,31,1.51
91,3,32,-1.70
91,3,33,-27.56
91,3,34,-12.63
91,3,35,-27.51
91,3,36,-24.78
91,3,37,-26.38
91,3,38,-20.12
91,3,39,-14.81
91,3,40,-18.35
91,3,41,-27.52
91,4,0,-6.48
91,4,1,-11.69
91,4,2,-27.61
91,4,3,-20.67
91,4,4,33.10
91,4,5,2.45
91,4,6,-10.96
91,4,7,-32.95
91,4,8,-24.85
91,4,9,2.70
91,4,10,2.99
91,4,11,-26.02
91,4,12,-22.48
91,4,13,-35.99
91,4,14,-16.46
91,4,15,-27.84
91,4,16,-21.90
91,4,17,-16.63
91,4,18,-29.46
91,4,19,-7.02
91,4,20,-19.06
91,4,21,-21.25
91,4,22,9.10
91,4,23,7.99
91,4,24,9.81
91,4,25,41.69
91,4,26,15.92
91,4,27,-7.82
91,4,28,9.41
91,4,29,5.33
91,4,30,-24.55
91,4,31,-5.48
91,4,32,14.87
91,4,33,-25.56
91,4,34,-9.12
91,4,35,-16.99
91,4,36,-18.38
91,4,37,2.02
91,4,38,25.56
91,4,39,3.64
91,4,40,-24.15
91,4,41,-3.94
91,5,0,-24.92
91,5,1,-35.85
91,5,2,-19.26
91,5,3,-36.98
91,5,4,-7.30
91,5,5,-15.74
91,5,6,-12.26
91,5,7,-42.73
91,5,8,-25.44
91,5,9,17.61
91,5,10,-2.44
91,5,11,-28.51
91,5,12,-16.78
91,5,13,-14.11
91,5,14,-12.37
91,5,15,-30.61
91,5,16,-21.80
91,5,17,-32.31
91,5,18,-18.40
91,5,19,31.16
91,5,20,-18.75
91,5,21,-19.50
91,5,22,0.01
91,5,23,-13.25
91,5,24,-21.51
91,5,25,2.99
91,5,26,-5.44
91,5,27,-15.79
91,5,28,2.44
91,5,29,-21.85
91,5,30,-18.00
91,5,31,4.23
91,5,32,14.60
91,5,33,-4.76
91,5,34,12.43
91,5,35,-15.99
91,5,36,-28.86
91,5,37,-35.90
91,5,38,2.74
91,5,39,-40.18
91,5,40,-19.89
91,5,41,-13.15
91,6,0,-30.84
91,6,1,-21.62
91,6,2,-19.98
91,6,3,-15.25
91,6,4,1.04
91,6,5,-35.99
91,6,6,2.57
91,6,7,-31.16
91,6,8,-17.80
91,6,9,-14.40
91,6,10,9.06
91,6,11,-10.13
91,6,12,-15.89
91,6,13,2.81
91,6,14,6.38
91,6,15,-10.70
91,6,16,-17.19
91,6,17,-13.26
91,6,18,-25.16
91,6,19,12.20
91,6,20,-26.21
91,6,21,-18.92
91,6,22,13.80
91,6,23,-10.67
91,6,24,-12.92
91,6,25,3.78
91,6,26,2.52
91,6,27,-19.67
91,6,28,-1.57
91,6,29,-10.91
91,6,30,-16.45
91,6,31,3.09
91,6,32,8.95
91,6,33,-33.88
91,6,34,-9.50
91,6,35,-19.90
91,6,36,0.00
91,6,37,11.41
91,6,38,38.34
91,6,39,2.01
91,6,40,-6.71
91,6,41,2.60
92,0,0,-19.21
92,0,1,-11.47
92,0,2,17.12
92,0,3,6.15
92,0,4,5.21
92,0,5,-26.09
92,0,6,7.65
92,0,7,-26.94
92,0,8,-25.00
92,0,9,-9.68
92,0,10,-14.56
92,0,11,-17.29
92,0,12,-23.21
92,0,13,-14.06
92,0,14,-31.63
92,0,15,-20.13
92,0,16,-17.35
92,0,17,-21.82
92,0,18,-32.74
92,0,19,-16.63
92,0,20,-21.03
92,0,21,-8.43
92,0,22,-16.94
92,0,23,-40.22
92,0,24,-47.07
92,0,25,2.27
92,0,26,2.35
92,0,27,-15.99
92,0,28,2.85
92,0,29,-31.72
92,0,30,-29.97
92,0,31,6.83
92,0,32,-22.04
92,0,33,-15.58
92,0,34,-2.11
92,0,35,-15.57
92,0,36,-17.57
92,0,37,-23.40
92,0,38,-15.07
92,0,39,-10.51
92,0,40,-19.75
92,0,41,-5.44
92,1,0,-14.66
92,1,1,-19.14
92,1,2,-10.23
92,1,3,-10.71
92,1,4,-8.88
92,1,5,-8.47
92,1,6,31.60
92,1,7,3.68
92,1,8,-2.90
92,1,9,24.75
92,1,10,28.63
92,1,11,7.41
92,1,12,-15.35
92,1,13,-22.72
92,1,14,-23.61
92,1,15,-3.50
92,1,16,-21.12
92,1,17,-21.15
92,1,18,-8.20
92,1,19,40.99
92,1,20,-5.42
92,1,21,-28.99
92,1,22,22.32
92,1,23,-6.58
92,1,24,-22.40
92,1,25,5.65
92,1,26,-14.29
92,1,27,-27.88
92,1,28,2.25
92,1,29,-28.63
92,1,30,-4.40
92,1,31,-5.20
92,1,32,-10.80
92,1,33,-32.48
92,1,34,28.19
92,1,35,-18.66
92,1,36,-20.51
92,1,37,-12.22
92,1,38,3.66
92,1,39,-25.11
92,1,40,-29.63
92,1,41,-26.59
92,2,0,-20.59
92,2,1,-27.44
92,2,2,-20.75
92,2,3,-25.86
92,2,4,1.19
92,2,5,-6.87
92,2,6,2.87
92,2,7,-25.53
92,2,8,-32.31
92,2,9,-17.84
92,2,10,-2.87
92,2,11,-21.92
92,2,12,-7.09
92,2,13,-13.58
92,2,14,2.93
92,2,15,-3.90
92,2,16,-1.40
92,2,17,11.88
92,2,18,-20.30
92,2,19,5.91
92,2,20,-18.43
92,2,21,-11.17
92,2,22,-5.49
92,2,23,-43.86
92,2,24,-28.75
92,2,25,4.80
92,2,26,-2.56
92,2,27,-22.34
92,2,28,-4.21
92,2,29,-14.08
92,2,30,-36.85
92,2,31,-14.37
92,2,32,2.54
92,2,33,-16.14
92,2,34,-9.33
92,2,35,-38.98
92,2,36,-14.70
92,2,37,-45.15
92,2,38,-8.21
92,2,39,-15.69
92,2,40,-12.65
92,2,41,-11.46
92,3,0,-11.36
92,3,1,-10.11
92,3,2,-20.53
92,3,3,-19.39
92,3,4,9.75
92,3,5,-13.91
92,3,6,2.96
92,3,7,-23.33
92,3,8,-7.99
92,3,9,0.38
92,3,10,-12.09
92,3,11,-19.47
92,3,12,1.38
92,3,13,-3.26
92,3,14,-15.51
92,3,15,-6.97
92,3,16,-5.81
92,3,17,-9.52
92,3,18,29.62
92,3,19,6.63
92,3,20,1.49
92,3,21,8.49
92,3,22,38.58
92,3,23,-5.89
92,3,24,-10.31
92,3,25,15.68
92,3,26,-12.34
92,3,27,-7.78
92,3,28,2.37
92,3,29,-28.66
92,3,30,-20.45
92,3,31,1.51
92,3,32,-1.70
92,3,33,-27.56
92,3,34,-12.63
92,3,35,-27.51
92,3,36,-24.78
92,3,37,-26.38
92,3,38,-20.12
92,3,39,-14.81
92,3,40,-18.35
92,3,41,-27.52
92,4,0,-6.48
92,4,1,-11.69
92,4,2,-27.61
92,4,3,-20.67
92,4,4,33.10
92,4,5,2.45
92,4,6,-10.96
92,4,7,-32.95
92,4,8,-24.85
92,4,9,2.70
92,4,10,2.99
92,4,11,-26.02
92,4,12,-22.48
92,4,13,-35.99
92,4,14,-16.46
92,4,15,-27.84
92,4,16,-21.90
92,4,17,-16.63
92,4,18,-29.46
92,4,19,-7.02
92,4,20,-19.06
92,4,21,-21.25
92,4,22,9.10
92,4,23,7.99
92,4,24,9.81
92,4,25,41.69
92,4,26,15.92
92,4,27,-7.82
92,4,28,9.41
92,4,29,5.33
92,4,30,-24.55
92,4,31,-5.48
92,4,32,14.87
92,4,33,-25.56
92,4,34,-9.12
92,4,35,-16.99
92,4,36,-18.38
92,4,37,2.02
92,4,38,25.56
92,4,39,3.64
92,4,40,-24.15
92,4,41,-3.94
92,5,0,-24.92
92,5,1,-35.85
92,5,2,-19.26
92,5,3,-36.98
92,5,4,-7.30
92,5,5,-15.74
92,5,6,-12.26
92,5,7,-42.73
92,5,8,-25.44
92,5,9,17.61
92,5,10,-2.44
92,5,11,-28.51
92,5,12,-16.78
92,5,13,-14.11
92,5,14,-12.37
92,5,15,-30.61
92,5,16,-21.80
92,5,17,-32.31
92,5,18,-18.40
92,5,19,31.16
92,5,20,-18.75
92,5,21,-19.50
92,5,22,0.01
92,5,23,-13.25
92,5,24,-21.51
92,5,25,2.99
92,5,26,-5.44
92,5,27,-15.79
92,5,28,2.44
92,5,29,-21.85
92,5,30,-18.00
92,5,31,4.23
92,5,32,14.60
92,5,33,-4.76
92,5,34,12.43
92,5,35,-15.99
92,5,36,-28.86
92,5,37,-35.90
92,5,38,2.74
92,5,39,-40.18
92,5,40,-19.89
92,5,41,-13.15
92,6,0,-30.84
92,6,1,-21.62
92,6,2,-19.98
92,6,3,-15.25
92,6,4,1.04
92,6,5,-35.99
92,6,6,2.57
92,6,7,-31.16
92,6,8,-17.80
92,6,9,-14.40
92,6,10,9.06
92,6,11,-10.13
92,6,12,-15.89
92,6,13,2.81
92,6,14,6.38
92,6,15,-10.70
92,6,16,-17.19
92,6,17,-13.26
92,6,18,-25.16
92,6,19,12.20
92,6,20,-26.21
92,6,21,-18.92
92,6,22,13.80
92,6,23,-10.67
92,6,24,-12.92
92,6,25,3.78
92,6,26,2.52
92,6,27,-19.67
92,6,28,-1.57
92,6,29,-10.91
92,6,30,-16.45
92,6,31,3.09
92,6,32,8.95
92,6,33,-33.88
92,6,34,-9.50
92,6,35,-19.90
92,6,36,0.00
92,6,37,11.41
92,6,38,38.34
92,6,39,2.01
92,6,40,-6.71
92,6,41,2.60
93,0,0,-19.21
93,0,1,-11.47
93,0,2,17.12
93,0,3,6.15
93,0,4,5.21
93,0,5,-26.09
93,0,6,7.65
93,0,7,-26.94
93,0,8,-25.00
93,0,9,-9.68
93,0,10,-14.56
93,0,11,-17.29
93,0,12,-23.21
93,0,13,-14.06
93,0,14,-31.63
93,0,15,-20.13
93,0,16,-17.35
93,0,17,-21.82
93,0,18,-32.74
93,0,19,-16.63
93,0,20,-21.03
93,0,21,-8.43
93,0,22,-16.94
93,0,23,-40.22
93,0,24,-47.07
93,0,25,2.27
93,0,26,2.35
93,0,27,-15.99
93,0,28,2.85
93,0,29,-31.72
93,0,30,-29.97
93,0,31,6.83
93,0,32,-22.04
93,0,33,-15.58
93,0,34,-2.11
93,0,35,-15.57
93,0,36,-17.57
93,0,37,-23.40
93,0,38,-15.07
93,0,39,-10.51
93,0,40,-19.75
93,0,41,-5.44
93,1,0,-14.66
93,1,1,-19.14
93,1,2,-10.23
93,1,3,-10.71
93,1,4,-8.88
93,1,5,-8.47
93,1,6,31.60
93,1,7,3.68
93,1,8,-2.90
93,1,9,24.75
93,1,10,28.63
93,1,11,7.41
93,1,12,-15.35
93,1,13,-22.72
93,1,14,-23.61
93,1,15,-3.50
93,1,16,-21.12
93,1,17,-21.15
93,1,18,-8.20
93,1,19,40.99
93,1,20,-5.42
93,1,21,-28.99
93,1,22,22.32
93,1,23,-6.58
93,1,24,-22.40
93,1,25,5.65
93,1,26,-14.29
93,1,27,-27.88
93,1,28,2.25
93,1,29,-28.63
93,1,30,-4.40
93,1,31,-5.20
93,1,32,-10.80
93,1,33,-32.48
93,1,34,28.19
93,1,35,-18.66
93,1,36,-20.51
93,1,37,-12.22
93,1,38,3.66
93,1,39,-25.11
93,1,40,-29.63
93,1,41,-26.59
93,2,0,-20.59
93,2,1,-27.44
93,2,2,-20.75
93,2,3,-25.86
93,2,4,1.19
93,2,5,-6.87
93,2,6,2.87
93,2,7,-25.53
93,2,8,-32.31
93,2,9,-17.84
93,2,10,-2.87
93,2,11,-21.92
93,2,12,-7.09
93,2,13,-13.58
93,2,14,2.93
93,2,15,-3.90
93,2,16,-1.40
93,2,17,11.88
93,2,18,-20.30
93,2,19,5.91
93,2,20,-18.43
93,2,21,-11.17
93,2,22,-5.49
93,2,23,-43.86
93,2,24,-28.75
93,2,25,4.80
93,2,26,-2.56
93,2,27,-22.34
93,2,28,-4.21
93,2,29,-14.08
93,2,30,-36.85
93,2,31,-14.37
93,2,32,2.54
93,2,33,-16.14
93,2,34,-9.33
93,2,35,-38.98
93,2,36,-14.70
93,2,37,-45.15
93,2,38,-8.21
93,2,39,-15.69
93,2,40,-12.65
93,2,41,-11.46
93,3,0,-11.36
93,3,1,-10.11
93,3,2,-20.53
93,3,3,-19.39
93,3,4,9.75
93,3,5,-13.91
93,3,6,2.96
93,3,7,-23.33
93,3,8,-7.99
93,3,9,0.38
93,3,10,-12.09
93,3,11,-19.47
93,3,12,1.38
93,3,13,-3.26
93,3,14,-15.51
93,3,15,-6.97
93,3,16,-5.81
93,3,17,-9.52
93,3,18,29.62
93,3,19,6.63
93,3,20,1.49
93,3,21,8.49
93,3,22,38.58
93,3,23,-5.89
93,3,24,-10.31
93,3,25,15.68
93,3,26,-12.34
93,3,27,-7.78
93,3,28,2.37
93,3,29,-28.66
93,3,30,-20.45
93,3,31,1.51
93,3,32,-1.70
93,3,33,-27.56
93,3,34,-12.63
93,3,35,-27.51
93,3,36,-24.78
93,3,37,-26.38
93,3,38,-20.12
93,3,39,-14.81
93,3,40,-18.35
93,3,41,-27.52
93,4,0,-6.48
93,4,1,-11.69
93,4,2,-27.61
93,4,3,-20.67
93,4,4,33.10
93,4,5,2.45
93,4,6,-10.96
93,4,7,-32.95
93,4,8,-24.85
93,4,9,2.70
93,4,10,2.99
93,4,11,-26.02
93,4,12,-22.48
93,4,13,-35.99
93,4,14,-16.46
93,4,15,-27.84
93,4,16,-21.90
93,4,17,-16.63
93,4,18,-29.46
93,4,19,-7.02
93,4,20,-19.06
93,4,21,-21.25
93,4,22,9.10
93,4,23,7.99
93,4,24,9.81
93,4,25,41.69
93,4,26,15.92
93,4,27,-7.82
93,4,28,9.41
93,4,29,5.33
93,4,30,-24.55
93,4,31,-5.48
93,4,32,14.87
93,4,33,-25.56
93,4,34,-9.12
93,4,35,-16.99
93,4,36,-18.38
93,4,37,2.02
93,4,38,25.56
93,4,39,3.64
93,4,40,-24.15
93,4,41,-3.94
93,5,0,-24.92
93,5,1,-35.85
93,5,2,-19.26
93,5,3,-36.98
93,5,4,-7.30
93,5,5,-15.74
93,5,6,-12.26
93,5,7,-42.73
93,5,8,-25.44
93,5,9,17.61
93,5,10,-2.44
93,5,11,-28.51
93,5,12,-16.78
93,5,13,-14.11
93,5,14,-12.37
93,5,15,-30.61
93,5,16,-21.80
93,5,17,-32.31
93,5,18,-18.40
93,5,19,31.16
93,5,20,-18.75
93,5,21,-19.50
93,5,22,0.01
93,5,23,-13.25
93,5,24,-21.51
93,5,25,2.99
93,5,26,-5.44
93,5,27,-15.79
93,5,28,2.44
93,5,29,-21.85
93,5,30,-18.00
93,5,31,4.23
93,5,32,14.60
93,5,33,-4.76
93,5,34,12.43
93,5,35,-15.99
93,5,36,-28.86
93,5,37,-35.90
93,5,38,2.74
93,5,39,-40.18
93,5,40,-19.89
93,5,41,-13.15
93,6,0,-30.84
93,6,1,-21.62
93,6,2,-19.98
93,6,3,-15.25
93,6,4,1.04
93,6,5,-35.99
93,6,6,2.57
93,6,7,-31.16
93,6,8,-17.80
93,6,9,-14.40
93,6,10,9.06
93,6,11,-10.13
93,6,12,-15.89
93,6,13,2.81
93,6,14,6.38
93,6,15,-10.70
93,6,16,-17.19
93,6,17,-13.26
93,6,18,-25.16
93,6,19,12.20
93,6,20,-26.21
93,6,21,-18.92
93,6,22,13.80
93,6,23,-10.67
93,6,24,-12.92
93,6,25,3.78
93,6,26,2.52
93,6,27,-19.67
93,6,28,-1.57
93,6,29,-10.91
93,6,30,-16.45
93,6,31,3.09
93,6,32,8.95
93,6,33,-33.88
93,6,34,-9.50
93,6,35,-19.90
93,6,36,0.00
93,6,37,11.41
93,6,38,38.34
93,6,39,2.01
93,6,40,-6.71
93,6,41,2.60
94,0,0,-19.21
94,0,1,-11.47
94,0,2,17.12
94,0,3,6.15
94,0,4,5.21
94,0,5,-26.09
94,0,6,7.65
94,0,7,-26.94
94,0,8,-25.00
94,0,9,-9.68
94,0,10,-14.56
94,0,11,-17.29
94,0,12,-23.21
94,0,13,-14.06
94,0,14,-31.63
94,0,15,-20.13
94,0,16,-17.35
94,0,17,-21.82
94,0,18,-32.74
94,0,19,-16.63
94,0,20,-21.03
94,0,21,-8.43
94,0,22,-16.94
94,0,23,-40.22
94,0,24,-47.07
94,0,25,2.27
94,0,26,2.35
94,0,27,-15.99
94,0,28,2.85
94,0,29,-31.72
94,0,30,-29.97
94,0,31,6.83
94,0,32,-22.04
94,0,33,-15.58
94,0,34,-2.11
94,0,35,-15.57
94,0,36,-17.57
94,0,37,-23.40
94,0,38,-15.07
94,0,39,-10.51
94,0,40,-19.75
94,0,41,-5.44
94,1,0,-14.66
94,1,1,-19.14
94,1,2,-10.23
94,1,3,-10.71
94,1,4,-8.88
94,1,5,-8.47
94,1,6,31.60
94,1,7,3.68
94,1,8,-2.90
94,1,9,24.75
94,1,10,28.63
94,1,11,7.41
94,1,12,-15.35
94,1,13,-22.72
94,1,14,-23.61
94,1,15,-3.50
94,1,16,-21.12
94,1,17,-21.15
94,1,18,-8.20
94,1,19,40.99
94,1,20,-5.42
94,1,21,-28.99
94,1,22,22.32
94,1,23,-6.58
94,1,24,-22.40
94,1,25,5.65
94,1,26,-14.29
94,1,27,-27.88
94,1,28,2.25
94,1,29,-28.63
94,1,30,-4.40
94,1,31,-5.20
94,1,32,-10.80
94,1,33,-32.48
94,1,34,28.19
94,1,35,-18.66
94,1,36,-20.51
94,1,37,-12.22
94,1,38,3.66
94,1,39,-25.11
94,1,40,-29.63
94,1,41,-26.59
94,2,0,-20.59
94,2,1,-27.44
94,2,2,-20.75
94,2,3,-25.86
94,2,4,1.19
94,2,5,-6.87
94,2,6,2.87
94,2,7,-25.53
94,2,8,-32.31
94,2,9,-17.84
94,2,10,-2.87
94,2,11,-21.92
94,2,12,-7.09
94,2,13,-13.58
94,2,14,2.93
94,2,15,-3.90
94,2,16,-1.40
94,2,17,11.88
94,2,18,-20.30
94,2,19,5.91
94,2,20,-18.43
94,2,21,-11.17
94,2,22,-5.49
94,2,23,-43.86
94,2,24,-28.75
94,2,25,4.80
94,2,26,-2.56
94,2,27,-22.34
94,2,28,-4.21
94,2,29,-14.08
94,2,30,-36.85
94,2,31,-14.37
94,2,32,2.54
94,2,33,-16.14
94,2,34,-9.33
94,2,35,-38.98
94,2,36,-14.70
94,2,37,-45.15
94,2,38,-8.21
94,2,39,-15.69
94,2,40,-12.65
94,2,41,-11.46
94,3,0,-11.36
94,3,1,-10.11
94,3,2,-20.53
94,3,3,-19.39
94,3,4,9.75
94,3,5,-13.91
94,3,6,2.96
94,3,7,-23.33
94,3,8,-7.99
94,3,9,0.38
94,3,10,-12.09
94,3,11,-19.47
94,3,12,1.38
94,3,13,-3.26
94,3,14,-15.51
94,3,15,-6.97
94,3,16,-5.81
94,3,17,-9.52
94,3,18,29.62
94,3,19,6.63
94,3,20,1.49
94,3,21,8.49
94,3,22,38.58
94,3,23,-5.89
94,3,24,-10.31
94,3,25,15.68
94,3,26,-12.34
94,3,27,-7.78
94,3,28,2.37
94,3,29,-28.66
94,3,30,-20.45
94,3,31,1.51
94,3,32,-1.70
94,3,33,-27.56
94,3,34,-12.63
94,3,35,-27.51
94,3,36,-24.78
94,3,37,-26.38
94,3,38,-20.12
94,3,39,-14.81
94,3,40,-18.35
94,3,41,-27.52
94,4,0,-6.48
94,4,1,-11.69
94,4,2,-27.61
94,4,3,-20.67
94,4,4,33.10
94,4,5,2.45
94,4,6,-10.96
94,4,7,-32.95
94,4,8,-24.85
94,4,9,2.70
94,4,10,2.99
94,4,11,-26.02
94,4,12,-22.48
94,4,13,-35.99
94,4,14,-16.46
94,4,15,-27.84
94,4,16,-21.90
94,4,17,-16.63
94,4,18,-29.46
94,4,19,-7.02
94,4,20,-19.06
94,4,21,-21.25
94,4,22,9.10
94,4,23,7.99
94,4,24,9.81
94,4,25,41.69
94,4,26,15.92
94,4,27,-7.82
94,4,28,9.41
94,4,29,5.33
94,4,30,-24.55
94,4,31,-5.48
94,4,32,14.87
94,4,33,-25.56
94,4,34,-9.12
94,4,35,-16.99
94,4,36,-18.38
94,4,37,2.02
94,4,38,25.56
94,4,39,3.64
94,4,40,-24.15
94,4,41,-3.94
94,5,0,-24.92
94,5,1,-35.85
94,5,2,-19.26
94,5,3,-36.98
94,5,4,-7.30
94,5,5,-15.74
94,5,6,-12.26
94,5,7,-42.73
94,5,8,-25.44
94,5,9,17.61
94,5,10,-2.44
94,5,11,-28.51
94,5,12,-16.78
94,5,13,-14.11
94,5,14,-12.37
94,5,15,-30.61
94,5,16,-21.80
94,5,17,-32.31
94,5,18,-18.40
94,5,19,31.16
94,5,20,-18.75
94,5,21,-19.50
94,5,22,0.01
94,5,23,-13.25
94,5,24,-21.51
94,5,25,2.99
94,5,26,-5.44
94,5,27,-15.79
94,5,28,2.44
94,5,29,-21.85
94,5,30,-18.00
94,5,31,4.23
94,5,32,14.60
94,5,33,-4.76
94,5,34,12.43
94,5,35,-15.99
94,5,36,-28.86
94,5,37,-35.90
94,5,38,2.74
94,5,39,-40.18
94,5,40,-19.89
94,5,41,-13.15
94,6,0,-30.84
94,6,1,-21.62
94,6,2,-19.98
94,6,3,-15.25
94,6,4,1.04
94,6,5,-35.99
94,6,6,2.57
94,6,7,-31.16
94,6,8,-17.80
94,6,9,-14.40
94,6,10,9.06
94,6,11,-10.13
94,6,12,-15.89
94,6,13,2.81
94,6,14,6.38
94,6,15,-10.70
94,6,16,-17.19
94,6,17,-13.26
94,6,18,-25.16
94,6,19,12.20
94,6,20,-26.21
94,6,21,-18.92
94,6,22,13.80
94,6,23,-10.67
94,6,24,-12.92
94,6,25,3.78
94,6,26,2.52
94,6,27,-19.67
94,6,28,-1.57
94,6,29,-10.91
94,6,30,-16.45
94,6,31,3.09
94,6,32,8.95
94,6,33,-33.88
94,6,34,-9.50
94,6,35,-19.90
94,6,36,0.00
94,6,37,11.41
94,6,38,38.34
94,6,39,2.01
94,6,40,-6.71
94,6,41,2.60
95,0,0,-19.21
95,0,1,-11.47
95,0,2,17.12
95,0,3,6.15
95,0,4,5.21
95,0,5,-26.09
95,0,6,7.65
95,0,7,-26.94
95,0,8,-25.00
95,0,9,-9.68
95,0,10,-14.56
95,0,11,-17.29
95,0,12,-23.21
95,0,13,-14.06
95,0,14,-31.63
95,0,15,-20.13
95,0,16,-17.35
95,0,17,-21.82
95,0,18,-32.74
95,0,19,-16.63
95,0,20,-21.03
95,0,21,-8.43
95,0,22,-16.94
95,0,23,-40.22
95,0,24,-47.07
95,0,25,2.27
95,0,26,2.35
95,0,27,-15.99
95,0,28,2.85
95,0,29,-31.72
95,0,30,-29.97
95,0,31,6.83
95,0,32,-22.04
95,0,33,-15.58
95,0,34,-2.11
95,0,35,-15.57
95,0,36,-17.57
95,0,37,-23.40
95,0,38,-15.07
95,0,39,-10.51
95,0,40,-19.75
95,0,41,-5.44
95,1,0,-14.66
95,1,1,-19.14
95,1,2,-10.23
95,1,3,-10.71
95,1,4,-8.88
95,1,5,-8.47
95,1,6,31.60
95,1,7,3.68
95,1,8,-2.90
95,1,9,24.75
95,1,10,28.63
95,1,11,7.41
95,1,12,-15.35
95,1,13,-22.72
95,1,14,-23.61
95,1,15,-3.50
95,1,16,-21.12
95,1,17,-21.15
95,1,18,-8.20
95,1,19,40.99
95,1,20,-5.42
95,1,21,-28.99
95,1,22,22.32
95,1,23,-6.58
95,1,24,-22.40
95,1,25,5.65
95,1,26,-14.29
95,1,27,-27.88
95,1,28,2.25
95,1,29,-28.63
95,1,30,-4.40
95,1,31,-5.20
95,1,32,-10.80
95,1,33,-32.48
95,1,34,28.19
95,1,35,-18.66
95,1,36,-20.51
95,1,37,-12.22
95,1,38,3.66
95,1,39,-25.11
95,1,40,-29.63
95,1,41,-26.59
95,2,0,-20.59
95,2,1,-27.44
95,2,2,-20.75
95,2,3,-25.86
95,2,4,1.19
95,2,5,-6.87
95,2,6,2.87
95,2,7,-25.53
95,2,8,-32.31
95,2,9,-17.84
95,2,10,-2.87
95,2,11,-21.92
95,2,12,-7.09
95,2,13,-13.58
95,2,14,2.93
95,2,15,-3.90
95,2,16,-1.40
95,2,17,11.88
95,2,18,-20.30
95,2,19,5.91
95,2,20,-18.43
95,2,21,-11.17
95,2,22,-5.49
95,2,23,-43.86
95,2,24,-28.75
95,2,25,4.80
95,2,26,-2.56
95,2,27,-22.34
95,2,28,-4.21
95,2,29,-14.08
95,2,30,-36.85
95,2,31,-14.37
95,2,32,2.54
95,2,33,-16.14
95,2,34,-9.33
95,2,35,-38.98
95,2,36,-14.70
95,2,37,-45.15
95,2,38,-8.21
95,2,39,-15.69
95,2,40,-12.65
95,2,41,-11.46
95,3,0,-11.36
95,3,1,-10.11
95,3,2,-20.53
95,3,3,-19.39
95,3,4,9.75
95,3,5,-13.91
95,3,6,2.96
95,3,7,-23.33
95,3,8,-7.99
95,3,9,0.38
95,3,10,-12.09
95,3,11,-19.47
95,3,12,1.38
95,3,13,-3.26
95,3,14,-15.51
95,3,15,-6.97
95,3,16,-5.81
95,3,17,-9.52
95,3,18,29.62
95,3,19,6.63
95,3,20,1.49
95,3,21,8.49
95,3,22,38.58
95,3,23,-5.89
95,3,24,-10.31
95,3,25,15.68
95,3,26,-12.34
95,3,27,-7.78
95,3,28,2.37
95,3,29,-28.66
95,3,30,-20.45
95,3,31,1.51
95,3,32,-1.70
95,3,33,-27.56
95,3,34,-12.63
95,3,35,-27.51
95,3,36,-24.78
95,3,37,-26.38
95,3,38,-20.12
95,3,39,-14.81
95,3,40,-18.35
95,3,41,-27.52
95,4,0,-6.48
95,4,1,-11.69
95,4,2,-27.61
95,4,3,-20.67
95,4,4,33.10
95,4,5,2.45
95,4,6,-10.96
95,4,7,-32.95
95,4,8,-24.85
95,4,9,2.70
95,4,10,2.99
95,4,11,-26.02
95,4,12,-22.48
95,4,13,-35.99
95,4,14,-16.46
95,4,15,-27.84
95,4,16,-21.90
95,4,17,-16.63
95,4,18,-29.46
95,4,19,-7.02
95,4,20,-19.06
95,4,21,-21.25
95,4,22,9.10
95,4,23,7.99
95,4,24,9.81
95,4,25,41.69
95,4,26,15.92
95,4,27,-7.82
95,4,28,9.41
95,4,29,5.33
95,4,30,-24.55
95,4,31,-5.48
95,4,32,14.87
95,4,33,-25.56
95,4,34,-9.12
95,4,35,-16.99
95,4,36,-18.38
95,4,37,2.02
95,4,38,25.56
95,4,39,3.64
95,4,40,-24.15
95,4,41,-3.94
95,5,0,-24.92
95,5,1,-35.85
95,5,2,-19.26
95,5,3,-36.98
95,5,4,-7.30
95,5,5,-15.74
95,5,6,-12.26
95,5,7,-42.73
95,5,8,-25.44
95,5,9,17.61
95,5,10,-2.44
95,5,11,-28.51
95,5,12,-16.78
95,5,13,-14.11
95,5,14,-12.37
95,5,15,-30.61
95,5,16,-21.80
95,5,17,-32.31
95,5,18,-18.40
95,5,19,31.16
95,5,20,-18.75
95,5,21,-19.50
95,5,22,0.01
95,5,23,-13.25
95,5,24,-21.51
95,5,25,2.99
95,5,26,-5.44
95,5,27,-15.79
95,5,28,2.44
95,5,29,-21.85
95,5,30,-18.00
95,5,31,4.23
95,5,32,14.60
95,5,33,-4.76
95,5,34,12.43
95,5,35,-15.99
95,5,36,-28.86
95,5,37,-35.90
95,5,38,2.74
95,5,39,-40.18
95,5,40,-19.89
95,5,41,-13.15
95,6,0,-30.84
95,6,1,-21.62
95,6,2,-19.98
95,6,3,-15.25
95,6,4,1.04
95,6,5,-35.99
95,6,6,2.57
95,6,7,-31.16
95,6,8,-17.80
95,6,9,-14.40
95,6,10,9.06
95,6,11,-10.13
95,6,12,-15.89
95,6,13,2.81
95,6,14,6.38
95,6,15,-10.70
95,6,16,-17.19
95,6,17,-13.26
95,6,18,-25.16
95,6,19,12.20
95,6,20,-26.21
95,6,21,-18.92
95,6,22,13.80
95,6,23,-10.67
95,6,24,-12.92
95,6,25,3.78
95,6,26,2.52
95,6,27,-19.67
95,6,28,-1.57
95,6,29,-10.91
95,6,30,-16.45
95,6,31,3.09
95,6,32,8.95
95,6,33,-33.88
95,6,34,-9.50
95,6,35,-19.90
95,6,36,0.00
95,6,37,11.41
95,6,38,38.34
95,6,39,2.01
95,6,40,-6.71
95,6,41,2.60
96,0,0,-19.21
96,0,1,-11.47
96,0,2,17.12
96,0,3,6.15
96,0,4,5.21
96,0,5,-26.09
96,0,6,7.65
96,0,7,-26.94
96,0,8,-25.00
96,0,9,-9.68
96,0,10,-14.56
96,0,11,-17.29
96,0,12,-23.21
96,0,13,-14.06
96,0,14,-31.63
96,0,15,-20.13
96,0,16,-17.35
96,0,17,-21.82
96,0,18,-32.74
96,0,19,-16.63
96,0,20,-21.03
96,0,21,-8.43
96,0,22,-16.94
96,0,23,-40.22
96,0,24,-47.07
96,0,25,2.27
96,0,26,2.35
96,0,27,-15.99
96,0,28,2.85
96,0,29,-31.72
96,0,30,-29.97
96,0,31,6.83
96,0,32,-22.04
96,0,33,-15.58
96,0,34,-2.11
96,0,35,-15.57
96,0,36,-17.57
96,0,37,-23.40
96,0,38,-15.07
96,0,39,-10.51
96,0,40,-19.75
96,0,41,-5.44
96,1,0,-14.66
96,1,1,-19.14
96,1,2,-10.23
96,1,3,-10.71
96,1,4,-8.88
96,1,5,-8.47
96,1,6,31.60
96,1,7,3.68
96,1,8,-2.90
96,1,9,24.75
96,1,10,28.63
96,1,11,7.41
96,1,12,-15.35
96,1,13,-22.72
96,1,14,-23.61
96,1,15,-3.50
96,1,16,-21.12
96,1,17,-21.15
96,1,18,-8.20
96,1,19,40.99
96,1,20,-5.42
96,1,21,-28.99
96,1,22,22.32
96,1,23,-6.58
96,1,24,-22.40
96,1,25,5.65
96,1,26,-14.29
96,1,27,-27.88
96,1,28,2.25
96,1,29,-28.63
96,1,30,-4.40
96,1,31,-5.20
96,1,32,-10.80
96,1,33,-32.48
96,1,34,28.19
96,1,35,-18.66
96,1,36,-20.51
96,1,37,-12.22
96,1,38,3.66
96,1,39,-25.11
96,1,40,-29.63
96,1,41,-26.59
96,2,0,-20.59
96,2,1,-27.44
96,2,2,-20.75
96,2,3,-25.86
96,2,4,1.19
96,2,5,-6.87
96,2,6,2.87
96,2,7,-25.53
96,2,8,-32.31
96,2,9,-17.84
96,2,10,-2.87
96,2,11,-21.92
96,2,12,-7.09
96,2,13,-13.58
96,2,14,2.93
96,2,15,-3.90
96,2,16,-1.40
96,2,17,11.88
96,2,18,-20.30
96,2,19,5.91
96,2,20,-18.43
96,2,21,-11.17
96,2,22,-5.49
96,2,23,-43.86
96,2,24,-28.75
96,2,25,4.80
96,2,26,-2.56
96,2,27,-22.34
96,2,28,-4.21
96,2,29,-14.08
96,2,30,-36.85
96,2,31,-14.37
96,2,32,2.54
96,2,33,-16.14
96,2,34,-9.33
96,2,35,-38.98
96,2,36,-14.70
96,2,37,-45.15
96,2,38,-8.21
96,2,39,-15.69
96,2,40,-12.65
96,2,41,-11.46
96,3,0,-11.36
96,3,1,-10.11
96,3,2,-20.53
96,3,3,-19.39
96,3,4,9.75
96,3,5,-13.91
96,3,6,2.96
96,3,7,-23.33
96,3,8,-7.99
96,3,9,0.38
96,3,10,-12.09
96,3,11,-19.47
96,3,12,1.38
96,3,13,-3.26
96,3,14,-15.51
96,3,15,-6.97
96,3,16,-5.81
96,3,17,-9.52
96,3,18,29.62
96,3,19,6.63
96,3,20,1.49
96,3,21,8.49
96,3,22,38.58
96,3,23,-5.89
96,3,24,-10.31
96,3,25,15.68
96,3,26,-12.34
96,3,27,-7.78
96,3,28,2.37
96,3,29,-28.66
96,3,30,-20.45
96,3,31,1.51
96,3,32,-1.70
96,3,33,-27.56
96,3,34,-12.63
96,3,35,-27.51
96,3,36,-24.78
96,3,37,-26.38
96,3,38,-20.12
96,3,39,-14.81
96,3,40,-18.35
96,3,41,-27.52
96,4,0,-6.48
96,4,1,-11.69
96,4,2,-27.61
96,4,3,-20.67
96,4,4,33.10
96,4,5,2.45
96,4,6,-10.96
96,4,7,-32.95
96,4,8,-24.85
96,4,9,2.70
96,4,10,2.99
96,4,11,-26.02
96,4,12,-22.48
96,4,13,-35.99
96,4,14,-16.46
96,4,15,-27.84
96,4,16,-21.90
96,4,17,-16.63
96,4,18,-29.46
96,4,19,-7.02
96,4,20,-19.06
96,4,21,-21.25
96,4,22,9.10
96,4,23,7.99
96,4,24,9.81
96,4,25,41.69
96,4,26,15.92
96,4,27,-7.82
96,4,28,9.41
96,4,29,5.33
96,4,30,-24.55
96,4,31,-5.48
96,4,32,14.87
96,4,33,-25.56
96,4,34,-9.12
96,4,35,-16.99
96,4,36,-18.38
96,4,37,2.02
96,4,38,25.56
96,4,39,3.64
96,4,40,-24.15
96,4,41,-3.94
96,5,0,-24.92
96,5,1,-35.85
96,5,2,-19.26
96,5,3,-36.98
96,5,4,-7.30
96,5,5,-15.74
96,5,6,-12.26
96,5,7,-42.73
96,5,8,-25.44
96,5,9,17.61
96,5,10,-2.44
96,5,11,-28.51
96,5,12,-16.78
96,5,13,-14.11
96,5,14,-12.37
96,5,15,-30.61
96,5,16,-21.80
96,5,17,-32.31
96,5,18,-18.40
96,5,19,31.16
96,5,20,-18.75
96,5,21,-19.50
96,5,22,0.01
96,5,23,-13.25
96,5,24,-21.51
96,5,25,2.99
96,5,26,-5.44
96,5,27,-15.79
96,5,28,2.44
96,5,29,-21.85
96,5,30,-18.00
96,5,31,4.23
96,5,32,14.60
96,5,33,-4.76
96,5,34,12.43
96,5,35,-15.99
96,5,36,-28.86
96,5,37,-35.90
96,5,38,2.74
96,5,39,-40.18
96,5,40,-19.89
96,5,41,-13.15
96,6,0,-30.84
96,6,1,-21.62
96,6,2,-19.98
96,6,3,-15.25
96,6,4,1.04
96,6,5,-35.99
96,6,6,2.57
96,6,7,-31.16
96,6,8,-17.80
96,6,9,-14.40
96,6,10,9.06
96,6,11,-10.13
96,6,12,-15.89
96,6,13,2.81
96,6,14,6.38
96,6,15,-10.70
96,6,16,-17.19
96,6,17,-13.26
96,6,18,-25.16
96,6,19,12.20
96,6,20,-26.21
96,6,21,-18.92
96,6,22,13.80
96,6,23,-10.67
96,6,24,-12.92
96,6,25,3.78
96,6,26,2.52
96,6,27,-19.67
96,6,28,-1.57
96,6,29,-10.91
96,6,30,-16.45
96,6,31,3.09
96,6,32,8.95
96,6,33,-33.88
96,6,34,-9.50
96,6,35,-19.90
96,6,36,0.00
96,6,37,11.41
96,6,38,38.34
96,6,39,2.01
96,6,40,-6.71
96,6,41,2.60
97,0,0,-19.21
97,0,1,-11.47
97,0,2,17.12
97,0,3,6.15
97,0,4,5.21
97,0,5,-26.09
97,0,6,7.65
97,0,7,-26.94
97,0,8,-25.00
97,0,9,-9.68
97,0,10,-14.56
97,0,11,-17.29
97,0,12,-23.21
97,0,13,-14.06
97,0,14,-31.63
97,0,15,-20.13
97,0,16,-17.35
97,0,17,-21.82
97,0,18,-32.74
97,0,19,-16.63
97,0,20,-21.03
97,0,21,-8.43
97,0,22,-16.94
97,0,23,-40.22
97,0,24,-47.07
97,0,25,2.27
97,0,26,2.35
97,0,27,-15.99
97,0,28,2.85
97,0,29,-31.72
97,0,30,-29.97
97,0,31,6.83
97,0,32,-22.04
97,0,33,-15.58
97,0,34,-2.11
97,0,35,-15.57
97,0,36,-17.57
97,0,37,-23.40
97,0,38,-15.07
97,0,39,-10.51
97,0,40,-19.75
97,0,41,-5.44
97,1,0,-14.66
97,1,1,-19.14
97,1,2,-10.23
97,1,3,-10.71
97,1,4,-8.88
97,1,5,-8.47
97,1,6,31.60
97,1,7,3.68
97,1,8,-2.90
97,1,9,24.75
97,1,10,28.63
97,1,11,7.41
97,1,12,-15.35
97,1,13,-22.72
97,1,14,-23.61
97,1,15,-3.50
97,1,16,-21.12
97,1,17,-21.15
97,1,18,-8.20
97,1,19,40.99
97,1,20,-5.42
97,1,21,-28.99
97,1,22,22.32
97,1,23,-6.58
97,1,24,-22.40
97,1,25,5.65
97,1,26,-14.29
97,1,27,-27.88
97,1,28,2.25
97,1,29,-28.63
97,1,30,-4.40
97,1,31,-5.20
97,1,32,-10.80
97,1,33,-32.48
97,1,34,28.19
97,1,35,-18.66
97,1,36,-20.51
97,1,37,-12.22
97,1,38,3.66
97,1,39,-25.11
97,1,40,-29.63
97,1,41,-26.59
97,2,0,-20.59
97,2,1,-27.44
97,2,2,-20.75
97,2,3,-25.86
97,2,4,1.19
97,2,5,-6.87
97,2,6,2.87
97,2,7,-25.53
97,2,8,-32.31
97,2,9,-17.84
97,2,10,-2.87
97,2,11,-21.92
97,2,12,-7.09
97,2,13,-13.58
97,2,14,2.93
97,2,15,-3.90
97,2,16,-1.40
97,2,17,11.88
97,2,18,-20.30
97,2,19,5.91
97,2,20,-18.43
97,2,21,-11.17
97,2,22,-5.49
97,2,23,-43.86
97,2,24,-28.75
97,2,25,4.80
97,2,26,-2.56
97,2,27,-22.34
97,2,28,-4.21
97,2,29,-14.08
97,2,30,-36.85
97,2,31,-14.37
97,2,32,2.54
97,2,33,-16.14
97,2,34,-9.33
97,2,35,-38.98
97,2,36,-14.70
97,2,37,-45.15
97,2,38,-8.21
97,2,39,-15.69
97,2,40,-12.65
97,2,41,-11.46
97,3,0,-11.36
97,3,1,-10.11
97,3,2,-20.53
97,3,3,-19.39
97,3,4,9.75
97,3,5,-13.91
97,3,6,2.96
97,3,7,-23.33
97,3,8,-7.99
97,3,9,0.38
97,3,10,-12.09
97,3,11,-19.47
97,3,12,1.38
97,3,13,-3.26
97,3,14,-15.51
97,3,15,-6.97
97,3,16,-5.81
97,3,17,-9.52
97,3,18,29.62
97,3,19,6.63
97,3,20,1.49
97,3,21,8.49
97,3,22,38.58
97,3,23,-5.89
97,3,24,-10.31
97,3,25,15.68
97,3,26,-12.34
97,3,27,-7.78
97,3,28,2.37
97,3,29,-28.66
97,3,30,-20.45
97,3,31,1.51
97,3,32,-1.70
97,3,33,-27.56
97,3,34,-12.63
97,3,35,-27.51
97,3,36,-24.78
97,3,37,-26.38
97,3,38,-20.12
97,3,39,-14.81
97,3,40,-18.35
97,3,41,-27.52
97,4,0,-6.48
97,4,1,-11.69
97,4,2,-27.61
97,4,3,-20.67
97,4,4,33.10
97,4,5,2.45
97,4,6,-10.96
97,4,7,-32.95
97,4,8,-24.85
97,4,9,2.70
97,4,10,2.99
97,4,11,-26.02
97,4,12,-22.48
97,4,13,-35.99
97,4,14,-16.46
97,4,15,-27.84
97,4,16,-21.90
97,4,17,-16.63
97,4,18,-29.46
97,4,19,-7.02
97,4,20,-19.06
97,4,21,-21.25
97,4,22,9.10
97,4,23,7.99
97,4,24,9.81
97,4,25,41.69
97,4,26,15.92
97,4,27,-7.82
97,4,28,9.41
97,4,29,5.33
97,4,30,-24.55
97,4,31,-5.48
97,4,32,14.87
97,4,33,-25.56
97,4,34,-9.12
97,4,35,-16.99
97,4,36,-18.38
97,4,37,2.02
97,4,38,25.56
97,4,39,3.64
97,4,40,-24.15
97,4,41,-3.94
97,5,0,-24.92
97,5,1,-35.85
97,5,2,-19.26
97,5,3,-36.98
97,5,4,-7.30
97,5,5,-15.74
97,5,6,-12.26
97,5,7,-42.73
97,5,8,-25.44
97,5,9,17.61
97,5,10,-2.44
97,5,11,-28.51
97,5,12,-16.78
97,5,13,-14.11
97,5,14,-12.37
97,5,15,-30.61
97,5,16,-21.80
97,5,17,-32.31
97,5,18,-18.40
97,5,19,31.16
97,5,20,-18.75
97,5,21,-19.50
97,5,22,0.01
97,5,23,-13.25
97,5,24,-21.51
97,5,25,2.99
97,5,26,-5.44
97,5,27,-15.79
97,5,28,2.44
97,5,29,-21.85
97,5,30,-18.00
97,5,31,4.23
97,5,32,14.60
97,5,33,-4.76
97,5,34,12.43
97,5,35,-15.99
97,5,36,-28.86
97,5,37,-35.90
97,5,38,2.74
97,5,39,-40.18
97,5,40,-19.89
97,5,41,-13.15
97,6,0,-30.84
97,6,1,-21.62
97,6,2,-19.98
97,6,3,-15.25
97,6,4,1.04
97,6,5,-35.99
97,6,6,2.57
97,6,7,-31.16
97,6,8,-17.80
97,6,9,-14.40
97,6,10,9.06
97,6,11,-10.13
97,6,12,-15.89
97,6,13,2.81
97,6,14,6.38
97,6,15,-10.70
97,6,16,-17.19
97,6,17,-13.26
97,6,18,-25.16
97,6,19,12.20
97,6,20,-26.21
97,6,21,-18.92
97,6,22,13.80
97,6,23,-10.67
97,6,24,-12.92
97,6,25,3.78
97,6,26,2.52
97,6,27,-19.67
97,6,28,-1.57
97,6,29,-10.91
97,6,30,-16.45
97,6,31,3.09
97,6,32,8.95
97,6,33,-33.88
97,6,34,-9.50
97,6,35,-19.90
97,6,36,0.00
97,6,37,11.41
97,6,38,38.34
97,6,39,2.01
97,6,40,-6.71
97,6,41,2.60
98,0,0,-19.21
98,0,1,-11.47
98,0,2,17.12
98,0,3,6.15
98,0,4,5.21
98,0,5,-26.09
98,0,6,7.65
98,0,7,-26.94
98,0,8,-25.00
98,0,9,-9.68
98,0,10,-14.56
98,0,11,-17.29
98,0,12,-23.21
98,0,13,-14.06
98,0,14,-31.63
98,0,15,-20.13
98,0,16,-17.35
98,0,17,-21.82
98,0,18,-32.74
98,0,19,-16.63
98,0,20,-21.03
98,0,21,-8.43
98,0,22,-16.94
98,0,23,-40.22
98,0,24,-47.07
98,0,25,2.27
98,0,26,2.35
98,0,27,-15.99
98,0,28,2.85
98,0,29,-31.72
98,0,30,-29.97
98,0,31,6.83
98,0,32,-22.04
98,0,33,-15.58
98,0,34,-2.11
98,0,35,-15.57
98,0,36,-17.57
98,0,37,-23.40
98,0,38,-15.07
98,0,39,-10.51
98,0,40,-19.75
98,0,41,-5.44
98,1,0,-14.66
98,1,1,-19.14
98,1,2,-10.23
98,1,3,-10.71
98,1,4,-8.88
98,1,5,-8.47
98,1,6,31.60
98,1,7,3.68
98,1,8,-2.90
98,1,9,24.75
98,1,10,28.63
98,1,11,7.41
98,1,12,-15.35
98,1,13,-22.72
98,1,14,-23.61
98,1,15,-3.50
98,1,16,-21.12
98,1,17,-21.15
98,1,18,-8.20
98,1,19,40.99
98,1,20,-5.42
98,1,21,-28.99
98,1,22,22.32
98,1,23,-6.58
98,1,24,-22.40
98,1,25,5.65
98,1,26,-14.29
98,1,27,-27.88
98,1,28,2.25
98,1,29,-28.63
98,1,30,-4.40
98,1,31,-5.20
98,1,32,-10.80
98,1,33,-32.48
98,1,34,28.19
98,1,35,-18.66
98,1,36,-20.51
98,1,37,-12.22
98,1,38,3.66
98,1,39,-25.11
98,1,40,-29.63
98,1,41,-26.59
98,2,0,-20.59
98,2,1,-27.44
98,2,2,-20.75
98,2,3,-25.86
98,2,4,1.19
98,2,5,-6.87
98,2,6,2.87
98,2,7,-25.53
98,2,8,-32.31
98,2,9,-17.84
98,2,10,-2.87
98,2,11,-21.92
98,2,12,-7.09
98,2,13,-13.58
98,2,14,2.93
98,2,15,-3.90
98,2,16,-1.40
98,2,17,11.88
98,2,18,-20.30
98,2,19,5.91
98,2,20,-18.43
98,2,21,-11.17
98,2,22,-5.49
98,2,23,-43.86
98,2,24,-28.75
98,2,25,4.80
98,2,26,-2.56
98,2,27,-22.34
98,2,28,-4.21
98,2,29,-14.08
98,2,30,-36.85
98,2,31,-14.37
98,2,32,2.54
98,2,33,-16.14
98,2,34,-9.33
98,2,35,-38.98
98,2,36,-14.70
98,2,37,-45.15
98,2,38,-8.21
98,2,39,-15.69
98,2,40,-12.65
98,2,41,-11.46
98,3,0,-11.36
98,3,1,-10.11
98,3,2,-20.53
98,3,3,-19.39
98,3,4,9.75
98,3,5,-13.91
98,3,6,2.96
98,3,7,-23.33
98,3,8,-7.99
98,3,9,0.38
98,3,10,-12.09
98,3,11,-19.47
98,3,12,1.38
98,3,13,-3.26
98,3,14,-15.51
98,3,15,-6.97
98,3,16,-5.81
98,3,17,-9.52
98,3,18,29.62
98,3,19,6.63
98,3,20,1.49
98,3,21,8.49
98,3,22,38.58
98,3,23,-5.89
98,3,24,-10.31
98,3,25,15.68
98,3,26,-12.34
98,3,27,-7.78
98,3,28,2.37
98,3,29,-28.66
98,3,30,-20.45
98,3,31,1.51
98,3,32,-1.70
98,3,33,-27.56
98,3,34,-12.63
98,3,35,-27.51
98,3,36,-24.78
98,3,37,-26.38
98,3,38,-20.12
98,3,39,-14.81
98,3,40,-18.35
98,3,41,-27.52
98,4,0,-6.48
98,4,1,-11.69
98,4,2,-27.61
98,4,3,-20.67
98,4,4,33.10
98,4,5,2.45
98,4,6,-10.96
98,4,7,-32.95
98,4,8,-24.85
98,4,9,2.70
98,4,10,2.99
98,4,11,-26.02
98,4,12,-22.48
98,4,13,-35.99
98,4,14,-16.46
98,4,15,-27.84
98,4,16,-21.90
98,4,17,-16.63
98,4,18,-29.46
98,4,19,-7.02
98,4,20,-19.06
98,4,21,-21.25
98,4,22,9.10
98,4,23,7.99
98,4,24,9.81
98,4,25,41.69
98,4,26,15.92
98,4,27,-7.82
98,4,28,9.41
98,4,29,5.33
98,4,30,-24.55
98,4,31,-5.48
98,4,32,14.87
98,4,33,-25.56
98,4,34,-9.12
98,4,35,-16.99
98,4,36,-18.38
98,4,37,2.02
98,4,38,25.56
98,4,39,3.64
98,4,40,-24.15
98,4,41,-3.94
98,5,0,-24.92
98,5,1,-35.85
98,5,2,-19.26
98,5,3,-36.98
98,5,4,-7.30
98,5,5,-15.74
98,5,6,-12.26
98,5,7,-42.73
98,5,8,-25.44
98,5,9,17.61
98,5,10,-2.44
98,5,11,-28.51
98,5,12,-16.78
98,5,13,-14.11
98,5,14,-12.37
98,5,15,-30.61
98,5,16,-21.80
98,5,17,-32.31
98,5,18,-18.40
98,5,19,31.16
98,5,20,-18.75
98,5,21,-19.50
98,5,22,0.01
98,5,23,-13.25
98,5,24,-21.51
98,5,25,2.99
98,5,26,-5.44
98,5,27,-15.79
98,5,28,2.44
98,5,29,-21.85
98,5,30,-18.00
98,5,31,4.23
98,5,32,14.60
98,5,33,-4.76
98,5,34,12.43
98,5,35,-15.99
98,5,36,-28.86
98,5,37,-35.90
98,5,38,2.74
98,5,39,-40.18
98,5,40,-19.89
98,5,41,-13.15
98,6,0,-30.84
98,6,1,-21.62
98,6,2,-19.98
98,6,3,-15.25
98,6,4,1.04
98,6,5,-35.99
98,6,6,2.57
98,6,7,-31.16
98,6,8,-17.80
98,6,9,-14.40
98,6,10,9.06
98,6,11,-10.13
98,6,12,-15.89
98,6,13,2.81
98,6,14,6.38
98,6,15,-10.70
98,6,16,-17.19
98,6,17,-13.26
98,6,18,-25.16
98,6,19,12.20
98,6,20,-26.21
98,6,21,-18.92
98,6,22,13.80
98,6,23,-10.67
98,6,24,-12.92
98,6,25,3.78
98,6,26,2.52
98,6,27,-19.67
98,6,28,-1.57
98,6,29,-10.91
98,6,30,-16.45
98,6,31,3.09
98,6,32,8.95
98,6,33,-33.88
98,6,34,-9.50
98,6,35,-19.90
98,6,36,0.00
98,6,37,11.41
98,6,38,38.34
98,6,39,2.01
98,6,40,-6.71
98,6,41,2.60
99,0,0,-19.21
99,0,1,-11.47
99,0,2,17.12
99,0,3,6.15
99,0,4,5.21
99,0,5,-26.09
99,0,6,7.65
99,0,7,-26.94
99,0,8,-25.00
99,0,9,-9.68
99,0,10,-14.56
99,0,11,-17.29
99,0,12,-23.21
99,0,13,-14.06
99,0,14,-31.63
99,0,15,-20.13
99,0,16,-17.35
99,0,17,-21.82
99,0,18,-32.74
99,0,19,-16.63
99,0,20,-21.03
99,0,21,-8.43
99,0,22,-16.94
99,0,23,-40.22
99,0,24,-47.07
99,0,25,2.27
99,0,26,2.35
99,0,27,-15.99
99,0,28,2.85
99,0,29,-31.72
99,0,30,-29.97
99,0,31,6.83
99,0,32,-22.04
99,0,33,-15.58
99,0,34,-2.11
99,0,35,-15.57
99,0,36,-17.57
99,0,37,-23.40
99,0,38,-15.07
99,0,39,-10.51
99,0,40,-19.75
99,0,41,-5.44
99,1,0,-14.66
99,1,1,-19.14
99,1,2,-10.23
99,1,3,-10.71
99,1,4,-8.88
99,1,5,-8.47
99,1,6,31.60
99,1,7,3.68
99,1,8,-2.90
99,1,9,24.75
99,1,10,28.63
99,1,11,7.41
99,1,12,-15.35
99,1,13,-22.72
99,1,14,-23.61
99,1,15,-3.50
99,1,16,-21.12
99,1,17,-21.15
99,1,18,-8.20
99,1,19,40.99
99,1,20,-5.42
99,1,21,-28.99
99,1,22,22.32
99,1,23,-6.58
99,1,24,-22.40
99,1,25,5.65
99,1,26,-14.29
99,1,27,-27.88
99,1,28,2.25
99,1,29,-28.63
99,1,30,-4.40
99,1,31,-5.20
99,1,32,-10.80
99,1,33,-32.48
99,1,34,28.19
99,1,35,-18.66
99,1,36,-20.51
99,1,37,-12.22
99,1,38,3.66
99,1,39,-25.11
99,1,40,-29.63
99,1,41,-26.59
99,2,0,-20.59
99,2,1,-27.44
99,2,2,-20.75
99,2,3,-25.86
99,2,4,1.19
99,2,5,-6.87
99,2,6,2.87
99,2,7,-25.53
99,2,8,-32.31
99,2,9,-17.84
99,2,10,-2.87
99,2,11,-21.92
99,2,12,-7.09
99,2,13,-13.58
99,2,14,2.93
99,2,15,-3.90
99,2,16,-1.40
99,2,17,11.88
99,2,18,-20.30
99,2,19,5.91
99,2,20,-18.43
99,2,21,-11.17
99,2,22,-5.49
99,2,23,-43.86
99,2,24,-28.75
99,2,25,4.80
99,2,26,-2.56
99,2,27,-22.34
99,2,28,-4.21
99,2,29,-14.08
99,2,30,-36.85
99,2,31,-14.37
99,2,32,2.54
99,2,33,-16.14
99,2,34,-9.33
99,2,35,-38.98
99,2,36,-14.70
99,2,37,-45.15
99,2,38,-8.21
99,2,39,-15.69
99,2,40,-12.65
99,2,41,-11.46
99,3,0,-11.36
99,3,1,-10.11
99,3,2,-20.53
99,3,3,-19.39
99,3,4,9.75
99,3,5,-13.91
99,3,6,2.96
99,3,7,-23.33
99,3,8,-7.99
99,3,9,0.38
99,3,10,-12.09
99,3,11,-19.47
99,3,12,1.38
99,3,13,-3.26
99,3,14,-15.51
99,3,15,-6.97
99,3,16,-5.81
99,3,17,-9.52
99,3,18,29.62
99,3,19,6.63
99,3,20,1.49
99,3,21,8.49
99,3,22,38.58
99,3,23,-5.89
99,3,24,-10.31
99,3,25,15.68
99,3,26,-12.34
99,3,27,-7.78
99,3,28,2.37
99,3,29,-28.66
99,3,30,-20.45
99,3,31,1.51
99,3,32,-1.70
99,3,33,-27.56
99,3,34,-12.63
99,3,35,-27.51
99,3,36,-24.78
99,3,37,-26.38
99,3,38,-20.12
99,3,39,-14.81
99,3,40,-18.35
99,3,41,-27.52
99,4,0,-6.48
99,4,1,-11.69
99,4,2,-27.61
99,4,3,-20.67
99,4,4,33.10
99,4,5,2.45
99,4,6,-10.96
99,4,7,-32.95
99,4,8,-24.85
99,4,9,2.70
99,4,10,2.99
99,4,11,-26.02
99,4,12,-22.48
99,4,13,-35.99
99,4,14,-16.46
99,4,15,-27.84
99,4,16,-21.90
99,4,17,-16.63
99,4,18,-29.46
99,4,19,-7.02
99,4,20,-19.06
99,4,21,-21.25
99,4,22,9.10
99,4,23,7.99
99,4,24,9.81
99,4,25,41.69
99,4,26,15.92
99,4,27,-7.82
99,4,28,9.41
99,4,29,5.33
99,4,30,-24.55
99,4,31,-5.48
99,4,32,14.87
99,4,33,-25.56
99,4,34,-9.12
99,4,35,-16.99
99,4,36,-18.38
99,4,37,2.02
99,4,38,25.56
99,4,39,3.64
99,4,40,-24.15
99,4,41,-3.94
99,5,0,-24.92
99,5,1,-35.85
99,5,2,-19.26
99,5,3,-36.98
99,5,4,-7.30
99,5,5,-15.74
99,5,6,-12.26
99,5,7,-42.73
99,5,8,-25.44
99,5,9,17.61
99,5,10,-2.44
99,5,11,-28.51
99,5,12,-16.78
99,5,13,-14.11
99,5,14,-12.37
99,5,15,-30.61
99,5,16,-21.80
99,5,17,-32.31
99,5,18,-18.40
99,5,19,31.16
99,5,20,-18.75
99,5,21,-19.50
99,5,22,0.01
99,5,23,-13.25
99,5,24,-21.51
99,5,25,2.99
99,5,26,-5.44
99,5,27,-15.79
99,5,28,2.44
99,5,29,-21.85
99,5,30,-18.00
99,5,31,4.23
99,5,32,14.60
99,5,33,-4.76
99,5,34,12.43
99,5,35,-15.99
99,5,36,-28.86
99,5,37,-35.90
99,5,38,2.74
99,5,39,-40.18
99,5,40,-19.89
99,5,41,-13.15
99,6,0,-30.84
99,6,1,-21.62
99,6,2,-19.98
99,6,3,-15.25
99,6,4,1.04
99,6,5,-35.99
99,6,6,2.57
99,6,7,-31.16
99,6,8,-17.80
99,6,9,-14.40
99,6,10,9.06
99,6,11,-10.13
99,6,12,-15.89
99,6,13,2.81
99,6,14,6.38
99,6,15,-10.70
99,6,16,-17.19
99,6,17,-13.26
99,6,18,-25.16
99,6,19,12.20
99,6,20,-26.21
99,6,21,-18.92
99,6,22,13.80
99,6,23,-10.67
99,6,24,-12.92
99,6,25,3.78
99,6,26,2.52
99,6,27,-19.67
99,6,28,-1.57
99,6,29,-10.91
99,6,30,-16.45
99,6,31,3.09
99,6,32,8.95
99,6,33,-33.88
99,6,34,-9.50
99,6,35,-19.90
99,6,36,0.00
99,6,37,11.41
99,6,38,38.34
99,6,39,2.01
99,6,40,-6.71
99,6,41,2.60
100,0,0,-19.21
100,0,1,-11.47
100,0,2,17.12
100,0,3,6.15
100,0,4,5.21
100,0,5,-26.09
100,0,6,7.65
100,0,7,-26.94
100,0,8,-25.00
100,0,9,-9.68
100,0,10,-14.56
100,0,11,-17.29
100,0,12,-23.21
100,0,13,-14.06
100,0,14,-31.63
100,0,15,-20.13
100,0,16,-17.35
100,0,17,-21.82
100,0,18,-32.74
100,0,19,-16.63
100,0,20,-21.03
100,0,21,-8.43
100,0,22,-16.94
100,0,23,-40.22
100,0,24,-47.07
100,0,25,2.27
100,0,26,2.35
100,0,27,-15.99
100,0,28,2.85
100,0,29,-31.72
100,0,30,-29.97
100,0,31,6.83
100,0,32,-22.04
100,0,33,-15.58
100,0,34,-2.11
100,0,35,-15.57
100,0,36,-17.57
100,0,37,-23.40
100,0,38,-15.07
100,0,39,-10.51
100,0,40,-19.75
100,0,41,-5.44
100,1,0,-14.66
100,1,1,-19.14
100,1,2,-10.23
100,1,3,-10.71
100,1,4,-8.88
100,1,5,-8.47
100,1,6,31.60
100,1,7,3.68
100,1,8,-2.90
100,1,9,24.75
100,1,10,28.63
100,1,11,7.41
100,1,12,-15.35
100,1,13,-22.72
100,1,14,-23.61
100,1,15,-3.50
100,1,16,-21.12
100,1,17,-21.15
100,1,18,-8.20
100,1,19,40.99
100,1,20,-5.42
100,1,21,-28.99
100,1,22,22.32
100,1,23,-6.58
100,1,24,-22.40
100,1,25,5.65
100,1,26,-14.29
100,1,27,-27.88
100,1,28,2.25
100,1,29,-28.63
100,1,30,-4.40
100,1,31,-5.20
100,1,32,-10.80
100,1,33,-32.48
100,1,34,28.19
100,1,35,-18.66
100,1,36,-20.51
100,1,37,-12.22
100,1,38,3.66
100,1,39,-25.11
100,1,40,-29.63
100,1,41,-26.59
100,2,0,-20.59
100,2,1,-27.44
100,2,2,-20.75
100,2,3,-25.86
100,2,4,1.19
100,2,5,-6.87
100,2,6,2.87
100,2,7,-25.53
100,2,8,-32.31
100,2,9,-17.84
100,2,10,-2.87
100,2,11,-21.92
100,2,12,-7.09
100,2,13,-13.58
100,2,14,2.93
100,2,15,-3.90
100,2,16,-1.40
100,2,17,11.88
100,2,18,-20.30
100,2,19,5.91
100,2,20,-18.43
100,2,21,-11.17
100,2,22,-5.49
100,2,23,-43.86
100,2,24,-28.75
100,2,25,4.80
100,2,26,-2.56
100,2,27,-22.34
100,2,28,-4.21
100,2,29,-14.08
100,2,30,-36.85
100,2,31,-14.37
100,2,32,2.54
100,2,33,-16.14
100,2,34,-9.33
100,2,35,-38.98
100,2,36,-14.70
100,2,37,-45.15
100,2,38,-8.21
100,2,39,-15.69
100,2,40,-12.65
100,2,41,-11.46
100,3,0,-11.36
100,3,1,-10.11
100,3,2,-20.53
100,3,3,-19.39
100,3,4,9.75
100,3,5,-13.91
100,3,6,2.96
100,3,7,-23.33
100,3,8,-7.99
100,3,9,0.38
100,3,10,-12.09
100,3,11,-19.47
100,3,12,1.38
100,3,13,-3.26
100,3,14,-15.51
100,3,15,-6.97
100,3,16,-5.81
100,3,17,-9.52
100,3,18,29.62
100,3,19,6.63
100,3,20,1.49
100,3,21,8.49
100,3,22,38.58
100,3,23,-5.89
100,3,24,-10.31
100,3,25,15.68
100,3,26,-12.34
100,3,27,-7.78
100,3,28,2.37
100,3,29,-28.66
100,3,30,-20.45
100,3,31,1.51
100,3,32,-1.70
100,3,33,-27.56
100,3,34,-12.63
100,3,35,-27.51
100,3,36,-24.78
100,3,37,-26.38
100,3,38,-20.12
100,3,39,-14.81
100,3,40,-18.35
100,3,41,-27.52
100,4,0,-6.48
100,4,1,-11.69
100,4,2,-27.61
100,4,3,-20.67
100,4,4,33.10
100,4,5,2.45
100,4,6,-10.96
100,4,7,-32.95
100,4,8,-24.85
100,4,9,2.70
100,4,10,2.99
100,4,11,-26.02
100,4,12,-22.48
100,4,13,-35.99
100,4,14,-16.46
100,4,15,-27.84
100,4,16,-21.90
100,4,17,-16.63
100,4,18,-29.46
100,4,19,-7.02
100,4,20,-19.06
100,4,21,-21.25
100,4,22,9.10
100,4,23,7.99
100,4,24,9.81
100,4,25,41.69
100,4,26,15.92
100,4,27,-7.82
100,4,28,9.41
100,4,29,5.33
100,4,30,-24.55
100,4,31,-5.48
100,4,32,14.87
100,4,33,-25.56
100,4,34,-9.12
100,4,35,-16.99
100,4,36,-18.38
100,4,37,2.02
100,4,38,25.56
100,4,39,3.64
100,4,40,-24.15
100,4,41,-3.94
100,5,0,-24.92
100,5,1,-35.85
100,5,2,-19.26
100,5,3,-36.98
100,5,4,-7.30
100,5,5,-15.74
100,5,6,-12.26
100,5,7,-42.73
100,5,8,-25.44
100,5,9,17.61
100,5,10,-2.44
100,5,11,-28.51
100,5,12,-16.78
100,5,13,-14.11
100,5,14,-12.37
100,5,15,-30.61
100,5,16,-21.80
100,5,17,-32.31
100,5,18,-18.40
100,5,19,31.16
100,5,20,-18.75
100,5,21,-19.50
100,5,22,0.01
100,5,23,-13.25
100,5,24,-21.51
100,5,25,2.99
100,5,26,-5.44
100,5,27,-15.79
100,5,28,2.44
100,5,29,-21.85
100,5,30,-18.00
100,5,31,4.23
100,5,32,14.60
100,5,33,-4.76
100,5,34,12.43
100,5,35,-15.99
100,5,36,-28.86
100,5,37,-35.90
100,5,38,2.74
100,5,39,-40.18
100,5,40,-19.89
100,5,41,-13.15
100,6,0,-30.84
100,6,1,-21.62
100,6,2,-19.98
100,6,3,-15.25
100,6,4,1.04
100,6,5,-35.99
100,6,6,2.57
100,6,7,-31.16
100,6,8,-17.80
100,6,9,-14.40
100,6,10,9.06
100,6,11,-10.13
100,6,12,-15.89
100,6,13,2.81
100,6,14,6.38
100,6,15,-10.70
100,6,16,-17.19
100,6,17,-13.26
100,6,18,-25.16
100,6,19,12.20
100,6,20,-26.21
100,6,21,-18.92
100,6,22,13.80
100,6,23,-10.67
100,6,24,-12.92
100,6,25,3.78
100,6,26,2.52
100,6,27,-19.67
100,6,28,-1.57
100,6,29,-10.91
100,6,30,-16.45
100,6,31,3.09
100,6,32,8.95
100,6,33,-33.88
100,6,34,-9.50
100,6,35,-19.90
100,6,36,0.00
100,6,37,11.41
100,6,38,38.34
100,6,39,2.01
100,6,40,-6.71
100,6,41,2.60
101,0,0,-19.21
101,0,1,-11.47
101,0,2,17.12
101,0,3,6.15
101,0,4,5.21
101,0,5,-26.09
101,0,6,7.65
101,0,7,-26.94
101,0,8,-25.00
101,0,9,-9.68
101,0,10,-14.56
101,0,11,-17.29
101,0,12,-23.21
101,0,13,-14.06
101,0,14,-31.63
101,0,15,-20.13
101,0,16,-17.35
101,0,17,-21.82
101,0,18,-32.74
101,0,19,-16.63
101,0,20,-21.03
101,0,21,-8.43
101,0,22,-16.94
101,0,23,-40.22
101,0,24,-47.07
101,0,25,2.27
101,0,26,2.35
101,0,27,-15.99
101,0,28,2.85
101,0,29,-31.72
101,0,30,-29.97
101,0,31,6.83
101,0,32,-22.04
101,0,33,-15.58
101,0,34,-2.11
101,0,35,-15.57
101,0,36,-17.57
101,0,37,-23.40
101,0,38,-15.07
101,0,39,-10.51
101,0,40,-19.75
101,0,41,-5.44
101,1,0,-14.66
101,1,1,-19.14
101,1,2,-10.23
101,1,3,-10.71
101,1,4,-8.88
101,1,5,-8.47
101,1,6,31.60
101,1,7,3.68
101,1,8,-2.90
101,1,9,24.75
101,1,10,28.63
101,1,11,7.41
101,1,12,-15.35
101,1,13,-22.72
101,1,14,-23.61
101,1,15,-3.50
101,1,16,-21.12
101,1,17,-21.15
101,1,18,-8.20
101,1,19,40.99
101,1,20,-5.42
101,1,21,-28.99
101,1,22,22.32
101,1,23,-6.58
101,1,24,-22.40
101,1,25,5.65
101,1,26,-14.29
101,1,27,-27.88
101,1,28,2.25
101,1,29,-28.63
101,1,30,-4.40
101,1,31,-5.20
101,1,32,-10.80
101,1,33,-32.48
101,1,34,28.19
101,1,35,-18.66
101,1,36,-20.51
101,1,37,-12.22
101,1,38,3.66
101,1,39,-25.11
101,1,40,-29.63
101,1,41,-26.59
101,2,0,-20.59
101,2,1,-27.44
101,2,2,-20.75
101,2,3,-25.86
101,2,4,1.19
101,2,5,-6.87
101,2,6,2.87
101,2,7,-25.53
101,2,8,-32.31
101,2,9,-17.84
101,2,10,-2.87
101,2,11,-21.92
101,2,12,-7.09
101,2,13,-13.58
101,2,14,2.93
101,2,15,-3.90
101,2,16,-1.40
101,2,17,11.88
101,2,18,-20.30
101,2,19,5.91
101,2,20,-18.43
101,2,21,-11.17
101,2,22,-5.49
101,2,23,-43.86
101,2,24,-28.75
101,2,25,4.80
101,2,26,-2.56
101,2,27,-22.34
101,2,28,-4.21
101,2,29,-14.08
101,2,30,-36.85
101,2,31,-14.37
101,2,32,2.54
101,2,33,-16.14
101,2,34,-9.33
101,2,35,-38.98
101,2,36,-14.70
101,2,37,-45.15
101,2,38,-8.21
101,2,39,-15.69
101,2,40,-12.65
101,2,41,-11.46
101,3,0,-11.36
101,3,1,-10.11
101,3,2,-20.53
101,3,3,-19.39
101,3,4,9.75
101,3,5,-13.91
101,3,6,2.96
101,3,7,-23.33
101,3,8,-7.99
101,3,9,0.38
101,3,10,-12.09
101,3,11,-19.47
101,3,12,1.38
101,3,13,-3.26
101,3,14,-15.51
101,3,15,-6.97
101,3,16,-5.81
101,3,17,-9.52
101,3,18,29.62
101,3,19,6.63
101,3,20,1.49
101,3,21,8.49
101,3,22,38.58
101,3,23,-5.89
101,3,24,-10.31
101,3,25,15.68
101,3,26,-12.34
101,3,27,-7.78
101,3,28,2.37
101,3,29,-28.66
101,3,30,-20.45
101,3,31,1.51
101,3,32,-1.70
101,3,33,-27.56
101,3,34,-12.63
101,3,35,-27.51
101,3,36,-24.78
101,3,37,-26.38
101,3,38,-20.12
101,3,39,-14.81
101,3,40,-18.35
101,3,41,-27.52
101,4,0,-6.48
101,4,1,-11.69
101,4,2,-27.61
101,4,3,-20.67
101,4,4,33.10
101,4,5,2.45
101,4,6,-10.96
101,4,7,-32.95
101,4,8,-24.85
101,4,9,2.70
101,4,10,2.99
101,4,11,-26.02
101,4,12,-22.48
101,4,13,-35.99
101,4,14,-16.46
101,4,15,-27.84
101,4,16,-21.90
101,4,17,-16.63
101,4,18,-29.46
101,4,19,-7.02
101,4,20,-19.06
101,4,21,-21.25
101,4,22,9.10
101,4,23,7.99
101,4,24,9.81
101,4,25,41.69
101,4,26,15.92
101,4,27,-7.82
101,4,28,9.41
101,4,29,5.33
101,4,30,-24.55
101,4,31,-5.48
101,4,32,14.87
101,4,33,-25.56
101,4,34,-9.12
101,4,35,-16.99
101,4,36,-18.38
101,4,37,2.02
101,4,38,25.56
101,4,39,3.64
101,4,40,-24.15
101,4,41,-3.94
101,5,0,-24.92
101,5,1,-35.85
101,5,2,-19.26
101,5,3,-36.98
101,5,4,-7.30
101,5,5,-15.74
101,5,6,-12.26
101,5,7,-42.73
101,5,8,-25.44
101,5,9,17.61
101,5,10,-2.44
101,5,11,-28.51
101,5,12,-16.78
101,5,13,-14.11
101,5,14,-12.37
101,5,15,-30.61
101,5,16,-21.80
101,5,17,-32.31
101,5,18,-18.40
101,5,19,31.16
101,5,20,-18.75
101,5,21,-19.50
101,5,22,0.01
101,5,23,-13.25
101,5,24,-21.51
101,5,25,2.99
101,5,26,-5.44
101,5,27,-15.79
101,5,28,2.44
101,5,29,-21.85
101,5,30,-18.00
101,5,31,4.23
101,5,32,14.60
101,5,33,-4.76
101,5,34,12.43
101,5,35,-15.99
101,5,36,-28.86
101,5,37,-35.90
101,5,38,2.74
101,5,39,-40.18
101,5,40,-19.89
101,5,41,-13.15
101,6,0,-30.84
101,6,1,-21.62
101,6,2,-19.98
101,6,3,-15.25
101,6,4,1.04
101,6,5,-35.99
101,6,6,2.57
101,6,7,-31.16
101,6,8,-17.80
101,6,9,-14.40
101,6,10,9.06
101,6,11,-10.13
101,6,12,-15.89
101,6,13,2.81
101,6,14,6.38
101,6,15,-10.70
101,6,16,-17.19
101,6,17,-13.26
101,6,18,-25.16
101,6,19,12.20
101,6,20,-26.21
101,6,21,-18.92
101,6,22,13.80
101,6,23,-10.67
101,6,24,-12.92
101,6,25,3.78
101,6,26,2.52
101,6,27,-19.67
101,6,28,-1.57
101,6,29,-10.91
101,6,30,-16.45
101,6,31,3.09
101,6,32,8.95
101,6,33,-33.88
101,6,34,-9.50
101,6,35,-19.90
101,6,36,0.00
101,6,37,11.41
101,6,38,38.34
101,6,39,2.01
101,6,40,-6.71
101,6,41,2.60
102,0,0,-19.21
102,0,1,-11.47
102,0,2,17.12
102,0,3,6.15
102,0,4,5.21
102,0,5,-26.09
102,0,6,7.65
102,0,7,-26.94
102,0,8,-25.00
102,0,9,-9.68
102,0,10,-14.56
102,0,11,-17.29
102,0,12,-23.21
102,0,13,-14.06
102,0,14,-31.63
102,0,15,-20.13
102,0,16,-17.35
102,0,17,-21.82
102,0,18,-32.74
102,0,19,-16.63
102,0,20,-21.03
102,0,21,-8.43
102,0,22,-16.94
102,0,23,-40.22
102,0,24,-47.07
102,0,25,2.27
102,0,26,2.35
102,0,27,-15.99
102,0,28,2.85
102,0,29,-31.72
102,0,30,-29.97
102,0,31,6.83
102,0,32,-22.04
102,0,33,-15.58
102,0,34,-2.11
102,0,35,-15.57
102,0,36,-17.57
102,0,37,-23.40
102,0,38,-15.07
102,0,39,-10.51
102,0,40,-19.75
102,0,41,-5.44
102,1,0,-14.66
102,1,1,-19.14
102,1,2,-10.23
102,1,3,-10.71
102,1,4,-8.88
102,1,5,-8.47
102,1,6,31.60
102,1,7,3.68
102,1,8,-2.90
102,1,9,24.75
102,1,10,28.63
102,1,11,7.41
102,1,12,-15.35
102,1,13,-22.72
102,1,14,-23.61
102,1,15,-3.50
102,1,16,-21.12
102,1,17,-21.15
102,1,18,-8.20
102,1,19,40.99
102,1,20,-5.42
102,1,21,-28.99
102,1,22,22.32
102,1,23,-6.58
102,1,24,-22.40
102,1,25,5.65
102,1,26,-14.29
102,1,27,-27.88
102,1,28,2.25
102,1,29,-28.63
102,1,30,-4.40
102,1,31,-5.20
102,1,32,-10.80
102,1,33,-32.48
102,1,34,28.19
102,1,35,-18.66
102,1,36,-20.51
102,1,37,-12.22
102,1,38,3.66
102,1,39,-25.11
102,1,40,-29.63
102,1,41,-26.59
102,2,0,-20.59
102,2,1,-27.44
102,2,2,-20.75
102,2,3,-25.86
102,2,4,1.19
102,2,5,-6.87
102,2,6,2.87
102,2,7,-25.53
102,2,8,-32.31
102,2,9,-17.84
102,2,10,-2.87
102,2,11,-21.92
102,2,12,-7.09
102,2,13,-13.58
102,2,14,2.93
102,2,15,-3.90
102,2,16,-1.40
102,2,17,11.88
102,2,18,-20.30
102,2,19,5.91
102,2,20,-18.43
102,2,21,-11.17
102,2,22,-5.49
102,2,23,-43.86
102,2,24,-28.75
102,2,25,4.80
102,2,26,-2.56
102,2,27,-22.34
102,2,28,-4.21
102,2,29,-14.08
102,2,30,-36.85
102,2,31,-14.37
102,2,32,2.54
102,2,33,-16.14
102,2,34,-9.33
102,2,35,-38.98
102,2,36,-14.70
102,2,37,-45.15
102,2,38,-8.21
102,2,39,-15.69
102,2,40,-12.65
102,2,41,-11.46
102,3,0,-11.36
102,3,1,-10.11
102,3,2,-20.53
102,3,3,-19.39
102,3,4,9.75
102,3,5,-13.91
102,3,6,2.96
102,3,7,-23.33
102,3,8,-7.99
102,3,9,0.38
102,3,10,-12.09
102,3,11,-19.47
102,3,12,1.38
102,3,13,-3.26
102,3,14,-15.51
102,3,15,-6.97
102,3,16,-5.81
102,3,17,-9.52
102,3,18,29.62
102,3,19,6.63
102,3,20,1.49
102,3,21,8.49
102,3,22,38.58
102,3,23,-5.89
102,3,24,-10.31
102,3,25,15.68
102,3,26,-12.34
102,3,27,-7.78
102,3,28,2.37
102,3,29,-28.66
102,3,30,-20.45
102,3,31,1.51
102,3,32,-1.70
102,3,33,-27.56
102,3,34,-12.63
102,3,35,-27.51
102,3,36,-24.78
102,3,37,-26.38
102,3,38,-20.12
102,3,39,-14.81
102,3,40,-18.35
102,3,41,-27.52
102,4,0,-6.48
102,4,1,-11.69
102,4,2,-27.61
102,4,3,-20.67
102,4,4,33.10
102,4,5,2.45
102,4,6,-10.96
102,4,7,-32.95
102,4,8,-24.85
102,4,9,2.70
102,4,10,2.99
102,4,11,-26.02
102,4,12,-22.48
102,4,13,-35.99
102,4,14,-16.46
102,4,15,-27.84
102,4,16,-21.90
102,4,17,-16.63
102,4,18,-29.46
102,4,19,-7.02
102,4,20,-19.06
102,4,21,-21.25
102,4,22,9.10
102,4,23,7.99
102,4,24,9.81
102,4,25,41.69
102,4,26,15.92
102,4,27,-7.82
102,4,28,9.41
102,4,29,5.33
102,4,30,-24.55
102,4,31,-5.48
102,4,32,14.87
102,4,33,-25.56
102,4,34,-9.12
102,4,35,-16.99
102,4,36,-18.38
102,4,37,2.02
102,4,38,25.56
102,4,39,3.64
102,4,40,-24.15
102,4,41,-3.94
102,5,0,-24.92
102,5,1,-35.85
102,5,2,-19.26
102,5,3,-36.98
102,5,4,-7.30
102,5,5,-15.74
102,5,6,-12.26
102,5,7,-42.73
102,5,8,-25.44
102,5,9,17.61
102,5,10,-2.44
102,5,11,-28.51
102,5,12,-16.78
102,5,13,-14.11
102,5,14,-12.37
102,5,15,-30.61
102,5,16,-21.80
102,5,17,-32.31
102,5,18,-18.40
102,5,19,31.16
102,5,20,-18.75
102,5,21,-19.50
102,5,22,0.01
102,5,23,-13.25
102,5,24,-21.51
102,5,25,2.99
102,5,26,-5.44
102,5,27,-15.79
102,5,28,2.44
102,5,29,-21.85
102,5,30,-18.00
102,5,31,4.23
102,5,32,14.60
102,5,33,-4.76
102,5,34,12.43
102,5,35,-15.99
102,5,36,-28.86
102,5,37,-35.90
102,5,38,2.74
102,5,39,-40.18
102,5,40,-19.89
102,5,41,-13.15
102,6,0,-30.84
102,6,1,-21.62
102,6,2,-19.98
102,6,3,-15.25
102,6,4,1.04
102,6,5,-35.99
102,6,6,2.57
102,6,7,-31.16
102,6,8,-17.80
102,6,9,-14.40
102,6,10,9.06
102,6,11,-10.13
102,6,12,-15.89
102,6,13,2.81
102,6,14,6.38
102,6,15,-10.70
102,6,16,-17.19
102,6,17,-13.26
102,6,18,-25.16
102,6,19,12.20
102,6,20,-26.21
102,6,21,-18.92
102,6,22,13.80
102,6,23,-10.67
102,6,24,-12.92
102,6,25,3.78
102,6,26,2.52
102,6,27,-19.67
102,6,28,-1.57
102,6,29,-10.91
102,6,30,-16.45
102,6,31,3.09
102,6,32,8.95
102,6,33,-33.88
102,6,34,-9.50
102,6,35,-19.90
102,6,36,0.00
102,6,37,11.41
102,6,38,38.34
102,6,39,2.01
102,6,40,-6.71
102,6,41,2.60
103,0,0,-19.21
103,0,1,-11.47
103,0,2,17.12
103,0,3,6.15
103,0,4,5.21
103,0,5,-26.09
103,0,6,7.65
103,0,7,-26.94
103,0,8,-25.00
103,0,9,-9.68
103,0,10,-14.56
103,0,11,-17.29
103,0,12,-23.21
103,0,13,-14.06
103,0,14,-31.63
103,0,15,-20.13
103,0,16,-17.35
103,0,17,-21.82
103,0,18,-32.74
103,0,19,-16.63
103,0,20,-21.03
103,0,21,-8.43
103,0,22,-16.94
103,0,23,-40.22
103,0,24,-47.07
103,0,25,2.27
103,0,26,2.35
103,0,27,-15.99
103,0,28,2.85
103,0,29,-31.72
103,0,30,-29.97
103,0,31,6.83
103,0,32,-22.04
103,0,33,-15.58
103,0,34,-2.11
103,0,35,-15.57
103,0,36,-17.57
103,0,37,-23.40
103,0,38,-15.07
103,0,39,-10.51
103,0,40,-19.75
103,0,41,-5.44
103,1,0,-14.66
103,1,1,-19.14
103,1,2,-10.23
103,1,3,-10.71
103,1,4,-8.88
103,1,5,-8.47
103,1,6,31.60
103,1,7,3.68
103,1,8,-2.90
103,1,9,24.75
103,1,10,28.63
103,1,11,7.41
103,1,12,-15.35
103,1,13,-22.72
103,1,14,-23.61
103,1,15,-3.50
103,1,16,-21.12
103,1,17,-21.15
103,1,18,-8.20
103,1,19,40.99
103,1,20,-5.42
103,1,21,-28.99
103,1,22,22.32
103,1,23,-6.58
103,1,24,-22.40
103,1,25,5.65
103,1,26,-14.29
103,1,27,-27.88
103,1,28,2.25
103,1,29,-28.63
103,1,30,-4.40
103,1,31,-5.20
103,1,32,-10.80
103,1,33,-32.48
103,1,34,28.19
103,1,35,-18.66
103,1,36,-20.51
103,1,37,-12.22
103,1,38,3.66
103,1,39,-25.11
103,1,40,-29.63
103,1,41,-26.59
103,2,0,-20.59
103,2,1,-27.44
103,2,2,-20.75
103,2,3,-25.86
103,2,4,1.19
103,2,5,-6.87
103,2,6,2.87
103,2,7,-25.53
103,2,8,-32.31
103,2,9,-17.84
103,2,10,-2.87
103,2,11,-21.92
103,2,12,-7.09
103,2,13,-13.58
103,2,14,2.93
103,2,15,-3.90
103,2,16,-1.40
103,2,17,11.88
103,2,18,-20.30
103,2,19,5.91
103,2,20,-18.43
103,2,21,-11.17
103,2,22,-5.49
103,2,23,-43.86
103,2,24,-28.75
103,2,25,4.80
103,2,26,-2.56
103,2,27,-22.34
103,2,28,-4.21
103,2,29,-14.08
103,2,30,-36.85
103,2,31,-14.37
103,2,32,2.54
103,2,33,-16.14
103,2,34,-9.33
103,2,35,-38.98
103,2,36,-14.70
103,2,37,-45.15
103,2,38,-8.21
103,2,39,-15.69
103,2,40,-12.65
103,2,41,-11.46
103,3,0,-11.36
103,3,1,-10.11
103,3,2,-20.53
103,3,3,-19.39
103,3,4,9.75
103,3,5,-13.91
103,3,6,2.96
103,3,7,-23.33
103,3,8,-7.99
103,3,9,0.38
103,3,10,-12.09
103,3,11,-19.47
103,3,12,1.38
103,3,13,-3.26
103,3,14,-15.51
103,3,15,-6.97
103,3,16,-5.81
103,3,17,-9.52
103,3,18,29.62
103,3,19,6.63
103,3,20,1.49
103,3,21,8.49
103,3,22,38.58
103,3,23,-5.89
103,3,24,-10.31
103,3,25,15.68
103,3,26,-12.34
103,3,27,-7.78
103,3,28,2.37
103,3,29,-28.66
103,3,30,-20.45
103,3,31,1.51
103,3,32,-1.70
103,3,33,-27.56
103,3,34,-12.63
103,3,35,-27.51
103,3,36,-24.78
103,3,37,-26.38
103,3,38,-20.12
103,3,39,-14.81
103,3,40,-18.35
103,3,41,-27.52
103,4,0,-6.48
103,4,1,-11.69
103,4,2,-27.61
103,4,3,-20.67
103,4,4,33.10
103,4,5,2.45
103,4,6,-10.96
103,4,7,-32.95
103,4,8,-24.85
103,4,9,2.70
103,4,10,2.99
103,4,11,-26.02
103,4,12,-22.48
103,4,13,-35.99
103,4,14,-16.46
103,4,15,-27.84
103,4,16,-21.90
103,4,17,-16.63
103,4,18,-29.46
103,4,19,-7.02
103,4,20,-19.06
103,4,21,-21.25
103,4,22,9.10
103,4,23,7.99
103,4,24,9.81
103,4,25,41.69
103,4,26,15.92
103,4,27,-7.82
103,4,28,9.41
103,4,29,5.33
103,4,30,-24.55
103,4,31,-5.48
103,4,32,14.87
103,4,33,-25.56
103,4,34,-9.12
103,4,35,-16.99
103,4,36,-18.38
103,4,37,2.02
103,4,38,25.56
103,4,39,3.64
103,4,40,-24.15
103,4,41,-3.94
103,5,0,-24.92
103,5,1,-35.85
103,5,2,-19.26
103,5,3,-36.98
103,5,4,-7.30
103,5,5,-15.74
103,5,6,-12.26
103,5,7,-42.73
103,5,8,-25.44
103,5,9,17.61
103,5,10,-2.44
103,5,11,-28.51
103,5,12,-16.78
103,5,13,-14.11
103,5,14,-12.37
103,5,15,-30.61
103,5,16,-21.80
103,5,17,-32.31
103,5,18,-18.40
103,5,19,31.16
103,5,20,-18.75
103,5,21,-19.50
103,5,22,0.01
103,5,23,-13.25
103,5,24,-21.51
103,5,25,2.99
103,5,26,-5.44
103,5,27,-15.79
103,5,28,2.44
103,5,29,-21.85
103,5,30,-18.00
103,5,31,4.23
103,5,32,14.60
103,5,33,-4.76
103,5,34,12.43
103,5,35,-15.99
103,5,36,-28.86
103,5,37,-35.90
103,5,38,2.74
103,5,39,-40.18
103,5,40,-19.89
103,5,41,-13.15
103,6,0,-30.84
103,6,1,-21.62
103,6,2,-19.98
103,6,3,-15.25
103,6,4,1.04
103,6,5,-35.99
103,6,6,2.57
103,6,7,-31.16
103,6,8,-17.80
103,6,9,-14.40
103,6,10,9.06
103,6,11,-10.13
103,6,12,-15.89
103,6,13,2.81
103,6,14,6.38
103,6,15,-10.70
103,6,16,-17.19
103,6,17,-13.26
103,6,18,-25.16
103,6,19,12.20
103,6,20,-26.21
103,6,21,-18.92
103,6,22,13.80
103,6,23,-10.67
103,6,24,-12.92
103,6,25,3.78
103,6,26,2.52
103,6,27,-19.67
103,6,28,-1.57
103,6,29,-10.91
103,6,30,-16.45
103,6,31,3.09
103,6,32,8.95
103,6,33,-33.88
103,6,34,-9.50
103,6,35,-19.90
103,6,36,0.00
103,6,37,11.41
103,6,38,38.34
103,6,39,2.01
103,6,40,-6.71
103,6,41,2.60
104,0,0,-19.21
104,0,1,-11.47
104,0,2,17.12
104,0,3,6.15
104,0,4,5.21
104,0,5,-26.09
104,0,6,7.65
104,0,7,-26.94
104,0,8,-25.00
104,0,9,-9.68
104,0,10,-14.56
104,0,11,-17.29
104,0,12,-23.21
104,0,13,-14.06
104,0,14,-31.63
104,0,15,-20.13
104,0,16,-17.35
104,0,17,-21.82
104,0,18,-32.74
104,0,19,-16.63
104,0,20,-21.03
104,0,21,-8.43
104,0,22,-16.94
104,0,23,-40.22
104,0,24,-47.07
104,0,25,2.27
104,0,26,2.35
104,0,27,-15.99
104,0,28,2.85
104,0,29,-31.72
104,0,30,-29.97
104,0,31,6.83
104,0,32,-22.04
104,0,33,-15.58
104,0,34,-2.11
104,0,35,-15.57
104,0,36,-17.57
104,0,37,-23.40
104,0,38,-15.07
104,0,39,-10.51
104,0,40,-19.75
104,0,41,-5.44
104,1,0,-14.66
104,1,1,-19.14
104,1,2,-10.23
104,1,3,-10.71
104,1,4,-8.88
104,1,5,-8.47
104,1,6,31.60
104,1,7,3.68
104,1,8,-2.90
104,1,9,24.75
104,1,10,28.63
104,1,11,7.41
104,1,12,-15.35
104,1,13,-22.72
104,1,14,-23.61
104,1,15,-3.50
104,1,16,-21.12
104,1,17,-21.15
104,1,18,-8.20
104,1,19,40.99
104,1,20,-5.42
104,1,21,-28.99
104,1,22,22.32
104,1,23,-6.58
104,1,24,-22.40
104,1,25,5.65
104,1,26,-14.29
104,1,27,-27.88
104,1,28,2.25
104,1,29,-28.63
104,1,30,-4.40
104,1,31,-5.20
104,1,32,-10.80
104,1,33,-32.48
104,1,34,28.19
104,1,35,-18.66
104,1,36,-20.51
104,1,37,-12.22
104,1,38,3.66
104,1,39,-25.11
104,1,40,-29.63
104,1,41,-26.59
104,2,0,-20.59
104,2,1,-27.44
104,2,2,-20.75
104,2,3,-25.86
104,2,4,1.19
104,2,5,-6.87
104,2,6,2.87
104,2,7,-25.53
104,2,8,-32.31
104,2,9,-17.84
104,2,10,-2.87
104,2,11,-21.92
104,2,12,-7.09
104,2,13,-13.58
104,2,14,2.93
104,2,15,-3.90
104,2,16,-1.40
104,2,17,11.88
104,2,18,-20.30
104,2,19,5.91
104,2,20,-18.43
104,2,21,-11.17
104,2,22,-5.49
104,2,23,-43.86
104,2,24,-28.75
104,2,25,4.80
104,2,26,-2.56
104,2,27,-22.34
104,2,28,-4.21
104,2,29,-14.08
104,2,30,-36.85
104,2,31,-14.37
104,2,32,2.54
104,2,33,-16.14
104,2,34,-9.33
104,2,35,-38.98
104,2,36,-14.70
104,2,37,-45.15
104,2,38,-8.21
104,2,39,-15.69
104,2,40,-12.65
104,2,41,-11.46
104,3,0,-11.36
104,3,1,-10.11
104,3,2,-20.53
104,3,3,-19.39
104,3,4,9.75
104,3,5,-13.91
104,3,6,2.96
104,3,7,-23.33
104,3,8,-7.99
104,3,9,0.38
104,3,10,-12.09
104,3,11,-19.47
104,3,12,1.38
104,3,13,-3.26
104,3,14,-15.51
104,3,15,-6.97
104,3,16,-5.81
104,3,17,-9.52
104,3,18,29.62
104,3,19,6.63
104,3,20,1.49
104,3,21,8.49
104,3,22,38.58
104,3,23,-5.89
104,3,24,-10.31
104,3,25,15.68
104,3,26,-12.34
104,3,27,-7.78
104,3,28,2.37
104,3,29,-28.66
104,3,30,-20.45
104,3,31,1.51
104,3,32,-1.70
104,3,33,-27.56
104,3,34,-12.63
104,3,35,-27.51
104,3,36,-24.78
104,3,37,-26.38
104,3,38,-20.12
104,3,39,-14.81
104,3,40,-18.35
104,3,41,-27.52
104,4,0,-6.48
104,4,1,-11.69
104,4,2,-27.61
104,4,3,-20.67
104,4,4,33.10
104,4,5,2.45
104,4,6,-10.96
104,4,7,-32.95
104,4,8,-24.85
104,4,9,2.70
104,4,10,2.99
104,4,11,-26.02
104,4,12,-22.48
104,4,13,-35.99
104,4,14,-16.46
104,4,15,-27.84
104,4,16,-21.90
104,4,17,-16.63
104,4,18,-29.46
104,4,19,-7.02
104,4,20,-19.06
104,4,21,-21.25
104,4,22,9.10
104,4,23,7.99
104,4,24,9.81
104,4,25,41.69
104,4,26,15.92
104,4,27,-7.82
104,4,28,9.41
104,4,29,5.33
104,4,30,-24.55
104,4,31,-5.48
104,4,32,14.87
104,4,33,-25.56
104,4,34,-9.12
104,4,35,-16.99
104,4,36,-18.38
104,4,37,2.02
104,4,38,25.56
104,4,39,3.64
104,4,40,-24.15
104,4,41,-3.94
104,5,0,-24.92
104,5,1,-35.85
104,5,2,-19.26
104,5,3,-36.98
104,5,4,-7.30
104,5,5,-15.74
104,5,6,-12.26
104,5,7,-42.73
104,5,8,-25.44
104,5,9,17.61
104,5,10,-2.44
104,5,11,-28.51
104,5,12,-16.78
104,5,13,-14.11
104,5,14,-12.37
104,5,15,-30.61
104,5,16,-21.80
104,5,17,-32.31
104,5,18,-18.40
104,5,19,31.16
104,5,20,-18.75
104,5,21,-19.50
104,5,22,0.01
104,5,23,-13.25
104,5,24,-21.51
104,5,25,2.99
104,5,26,-5.44
104,5,27,-15.79
104,5,28,2.44
104,5,29,-21.85
104,5,30,-18.00
104,5,31,4.23
104,5,32,14.60
104,5,33,-4.76
104,5,34,12.43
104,5,35,-15.99
104,5,36,-28.86
104,5,37,-35.90
104,5,38,2.74
104,5,39,-40.18
104,5,40,-19.89
104,5,41,-13.15
104,6,0,-30.84
104,6,1,-21.62
104,6,2,-19.98
104,6,3,-15.25
104,6,4,1.04
104,6,5,-35.99
104,6,6,2.57
104,6,7,-31.16
104,6,8,-17.80
104,6,9,-14.40
104,6,10,9.06
104,6,11,-10.13
104,6,12,-15.89
104,6,13,2.81
104,6,14,6.38
104,6,15,-10.70
104,6,16,-17.19
104,6,17,-13.26
104,6,18,-25.16
104,6,19,12.20
104,6,20,-26.21
104,6,21,-18.92
104,6,22,13.80
104,6,23,-10.67
104,6,24,-12.92
104,6,25,3.78
104,6,26,2.52
104,6,27,-19.67
104,6,28,-1.57
104,6,29,-10.91
104,6,30,-16.45
104,6,31,3.09
104,6,32,8.95
104,6,33,-33.88
104,6,34,-9.50
104,6,35,-19.90
104,6,36,0.00
104,6,37,11.41
104,6,38,38.34
104,6,39,2.01
104,6,40,-6.71
104,6,41,2.60
105,0,0,-19.21
105,0,1,-11.47
105,0,2,17.12
105,0,3,6.15
105,0,4,5.21
105,0,5,-26.09
105,0,6,7.65
105,0,7,-26.94
105,0,8,-25.00
105,0,9,-9.68
105,0,10,-14.56
105,0,11,-17.29
105,0,12,-23.21
105,0,13,-14.06
105,0,14,-31.63
105,0,15,-20.13
105,0,16,-17.35
105,0,17,-21.82
105,0,18,-32.74
105,0,19,-16.63
105,0,20,-21.03
105,0,21,-8.43
105,0,22,-16.94
105,0,23,-40.22
105,0,24,-47.07
105,0,25,2.27
105,0,26,2.35
105,0,27,-15.99
105,0,28,2.85
105,0,29,-31.72
105,0,30,-29.97
105,0,31,6.83
105,0,32,-22.04
105,0,33,-15.58
105,0,34,-2.11
105,0,35,-15.57
105,0,36,-17.57
105,0,37,-23.40
105,0,38,-15.07
105,0,39,-10.51
105,0,40,-19.75
105,0,41,-5.44
105,1,0,-14.66
105,1,1,-19.14
105,1,2,-10.23
105,1,3,-10.71
105,1,4,-8.88
105,1,5,-8.47
105,1,6,31.60
105,1,7,3.68
105,1,8,-2.90
105,1,9,24.75
105,1,10,28.63
105,1,11,7.41
105,1,12,-15.35
105,1,13,-22.72
105,1,14,-23.61
105,1,15,-3.50
105,1,16,-21.12
105,1,17,-21.15
105,1,18,-8.20
105,1,19,40.99
105,1,20,-5.42
105,1,21,-28.99
105,1,22,22.32
105,1,23,-6.58
105,1,24,-22.40
105,1,25,5.65
105,1,26,-14.29
105,1,27,-27.88
105,1,28,2.25
105,1,29,-28.63
105,1,30,-4.40
105,1,31,-5.20
105,1,32,-10.80
105,1,33,-32.48
105,1,34,28.19
105,1,35,-18.66
105,1,36,-20.51
105,1,37,-12.22
105,1,38,3.66
105,1,39,-25.11
105,1,40,-29.63
105,1,41,-26.59
105,2,0,-20.59
105,2,1,-27.44
105,2,2,-20.75
105,2,3,-25.86
105,2,4,1.19
105,2,5,-6.87
105,2,6,2.87
105,2,7,-25.53
105,2,8,-32.31
105,2,9,-17.84
105,2,10,-2.87
105,2,11,-21.92
105,2,12,-7.09
105,2,13,-13.58
105,2,14,2.93
105,2,15,-3.90
105,2,16,-1.40
105,2,17,11.88
105,2,18,-20.30
105,2,19,5.91
105,2,20,-18.43
105,2,21,-11.17
105,2,22,-5.49
105,2,23,-43.86
105,2,24,-28.75
105,2,25,4.80
105,2,26,-2.56
105,2,27,-22.34
105,2,28,-4.21
105,2,29,-14.08
105,2,30,-36.85
105,2,31,-14.37
105,2,32,2.54
105,2,33,-16.14
105,2,34,-9.33
105,2,35,-38.98
105,2,36,-14.70
105,2,37,-45.15
105,2,38,-8.21
105,2,39,-15.69
105,2,40,-12.65
105,2,41,-11.46
105,3,0,-11.36
105,3,1,-10.11
105,3,2,-20.53
105,3,3,-19.39
105,3,4,9.75
105,3,5,-13.91
105,3,6,2.96
105,3,7,-23.33
105,3,8,-7.99
105,3,9,0.38
105,3,10,-12.09
105,3,11,-19.47
105,3,12,1.38
105,3,13,-3.26
105,3,14,-15.51
105,3,15,-6.97
105,3,16,-5.81
105,3,17,-9.52
105,3,18,29.62
105,3,19,6.63
105,3,20,1.49
105,3,21,8.49
105,3,22,38.58
105,3,23,-5.89
105,3,24,-10.31
105,3,25,15.68
105,3,26,-12.34
105,3,27,-7.78
105,3,28,2.37
105,3,29,-28.66
105,3,30,-20.45
105,3,31,1.51
105,3,32,-1.70
105,3,33,-27.56
105,3,34,-12.63
105,3,35,-27.51
105,3,36,-24.78
105,3,37,-26.38
105,3,38,-20.12
105,3,39,-14.81
105,3,40,-18.35
105,3,41,-27.52
105,4,0,-6.48
105,4,1,-11.69
105,4,2,-27.61
105,4,3,-20.67
105,4,4,33.10
105,4,5,2.45
105,4,6,-10.96
105,4,7,-32.95
105,4,8,-24.85
105,4,9,2.70
105,4,10,2.99
105,4,11,-26.02
105,4,12,-22.48
105,4,13,-35.99
105,4,14,-16.46
105,4,15,-27.84
105,4,16,-21.90
105,4,17,-16.63
105,4,18,-29.46
105,4,19,-7.02
105,4,20,-19.06
105,4,21,-21.25
105,4,22,9.10
105,4,23,7.99
105,4,24,9.81
105,4,25,41.69
105,4,26,15.92
105,4,27,-7.82
105,4,28,9.41
105,4,29,5.33
105,4,30,-24.55
105,4,31,-5.48
105,4,32,14.87
105,4,33,-25.56
105,4,34,-9.12
105,4,35,-16.99
105,4,36,-18.38
105,4,37,2.02
105,4,38,25.56
105,4,39,3.64
105,4,40,-24.15
105,4,41,-3.94
105,5,0,-24.92
105,5,1,-35.85
105,5,2,-19.26
105,5,3,-36.98
105,5,4,-7.30
105,5,5,-15.74
105,5,6,-12.26
105,5,7,-42.73
105,5,8,-25.44
105,5,9,17.61
105,5,10,-2.44
105,5,11,-28.51
105,5,12,-16.78
105,5,13,-14.11
105,5,14,-12.37
105,5,15,-30.61
105,5,16,-21.80
105,5,17,-32.31
105,5,18,-18.40
105,5,19,31.16
105,5,20,-18.75
105,5,21,-19.50
105,5,22,0.01
105,5,23,-13.25
105,5,24,-21.51
105,5,25,2.99
105,5,26,-5.44
105,5,27,-15.79
105,5,28,2.44
105,5,29,-21.85
105,5,30,-18.00
105,5,31,4.23
105,5,32,14.60
105,5,33,-4.76
105,5,34,12.43
105,5,35,-15.99
105,5,36,-28.86
105,5,37,-35.90
105,5,38,2.74
105,5,39,-40.18
105,5,40,-19.89
105,5,41,-13.15
105,6,0,-30.84
105,6,1,-21.62
105,6,2,-19.98
105,6,3,-15.25
105,6,4,1.04
105,6,5,-35.99
105,6,6,2.57
105,6,7,-31.16
105,6,8,-17.80
105,6,9,-14.40
105,6,10,9.06
105,6,11,-10.13
105,6,12,-15.89
105,6,13,2.81
105,6,14,6.38
105,6,15,-10.70
105,6,16,-17.19
105,6,17,-13.26
105,6,18,-25.16
105,6,19,12.20
105,6,20,-26.21
105,6,21,-18.92
105,6,22,13.80
105,6,23,-10.67
105,6,24,-12.92
105,6,25,3.78
105,6,26,2.52
105,6,27,-19.67
105,6,28,-1.57
105,6,29,-10.91
105,6,30,-16.45
105,6,31,3.09
105,6,32,8.95
105,6,33,-33.88
105,6,34,-9.50
105,6,35,-19.90
105,6,36,0.00
105,6,37,11.41
105,6,38,38.34
105,6,39,2.01
105,6,40,-6.71
105,6,41,2.60
106,0,0,-19.21
106,0,1,-11.47
106,0,2,17.12
106,0,3,6.15
106,0,4,5.21
106,0,5,-26.09
106,0,6,7.65
106,0,7,-26.94
106,0,8,-25.00
106,0,9,-9.68
106,0,10,-14.56
106,0,11,-17.29
106,0,12,-23.21
106,0,13,-14.06
106,0,14,-31.63
106,0,15,-20.13
106,0,16,-17.35
106,0,17,-21.82
106,0,18,-32.74
106,0,19,-16.63
106,0,20,-21.03
106,0,21,-8.43
106,0,22,-16.94
106,0,23,-40.22
106,0,24,-47.07
106,0,25,2.27
106,0,26,2.35
106,0,27,-15.99
106,0,28,2.85
106,0,29,-31.72
106,0,30,-29.97
106,0,31,6.83
106,0,32,-22.04
106,0,33,-15.58
106,0,34,-2.11
106,0,35,-15.57
106,0,36,-17.57
106,0,37,-23.40
106,0,38,-15.07
106,0,39,-10.51
106,0,40,-19.75
106,0,41,-5.44
106,1,0,-14.66
106,1,1,-19.14
106,1,2,-10.23
106,1,3,-10.71
106,1,4,-8.88
106,1,5,-8.47
106,1,6,31.60
106,1,7,3.68
106,1,8,-2.90
106,1,9,24.75
106,1,10,28.63
106,1,11,7.41
106,1,12,-15.35
106,1,13,-22.72
106,1,14,-23.61
106,1,15,-3.50
106,1,16,-21.12
106,1,17,-21.15
106,1,18,-8.20
106,1,19,40.99
106,1,20,-5.42
106,1,21,-28.99
106,1,22,22.32
106,1,23,-6.58
106,1,24,-22.40
106,1,25,5.65
106,1,26,-14.29
106,1,27,-27.88
106,1,28,2.25
106,1,29,-28.63
106,1,30,-4.40
106,1,31,-5.20
106,1,32,-10.80
106,1,33,-32.48
106,1,34,28.19
106,1,35,-18.66
106,1,36,-20.51
106,1,37,-12.22
106,1,38,3.66
106,1,39,-25.11
106,1,40,-29.63
106,1,41,-26.59
106,2,0,-20.59
106,2,1,-27.44
106,2,2,-20.75
106,2,3,-25.86
106,2,4,1.19
106,2,5,-6.87
106,2,6,2.87
106,2,7,-25.53
106,2,8,-32.31
106,2,9,-17.84
106,2,10,-2.87
106,2,11,-21.92
106,2,12,-7.09
106,2,13,-13.58
106,2,14,2.93
106,2,15,-3.90
106,2,16,-1.40
106,2,17,11.88
106,2,18,-20.30
106,2,19,5.91
106,2,20,-18.43
106,2,21,-11.17
106,2,22,-5.49
106,2,23,-43.86
106,2,24,-28.75
106,2,25,4.80
106,2,26,-2.56
106,2,27,-22.34
106,2,28,-4.21
106,2,29,-14.08
106,2,30,-36.85
106,2,31,-14.37
106,2,32,2.54
106,2,33,-16.14
106,2,34,-9.33
106,2,35,-38.98
106,2,36,-14.70
106,2,37,-45.15
106,2,38,-8.21
106,2,39,-15.69
106,2,40,-12.65
106,2,41,-11.46
106,3,0,-11.36
106,3,1,-10.11
106,3,2,-20.53
106,3,3,-19.39
106,3,4,9.75
106,3,5,-13.91
106,3,6,2.96
106,3,7,-23.33
106,3,8,-7.99
106,3,9,0.38
106,3,10,-12.09
106,3,11,-19.47
106,3,12,1.38
106,3,13,-3.26
106,3,14,-15.51
106,3,15,-6.97
106,3,16,-5.81
106,3,17,-9.52
106,3,18,29.62
106,3,19,6.63
106,3,20,1.49
106,3,21,8.49
106,3,22,38.58
106,3,23,-5.89
106,3,24,-10.31
106,3,25,15.68
106,3,26,-12.34
106,3,27,-7.78
106,3,28,2.37
106,3,29,-28.66
106,3,30,-20.45
106,3,31,1.51
106,3,32,-1.70
106,3,33,-27.56
106,3,34,-12.63
106,3,35,-27.51
106,3,36,-24.78
106,3,37,-26.38
106,3,38,-20.12
106,3,39,-14.81
106,3,40,-18.35
106,3,41,-27.52
106,4,0,-6.48
106,4,1,-11.69
106,4,2,-27.61
106,4,3,-20.67
106,4,4,33.10
106,4,5,2.45
106,4,6,-10.96
106,4,7,-32.95
106,4,8,-24.85
106,4,9,2.70
106,4,10,2.99
106,4,11,-26.02
106,4,12,-22.48
106,4,13,-35.99
106,4,14,-16.46
106,4,15,-27.84
106,4,16,-21.90
106,4,17,-16.63
106,4,18,-29.46
106,4,19,-7.02
106,4,20,-19.06
106,4,21,-21.25
106,4,22,9.10
106,4,23,7.99
106,4,24,9.81
106,4,25,41.69
106,4,26,15.92
106,4,27,-7.82
106,4,28,9.41
106,4,29,5.33
106,4,30,-24.55
106,4,31,-5.48
106,4,32,14.87
106,4,33,-25.56
106,4,34,-9.12
106,4,35,-16.99
106,4,36,-18.38
106,4,37,2.02
106,4,38,25.56
106,4,39,3.64
106,4,40,-24.15
106,4,41,-3.94
106,5,0,-24.92
106,5,1,-35.85
106,5,2,-19.26
106,5,3,-36.98
106,5,4,-7.30
106,5,5,-15.74
106,5,6,-12.26
106,5,7,-42.73
106,5,8,-25.44
106,5,9,17.61
106,5,10,-2.44
106,5,11,-28.51
106,5,12,-16.78
106,5,13,-14.11
106,5,14,-12.37
106,5,15,-30.61
106,5,16,-21.80
106,5,17,-32.31
106,5,18,-18.40
106,5,19,31.16
106,5,20,-18.75
106,5,21,-19.50
106,5,22,0.01
106,5,23,-13.25
106,5,24,-21.51
106,5,25,2.99
106,5,26,-5.44
106,5,27,-15.79
106,5,28,2.44
106,5,29,-21.85
106,5,30,-18.00
106,5,31,4.23
106,5,32,14.60
106,5,33,-4.76
106,5,34,12.43
106,5,35,-15.99
106,5,36,-28.86
106,5,37,-35.90
106,5,38,2.74
106,5,39,-40.18
106,5,40,-19.89
106,5,41,-13.15
106,6,0,-30.84
106,6,1,-21.62
106,6,2,-19.98
106,6,3,-15.25
106,6,4,1.04
106,6,5,-35.99
106,6,6,2.57
106,6,7,-31.16
106,6,8,-17.80
106,6,9,-14.40
106,6,10,9.06
106,6,11,-10.13
106,6,12,-15.89
106,6,13,2.81
106,6,14,6.38
106,6,15,-10.70
106,6,16,-17.19
106,6,17,-13.26
106,6,18,-25.16
106,6,19,12.20
106,6,20,-26.21
106,6,21,-18.92
106,6,22,13.80
106,6,23,-10.67
106,6,24,-12.92
106,6,25,3.78
106,6,26,2.52
106,6,27,-19.67
106,6,28,-1.57
106,6,29,-10.91
106,6,30,-16.45
106,6,31,3.09
106,6,32,8.95
106,6,33,-33.88
106,6,34,-9.50
106,6,35,-19.90
106,6,36,0.00
106,6,37,11.41
106,6,38,38.34
106,6,39,2.01
106,6,40,-6.71
106,6,41,2.60
107,0,0,-19.21
107,0,1,-11.47
107,0,2,17.12
107,0,3,6.15
107,0,4,5.21
107,0,5,-26.09
107,0,6,7.65
107,0,7,-26.94
107,0,8,-25.00
107,0,9,-9.68
107,0,10,-14.56
107,0,11,-17.29
107,0,12,-23.21
107,0,13,-14.06
107,0,14,-31.63
107,0,15,-20.13
107,0,16,-17.35
107,0,17,-21.82
107,0,18,-32.74
107,0,19,-16.63
107,0,20,-21.03
107,0,21,-8.43
107,0,22,-16.94
107,0,23,-40.22
107,0,24,-47.07
107,0,25,2.27
107,0,26,2.35
107,0,27,-15.99
107,0,28,2.85
107,0,29,-31.72
107,0,30,-29.97
107,0,31,6.83
107,0,32,-22.04
107,0,33,-15.58
107,0,34,-2.11
107,0,35,-15.57
107,0,36,-17.57
107,0,37,-23.40
107,0,38,-15.07
107,0,39,-10.51
107,0,40,-19.75
107,0,41,-5.44
107,1,0,-14.66
107,1,1,-19.14
107,1,2,-10.23
107,1,3,-10.71
107,1,4,-8.88
107,1,5,-8.47
107,1,6,31.60
107,1,7,3.68
107,1,8,-2.90
107,1,9,24.75
107,1,10,28.63
107,1,11,7.41
107,1,12,-15.35
107,1,13,-22.72
107,1,14,-23.61
107,1,15,-3.50
107,1,16,-21.12
107,1,17,-21.15
107,1,18,-8.20
107,1,19,40.99
107,1,20,-5.42
107,1,21,-28.99
107,1,22,22.32
107,1,23,-6.58
107,1,24,-22.40
107,1,25,5.65
107,1,26,-14.29
107,1,27,-27.88
107,1,28,2.25
107,1,29,-28.63
107,1,30,-4.40
107,1,31,-5.20
107,1,32,-10.80
107,1,33,-32.48
107,1,34,28.19
107,1,35,-18.66
107,1,36,-20.51
107,1,37,-12.22
107,1,38,3.66
107,1,39,-25.11
107,1,40,-29.63
107,1,41,-26.59
107,2,0,-20.59
107,2,1,-27.44
107,2,2,-20.75
107,2,3,-25.86
107,2,4,1.19
107,2,5,-6.87
107,2,6,2.87
107,2,7,-25.53
107,2,8,-32.31
107,2,9,-17.84
107,2,10,-2.87
107,2,11,-21.92
107,2,12,-7.09
107,2,13,-13.58
107,2,14,2.93
107,2,15,-3.90
107,2,16,-1.40
107,2,17,11.88
107,2,18,-20.30
107,2,19,5.91
107,2,20,-18.43
107,2,21,-11.17
107,2,22,-5.49
107,2,23,-43.86
107,2,24,-28.75
107,2,25,4.80
107,2,26,-2.56
107,2,27,-22.34
107,2,28,-4.21
107,2,29,-14.08
107,2,30,-36.85
107,2,31,-14.37
107,2,32,2.54
107,2,33,-16.14
107,2,34,-9.33
107,2,35,-38.98
107,2,36,-14.70
107,2,37,-45.15
107,2,38,-8.21
107,2,39,-15.69
107,2,40,-12.65
107,2,41,-11.46
107,3,0,-11.36
107,3,1,-10.11
107,3,2,-20.53
107,3,3,-19.39
107,3,4,9.75
107,3,5,-13.91
107,3,6,2.96
107,3,7,-23.33
107,3,8,-7.99
107,3,9,0.38
107,3,10,-12.09
107,3,11,-19.47
107,3,12,1.38
107,3,13,-3.26
107,3,14,-15.51
107,3,15,-6.97
107,3,16,-5.81
107,3,17,-9.52
107,3,18,29.62
107,3,19,6.63
107,3,20,1.49
107,3,21,8.49
107,3,22,38.58
107,3,23,-5.89
107,3,24,-10.31
107,3,25,15.68
107,3,26,-12.34
107,3,27,-7.78
107,3,28,2.37
107,3,29,-28.66
107,3,30,-20.45
107,3,31,1.51
107,3,32,-1.70
107,3,33,-27.56
107,3,34,-12.63
107,3,35,-27.51
107,3,36,-24.78
107,3,37,-26.38
107,3,38,-20.12
107,3,39,-14.81
107,3,40,-18.35
107,3,41,-27.52
107,4,0,-6.48
107,4,1,-11.69
107,4,2,-27.61
107,4,3,-20.67
107,4,4,33.10
107,4,5,2.45
107,4,6,-10.96
107,4,7,-32.95
107,4,8,-24.85
107,4,9,2.70
107,4,10,2.99
107,4,11,-26.02
107,4,12,-22.48
107,4,13,-35.99
107,4,14,-16.46
107,4,15,-27.84
107,4,16,-21.90
107,4,17,-16.63
107,4,18,-29.46
107,4,19,-7.02
107,4,20,-19.06
107,4,21,-21.25
107,4,22,9.10
107,4,23,7.99
107,4,24,9.81
107,4,25,41.69
107,4,26,15.92
107,4,27,-7.82
107,4,28,9.41
107,4,29,5.33
107,4,30,-24.55
107,4,31,-5.48
107,4,32,14.87
107,4,33,-25.56
107,4,34,-9.12
107,4,35,-16.99
107,4,36,-18.38
107,4,37,2.02
107,4,38,25.56
107,4,39,3.64
107,4,40,-24.15
107,4,41,-3.94
107,5,0,-24.92
107,5,1,-35.85
107,5,2,-19.26
107,5,3,-36.98
107,5,4,-7.30
107,5,5,-15.74
107,5,6,-12.26
107,5,7,-42.73
107,5,8,-25.44
107,5,9,17.61
107,5,10,-2.44
107,5,11,-28.51
107,5,12,-16.78
107,5,13,-14.11
107,5,14,-12.37
107,5,15,-30.61
107,5,16,-21.80
107,5,17,-32.31
107,5,18,-18.40
107,5,19,31.16
107,5,20,-18.75
107,5,21,-19.50
107,5,22,0.01
107,5,23,-13.25
107,5,24,-21.51
107,5,25,2.99
107,5,26,-5.44
107,5,27,-15.79
107,5,28,2.44
107,5,29,-21.85
107,5,30,-18.00
107,5,31,4.23
107,5,32,14.60
107,5,33,-4.76
107,5,34,12.43
107,5,35,-15.99
107,5,36,-28.86
107,5,37,-35.90
107,5,38,2.74
107,5,39,-40.18
107,5,40,-19.89
107,5,41,-13.15
107,6,0,-30.84
107,6,1,-21.62
107,6,2,-19.98
107,6,3,-15.25
107,6,4,1.04
107,6,5,-35.99
107,6,6,2.57
107,6,7,-31.16
107,6,8,-17.80
107,6,9,-14.40
107,6,10,9.06
107,6,11,-10.13
107,6,12,-15.89
107,6,13,2.81
107,6,14,6.38
107,6,15,-10.70
107,6,16,-17.19
107,6,17,-13.26
107,6,18,-25.16
107,6,19,12.20
107,6,20,-26.21
107,6,21,-18.92
107,6,22,13.80
107,6,23,-10.67
107,6,24,-12.92
107,6,25,3.78
107,6,26,2.52
107,6,27,-19.67
107,6,28,-1.57
107,6,29,-10.91
107,6,30,-16.45
107,6,31,3.09
107,6,32,8.95
107,6,33,-33.88
107,6,34,-9.50
107,6,35,-19.90
107,6,36,0.00
107,6,37,11.41
107,6,38,38.34
107,6,39,2.01
107,6,40,-6.71
107,6,41,2.60
108,0,0,-19.21
108,0,1,-11.47
108,0,2,17.12
108,0,3,6.15
108,0,4,5.21
108,0,5,-26.09
108,0,6,7.65
108,0,7,-26.94
108,0,8,-25.00
108,0,9,-9.68
108,0,10,-14.56
108,0,11,-17.29
108,0,12,-23.21
108,0,13,-14.06
108,0,14,-31.63
108,0,15,-20.13
108,0,16,-17.35
108,0,17,-21.82
108,0,18,-32.74
108,0,19,-16.63
108,0,20,-21.03
108,0,21,-8.43
108,0,22,-16.94
108,0,23,-40.22
108,0,24,-47.07
108,0,25,2.27
108,0,26,2.35
108,0,27,-15.99
108,0,28,2.85
108,0,29,-31.72
108,0,30,-29.97
108,0,31,6.83
108,0,32,-22.04
108,0,33,-15.58
108,0,34,-2.11
108,0,35,-15.57
108,0,36,-17.57
108,0,37,-23.40
108,0,38,-15.07
108,0,39,-10.51
108,0,40,-19.75
108,0,41,-5.44
108,1,0,-14.66
108,1,1,-19.14
108,1,2,-10.23
108,1,3,-10.71
108,1,4,-8.88
108,1,5,-8.47
108,1,6,31.60
108,1,7,3.68
108,1,8,-2.90
108,1,9,24.75
108,1,10,28.63
108,1,11,7.41
108,1,12,-15.35
108,1,13,-22.72
108,1,14,-23.61
108,1,15,-3.50
108,1,16,-21.12
108,1,17,-21.15
108,1,18,-8.20
108,1,19,40.99
108,1,20,-5.42
108,1,21,-28.99
108,1,22,22.32
108,1,23,-6.58
108,1,24,-22.40
108,1,25,5.65
108,1,26,-14.29
108,1,27,-27.88
108,1,28,2.25
108,1,29,-28.63
108,1,30,-4.40
108,1,31,-5.20
108,1,32,-10.80
108,1,33,-32.48
108,1,34,28.19
108,1,35,-18.66
108,1,36,-20.51
108,1,37,-12.22
108,1,38,3.66
108,1,39,-25.11
108,1,40,-29.63
108,1,41,-26.59
108,2,0,-20.59
108,2,1,-27.44
108,2,2,-20.75
108,2,3,-25.86
108,2,4,1.19
108,2,5,-6.87
108,2,6,2.87
108,2,7,-25.53
108,2,8,-32.31
108,2,9,-17.84
108,2,10,-2.87
108,2,11,-21.92
108,2,12,-7.09
108,2,13,-13.58
108,2,14,2.93
108,2,15,-3.90
108,2,16,-1.40
108,2,17,11.88
108,2,18,-20.30
108,2,19,5.91
108,2,20,-18.43
108,2,21,-11.17
108,2,22,-5.49
108,2,23,-43.86
108,2,24,-28.75
108,2,25,4.80
108,2,26,-2.56
108,2,27,-22.34
108,2,28,-4.21
108,2,29,-14.08
108,2,30,-36.85
108,2,31,-14.37
108,2,32,2.54
108,2,33,-16.14
108,2,34,-9.33
108,2,35,-38.98
108,2,36,-14.70
108,2,37,-45.15
108,2,38,-8.21
108,2,39,-15.69
108,2,40,-12.65
108,2,41,-11.46
108,3,0,-11.36
108,3,1,-10.11
108,3,2,-20.53
108,3,3,-19.39
108,3,4,9.75
108,3,5,-13.91
108,3,6,2.96
108,3,7,-23.33
108,3,8,-7.99
108,3,9,0.38
108,3,10,-12.09
108,3,11,-19.47
108,3,12,1.38
108,3,13,-3.26
108,3,14,-15.51
108,3,15,-6.97
108,3,16,-5.81
108,3,17,-9.52
108,3,18,29.62
108,3,19,6.63
108,3,20,1.49
108,3,21,8.49
108,3,22,38.58
108,3,23,-5.89
108,3,24,-10.31
108,3,25,15.68
108,3,26,-12.34
108,3,27,-7.78
108,3,28,2.37
108,3,29,-28.66
108,3,30,-20.45
108,3,31,1.51
108,3,32,-1.70
108,3,33,-27.56
108,3,34,-12.63
108,3,35,-27.51
108,3,36,-24.78
108,3,37,-26.38
108,3,38,-20.12
108,3,39,-14.81
108,3,40,-18.35
108,3,41,-27.52
108,4,0,-6.48
108,4,1,-11.69
108,4,2,-27.61
108,4,3,-20.67
108,4,4,33.10
108,4,5,2.45
108,4,6,-10.96
108,4,7,-32.95
108,4,8,-24.85
108,4,9,2.70
108,4,10,2.99
108,4,11,-26.02
108,4,12,-22.48
108,4,13,-35.99
108,4,14,-16.46
108,4,15,-27.84
108,4,16,-21.90
108,4,17,-16.63
108,4,18,-29.46
108,4,19,-7.02
108,4,20,-19.06
108,4,21,-21.25
108,4,22,9.10
108,4,23,7.99
108,4,24,9.81
108,4,25,41.69
108,4,26,15.92
108,4,27,-7.82
108,4,28,9.41
108,4,29,5.33
108,4,30,-24.55
108,4,31,-5.48
108,4,32,14.87
108,4,33,-25.56
108,4,34,-9.12
108,4,35,-16.99
108,4,36,-18.38
108,4,37,2.02
108,4,38,25.56
108,4,39,3.64
108,4,40,-24.15
108,4,41,-3.94
108,5,0,-24.92
108,5,1,-35.85
108,5,2,-19.26
108,5,3,-36.98
108,5,4,-7.30
108,5,5,-15.74
108,5,6,-12.26
108,5,7,-42.73
108,5,8,-25.44
108,5,9,17.61
108,5,10,-2.44
108,5,11,-28.51
108,5,12,-16.78
108,5,13,-14.11
108,5,14,-12.37
108,5,15,-30.61
108,5,16,-21.80
108,5,17,-32.31
108,5,18,-18.40
108,5,19,31.16
108,5,20,-18.75
108,5,21,-19.50
108,5,22,0.01
108,5,23,-13.25
108,5,24,-21.51
108,5,25,2.99
108,5,26,-5.44
108,5,27,-15.79
108,5,28,2.44
108,5,29,-21.85
108,5,30,-18.00
108,5,31,4.23
108,5,32,14.60
108,5,33,-4.76
108,5,34,12.43
108,5,35,-15.99
108,5,36,-28.86
108,5,37,-35.90
108,5,38,2.74
108,5,39,-40.18
108,5,40,-19.89
108,5,41,-13.15
108,6,0,-30.84
108,6,1,-21.62
108,6,2,-19.98
108,6,3,-15.25
108,6,4,1.04
108,6,5,-35.99
108,6,6,2.57
108,6,7,-31.16
108,6,8,-17.80
108,6,9,-14.40
108,6,10,9.06
108,6,11,-10.13
108,6,12,-15.89
108,6,13,2.81
108,6,14,6.38
108,6,15,-10.70
108,6,16,-17.19
108,6,17,-13.26
108,6,18,-25.16
108,6,19,12.20
108,6,20,-26.21
108,6,21,-18.92
108,6,22,13.80
108,6,23,-10.67
108,6,24,-12.92
108,6,25,3.78
108,6,26,2.52
108,6,27,-19.67
108,6,28,-1.57
108,6,29,-10.91
108,6,30,-16.45
108,6,31,3.09
108,6,32,8.95
108,6,33,-33.88
108,6,34,-9.50
108,6,35,-19.90
108,6,36,0.00
108,6,37,11.41
108,6,38,38.34
108,6,39,2.01
108,6,40,-6.71
108,6,41,2.60
109,0,0,-19.21
109,0,1,-11.47
109,0,2,17.12
109,0,3,6.15
109,0,4,5.21
109,0,5,-26.09
109,0,6,7.65
109,0,7,-26.94
109,0,8,-25.00
109,0,9,-9.68
109,0,10,-14.56
109,0,11,-17.29
109,0,12,-23.21
109,0,13,-14.06
109,0,14,-31.63
109,0,15,-20.13
109,0,16,-17.35
109,0,17,-21.82
109,0,18,-32.74
109,0,19,-16.63
109,0,20,-21.03
109,0,21,-8.43
109,0,22,-16.94
109,0,23,-40.22
109,0,24,-47.07
109,0,25,2.27
109,0,26,2.35
109,0,27,-15.99
109,0,28,2.85
109,0,29,-31.72
109,0,30,-29.97
109,0,31,6.83
109,0,32,-22.04
109,0,33,-15.58
109,0,34,-2.11
109,0,35,-15.57
109,0,36,-17.57
109,0,37,-23.40
109,0,38,-15.07
109,0,39,-10.51
109,0,40,-19.75
109,0,41,-5.44
109,1,0,-14.66
109,1,1,-19.14
109,1,2,-10.23
109,1,3,-10.71
109,1,4,-8.88
109,1,5,-8.47
109,1,6,31.60
109,1,7,3.68
109,1,8,-2.90
109,1,9,24.75
109,1,10,28.63
109,1,11,7.41
109,1,12,-15.35
109,1,13,-22.72
109,1,14,-23.61
109,1,15,-3.50
109,1,16,-21.12
109,1,17,-21.15
109,1,18,-8.20
109,1,19,40.99
109,1,20,-5.42
109,1,21,-28.99
109,1,22,22.32
109,1,23,-6.58
109,1,24,-22.40
109,1,25,5.65
109,1,26,-14.29
109,1,27,-27.88
109,1,28,2.25
109,1,29,-28.63
109,1,30,-4.40
109,1,31,-5.20
109,1,32,-10.80
109,1,33,-32.48
109,1,34,28.19
109,1,35,-18.66
109,1,36,-20.51
109,1,37,-12.22
109,1,38,3.66
109,1,39,-25.11
109,1,40,-29.63
109,1,41,-26.59
109,2,0,-20.59
109,2,1,-27.44
109,2,2,-20.75
109,2,3,-25.86
109,2,4,1.19
109,2,5,-6.87
109,2,6,2.87
109,2,7,-25.53
109,2,8,-32.31
109,2,9,-17.84
109,2,10,-2.87
109,2,11,-21.92
109,2,12,-7.09
109,2,13,-13.58
109,2,14,2.93
109,2,15,-3.90
109,2,16,-1.40
109,2,17,11.88
109,2,18,-20.30
109,2,19,5.91
109,2,20,-18.43
109,2,21,-11.17
109,2,22,-5.49
109,2,23,-43.86
109,2,24,-28.75
109,2,25,4.80
109,2,26,-2.56
109,2,27,-22.34
109,2,28,-4.21
109,2,29,-14.08
109,2,30,-36.85
109,2,31,-14.37
109,2,32,2.54
109,2,33,-16.14
109,2,34,-9.33
109,2,35,-38.98
109,2,36,-14.70
109,2,37,-45.15
109,2,38,-8.21
109,2,39,-15.69
109,2,40,-12.65
109,2,41,-11.46
109,3,0,-11.36
109,3,1,-10.11
109,3,2,-20.53
109,3,3,-19.39
109,3,4,9.75
109,3,5,-13.91
109,3,6,2.96
109,3,7,-23.33
109,3,8,-7.99
109,3,9,0.38
109,3,10,-12.09
109,3,11,-19.47
109,3,12,1.38
109,3,13,-3.26
109,3,14,-15.51
109,3,15,-6.97
109,3,16,-5.81
109,3,17,-9.52
109,3,18,29.62
109,3,19,6.63
109,3,20,1.49
109,3,21,8.49
109,3,22,38.58
109,3,23,-5.89
109,3,24,-10.31
109,3,25,15.68
109,3,26,-12.34
109,3,27,-7.78
109,3,28,2.37
109,3,29,-28.66
109,3,30,-20.45
109,3,31,1.51
109,3,32,-1.70
109,3,33,-27.56
109,3,34,-12.63
109,3,35,-27.51
109,3,36,-24.78
109,3,37,-26.38
109,3,38,-20.12
109,3,39,-14.81
109,3,40,-18.35
109,3,41,-27.52
109,4,0,-6.48
109,4,1,-11.69
109,4,2,-27.61
109,4,3,-20.67
109,4,4,33.10
109,4,5,2.45
109,4,6,-10.96
109,4,7,-32.95
109,4,8,-24.85
109,4,9,2.70
109,4,10,2.99
109,4,11,-26.02
109,4,12,-22.48
109,4,13,-35.99
109,4,14,-16.46
109,4,15,-27.84
109,4,16,-21.90
109,4,17,-16.63
109,4,18,-29.46
109,4,19,-7.02
109,4,20,-19.06
109,4,21,-21.25
109,4,22,9.10
109,4,23,7.99
109,4,24,9.81
109,4,25,41.69
109,4,26,15.92
109,4,27,-7.82
109,4,28,9.41
109,4,29,5.33
109,4,30,-24.55
109,4,31,-5.48
109,4,32,14.87
109,4,33,-25.56
109,4,34,-9.12
109,4,35,-16.99
109,4,36,-18.38
109,4,37,2.02
109,4,38,25.56
109,4,39,3.64
109,4,40,-24.15
109,4,41,-3.94
109,5,0,-24.92
109,5,1,-35.85
109,5,2,-19.26
109,5,3,-36.98
109,5,4,-7.30
109,5,5,-15.74
109,5,6,-12.26
109,5,7,-42.73
109,5,8,-25.44
109,5,9,17.61
109,5,10,-2.44
109,5,11,-28.51
109,5,12,-16.78
109,5,13,-14.11
109,5,14,-12.37
109,5,15,-30.61
109,5,16,-21.80
109,5,17,-32.31
109,5,18,-18.40
109,5,19,31.16
109,5,20,-18.75
109,5,21,-19.50
109,5,22,0.01
109,5,23,-13.25
109,5,24,-21.51
109,5,25,2.99
109,5,26,-5.44
109,5,27,-15.79
109,5,28,2.44
109,5,29,-21.85
109,5,30,-18.00
109,5,31,4.23
109,5,32,14.60
109,5,33,-4.76
109,5,34,12.43
109,5,35,-15.99
109,5,36,-28.86
109,5,37,-35.90
109,5,38,2.74
109,5,39,-40.18
109,5,40,-19.89
109,5,41,-13.15
109,6,0,-30.84
109,6,1,-21.62
109,6,2,-19.98
109,6,3,-15.25
109,6,4,1.04
109,6,5,-35.99
109,6,6,2.57
109,6,7,-31.16
109,6,8,-17.80
109,6,9,-14.40
109,6,10,9.06
109,6,11,-10.13
109,6,12,-15.89
109,6,13,2.81
109,6,14,6.38
109,6,15,-10.70
109,6,16,-17.19
109,6,17,-13.26
109,6,18,-25.16
109,6,19,12.20
109,6,20,-26.21
109,6,21,-18.92
109,6,22,13.80
109,6,23,-10.67
109,6,24,-12.92
109,6,25,3.78
109,6,26,2.52
109,6,27,-19.67
109,6,28,-1.57
109,6,29,-10.91
109,6,30,-16.45
109,6,31,3.09
109,6,32,8.95
109,6,33,-33.88
109,6,34,-9.50
109,6,35,-19.90
109,6,36,0.00
109,6,37,11.41
109,6,38,38.34
109,6,39,2.01
109,6,40,-6.71
109,6,41,2.60
110,0,0,-19.21
110,0,1,-11.47
110,0,2,17.12
110,0,3,6.15
110,0,4,5.21
110,0,5,-26.09
110,0,6,7.65
110,0,7,-26.94
110,0,8,-25.00
110,0,9,-9.68
110,0,10,-14.56
110,0,11,-17.29
110,0,12,-23.21
110,0,13,-14.06
110,0,14,-31.63
110,0,15,-20.13
110,0,16,-17.35
110,0,17,-21.82
110,0,18,-32.74
110,0,19,-16.63
110,0,20,-21.03
110,0,21,-8.43
110,0,22,-16.94
110,0,23,-40.22
110,0,24,-47.07
110,0,25,2.27
110,0,26,2.35
110,0,27,-15.99
110,0,28,2.85
110,0,29,-31.72
110,0,30,-29.97
110,0,31,6.83
110,0,32,-22.04
110,0,33,-15.58
110,0,34,-2.11
110,0,35,-15.57
110,0,36,-17.57
110,0,37,-23.40
110,0,38,-15.07
110,0,39,-10.51
110,0,40,-19.75
110,0,41,-5.44
110,1,0,-14.66
110,1,1,-19.14
110,1,2,-10.23
110,1,3,-10.71
110,1,4,-8.88
110,1,5,-8.47
110,1,6,31.60
110,1,7,3.68
110,1,8,-2.90
110,1,9,24.75
110,1,10,28.63
110,1,11,7.41
110,1,12,-15.35
110,1,13,-22.72
110,1,14,-23.61
110,1,15,-3.50
110,1,16,-21.12
110,1,17,-21.15
110,1,18,-8.20
110,1,19,40.99
110,1,20,-5.42
110,1,21,-28.99
110,1,22,22.32
110,1,23,-6.58
110,1,24,-22.40
110,1,25,5.65
110,1,26,-14.29
110,1,27,-27.88
110,1,28,2.25
110,1,29,-28.63
110,1,30,-4.40
110,1,31,-5.20
110,1,32,-10.80
110,1,33,-32.48
110,1,34,28.19
110,1,35,-18.66
110,1,36,-20.51
110,1,37,-12.22
110,1,38,3.66
110,1,39,-25.11
110,1,40,-29.63
110,1,41,-26.59
110,2,0,-20.59
110,2,1,-27.44
110,2,2,-20.75
110,2,3,-25.86
110,2,4,1.19
110,2,5,-6.87
110,2,6,2.87
110,2,7,-25.53
110,2,8,-32.31
110,2,9,-17.84
110,2,10,-2.87
110,2,11,-21.92
110,2,12,-7.09
110,2,13,-13.58
110,2,14,2.93
110,2,15,-3.90
110,2,16,-1.40
110,2,17,11.88
110,2,18,-20.30
110,2,19,5.91
110,2,20,-18.43
110,2,21,-11.17
110,2,22,-5.49
110,2,23,-43.86
110,2,24,-28.75
110,2,25,4.80
110,2,26,-2.56
110,2,27,-22.34
110,2,28,-4.21
110,2,29,-14.08
110,2,30,-36.85
110,2,31,-14.37
110,2,32,2.54
110,2,33,-16.14
110,2,34,-9.33
110,2,35,-38.98
110,2,36,-14.70
110,2,37,-45.15
110,2,38,-8.21
110,2,39,-15.69
110,2,40,-12.65
110,2,41,-11.46
110,3,0,-11.36
110,3,1,-10.11
110,3,2,-20.53
110,3,3,-19.39
110,3,4,9.75
110,3,5,-13.91
110,3,6,2.96
110,3,7,-23.33
110,3,8,-7.99
110,3,9,0.38
110,3,10,-12.09
110,3,11,-19.47
110,3,12,1.38
110,3,13,-3.26
110,3,14,-15.51
110,3,15,-6.97
110,3,16,-5.81
110,3,17,-9.52
110,3,18,29.62
110,3,19,6.63
110,3,20,1.49
110,3,21,8.49
110,3,22,38.58
110,3,23,-5.89
110,3,24,-10.31
110,3,25,15.68
110,3,26,-12.34
110,3,27,-7.78
110,3,28,2.37
110,3,29,-28.66
110,3,30,-20.45
110,3,31,1.51
110,3,32,-1.70
110,3,33,-27.56
110,3,34,-12.63
110,3,35,-27.51
110,3,36,-24.78
110,3,37,-26.38
110,3,38,-20.12
110,3,39,-14.81
110,3,40,-18.35
110,3,41,-27.52
110,4,0,-6.48
110,4,1,-11.69
110,4,2,-27.61
110,4,3,-20.67
110,4,4,33.10
110,4,5,2.45
110,4,6,-10.96
110,4,7,-32.95
110,4,8,-24.85
110,4,9,2.70
110,4,10,2.99
110,4,11,-26.02
110,4,12,-22.48
110,4,13,-35.99
110,4,14,-16.46
110,4,15,-27.84
110,4,16,-21.90
110,4,17,-16.63
110,4,18,-29.46
110,4,19,-7.02
110,4,20,-19.06
110,4,21,-21.25
110,4,22,9.10
110,4,23,7.99
110,4,24,9.81
110,4,25,41.69
110,4,26,15.92
110,4,27,-7.82
110,4,28,9.41
110,4,29,5.33
110,4,30,-24.55
110,4,31,-5.48
110,4,32,14.87
110,4,33,-25.56
110,4,34,-9.12
110,4,35,-16.99
110,4,36,-18.38
110,4,37,2.02
110,4,38,25.56
110,4,39,3.64
110,4,40,-24.15
110,4,41,-3.94
110,5,0,-24.92
110,5,1,-35.85
110,5,2,-19.26
110,5,3,-36.98
110,5,4,-7.30
110,5,5,-15.74
110,5,6,-12.26
110,5,7,-42.73
110,5,8,-25.44
110,5,9,17.61
110,5,10,-2.44
110,5,11,-28.51
110,5,12,-16.78
110,5,13,-14.11
110,5,14,-12.37
110,5,15,-30.61
110,5,16,-21.80
110,5,17,-32.31
110,5,18,-18.40
110,5,19,31.16
110,5,20,-18.75
110,5,21,-19.50
110,5,22,0.01
110,5,23,-13.25
110,5,24,-21.51
110,5,25,2.99
110,5,26,-5.44
110,5,27,-15.79
110,5,28,2.44
110,5,29,-21.85
110,5,30,-18.00
110,5,31,4.23
110,5,32,14.60
110,5,33,-4.76
110,5,34,12.43
110,5,35,-15.99
110,5,36,-28.86
110,5,37,-35.90
110,5,38,2.74
110,5,39,-40.18
110,5,40,-19.89
110,5,41,-13.15
110,6,0,-30.84
110,6,1,-21.62
110,6,2,-19.98
110,6,3,-15.25
110,6,4,1.04
110,6,5,-35.99
110,6,6,2.57
110,6,7,-31.16
110,6,8,-17.80
110,6,9,-14.40
110,6,10,9.06
110,6,11,-10.13
110,6,12,-15.89
110,6,13,2.81
110,6,14,6.38
110,6,15,-10.70
110,6,16,-17.19
110,6,17,-13.26
110,6,18,-25.16
110,6,19,12.20
110,6,20,-26.21
110,6,21,-18.92
110,6,22,13.80
110,6,23,-10.67
110,6,24,-12.92
110,6,25,3.78
110,6,26,2.52
110,6,27,-19.67
110,6,28,-1.57
110,6,29,-10.91
110,6,30,-16.45
110,6,31,3.09
110,6,32,8.95
110,6,33,-33.88
110,6,34,-9.50
110,6,35,-19.90
110,6,36,0.00
110,6,37,11.41
110,6,38,38.34
110,6,39,2.01
110,6,40,-6.71
110,6,41,2.60
111,0,0,-19.21
111,0,1,-11.47
111,0,2,17.12
111,0,3,6.15
111,0,4,5.21
111,0,5,-26.09
111,0,6,7.65
111,0,7,-26.94
111,0,8,-25.00
111,0,9,-9.68
111,0,10,-14.56
111,0,11,-17.29
111,0,12,-23.21
111,0,13,-14.06
111,0,14,-31.63
111,0,15,-20.13
111,0,16,-17.35
111,0,17,-21.82
111,0,18,-32.74
111,0,19,-16.63
111,0,20,-21.03
111,0,21,-8.43
111,0,22,-16.94
111,0,23,-40.22
111,0,24,-47.07
111,0,25,2.27
111,0,26,2.35
111,0,27,-15.99
111,0,28,2.85
111,0,29,-31.72
111,0,30,-29.97
111,0,31,6.83
111,0,32,-22.04
111,0,33,-15.58
111,0,34,-2.11
111,0,35,-15.57
111,0,36,-17.57
111,0,37,-23.40
111,0,38,-15.07
111,0,39,-10.51
111,0,40,-19.75
111,0,41,-5.44
111,1,0,-14.66
111,1,1,-19.14
111,1,2,-10.23
111,1,3,-10.71
111,1,4,-8.88
111,1,5,-8.47
111,1,6,31.60
111,1,7,3.68
111,1,8,-2.90
111,1,9,24.75
111,1,10,28.63
111,1,11,7.41
111,1,12,-15.35
111,1,13,-22.72
111,1,14,-23.61
111,1,15,-3.50
111,1,16,-21.12
111,1,17,-21.15
111,1,18,-8.20
111,1,19,40.99
111,1,20,-5.42
111,1,21,-28.99
111,1,22,22.32
111,1,23,-6.58
111,1,24,-22.40
111,1,25,5.65
111,1,26,-14.29
111,1,27,-27.88
111,1,28,2.25
111,1,29,-28.63
111,1,30,-4.40
111,1,31,-5.20
111,1,32,-10.80
111,1,33,-32.48
111,1,34,28.19
111,1,35,-18.66
111,1,36,-20.51
111,1,37,-12.22
111,1,38,3.66
111,1,39,-25.11
111,1,40,-29.63
111,1,41,-26.59
111,2,0,-20.59
111,2,1,-27.44
111,2,2,-20.75
111,2,3,-25.86
111,2,4,1.19
111,2,5,-6.87
111,2,6,2.87
111,2,7,-25.53
111,2,8,-32.31
111,2,9,-17.84
111,2,10,-2.87
111,2,11,-21.92
111,2,12,-7.09
111,2,13,-13.58
111,2,14,2.93
111,2,15,-3.90
111,2,16,-1.40
111,2,17,11.88
111,2,18,-20.30
111,2,19,5.91
111,2,20,-18.43
111,2,21,-11.17
111,2,22,-5.49
111,2,23,-43.86
111,2,24,-28.75
111,2,25,4.80
111,2,26,-2.56
111,2,27,-22.34
111,2,28,-4.21
111,2,29,-14.08
111,2,30,-36.85
111,2,31,-14.37
111,2,32,2.54
111,2,33,-16.14
111,2,34,-9.33
111,2,35,-38.98
111,2,36,-14.70
111,2,37,-45.15
111,2,38,-8.21
111,2,39,-15.69
111,2,40,-12.65
111,2,41,-11.46
111,3,0,-11.36
111,3,1,-10.11
111,3,2,-20.53
111,3,3,-19.39
111,3,4,9.75
111,3,5,-13.91
111,3,6,2.96
111,3,7,-23.33
111,3,8,-7.99
111,3,9,0.38
111,3,10,-12.09
111,3,11,-19.47
111,3,12,1.38
111,3,13,-3.26
111,3,14,-15.51
111,3,15,-6.97
111,3,16,-5.81
111,3,17,-9.52
111,3,18,29.62
111,3,19,6.63
111,3,20,1.49
111,3,21,8.49
111,3,22,38.58
111,3,23,-5.89
111,3,24,-10.31
111,3,25,15.68
111,3,26,-12.34
111,3,27,-7.78
111,3,28,2.37
111,3,29,-28.66
111,3,30,-20.45
111,3,31,1.51
111,3,32,-1.70
111,3,33,-27.56
111,3,34,-12.63
111,3,35,-27.51
111,3,36,-24.78
111,3,37,-26.38
111,3,38,-20.12
111,3,39,-14.81
111,3,40,-18.35
111,3,41,-27.52
111,4,0,-6.48
111,4,1,-11.69
111,4,2,-27.61
111,4,3,-20.67
111,4,4,33.10
111,4,5,2.45
111,4,6,-10.96
111,4,7,-32.95
111,4,8,-24.85
111,4,9,2.70
111,4,10,2.99
111,4,11,-26.02
111,4,12,-22.48
111,4,13,-35.99
111,4,14,-16.46
111,4,15,-27.84
111,4,16,-21.90
111,4,17,-16.63
111,4,18,-29.46
111,4,19,-7.02
111,4,20,-19.06
111,4,21,-21.25
111,4,22,9.10
111,4,23,7.99
111,4,24,9.81
111,4,25,41.69
111,4,26,15.92
111,4,27,-7.82
111,4,28,9.41
111,4,29,5.33
111,4,30,-24.55
111,4,31,-5.48
111,4,32,14.87
111,4,33,-25.56
111,4,34,-9.12
111,4,35,-16.99
111,4,36,-18.38
111,4,37,2.02
111,4,38,25.56
111,4,39,3.64
111,4,40,-24.15
111,4,41,-3.94
111,5,0,-24.92
111,5,1,-35.85
111,5,2,-19.26
111,5,3,-36.98
111,5,4,-7.30
111,5,5,-15.74
111,5,6,-12.26
111,5,7,-42.73
111,5,8,-25.44
111,5,9,17.61
111,5,10,-2.44
111,5,11,-28.51
111,5,12,-16.78
111,5,13,-14.11
111,5,14,-12.37
111,5,15,-30.61
111,5,16,-21.80
111,5,17,-32.31
111,5,18,-18.40
111,5,19,31.16
111,5,20,-18.75
111,5,21,-19.50
111,5,22,0.01
111,5,23,-13.25
111,5,24,-21.51
111,5,25,2.99
111,5,26,-5.44
111,5,27,-15.79
111,5,28,2.44
111,5,29,-21.85
111,5,30,-18.00
111,5,31,4.23
111,5,32,14.60
111,5,33,-4.76
111,5,34,12.43
111,5,35,-15.99
111,5,36,-28.86
111,5,37,-35.90
111,5,38,2.74
111,5,39,-40.18
111,5,40,-19.89
111,5,41,-13.15
111,6,0,-30.84
111,6,1,-21.62
111,6,2,-19.98
111,6,3,-15.25
111,6,4,1.04
111,6,5,-35.99
111,6,6,2.57
111,6,7,-31.16
111,6,8,-17.80
111,6,9,-14.40
111,6,10,9.06
111,6,11,-10.13
111,6,12,-15.89
111,6,13,2.81
111,6,14,6.38
111,6,15,-10.70
111,6,16,-17.19
111,6,17,-13.26
111,6,18,-25.16
111,6,19,12.20
111,6,20,-26.21
111,6,21,-18.92
111,6,22,13.80
111,6,23,-10.67
111,6,24,-12.92
111,6,25,3.78
111,6,26,2.52
111,6,27,-19.67
111,6,28,-1.57
111,6,29,-10.91
111,6,30,-16.45
111,6,31,3.09
111,6,32,8.95
111,6,33,-33.88
111,6,34,-9.50
111,6,35,-19.90
111,6,36,0.00
111,6,37,11.41
111,6,38,38.34
111,6,39,2.01
111,6,40,-6.71
111,6,41,2.60
112,0,0,-19.21
112,0,1,-11.47
112,0,2,17.12
112,0,3,6.15
112,0,4,5.21
112,0,5,-26.09
112,0,6,7.65
112,0,7,-26.94
112,0,8,-25.00
112,0,9,-9.68
112,0,10,-14.56
112,0,11,-17.29
112,0,12,-23.21
112,0,13,-14.06
112,0,14,-31.63
112,0,15,-20.13
112,0,16,-17.35
112,0,17,-21.82
112,0,18,-32.74
112,0,19,-16.63
112,0,20,-21.03
112,0,21,-8.43
112,0,22,-16.94
112,0,23,-40.22
112,0,24,-47.07
112,0,25,2.27
112,0,26,2.35
112,0,27,-15.99
112,0,28,2.85
112,0,29,-31.72
112,0,30,-29.97
112,0,31,6.83
112,0,32,-22.04
112,0,33,-15.58
112,0,34,-2.11
112,0,35,-15.57
112,0,36,-17.57
112,0,37,-23.40
112,0,38,-15.07
112,0,39,-10.51
112,0,40,-19.75
112,0,41,-5.44
112,1,0,-14.66
112,1,1,-19.14
112,1,2,-10.23
112,1,3,-10.71
112,1,4,-8.88
112,1,5,-8.47
112,1,6,31.60
112,1,7,3.68
112,1,8,-2.90
112,1,9,24.75
112,1,10,28.63
112,1,11,7.41
112,1,12,-15.35
112,1,13,-22.72
112,1,14,-23.61
112,1,15,-3.50
112,1,16,-21.12
112,1,17,-21.15
112,1,18,-8.20
112,1,19,40.99
112,1,20,-5.42
112,1,21,-28.99
112,1,22,22.32
112,1,23,-6.58
112,1,24,-22.40
112,1,25,5.65
112,1,26,-14.29
112,1,27,-27.88
112,1,28,2.25
112,1,29,-28.63
112,1,30,-4.40
112,1,31,-5.20
112,1,32,-10.80
112,1,33,-32.48
112,1,34,28.19
112,1,35,-18.66
112,1,36,-20.51
112,1,37,-12.22
112,1,38,3.66
112,1,39,-25.11
112,1,40,-29.63
112,1,41,-26.59
112,2,0,-20.59
112,2,1,-27.44
112,2,2,-20.75
112,2,3,-25.86
112,2,4,1.19
112,2,5,-6.87
112,2,6,2.87
112,2,7,-25.53
112,2,8,-32.31
112,2,9,-17.84
112,2,10,-2.87
112,2,11,-21.92
112,2,12,-7.09
112,2,13,-13.58
112,2,14,2.93
112,2,15,-3.90
112,2,16,-1.40
112,2,17,11.88
112,2,18,-20.30
112,2,19,5.91
112,2,20,-18.43
112,2,21,-11.17
112,2,22,-5.49
112,2,23,-43.86
112,2,24,-28.75
112,2,25,4.80
112,2,26,-2.56
112,2,27,-22.34
112,2,28,-4.21
112,2,29,-14.08
112,2,30,-36.85
112,2,31,-14.37
112,2,32,2.54
112,2,33,-16.14
112,2,34,-9.33
112,2,35,-38.98
112,2,36,-14.70
112,2,37,-45.15
112,2,38,-8.21
112,2,39,-15.69
112,2,40,-12.65
112,2,41,-11.46
112,3,0,-11.36
112,3,1,-10.11
112,3,2,-20.53
112,3,3,-19.39
112,3,4,9.75
112,3,5,-13.91
112,3,6,2.96
112,3,7,-23.33
112,3,8,-7.99
112,3,9,0.38
112,3,10,-12.09
112,3,11,-19.47
112,3,12,1.38
112,3,13,-3.26
112,3,14,-15.51
112,3,15,-6.97
112,3,16,-5.81
112,3,17,-9.52
112,3,18,29.62
112,3,19,6.63
112,3,20,1.49
112,3,21,8.49
112,3,22,38.58
112,3,23,-5.89
112,3,24,-10.31
112,3,25,15.68
112,3,26,-12.34
112,3,27,-7.78
112,3,28,2.37
112,3,29,-28.66
112,3,30,-20.45
112,3,31,1.51
112,3,32,-1.70
112,3,33,-27.56
112,3,34,-12.63
112,3,35,-27.51
112,3,36,-24.78
112,3,37,-26.38
112,3,38,-20.12
112,3,39,-14.81
112,3,40,-18.35
112,3,41,-27.52
112,4,0,-6.48
112,4,1,-11.69
112,4,2,-27.61
112,4,3,-20.67
112,4,4,33.10
112,4,5,2.45
112,4,6,-10.96
112,4,7,-32.95
112,4,8,-24.85
112,4,9,2.70
112,4,10,2.99
112,4,11,-26.02
112,4,12,-22.48
112,4,13,-35.99
112,4,14,-16.46
112,4,15,-27.84
112,4,16,-21.90
112,4,17,-16.63
112,4,18,-29.46
112,4,19,-7.02
112,4,20,-19.06
112,4,21,-21.25
112,4,22,9.10
112,4,23,7.99
112,4,24,9.81
112,4,25,41.69
112,4,26,15.92
112,4,27,-7.82
112,4,28,9.41
112,4,29,5.33
112,4,30,-24.55
112,4,31,-5.48
112,4,32,14.87
112,4,33,-25.56
112,4,34,-9.12
112,4,35,-16.99
112,4,36,-18.38
112,4,37,2.02
112,4,38,25.56
112,4,39,3.64
112,4,40,-24.15
112,4,41,-3.94
112,5,0,-24.92
112,5,1,-35.85
112,5,2,-19.26
112,5,3,-36.98
112,5,4,-7.30
112,5,5,-15.74
112,5,6,-12.26
112,5,7,-42.73
112,5,8,-25.44
112,5,9,17.61
112,5,10,-2.44
112,5,11,-28.51
112,5,12,-16.78
112,5,13,-14.11
112,5,14,-12.37
112,5,15,-30.61
112,5,16,-21.80
112,5,17,-32.31
112,5,18,-18.40
112,5,19,31.16
112,5,20,-18.75
112,5,21,-19.50
112,5,22,0.01
112,5,23,-13.25
112,5,24,-21.51
112,5,25,2.99
112,5,26,-5.44
112,5,27,-15.79
112,5,28,2.44
112,5,29,-21.85
112,5,30,-18.00
112,5,31,4.23
112,5,32,14.60
112,5,33,-4.76
112,5,34,12.43
112,5,35,-15.99
112,5,36,-28.86
112,5,37,-35.90
112,5,38,2.74
112,5,39,-40.18
112,5,40,-19.89
112,5,41,-13.15
112,6,0,-30.84
112,6,1,-21.62
112,6,2,-19.98
112,6,3,-15.25
112,6,4,1.04
112,6,5,-35.99
112,6,6,2.57
112,6,7,-31.16
112,6,8,-17.80
112,6,9,-14.40
112,6,10,9.06
112,6,11,-10.13
112,6,12,-15.89
112,6,13,2.81
112,6,14,6.38
112,6,15,-10.70
112,6,16,-17.19
112,6,17,-13.26
112,6,18,-25.16
112,6,19,12.20
112,6,20,-26.21
112,6,21,-18.92
112,6,22,13.80
112,6,23,-10.67
112,6,24,-12.92
112,6,25,3.78
112,6,26,2.52
112,6,27,-19.67
112,6,28,-1.57
112,6,29,-10.91
112,6,30,-16.45
112,6,31,3.09
112,6,32,8.95
112,6,33,-33.88
112,6,34,-9.50
112,6,35,-19.90
112,6,36,0.00
112,6,37,11.41
112,6,38,38.34
112,6,39,2.01
112,6,40,-6.71
112,6,41,2.60
113,0,0,-19.21
113,0,1,-11.47
113,0,2,17.12
113,0,3,6.15
113,0,4,5.21
113,0,5,-26.09
113,0,6,7.65
113,0,7,-26.94
113,0,8,-25.00
113,0,9,-9.68
113,0,10,-14.56
113,0,11,-17.29
113,0,12,-23.21
113,0,13,-14.06
113,0,14,-31.63
113,0,15,-20.13
113,0,16,-17.35
113,0,17,-21.82
113,0,18,-32.74
113,0,19,-16.63
113,0,20,-21.03
113,0,21,-8.43
113,0,22,-16.94
113,0,23,-40.22
113,0,24,-47.07
113,0,25,2.27
113,0,26,2.35
113,0,27,-15.99
113,0,28,2.85
113,0,29,-31.72
113,0,30,-29.97
113,0,31,6.83
113,0,32,-22.04
113,0,33,-15.58
113,0,34,-2.11
113,0,35,-15.57
113,0,36,-17.57
113,0,37,-23.40
113,0,38,-15.07
113,0,39,-10.51
113,0,40,-19.75
113,0,41,-5.44
113,1,0,-14.66
113,1,1,-19.14
113,1,2,-10.23
113,1,3,-10.71
113,1,4,-8.88
113,1,5,-8.47
113,1,6,31.60
113,1,7,3.68
113,1,8,-2.90
113,1,9,24.75
113,1,10,28.63
113,1,11,7.41
113,1,12,-15.35
113,1,13,-22.72
113,1,14,-23.61
113,1,15,-3.50
113,1,16,-21.12
113,1,17,-21.15
113,1,18,-8.20
113,1,19,40.99
113,1,20,-5.42
113,1,21,-28.99
113,1,22,22.32
113,1,23,-6.58
113,1,24,-22.40
113,1,25,5.65
113,1,26,-14.29
113,1,27,-27.88
113,1,28,2.25
113,1,29,-28.63
113,1,30,-4.40
113,1,31,-5.20
113,1,32,-10.80
113,1,33,-32.48
113,1,34,28.19
113,1,35,-18.66
113,1,36,-20.51
113,1,37,-12.22
113,1,38,3.66
113,1,39,-25.11
113,1,40,-29.63
113,1,41,-26.59
113,2,0,-20.59
113,2,1,-27.44
113,2,2,-20.75
113,2,3,-25.86
113,2,4,1.19
113,2,5,-6.87
113,2,6,2.87
113,2,7,-25.53
113,2,8,-32.31
113,2,9,-17.84
113,2,10,-2.87
113,2,11,-21.92
113,2,12,-7.09
113,2,13,-13.58
113,2,14,2.93
113,2,15,-3.90
113,2,16,-1.40
113,2,17,11.88
113,2,18,-20.30
113,2,19,5.91
113,2,20,-18.43
113,2,21,-11.17
113,2,22,-5.49
113,2,23,-43.86
113,2,24,-28.75
113,2,25,4.80
113,2,26,-2.56
113,2,27,-22.34
113,2,28,-4.21
113,2,29,-14.08
113,2,30,-36.85
113,2,31,-14.37
113,2,32,2.54
113,2,33,-16.14
113,2,34,-9.33
113,2,35,-38.98
113,2,36,-14.70
113,2,37,-45.15
113,2,38,-8.21
113,2,39,-15.69
113,2,40,-12.65
113,2,41,-11.46
113,3,0,-11.36
113,3,1,-10.11
113,3,2,-20.53
113,3,3,-19.39
113,3,4,9.75
113,3,5,-13.91
113,3,6,2.96
113,3,7,-23.33
113,3,8,-7.99
113,3,9,0.38
113,3,10,-12.09
113,3,11,-19.47
113,3,12,1.38
113,3,13,-3.26
113,3,14,-15.51
113,3,15,-6.97
113,3,16,-5.81
113,3,17,-9.52
113,3,18,29.62
113,3,19,6.63
113,3,20,1.49
113,3,21,8.49
113,3,22,38.58
113,3,23,-5.89
113,3,24,-10.31
113,3,25,15.68
113,3,26,-12.34
113,3,27,-7.78
113,3,28,2.37
113,3,29,-28.66
113,3,30,-20.45
113,3,31,1.51
113,3,32,-1.70
113,3,33,-27.56
113,3,34,-12.63
113,3,35,-27.51
113,3,36,-24.78
113,3,37,-26.38
113,3,38,-20.12
113,3,39,-14.81
113,3,40,-18.35
113,3,41,-27.52
113,4,0,-6.48
113,4,1,-11.69
113,4,2,-27.61
113,4,3,-20.67
113,4,4,33.10
113,4,5,2.45
113,4,6,-10.96
113,4,7,-32.95
113,4,8,-24.85
113,4,9,2.70
113,4,10,2.99
113,4,11,-26.02
113,4,12,-22.48
113,4,13,-35.99
113,4,14,-16.46
113,4,15,-27.84
113,4,16,-21.90
113,4,17,-16.63
113,4,18,-29.46
113,4,19,-7.02
113,4,20,-19.06
113,4,21,-21.25
113,4,22,9.10
113,4,23,7.99
113,4,24,9.81
113,4,25,41.69
113,4,26,15.92
113,4,27,-7.82
113,4,28,9.41
113,4,29,5.33
113,4,30,-24.55
113,4,31,-5.48
113,4,32,14.87
113,4,33,-25.56
113,4,34,-9.12
113,4,35,-16.99
113,4,36,-18.38
113,4,37,2.02
113,4,38,25.56
113,4,39,3.64
113,4,40,-24.15
113,4,41,-3.94
113,5,0,-24.92
113,5,1,-35.85
113,5,2,-19.26
113,5,3,-36.98
113,5,4,-7.30
113,5,5,-15.74
113,5,6,-12.26
113,5,7,-42.73
113,5,8,-25.44
113,5,9,17.61
113,5,10,-2.44
113,5,11,-28.51
113,5,12,-16.78
113,5,13,-14.11
113,5,14,-12.37
113,5,15,-30.61
113,5,16,-21.80
113,5,17,-32.31
113,5,18,-18.40
113,5,19,31.16
113,5,20,-18.75
113,5,21,-19.50
113,5,22,0.01
113,5,23,-13.25
113,5,24,-21.51
113,5,25,2.99
113,5,26,-5.44
113,5,27,-15.79
113,5,28,2.44
113,5,29,-21.85
113,5,30,-18.00
113,5,31,4.23
113,5,32,14.60
113,5,33,-4.76
113,5,34,12.43
113,5,35,-15.99
113,5,36,-28.86
113,5,37,-35.90
113,5,38,2.74
113,5,39,-40.18
113,5,40,-19.89
113,5,41,-13.15
113,6,0,-30.84
113,6,1,-21.62
113,6,2,-19.98
113,6,3,-15.25
113,6,4,1.04
113,6,5,-35.99
113,6,6,2.57
113,6,7,-31.16
113,6,8,-17.80
113,6,9,-14.40
113,6,10,9.06
113,6,11,-10.13
113,6,12,-15.89
113,6,13,2.81
113,6,14,6.38
113,6,15,-10.70
113,6,16,-17.19
113,6,17,-13.26
113,6,18,-25.16
113,6,19,12.20
113,6,20,-26.21
113,6,21,-18.92
113,6,22,13.80
113,6,23,-10.67
113,6,24,-12.92
113,6,25,3.78
113,6,26,2.52
113,6,27,-19.67
113,6,28,-1.57
113,6,29,-10.91
113,6,30,-16.45
113,6,31,3.09
113,6,32,8.95
113,6,33,-33.88
113,6,34,-9.50
113,6,35,-19.90
113,6,36,0.00
113,6,37,11.41
113,6,38,38.34
113,6,39,2.01
113,6,40,-6.71
113,6,41,2.60
114,0,0,-19.21
114,0,1,-11.47
114,0,2,17.12
114,0,3,6.15
114,0,4,5.21
114,0,5,-26.09
114,0,6,7.65
114,0,7,-26.94
114,0,8,-25.00
114,0,9,-9.68
114,0,10,-14.56
114,0,11,-17.29
114,0,12,-23.21
114,0,13,-14.06
114,0,14,-31.63
114,0,15,-20.13
114,0,16,-17.35
114,0,17,-21.82
114,0,18,-32.74
114,0,19,-16.63
114,0,20,-21.03
114,0,21,-8.43
114,0,22,-16.94
114,0,23,-40.22
114,0,24,-47.07
114,0,25,2.27
114,0,26,2.35
114,0,27,-15.99
114,0,28,2.85
114,0,29,-31.72
114,0,30,-29.97
114,0,31,6.83
114,0,32,-22.04
114,0,33,-15.58
114,0,34,-2.11
114,0,35,-15.57
114,0,36,-17.57
114,0,37,-23.40
114,0,38,-15.07
114,0,39,-10.51
114,0,40,-19.75
114,0,41,-5.44
114,1,0,-14.66
114,1,1,-19.14
114,1,2,-10.23
114,1,3,-10.71
114,1,4,-8.88
114,1,5,-8.47
114,1,6,31.60
114,1,7,3.68
114,1,8,-2.90
114,1,9,24.75
114,1,10,28.63
114,1,11,7.41
114,1,12,-15.35
114,1,13,-22.72
114,1,14,-23.61
114,1,15,-3.50
114,1,16,-21.12
114,1,17,-21.15
114,1,18,-8.20
114,1,19,40.99
114,1,20,-5.42
114,1,21,-28.99
114,1,22,22.32
114,1,23,-6.58
114,1,24,-22.40
114,1,25,5.65
114,1,26,-14.29
114,1,27,-27.88
114,1,28,2.25
114,1,29,-28.63
114,1,30,-4.40
114,1,31,-5.20
114,1,32,-10.80
114,1,33,-32.48
114,1,34,28.19
114,1,35,-18.66
114,1,36,-20.51
114,1,37,-12.22
114,1,38,3.66
114,1,39,-25.11
114,1,40,-29.63
114,1,41,-26.59
114,2,0,-20.59
114,2,1,-27.44
114,2,2,-20.75
114,2,3,-25.86
114,2,4,1.19
114,2,5,-6.87
114,2,6,2.87
114,2,7,-25.53
114,2,8,-32.31
114,2,9,-17.84
114,2,10,-2.87
114,2,11,-21.92
114,2,12,-7.09
114,2,13,-13.58
114,2,14,2.93
114,2,15,-3.90
114,2,16,-1.40
114,2,17,11.88
114,2,18,-20.30
114,2,19,5.91
114,2,20,-18.43
114,2,21,-11.17
114,2,22,-5.49
114,2,23,-43.86
114,2,24,-28.75
114,2,25,4.80
114,2,26,-2.56
114,2,27,-22.34
114,2,28,-4.21
114,2,29,-14.08
114,2,30,-36.85
114,2,31,-14.37
114,2,32,2.54
114,2,33,-16.14
114,2,34,-9.33
114,2,35,-38.98
114,2,36,-14.70
114,2,37,-45.15
114,2,38,-8.21
114,2,39,-15.69
114,2,40,-12.65
114,2,41,-11.46
114,3,0,-11.36
114,3,1,-10.11
114,3,2,-20.53
114,3,3,-19.39
114,3,4,9.75
114,3,5,-13.91
114,3,6,2.96
114,3,7,-23.33
114,3,8,-7.99
114,3,9,0.38
114,3,10,-12.09
114,3,11,-19.47
114,3,12,1.38
114,3,13,-3.26
114,3,14,-15.51
114,3,15,-6.97
114,3,16,-5.81
114,3,17,-9.52
114,3,18,29.62
114,3,19,6.63
114,3,20,1.49
114,3,21,8.49
114,3,22,38.58
114,3,23,-5.89
114,3,24,-10.31
114,3,25,15.68
114,3,26,-12.34
114,3,27,-7.78
114,3,28,2.37
114,3,29,-28.66
114,3,30,-20.45
114,3,31,1.51
114,3,32,-1.70
114,3,33,-27.56
114,3,34,-12.63
114,3,35,-27.51
114,3,36,-24.78
114,3,37,-26.38
114,3,38,-20.12
114,3,39,-14.81
114,3,40,-18.35
114,3,41,-27.52
114,4,0,-6.48
114,4,1,-11.69
114,4,2,-27.61
114,4,3,-20.67
114,4,4,33.10
114,4,5,2.45
114,4,6,-10.96
114,4,7,-32.95
114,4,8,-24.85
114,4,9,2.70
114,4,10,2.99
114,4,11,-26.02
114,4,12,-22.48
114,4,13,-35.99
114,4,14,-16.46
114,4,15,-27.84
114,4,16,-21.90
114,4,17,-16.63
114,4,18,-29.46
114,4,19,-7.02
114,4,20,-19.06
114,4,21,-21.25
114,4,22,9.10
114,4,23,7.99
114,4,24,9.81
114,4,25,41.69
114,4,26,15.92
114,4,27,-7.82
114,4,28,9.41
114,4,29,5.33
114,4,30,-24.55
114,4,31,-5.48
114,4,32,14.87
114,4,33,-25.56
114,4,34,-9.12
114,4,35,-16.99
114,4,36,-18.38
114,4,37,2.02
114,4,38,25.56
114,4,39,3.64
114,4,40,-24.15
114,4,41,-3.94
114,5,0,-24.92
114,5,1,-35.85
114,5,2,-19.26
114,5,3,-36.98
114,5,4,-7.30
114,5,5,-15.74
114,5,6,-12.26
114,5,7,-42.73
114,5,8,-25.44
114,5,9,17.61
114,5,10,-2.44
114,5,11,-28.51
114,5,12,-16.78
114,5,13,-14.11
114,5,14,-12.37
114,5,15,-30.61
114,5,16,-21.80
114,5,17,-32.31
114,5,18,-18.40
114,5,19,31.16
114,5,20,-18.75
114,5,21,-19.50
114,5,22,0.01
114,5,23,-13.25
114,5,24,-21.51
114,5,25,2.99
114,5,26,-5.44
114,5,27,-15.79
114,5,28,2.44
114,5,29,-21.85
114,5,30,-18.00
114,5,31,4.23
114,5,32,14.60
114,5,33,-4.76
114,5,34,12.43
114,5,35,-15.99
114,5,36,-28.86
114,5,37,-35.90
114,5,38,2.74
114,5,39,-40.18
114,5,40,-19.89
114,5,41,-13.15
114,6,0,-30.84
114,6,1,-21.62
114,6,2,-19.98
114,6,3,-15.25
114,6,4,1.04
114,6,5,-35.99
114,6,6,2.57
114,6,7,-31.16
114,6,8,-17.80
114,6,9,-14.40
114,6,10,9.06
114,6,11,-10.13
114,6,12,-15.89
114,6,13,2.81
114,6,14,6.38
114,6,15,-10.70
114,6,16,-17.19
114,6,17,-13.26
114,6,18,-25.16
114,6,19,12.20
114,6,20,-26.21
114,6,21,-18.92
114,6,22,13.80
114,6,23,-10.67
114,6,24,-12.92
114,6,25,3.78
114,6,26,2.52
114,6,27,-19.67
114,6,28,-1.57
114,6,29,-10.91
114,6,30,-16.45
114,6,31,3.09
114,6,32,8.95
114,6,33,-33.88
114,6,34,-9.50
114,6,35,-19.90
114,6,36,0.00
114,6,37,11.41
114,6,38,38.34
114,6,39,2.01
114,6,40,-6.71
114,6,41,2.60
115,0,0,-19.21
115,0,1,-11.47
115,0,2,17.12
115,0,3,6.15
115,0,4,5.21
115,0,5,-26.09
115,0,6,7.65
115,0,7,-26.94
115,0,8,-25.00
115,0,9,-9.68
115,0,10,-14.56
115,0,11,-17.29
115,0,12,-23.21
115,0,13,-14.06
115,0,14,-31.63
115,0,15,-20.13
115,0,16,-17.35
115,0,17,-21.82
115,0,18,-32.74
115,0,19,-16.63
115,0,20,-21.03
115,0,21,-8.43
115,0,22,-16.94
115,0,23,-40.22
115,0,24,-47.07
115,0,25,2.27
115,0,26,2.35
115,0,27,-15.99
115,0,28,2.85
115,0,29,-31.72
115,0,30,-29.97
115,0,31,6.83
115,0,32,-22.04
115,0,33,-15.58
115,0,34,-2.11
115,0,35,-15.57
115,0,36,-17.57
115,0,37,-23.40
115,0,38,-15.07
115,0,39,-10.51
115,0,40,-19.75
115,0,41,-5.44
115,1,0,-14.66
115,1,1,-19.14
115,1,2,-10.23
115,1,3,-10.71
115,1,4,-8.88
115,1,5,-8.47
115,1,6,31.60
115,1,7,3.68
115,1,8,-2.90
115,1,9,24.75
115,1,10,28.63
115,1,11,7.41
115,1,12,-15.35
115,1,13,-22.72
115,1,14,-23.61
115,1,15,-3.50
115,1,16,-21.12
115,1,17,-21.15
115,1,18,-8.20
115,1,19,40.99
115,1,20,-5.42
115,1,21,-28.99
115,1,22,22.32
115,1,23,-6.58
115,1,24,-22.40
115,1,25,5.65
115,1,26,-14.29
115,1,27,-27.88
115,1,28,2.25
115,1,29,-28.63
115,1,30,-4.40
115,1,31,-5.20
115,1,32,-10.80
115,1,33,-32.48
115,1,34,28.19
115,1,35,-18.66
115,1,36,-20.51
115,1,37,-12.22
115,1,38,3.66
115,1,39,-25.11
115,1,40,-29.63
115,1,41,-26.59
115,2,0,-20.59
115,2,1,-27.44
115,2,2,-20.75
115,2,3,-25.86
115,2,4,1.19
115,2,5,-6.87
115,2,6,2.87
115,2,7,-25.53
115,2,8,-32.31
115,2,9,-17.84
115,2,10,-2.87
115,2,11,-21.92
115,2,12,-7.09
115,2,13,-13.58
115,2,14,2.93
115,2,15,-3.90
115,2,16,-1.40
115,2,17,11.88
115,2,18,-20.30
115,2,19,5.91
115,2,20,-18.43
115,2,21,-11.17
115,2,22,-5.49
115,2,23,-43.86
115,2,24,-28.75
115,2,25,4.80
115,2,26,-2.56
115,2,27,-22.34
115,2,28,-4.21
115,2,29,-14.08
115,2,30,-36.85
115,2,31,-14.37
115,2,32,2.54
115,2,33,-16.14
115,2,34,-9.33
115,2,35,-38.98
115,2,36,-14.70
115,2,37,-45.15
115,2,38,-8.21
115,2,39,-15.69
115,2,40,-12.65
115,2,41,-11.46
115,3,0,-11.36
115,3,1,-10.11
115,3,2,-20.53
115,3,3,-19.39
115,3,4,9.75
115,3,5,-13.91
115,3,6,2.96
115,3,7,-23.33
115,3,8,-7.99
115,3,9,0.38
115,3,10,-12.09
115,3,11,-19.47
115,3,12,1.38
115,3,13,-3.26
115,3,14,-15.51
115,3,15,-6.97
115,3,16,-5.81
115,3,17,-9.52
115,3,18,29.62
115,3,19,6.63
115,3,20,1.49
115,3,21,8.49
115,3,22,38.58
115,3,23,-5.89
115,3,24,-10.31
115,3,25,15.68
115,3,26,-12.34
115,3,27,-7.78
115,3,28,2.37
115,3,29,-28.66
115,3,30,-20.45
115,3,31,1.51
115,3,32,-1.70
115,3,33,-27.56
115,3,34,-12.63
115,3,35,-27.51
115,3,36,-24.78
115,3,37,-26.38
115,3,38,-20.12
115,3,39,-14.81
115,3,40,-18.35
115,3,41,-27.52
115,4,0,-6.48
115,4,1,-11.69
115,4,2,-27.61
115,4,3,-20.67
115,4,4,33.10
115,4,5,2.45
115,4,6,-10.96
115,4,7,-32.95
115,4,8,-24.85
115,4,9,2.70
115,4,10,2.99
115,4,11,-26.02
115,4,12,-22.48
115,4,13,-35.99
115,4,14,-16.46
115,4,15,-27.84
115,4,16,-21.90
115,4,17,-16.63
115,4,18,-29.46
115,4,19,-7.02
115,4,20,-19.06
115,4,21,-21.25
115,4,22,9.10
115,4,23,7.99
115,4,24,9.81
115,4,25,41.69
115,4,26,15.92
115,4,27,-7.82
115,4,28,9.41
115,4,29,5.33
115,4,30,-24.55
115,4,31,-5.48
115,4,32,14.87
115,4,33,-25.56
115,4,34,-9.12
115,4,35,-16.99
115,4,36,-18.38
115,4,37,2.02
115,4,38,25.56
115,4,39,3.64
115,4,40,-24.15
115,4,41,-3.94
115,5,0,-24.92
115,5,1,-35.85
115,5,2,-19.26
115,5,3,-36.98
115,5,4,-7.30
115,5,5,-15.74
115,5,6,-12.26
115,5,7,-42.73
115,5,8,-25.44
115,5,9,17.61
115,5,10,-2.44
115,5,11,-28.51
115,5,12,-16.78
115,5,13,-14.11
115,5,14,-12.37
115,5,15,-30.61
115,5,16,-21.80
115,5,17,-32.31
115,5,18,-18.40
115,5,19,31.16
115,5,20,-18.75
115,5,21,-19.50
115,5,22,0.01
115,5,23,-13.25
115,5,24,-21.51
115,5,25,2.99
115,5,26,-5.44
115,5,27,-15.79
115,5,28,2.44
115,5,29,-21.85
115,5,30,-18.00
115,5,31,4.23
115,5,32,14.60
115,5,33,-4.76
115,5,34,12.43
115,5,35,-15.99
115,5,36,-28.86
115,5,37,-35.90
115,5,38,2.74
115,5,39,-40.18
115,5,40,-19.89
115,5,41,-13.15
115,6,0,-30.84
115,6,1,-21.62
115,6,2,-19.98
115,6,3,-15.25
115,6,4,1.04
115,6,5,-35.99
115,6,6,2.57
115,6,7,-31.16
115,6,8,-17.80
115,6,9,-14.40
115,6,10,9.06
115,6,11,-10.13
115,6,12,-15.89
115,6,13,2.81
115,6,14,6.38
115,6,15,-10.70
115,6,16,-17.19
115,6,17,-13.26
115,6,18,-25.16
115,6,19,12.20
115,6,20,-26.21
115,6,21,-18.92
115,6,22,13.80
115,6,23,-10.67
115,6,24,-12.92
115,6,25,3.78
115,6,26,2.52
115,6,27,-19.67
115,6,28,-1.57
115,6,29,-10.91
115,6,30,-16.45
115,6,31,3.09
115,6,32,8.95
115,6,33,-33.88
115,6,34,-9.50
115,6,35,-19.90
115,6,36,0.00
115,6,37,11.41
115,6,38,38.34
115,6,39,2.01
115,6,40,-6.71
115,6,41,2.60
116,0,0,-19.21
116,0,1,-11.47
116,0,2,17.12
116,0,3,6.15
116,0,4,5.21
116,0,5,-26.09
116,0,6,7.65
116,0,7,-26.94
116,0,8,-25.00
116,0,9,-9.68
116,0,10,-14.56
116,0,11,-17.29
116,0,12,-23.21
116,0,13,-14.06
116,0,14,-31.63
116,0,15,-20.13
116,0,16,-17.35
116,0,17,-21.82
116,0,18,-32.74
116,0,19,-16.63
116,0,20,-21.03
116,0,21,-8.43
116,0,22,-16.94
116,0,23,-40.22
116,0,24,-47.07
116,0,25,2.27
116,0,26,2.35
116,0,27,-15.99
116,0,28,2.85
116,0,29,-31.72
116,0,30,-29.97
116,0,31,6.83
116,0,32,-22.04
116,0,33,-15.58
116,0,34,-2.11
116,0,35,-15.57
116,0,36,-17.57
116,0,37,-23.40
116,0,38,-15.07
116,0,39,-10.51
116,0,40,-19.75
116,0,41,-5.44
116,1,0,-14.66
116,1,1,-19.14
116,1,2,-10.23
116,1,3,-10.71
116,1,4,-8.88
116,1,5,-8.47
116,1,6,31.60
116,1,7,3.68
116,1,8,-2.90
116,1,9,24.75
116,1,10,28.63
116,1,11,7.41
116,1,12,-15.35
116,1,13,-22.72
116,1,14,-23.61
116,1,15,-3.50
116,1,16,-21.12
116,1,17,-21.15
116,1,18,-8.20
116,1,19,40.99
116,1,20,-5.42
116,1,21,-28.99
116,1,22,22.32
116,1,23,-6.58
116,1,24,-22.40
116,1,25,5.65
116,1,26,-14.29
116,1,27,-27.88
116,1,28,2.25
116,1,29,-28.63
116,1,30,-4.40
116,1,31,-5.20
116,1,32,-10.80
116,1,33,-32.48
116,1,34,28.19
116,1,35,-18.66
116,1,36,-20.51
116,1,37,-12.22
116,1,38,3.66
116,1,39,-25.11
116,1,40,-29.63
116,1,41,-26.59
116,2,0,-20.59
116,2,1,-27.44
116,2,2,-20.75
116,2,3,-25.86
116,2,4,1.19
116,2,5,-6.87
116,2,6,2.87
116,2,7,-25.53
116,2,8,-32.31
116,2,9,-17.84
116,2,10,-2.87
116,2,11,-21.92
116,2,12,-7.09
116,2,13,-13.58
116,2,14,2.93
116,2,15,-3.90
116,2,16,-1.40
116,2,17,11.88
116,2,18,-20.30
116,2,19,5.91
116,2,20,-18.43
116,2,21,-11.17
116,2,22,-5.49
116,2,23,-43.86
116,2,24,-28.75
116,2,25,4.80
116,2,26,-2.56
116,2,27,-22.34
116,2,28,-4.21
116,2,29,-14.08
116,2,30,-36.85
116,2,31,-14.37
116,2,32,2.54
116,2,33,-16.14
116,2,34,-9.33
116,2,35,-38.98
116,2,36,-14.70
116,2,37,-45.15
116,2,38,-8.21
116,2,39,-15.69
116,2,40,-12.65
116,2,41,-11.46
116,3,0,-11.36
116,3,1,-10.11
116,3,2,-20.53
116,3,3,-19.39
116,3,4,9.75
116,3,5,-13.91
116,3,6,2.96
116,3,7,-23.33
116,3,8,-7.99
116,3,9,0.38
116,3,10,-12.09
116,3,11,-19.47
116,3,12,1.38
116,3,13,-3.26
116,3,14,-15.51
116,3,15,-6.97
116,3,16,-5.81
116,3,17,-9.52
116,3,18,29.62
116,3,19,6.63
116,3,20,1.49
116,3,21,8.49
116,3,22,38.58
116,3,23,-5.89
116,3,24,-10.31
116,3,25,15.68
116,3,26,-12.34
116,3,27,-7.78
116,3,28,2.37
116,3,29,-28.66
116,3,30,-20.45
116,3,31,1.51
116,3,32,-1.70
116,3,33,-27.56
116,3,34,-12.63
116,3,35,-27.51
116,3,36,-24.78
116,3,37,-26.38
116,3,38,-20.12
116,3,39,-14.81
116,3,40,-18.35
116,3,41,-27.52
116,4,0,-6.48
116,4,1,-11.69
116,4,2,-27.61
116,4,3,-20.67
116,4,4,33.10
116,4,5,2.45
116,4,6,-10.96
116,4,7,-32.95
116,4,8,-24.85
116,4,9,2.70
116,4,10,2.99
116,4,11,-26.02
116,4,12,-22.48
116,4,13,-35.99
116,4,14,-16.46
116,4,15,-27.84
116,4,16,-21.90
116,4,17,-16.63
116,4,18,-29.46
116,4,19,-7.02
116,4,20,-19.06
116,4,21,-21.25
116,4,22,9.10
116,4,23,7.99
116,4,24,9.81
116,4,25,41.69
116,4,26,15.92
116,4,27,-7.82
116,4,28,9.41
116,4,29,5.33
116,4,30,-24.55
116,4,31,-5.48
116,4,32,14.87
116,4,33,-25.56
116,4,34,-9.12
116,4,35,-16.99
116,4,36,-18.38
116,4,37,2.02
116,4,38,25.56
116,4,39,3.64
116,4,40,-24.15
116,4,41,-3.94
116,5,0,-24.92
116,5,1,-35.85
116,5,2,-19.26
116,5,3,-36.98
116,5,4,-7.30
116,5,5,-15.74
116,5,6,-12.26
116,5,7,-42.73
116,5,8,-25.44
116,5,9,17.61
116,5,10,-2.44
116,5,11,-28.51
116,5,12,-16.78
116,5,13,-14.11
116,5,14,-12.37
116,5,15,-30.61
116,5,16,-21.80
116,5,17,-32.31
116,5,18,-18.40
116,5,19,31.16
116,5,20,-18.75
116,5,21,-19.50
116,5,22,0.01
116,5,23,-13.25
116,5,24,-21.51
116,5,25,2.99
116,5,26,-5.44
116,5,27,-15.79
116,5,28,2.44
116,5,29,-21.85
116,5,30,-18.00
116,5,31,4.23
116,5,32,14.60
116,5,33,-4.76
116,5,34,12.43
116,5,35,-15.99
116,5,36,-28.86
116,5,37,-35.90
116,5,38,2.74
116,5,39,-40.18
116,5,40,-19.89
116,5,41,-13.15
116,6,0,-30.84
116,6,1,-21.62
116,6,2,-19.98
116,6,3,-15.25
116,6,4,1.04
116,6,5,-35.99
116,6,6,2.57
116,6,7,-31.16
116,6,8,-17.80
116,6,9,-14.40
116,6,10,9.06
116,6,11,-10.13
116,6,12,-15.89
116,6,13,2.81
116,6,14,6.38
116,6,15,-10.70
116,6,16,-17.19
116,6,17,-13.26
116,6,18,-25.16
116,6,19,12.20
116,6,20,-26.21
116,6,21,-18.92
116,6,22,13.80
116,6,23,-10.67
116,6,24,-12.92
116,6,25,3.78
116,6,26,2.52
116,6,27,-19.67
116,6,28,-1.57
116,6,29,-10.91
116,6,30,-16.45
116,6,31,3.09
116,6,32,8.95
116,6,33,-33.88
116,6,34,-9.50
116,6,35,-19.90
116,6,36,0.00
116,6,37,11.41
116,6,38,38.34
116,6,39,2.01
116,6,40,-6.71
116,6,41,2.60
117,0,0,-19.21
117,0,1,-11.47
117,0,2,17.12
117,0,3,6.15
117,0,4,5.21
117,0,5,-26.09
117,0,6,7.65
117,0,7,-26.94
117,0,8,-25.00
117,0,9,-9.68
117,0,10,-14.56
117,0,11,-17.29
117,0,12,-23.21
117,0,13,-14.06
117,0,14,-31.63
117,0,15,-20.13
117,0,16,-17.35
117,0,17,-21.82
117,0,18,-32.74
117,0,19,-16.63
117,0,20,-21.03
117,0,21,-8.43
117,0,22,-16.94
117,0,23,-40.22
117,0,24,-47.07
117,0,25,2.27
117,0,26,2.35
117,0,27,-15.99
117,0,28,2.85
117,0,29,-31.72
117,0,30,-29.97
117,0,31,6.83
117,0,32,-22.04
117,0,33,-15.58
117,0,34,-2.11
117,0,35,-15.57
117,0,36,-17.57
117,0,37,-23.40
117,0,38,-15.07
117,0,39,-10.51
117,0,40,-19.75
117,0,41,-5.44
117,1,0,-14.66
117,1,1,-19.14
117,1,2,-10.23
117,1,3,-10.71
117,1,4,-8.88
117,1,5,-8.47
117,1,6,31.60
117,1,7,3.68
117,1,8,-2.90
117,1,9,24.75
117,1,10,28.63
117,1,11,7.41
117,1,12,-15.35
117,1,13,-22.72
117,1,14,-23.61
117,1,15,-3.50
117,1,16,-21.12
117,1,17,-21.15
117,1,18,-8.20
117,1,19,40.99
117,1,20,-5.42
117,1,21,-28.99
117,1,22,22.32
117,1,23,-6.58
117,1,24,-22.40
117,1,25,5.65
117,1,26,-14.29
117,1,27,-27.88
117,1,28,2.25
117,1,29,-28.63
117,1,30,-4.40
117,1,31,-5.20
117,1,32,-10.80
117,1,33,-32.48
117,1,34,28.19
117,1,35,-18.66
117,1,36,-20.51
117,1,37,-12.22
117,1,38,3.66
117,1,39,-25.11
117,1,40,-29.63
117,1,41,-26.59
117,2,0,-20.59
117,2,1,-27.44
117,2,2,-20.75
117,2,3,-25.86
117,2,4,1.19
117,2,5,-6.87
117,2,6,2.87
117,2,7,-25.53
117,2,8,-32.31
117,2,9,-17.84
117,2,10,-2.87
117,2,11,-21.92
117,2,12,-7.09
117,2,13,-13.58
117,2,14,2.93
117,2,15,-3.90
117,2,16,-1.40
117,2,17,11.88
117,2,18,-20.30
117,2,19,5.91
117,2,20,-18.43
117,2,21,-11.17
117,2,22,-5.49
117,2,23,-43.86
117,2,24,-28.75
117,2,25,4.80
117,2,26,-2.56
117,2,27,-22.34
117,2,28,-4.21
117,2,29,-14.08
117,2,30,-36.85
117,2,31,-14.37
117,2,32,2.54
117,2,33,-16.14
117,2,34,-9.33
117,2,35,-38.98
117,2,36,-14.70
117,2,37,-45.15
117,2,38,-8.21
117,2,39,-15.69
117,2,40,-12.65
117,2,41,-11.46
117,3,0,-11.36
117,3,1,-10.11
117,3,2,-20.53
117,3,3,-19.39
117,3,4,9.75
117,3,5,-13.91
117,3,6,2.96
117,3,7,-23.33
117,3,8,-7.99
117,3,9,0.38
117,3,10,-12.09
117,3,11,-19.47
117,3,12,1.38
117,3,13,-3.26
117,3,14,-15.51
117,3,15,-6.97
117,3,16,-5.81
117,3,17,-9.52
117,3,18,29.62
117,3,19,6.63
117,3,20,1.49
117,3,21,8.49
117,3,22,38.58
117,3,23,-5.89
117,3,24,-10.31
117,3,25,15.68
117,3,26,-12.34
117,3,27,-7.78
117,3,28,2.37
117,3,29,-28.66
117,3,30,-20.45
117,3,31,1.51
117,3,32,-1.70
117,3,33,-27.56
117,3,34,-12.63
117,3,35,-27.51
117,3,36,-24.78
117,3,37,-26.38
117,3,38,-20.12
117,3,39,-14.81
117,3,40,-18.35
117,3,41,-27.52
117,4,0,-6.48
117,4,1,-11.69
117,4,2,-27.61
117,4,3,-20.67
117,4,4,33.10
117,4,5,2.45
117,4,6,-10.96
117,4,7,-32.95
117,4,8,-24.85
117,4,9,2.70
117,4,10,2.99
117,4,11,-26.02
117,4,12,-22.48
117,4,13,-35.99
117,4,14,-16.46
117,4,15,-27.84
117,4,16,-21.90
117,4,17,-16.63
117,4,18,-29.46
117,4,19,-7.02
117,4,20,-19.06
117,4,21,-21.25
117,4,22,9.10
117,4,23,7.99
117,4,24,9.81
117,4,25,41.69
117,4,26,15.92
117,4,27,-7.82
117,4,28,9.41
117,4,29,5.33
117,4,30,-24.55
117,4,31,-5.48
117,4,32,14.87
117,4,33,-25.56
117,4,34,-9.12
117,4,35,-16.99
117,4,36,-18.38
117,4,37,2.02
117,4,38,25.56
117,4,39,3.64
117,4,40,-24.15
117,4,41,-3.94
117,5,0,-24.92
117,5,1,-35.85
117,5,2,-19.26
117,5,3,-36.98
117,5,4,-7.30
117,5,5,-15.74
117,5,6,-12.26
117,5,7,-42.73
117,5,8,-25.44
117,5,9,17.61
117,5,10,-2.44
117,5,11,-28.51
117,5,12,-16.78
117,5,13,-14.11
117,5,14,-12.37
117,5,15,-30.61
117,5,16,-21.80
117,5,17,-32.31
117,5,18,-18.40
117,5,19,31.16
117,5,20,-18.75
117,5,21,-19.50
117,5,22,0.01
117,5,23,-13.25
117,5,24,-21.51
117,5,25,2.99
117,5,26,-5.44
117,5,27,-15.79
117,5,28,2.44
117,5,29,-21.85
117,5,30,-18.00
117,5,31,4.23
117,5,32,14.60
117,5,33,-4.76
117,5,34,12.43
117,5,35,-15.99
117,5,36,-28.86
117,5,37,-35.90
117,5,38,2.74
117,5,39,-40.18
117,5,40,-19.89
117,5,41,-13.15
117,6,0,-30.84
117,6,1,-21.62
117,6,2,-19.98
117,6,3,-15.25
117,6,4,1.04
117,6,5,-35.99
117,6,6,2.57
117,6,7,-31.16
117,6,8,-17.80
117,6,9,-14.40
117,6,10,9.06
117,6,11,-10.13
117,6,12,-15.89
117,6,13,2.81
117,6,14,6.38
117,6,15,-10.70
117,6,16,-17.19
117,6,17,-13.26
117,6,18,-25.16
117,6,19,12.20
117,6,20,-26.21
117,6,21,-18.92
117,6,22,13.80
117,6,23,-10.67
117,6,24,-12.92
117,6,25,3.78
117,6,26,2.52
117,6,27,-19.67
117,6,28,-1.57
117,6,29,-10.91
117,6,30,-16.45
117,6,31,3.09
117,6,32,8.95
117,6,33,-33.88
117,6,34,-9.50
117,6,35,-19.90
117,6,36,0.00
117,6,37,11.41
117,6,38,38.34
117,6,39,2.01
117,6,40,-6.71
117,6,41,2.60
118,0,0,-19.21
118,0,1,-11.47
118,0,2,17.12
118,0,3,6.15
118,0,4,5.21
118,0,5,-26.09
118,0,6,7.65
118,0,7,-26.94
118,0,8,-25.00
118,0,9,-9.68
118,0,10,-14.56
118,0,11,-17.29
118,0,12,-23.21
118,0,13,-14.06
118,0,14,-31.63
118,0,15,-20.13
118,0,16,-17.35
118,0,17,-21.82
118,0,18,-32.74
118,0,19,-16.63
118,0,20,-21.03
118,0,21,-8.43
118,0,22,-16.94
118,0,23,-40.22
118,0,24,-47.07
118,0,25,2.27
118,0,26,2.35
118,0,27,-15.99
118,0,28,2.85
118,0,29,-31.72
118,0,30,-29.97
118,0,31,6.83
118,0,32,-22.04
118,0,33,-15.58
118,0,34,-2.11
118,0,35,-15.57
118,0,36,-17.57
118,0,37,-23.40
118,0,38,-15.07
118,0,39,-10.51
118,0,40,-19.75
118,0,41,-5.44
118,1,0,-14.66
118,1,1,-19.14
118,1,2,-10.23
118,1,3,-10.71
118,1,4,-8.88
118,1,5,-8.47
118,1,6,31.60
118,1,7,3.68
118,1,8,-2.90
118,1,9,24.75
118,1,10,28.63
118,1,11,7.41
118,1,12,-15.35
118,1,13,-22.72
118,1,14,-23.61
118,1,15,-3.50
118,1,16,-21.12
118,1,17,-21.15
118,1,18,-8.20
118,1,19,40.99
118,1,20,-5.42
118,1,21,-28.99
118,1,22,22.32
118,1,23,-6.58
118,1,24,-22.40
118,1,25,5.65
118,1,26,-14.29
118,1,27,-27.88
118,1,28,2.25
118,1,29,-28.63
118,1,30,-4.40
118,1,31,-5.20
118,1,32,-10.80
118,1,33,-32.48
118,1,34,28.19
118,1,35,-18.66
118,1,36,-20.51
118,1,37,-12.22
118,1,38,3.66
118,1,39,-25.11
118,1,40,-29.63
118,1,41,-26.59
118,2,0,-20.59
118,2,1,-27.44
118,2,2,-20.75
118,2,3,-25.86
118,2,4,1.19
118,2,5,-6.87
118,2,6,2.87
118,2,7,-25.53
118,2,8,-32.31
118,2,9,-17.84
118,2,10,-2.87
118,2,11,-21.92
118,2,12,-7.09
118,2,13,-13.58
118,2,14,2.93
118,2,15,-3.90
118,2,16,-1.40
118,2,17,11.88
118,2,18,-20.30
118,2,19,5.91
118,2,20,-18.43
118,2,21,-11.17
118,2,22,-5.49
118,2,23,-43.86
118,2,24,-28.75
118,2,25,4.80
118,2,26,-2.56
118,2,27,-22.34
118,2,28,-4.21
118,2,29,-14.08
118,2,30,-36.85
118,2,31,-14.37
118,2,32,2.54
118,2,33,-16.14
118,2,34,-9.33
118,2,35,-38.98
118,2,36,-14.70
118,2,37,-45.15
118,2,38,-8.21
118,2,39,-15.69
118,2,40,-12.65
118,2,41,-11.46
118,3,0,-11.36
118,3,1,-10.11
118,3,2,-20.53
118,3,3,-19.39
118,3,4,9.75
118,3,5,-13.91
118,3,6,2.96
118,3,7,-23.33
118,3,8,-7.99
118,3,9,0.38
118,3,10,-12.09
118,3,11,-19.47
118,3,12,1.38
118,3,13,-3.26
118,3,14,-15.51
118,3,15,-6.97
118,3,16,-5.81
118,3,17,-9.52
118,3,18,29.62
118,3,19,6.63
118,3,20,1.49
118,3,21,8.49
118,3,22,38.58
118,3,23,-5.89
118,3,24,-10.31
118,3,25,15.68
118,3,26,-12.34
118,3,27,-7.78
118,3,28,2.37
118,3,29,-28.66
118,3,30,-20.45
118,3,31,1.51
118,3,32,-1.70
118,3,33,-27.56
118,3,34,-12.63
118,3,35,-27.51
118,3,36,-24.78
118,3,37,-26.38
118,3,38,-20.12
118,3,39,-14.81
118,3,40,-18.35
118,3,41,-27.52
118,4,0,-6.48
118,4,1,-11.69
118,4,2,-27.61
118,4,3,-20.67
118,4,4,33.10
118,4,5,2.45
118,4,6,-10.96
118,4,7,-32.95
118,4,8,-24.85
118,4,9,2.70
118,4,10,2.99
118,4,11,-26.02
118,4,12,-22.48
118,4,13,-35.99
118,4,14,-16.46
118,4,15,-27.84
118,4,16,-21.90
118,4,17,-16.63
118,4,18,-29.46
118,4,19,-7.02
118,4,20,-19.06
118,4,21,-21.25
118,4,22,9.10
118,4,23,7.99
118,4,24,9.81
118,4,25,41.69
118,4,26,15.92
118,4,27,-7.82
118,4,28,9.41
118,4,29,5.33
118,4,30,-24.55
118,4,31,-5.48
118,4,32,14.87
118,4,33,-25.56
118,4,34,-9.12
118,4,35,-16.99
118,4,36,-18.38
118,4,37,2.02
118,4,38,25.56
118,4,39,3.64
118,4,40,-24.15
118,4,41,-3.94
118,5,0,-24.92
118,5,1,-35.85
118,5,2,-19.26
118,5,3,-36.98
118,5,4,-7.30
118,5,5,-15.74
118,5,6,-12.26
118,5,7,-42.73
118,5,8,-25.44
118,5,9,17.61
118,5,10,-2.44
118,5,11,-28.51
118,5,12,-16.78
118,5,13,-14.11
118,5,14,-12.37
118,5,15,-30.61
118,5,16,-21.80
118,5,17,-32.31
118,5,18,-18.40
118,5,19,31.16
118,5,20,-18.75
118,5,21,-19.50
118,5,22,0.01
118,5,23,-13.25
118,5,24,-21.51
118,5,25,2.99
118,5,26,-5.44
118,5,27,-15.79
118,5,28,2.44
118,5,29,-21.85
118,5,30,-18.00
118,5,31,4.23
118,5,32,14.60
118,5,33,-4.76
118,5,34,12.43
118,5,35,-15.99
118,5,36,-28.86
118,5,37,-35.90
118,5,38,2.74
118,5,39,-40.18
118,5,40,-19.89
118,5,41,-13.15
118,6,0,-30.84
118,6,1,-21.62
118,6,2,-19.98
118,6,3,-15.25
118,6,4,1.04
118,6,5,-35.99
118,6,6,2.57
118,6,7,-31.16
118,6,8,-17.80
118,6,9,-14.40
118,6,10,9.06
118,6,11,-10.13
118,6,12,-15.89
118,6,13,2.81
118,6,14,6.38
118,6,15,-10.70
118,6,16,-17.19
118,6,17,-13.26
118,6,18,-25.16
118,6,19,12.20
118,6,20,-26.21
118,6,21,-18.92
118,6,22,13.80
118,6,23,-10.67
118,6,24,-12.92
118,6,25,3.78
118,6,26,2.52
118,6,27,-19.67
118,6,28,-1.57
118,6,29,-10.91
118,6,30,-16.45
118,6,31,3.09
118,6,32,8.95
118,6,33,-33.88
118,6,34,-9.50
118,6,35,-19.90
118,6,36,0.00
118,6,37,11.41
118,6,38,38.34
118,6,39,2.01
118,6,40,-6.71
118,6,41,2.60
119,0,0,-19.21
119,0,1,-11.47
119,0,2,17.12
119,0,3,6.15
119,0,4,5.21
119,0,5,-26.09
119,0,6,7.65
119,0,7,-26.94
119,0,8,-25.00
119,0,9,-9.68
119,0,10,-14.56
119,0,11,-17.29
119,0,12,-23.21
119,0,13,-14.06
119,0,14,-31.63
119,0,15,-20.13
119,0,16,-17.35
119,0,17,-21.82
119,0,18,-32.74
119,0,19,-16.63
119,0,20,-21.03
119,0,21,-8.43
119,0,22,-16.94
119,0,23,-40.22
119,0,24,-47.07
119,0,25,2.27
119,0,26,2.35
119,0,27,-15.99
119,0,28,2.85
119,0,29,-31.72
119,0,30,-29.97
119,0,31,6.83
119,0,32,-22.04
119,0,33,-15.58
119,0,34,-2.11
119,0,35,-15.57
119,0,36,-17.57
119,0,37,-23.40
119,0,38,-15.07
119,0,39,-10.51
119,0,40,-19.75
119,0,41,-5.44
119,1,0,-14.66
119,1,1,-19.14
119,1,2,-10.23
119,1,3,-10.71
119,1,4,-8.88
119,1,5,-8.47
119,1,6,31.60
119,1,7,3.68
119,1,8,-2.90
119,1,9,24.75
119,1,10,28.63
119,1,11,7.41
119,1,12,-15.35
119,1,13,-22.72
119,1,14,-23.61
119,1,15,-3.50
119,1,16,-21.12
119,1,17,-21.15
119,1,18,-8.20
119,1,19,40.99
119,1,20,-5.42
119,1,21,-28.99
119,1,22,22.32
119,1,23,-6.58
119,1,24,-22.40
119,1,25,5.65
119,1,26,-14.29
119,1,27,-27.88
119,1,28,2.25
119,1,29,-28.63
119,1,30,-4.40
119,1,31,-5.20
119,1,32,-10.80
119,1,33,-32.48
119,1,34,28.19
119,1,35,-18.66
119,1,36,-20.51
119,1,37,-12.22
119,1,38,3.66
119,1,39,-25.11
119,1,40,-29.63
119,1,41,-26.59
119,2,0,-20.59
119,2,1,-27.44
119,2,2,-20.75
119,2,3,-25.86
119,2,4,1.19
119,2,5,-6.87
119,2,6,2.87
119,2,7,-25.53
119,2,8,-32.31
119,2,9,-17.84
119,2,10,-2.87
119,2,11,-21.92
119,2,12,-7.09
119,2,13,-13.58
119,2,14,2.93
119,2,15,-3.90
119,2,16,-1.40
119,2,17,11.88
119,2,18,-20.30
119,2,19,5.91
119,2,20,-18.43
119,2,21,-11.17
119,2,22,-5.49
119,2,23,-43.86
119,2,24,-28.75
119,2,25,4.80
119,2,26,-2.56
119,2,27,-22.34
119,2,28,-4.21
119,2,29,-14.08
119,2,30,-36.85
119,2,31,-14.37
119,2,32,2.54
119,2,33,-16.14
119,2,34,-9.33
119,2,35,-38.98
119,2,36,-14.70
119,2,37,-45.15
119,2,38,-8.21
119,2,39,-15.69
119,2,40,-12.65
119,2,41,-11.46
119,3,0,-11.36
119,3,1,-10.11
119,3,2,-20.53
119,3,3,-19.39
119,3,4,9.75
119,3,5,-13.91
119,3,6,2.96
119,3,7,-23.33
119,3,8,-7.99
119,3,9,0.38
119,3,10,-12.09
119,3,11,-19.47
119,3,12,1.38
119,3,13,-3.26
119,3,14,-15.51
119,3,15,-6.97
119,3,16,-5.81
119,3,17,-9.52
119,3,18,29.62
119,3,19,6.63
119,3,20,1.49
119,3,21,8.49
119,3,22,38.58
119,3,23,-5.89
119,3,24,-10.31
119,3,25,15.68
119,3,26,-12.34
119,3,27,-7.78
119,3,28,2.37
119,3,29,-28.66
119,3,30,-20.45
119,3,31,1.51
119,3,32,-1.70
119,3,33,-27.56
119,3,34,-12.63
119,3,35,-27.51
119,3,36,-24.78
119,3,37,-26.38
119,3,38,-20.12
119,3,39,-14.81
119,3,40,-18.35
119,3,41,-27.52
119,4,0,-6.48
119,4,1,-11.69
119,4,2,-27.61
119,4,3,-20.67
119,4,4,33.10
119,4,5,2.45
119,4,6,-10.96
119,4,7,-32.95
119,4,8,-24.85
119,4,9,2.70
119,4,10,2.99
119,4,11,-26.02
119,4,12,-22.48
119,4,13,-35.99
119,4,14,-16.46
119,4,15,-27.84
119,4,16,-21.90
119,4,17,-16.63
119,4,18,-29.46
119,4,19,-7.02
119,4,20,-19.06
119,4,21,-21.25
119,4,22,9.10
119,4,23,7.99
119,4,24,9.81
119,4,25,41.69
119,4,26,15.92
119,4,27,-7.82
119,4,28,9.41
119,4,29,5.33
119,4,30,-24.55
119,4,31,-5.48
119,4,32,14.87
119,4,33,-25.56
119,4,34,-9.12
119,4,35,-16.99
119,4,36,-18.38
119,4,37,2.02
119,4,38,25.56
119,4,39,3.64
119,4,40,-24.15
119,4,41,-3.94
119,5,0,-24.92
119,5,1,-35.85
119,5,2,-19.26
119,5,3,-36.98
119,5,4,-7.30
119,5,5,-15.74
119,5,6,-12.26
119,5,7,-42.73
119,5,8,-25.44
119,5,9,17.61
119,5,10,-2.44
119,5,11,-28.51
119,5,12,-16.78
119,5,13,-14.11
119,5,14,-12.37
119,5,15,-30.61
119,5,16,-21.80
119,5,17,-32.31
119,5,18,-18.40
119,5,19,31.16
119,5,20,-18.75
119,5,21,-19.50
119,5,22,0.01
119,5,23,-13.25
119,5,24,-21.51
119,5,25,2.99
119,5,26,-5.44
119,5,27,-15.79
119,5,28,2.44
119,5,29,-21.85
119,5,30,-18.00
119,5,31,4.23
119,5,32,14.60
119,5,33,-4.76
119,5,34,12.43
119,5,35,-15.99
119,5,36,-28.86
119,5,37,-35.90
119,5,38,2.74
119,5,39,-40.18
119,5,40,-19.89
119,5,41,-13.15
119,6,0,-30.84
119,6,1,-21.62
119,6,2,-19.98
119,6,3,-15.25
119,6,4,1.04
119,6,5,-35.99
119,6,6,2.57
119,6,7,-31.16
119,6,8,-17.80
119,6,9,-14.40
119,6,10,9.06
119,6,11,-10.13
119,6,12,-15.89
119,6,13,2.81
119,6,14,6.38
119,6,15,-10.70
119,6,16,-17.19
119,6,17,-13.26
119,6,18,-25.16
119,6,19,12.20
119,6,20,-26.21
119,6,21,-18.92
119,6,22,13.80
119,6,23,-10.67
119,6,24,-12.92
119,6,25,3.78
119,6,26,2.52
119,6,27,-19.67
119,6,28,-1.57
119,6,29,-10.91
119,6,30,-16.45
119,6,31,3.09
119,6,32,8.95
119,6,33,-33.88
119,6,34,-9.50
119,6,35,-19.90
119,6,36,0.00
119,6,37,11.41
119,6,38,38.34
119,6,39,2.01
119,6,40,-6.71
119,6,41,2.60
120,0,0,-19.21
120,0,1,-11.47
120,0,2,17.12
120,0,3,6.15
120,0,4,5.21
120,0,5,-26.09
120,0,6,7.65
120,0,7,-26.94
120,0,8,-25.00
120,0,9,-9.68
120,0,10,-14.56
120,0,11,-17.29
120,0,12,-23.21
120,0,13,-14.06
120,0,14,-31.63
120,0,15,-20.13
120,0,16,-17.35
120,0,17,-21.82
120,0,18,-32.74
120,0,19,-16.63
120,0,20,-21.03
120,0,21,-8.43
120,0,22,-16.94
120,0,23,-40.22
120,0,24,-47.07
120,0,25,2.27
120,0,26,2.35
120,0,27,-15.99
120,0,28,2.85
120,0,29,-31.72
120,0,30,-29.97
120,0,31,6.83
120,0,32,-22.04
120,0,33,-15.58
120,0,34,-2.11
120,0,35,-15.57
120,0,36,-17.57
120,0,37,-23.40
120,0,38,-15.07
120,0,39,-10.51
120,0,40,-19.75
120,0,41,-5.44
120,1,0,-14.66
120,1,1,-19.14
120,1,2,-10.23
120,1,3,-10.71
120,1,4,-8.88
120,1,5,-8.47
120,1,6,31.60
120,1,7,3.68
120,1,8,-2.90
120,1,9,24.75
120,1,10,28.63
120,1,11,7.41
120,1,12,-15.35
120,1,13,-22.72
120,1,14,-23.61
120,1,15,-3.50
120,1,16,-21.12
120,1,17,-21.15
120,1,18,-8.20
120,1,19,40.99
120,1,20,-5.42
120,1,21,-28.99
120,1,22,22.32
120,1,23,-6.58
120,1,24,-22.40
120,1,25,5.65
120,1,26,-14.29
120,1,27,-27.88
120,1,28,2.25
120,1,29,-28.63
120,1,30,-4.40
120,1,31,-5.20
120,1,32,-10.80
120,1,33,-32.48
120,1,34,28.19
120,1,35,-18.66
120,1,36,-20.51
120,1,37,-12.22
120,1,38,3.66
120,1,39,-25.11
120,1,40,-29.63
120,1,41,-26.59
120,2,0,-20.59
120,2,1,-27.44
120,2,2,-20.75
120,2,3,-25.86
120,2,4,1.19
120,2,5,-6.87
120,2,6,2.87
120,2,7,-25.53
120,2,8,-32.31
120,2,9,-17.84
120,2,10,-2.87
120,2,11,-21.92
120,2,12,-7.09
120,2,13,-13.58
120,2,14,2.93
120,2,15,-3.90
120,2,16,-1.40
120,2,17,11.88
120,2,18,-20.30
120,2,19,5.91
120,2,20,-18.43
120,2,21,-11.17
120,2,22,-5.49
120,2,23,-43.86
120,2,24,-28.75
120,2,25,4.80
120,2,26,-2.56
120,2,27,-22.34
120,2,28,-4.21
120,2,29,-14.08
120,2,30,-36.85
120,2,31,-14.37
120,2,32,2.54
120,2,33,-16.14
120,2,34,-9.33
120,2,35,-38.98
120,2,36,-14.70
120,2,37,-45.15
120,2,38,-8.21
120,2,39,-15.69
120,2,40,-12.65
120,2,41,-11.46
120,3,0,-11.36
120,3,1,-10.11
120,3,2,-20.53
120,3,3,-19.39
120,3,4,9.75
120,3,5,-13.91
120,3,6,2.96
120,3,7,-23.33
120,3,8,-7.99
120,3,9,0.38
120,3,10,-12.09
120,3,11,-19.47
120,3,12,1.38
120,3,13,-3.26
120,3,14,-15.51
120,3,15,-6.97
120,3,16,-5.81
120,3,17,-9.52
120,3,18,29.62
120,3,19,6.63
120,3,20,1.49
120,3,21,8.49
120,3,22,38.58
120,3,23,-5.89
120,3,24,-10.31
120,3,25,15.68
120,3,26,-12.34
120,3,27,-7.78
120,3,28,2.37
120,3,29,-28.66
120,3,30,-20.45
120,3,31,1.51
120,3,32,-1.70
120,3,33,-27.56
120,3,34,-12.63
120,3,35,-27.51
120,3,36,-24.78
120,3,37,-26.38
120,3,38,-20.12
120,3,39,-14.81
120,3,40,-18.35
120,3,41,-27.52
120,4,0,-6.48
120,4,1,-11.69
120,4,2,-27.61
120,4,3,-20.67
120,4,4,33.10
120,4,5,2.45
120,4,6,-10.96
120,4,7,-32.95
120,4,8,-24.85
120,4,9,2.70
120,4,10,2.99
120,4,11,-26.02
120,4,12,-22.48
120,4,13,-35.99
120,4,14,-16.46
120,4,15,-27.84
120,4,16,-21.90
120,4,17,-16.63
120,4,18,-29.46
120,4,19,-7.02
120,4,20,-19.06
120,4,21,-21.25
120,4,22,9.10
120,4,23,7.99
120,4,24,9.81
120,4,25,41.69
120,4,26,15.92
120,4,27,-7.82
120,4,28,9.41
120,4,29,5.33
120,4,30,-24.55
120,4,31,-5.48
120,4,32,14.87
120,4,33,-25.56
120,4,34,-9.12
120,4,35,-16.99
120,4,36,-18.38
120,4,37,2.02
120,4,38,25.56
120,4,39,3.64
120,4,40,-24.15
120,4,41,-3.94
120,5,0,-24.92
120,5,1,-35.85
120,5,2,-19.26
120,5,3,-36.98
120,5,4,-7.30
120,5,5,-15.74
120,5,6,-12.26
120,5,7,-42.73
120,5,8,-25.44
120,5,9,17.61
120,5,10,-2.44
120,5,11,-28.51
120,5,12,-16.78
120,5,13,-14.11
120,5,14,-12.37
120,5,15,-30.61
120,5,16,-21.80
120,5,17,-32.31
120,5,18,-18.40
120,5,19,31.16
120,5,20,-18.75
120,5,21,-19.50
120,5,22,0.01
120,5,23,-13.25
120,5,24,-21.51
120,5,25,2.99
120,5,26,-5.44
120,5,27,-15.79
120,5,28,2.44
120,5,29,-21.85
120,5,30,-18.00
120,5,31,4.23
120,5,32,14.60
120,5,33,-4.76
120,5,34,12.43
120,5,35,-15.99
120,5,36,-28.86
120,5,37,-35.90
120,5,38,2.74
120,5,39,-40.18
120,5,40,-19.89
120,5,41,-13.15
120,6,0,-30.84
120,6,1,-21.62
120,6,2,-19.98
120,6,3,-15.25
120,6,4,1.04
120,6,5,-35.99
120,6,6,2.57
120,6,7,-31.16
120,6,8,-17.80
120,6,9,-14.40
120,6,10,9.06
120,6,11,-10.13
120,6,12,-15.89
120,6,13,2.81
120,6,14,6.38
120,6,15,-10.70
120,6,16,-17.19
120,6,17,-13.26
120,6,18,-25.16
120,6,19,12.20
120,6,20,-26.21
120,6,21,-18.92
120,6,22,13.80
120,6,23,-10.67
120,6,24,-12.92
120,6,25,3.78
120,6,26,2.52
120,6,27,-19.67
120,6,28,-1.57
120,6,29,-10.91
120,6,30,-16.45
120,6,31,3.09
120,6,32,8.95
120,6,33,-33.88
120,6,34,-9.50
120,6,35,-19.90
120,6,36,0.00
120,6,37,11.41
120,6,38,38.34
120,6,39,2.01
120,6,40,-6.71
120,6,41,2.60
121,0,0,-19.21
121,0,1,-11.47
121,0,2,17.12
121,0,3,6.15
121,0,4,5.21
121,0,5,-26.09
121,0,6,7.65
121,0,7,-26.94
121,0,8,-25.00
121,0,9,-9.68
121,0,10,-14.56
121,0,11,-17.29
121,0,12,-23.21
121,0,13,-14.06
121,0,14,-31.63
121,0,15,-20.13
121,0,16,-17.35
121,0,17,-21.82
121,0,18,-32.74
121,0,19,-16.63
121,0,20,-21.03
121,0,21,-8.43
121,0,22,-16.94
121,0,23,-40.22
121,0,24,-47.07
121,0,25,2.27
121,0,26,2.35
121,0,27,-15.99
121,0,28,2.85
121,0,29,-31.72
121,0,30,-29.97
121,0,31,6.83
121,0,32,-22.04
121,0,33,-15.58
121,0,34,-2.11
121,0,35,-15.57
121,0,36,-17.57
121,0,37,-23.40
121,0,38,-15.07
121,0,39,-10.51
121,0,40,-19.75
121,0,41,-5.44
121,1,0,-14.66
121,1,1,-19.14
121,1,2,-10.23
121,1,3,-10.71
121,1,4,-8.88
121,1,5,-8.47
121,1,6,31.60
121,1,7,3.68
121,1,8,-2.90
121,1,9,24.75
121,1,10,28.63
121,1,11,7.41
121,1,12,-15.35
121,1,13,-22.72
121,1,14,-23.61
121,1,15,-3.50
121,1,16,-21.12
121,1,17,-21.15
121,1,18,-8.20
121,1,19,40.99
121,1,20,-5.42
121,1,21,-28.99
121,1,22,22.32
121,1,23,-6.58
121,1,24,-22.40
121,1,25,5.65
121,1,26,-14.29
121,1,27,-27.88
121,1,28,2.25
121,1,29,-28.63
121,1,30,-4.40
121,1,31,-5.20
121,1,32,-10.80
121,1,33,-32.48
121,1,34,28.19
121,1,35,-18.66
121,1,36,-20.51
121,1,37,-12.22
121,1,38,3.66
121,1,39,-25.11
121,1,40,-29.63
121,1,41,-26.59
121,2,0,-20.59
121,2,1,-27.44
121,2,2,-20.75
121,2,3,-25.86
121,2,4,1.19
121,2,5,-6.87
121,2,6,2.87
121,2,7,-25.53
121,2,8,-32.31
121,2,9,-17.84
121,2,10,-2.87
121,2,11,-21.92
121,2,12,-7.09
121,2,13,-13.58
121,2,14,2.93
121,2,15,-3.90
121,2,16,-1.40
121,2,17,11.88
121,2,18,-20.30
121,2,19,5.91
121,2,20,-18.43
121,2,21,-11.17
121,2,22,-5.49
121,2,23,-43.86
121,2,24,-28.75
121,2,25,4.80
121,2,26,-2.56
121,2,27,-22.34
121,2,28,-4.21
121,2,29,-14.08
121,2,30,-36.85
121,2,31,-14.37
121,2,32,2.54
121,2,33,-16.14
121,2,34,-9.33
121,2,35,-38.98
121,2,36,-14.70
121,2,37,-45.15
121,2,38,-8.21
121,2,39,-15.69
121,2,40,-12.65
121,2,41,-11.46
121,3,0,-11.36
121,3,1,-10.11
121,3,2,-20.53
121,3,3,-19.39
121,3,4,9.75
121,3,5,-13.91
121,3,6,2.96
121,3,7,-23.33
121,3,8,-7.99
121,3,9,0.38
121,3,10,-12.09
121,3,11,-19.47
121,3,12,1.38
121,3,13,-3.26
121,3,14,-15.51
121,3,15,-6.97
121,3,16,-5.81
121,3,17,-9.52
121,3,18,29.62
121,3,19,6.63
121,3,20,1.49
121,3,21,8.49
121,3,22,38.58
121,3,23,-5.89
121,3,24,-10.31
121,3,25,15.68
121,3,26,-12.34
121,3,27,-7.78
121,3,28,2.37
121,3,29,-28.66
121,3,30,-20.45
121,3,31,1.51
121,3,32,-1.70
121,3,33,-27.56
121,3,34,-12.63
121,3,35,-27.51
121,3,36,-24.78
121,3,37,-26.38
121,3,38,-20.12
121,3,39,-14.81
121,3,40,-18.35
121,3,41,-27.52
121,4,0,-6.48
121,4,1,-11.69
121,4,2,-27.61
121,4,3,-20.67
121,4,4,33.10
121,4,5,2.45
121,4,6,-10.96
121,4,7,-32.95
121,4,8,-24.85
121,4,9,2.70
121,4,10,2.99
121,4,11,-26.02
121,4,12,-22.48
121,4,13,-35.99
121,4,14,-16.46
121,4,15,-27.84
121,4,16,-21.90
121,4,17,-16.63
121,4,18,-29.46
121,4,19,-7.02
121,4,20,-19.06
121,4,21,-21.25
121,4,22,9.10
121,4,23,7.99
121,4,24,9.81
121,4,25,41.69
121,4,26,15.92
121,4,27,-7.82
121,4,28,9.41
121,4,29,5.33
121,4,30,-24.55
121,4,31,-5.48
121,4,32,14.87
121,4,33,-25.56
121,4,34,-9.12
121,4,35,-16.99
121,4,36,-18.38
121,4,37,2.02
121,4,38,25.56
121,4,39,3.64
121,4,40,-24.15
121,4,41,-3.94
121,5,0,-24.92
121,5,1,-35.85
121,5,2,-19.26
121,5,3,-36.98
121,5,4,-7.30
121,5,5,-15.74
121,5,6,-12.26
121,5,7,-42.73
121,5,8,-25.44
121,5,9,17.61
121,5,10,-2.44
121,5,11,-28.51
121,5,12,-16.78
121,5,13,-14.11
121,5,14,-12.37
121,5,15,-30.61
121,5,16,-21.80
121,5,17,-32.31
121,5,18,-18.40
121,5,19,31.16
121,5,20,-18.75
121,5,21,-19.50
121,5,22,0.01
121,5,23,-13.25
121,5,24,-21.51
121,5,25,2.99
121,5,26,-5.44
121,5,27,-15.79
121,5,28,2.44
121,5,29,-21.85
121,5,30,-18.00
121,5,31,4.23
121,5,32,14.60
121,5,33,-4.76
121,5,34,12.43
121,5,35,-15.99
121,5,36,-28.86
121,5,37,-35.90
121,5,38,2.74
121,5,39,-40.18
121,5,40,-19.89
121,5,41,-13.15
121,6,0,-30.84
121,6,1,-21.62
121,6,2,-19.98
121,6,3,-15.25
121,6,4,1.04
121,6,5,-35.99
121,6,6,2.57
121,6,7,-31.16
121,6,8,-17.80
121,6,9,-14.40
121,6,10,9.06
121,6,11,-10.13
121,6,12,-15.89
121,6,13,2.81
121,6,14,6.38
121,6,15,-10.70
121,6,16,-17.19
121,6,17,-13.26
121,6,18,-25.16
121,6,19,12.20
121,6,20,-26.21
121,6,21,-18.92
121,6,22,13.80
121,6,23,-10.67
121,6,24,-12.92
121,6,25,3.78
121,6,26,2.52
121,6,27,-19.67
121,6,28,-1.57
121,6,29,-10.91
121,6,30,-16.45
121,6,31,3.09
121,6,32,8.95
121,6,33,-33.88
121,6,34,-9.50
121,6,35,-19.90
121,6,36,0.00
121,6,37,11.41
121,6,38,38.34
121,6,39,2.01
121,6,40,-6.71
121,6,41,2.60
122,0,0,-19.21
122,0,1,-11.47
122,0,2,17.12
122,0,3,6.15
122,0,4,5.21
122,0,5,-26.09
122,0,6,7.65
122,0,7,-26.94
122,0,8,-25.00
122,0,9,-9.68
122,0,10,-14.56
122,0,11,-17.29
122,0,12,-23.21
122,0,13,-14.06
122,0,14,-31.63
122,0,15,-20.13
122,0,16,-17.35
122,0,17,-21.82
122,0,18,-32.74
122,0,19,-16.63
122,0,20,-21.03
122,0,21,-8.43
122,0,22,-16.94
122,0,23,-40.22
122,0,24,-47.07
122,0,25,2.27
122,0,26,2.35
122,0,27,-15.99
122,0,28,2.85
122,0,29,-31.72
122,0,30,-29.97
122,0,31,6.83
122,0,32,-22.04
122,0,33,-15.58
122,0,34,-2.11
122,0,35,-15.57
122,0,36,-17.57
122,0,37,-23.40
122,0,38,-15.07
122,0,39,-10.51
122,0,40,-19.75
122,0,41,-5.44
122,1,0,-14.66
122,1,1,-19.14
122,1,2,-10.23
122,1,3,-10.71
122,1,4,-8.88
122,1,5,-8.47
122,1,6,31.60
122,1,7,3.68
122,1,8,-2.90
122,1,9,24.75
122,1,10,28.63
122,1,11,7.41
122,1,12,-15.35
122,1,13,-22.72
122,1,14,-23.61
122,1,15,-3.50
122,1,16,-21.12
122,1,17,-21.15
122,1,18,-8.20
122,1,19,40.99
122,1,20,-5.42
122,1,21,-28.99
122,1,22,22.32
122,1,23,-6.58
122,1,24,-22.40
122,1,25,5.65
122,1,26,-14.29
122,1,27,-27.88
122,1,28,2.25
122,1,29,-28.63
122,1,30,-4.40
122,1,31,-5.20
122,1,32,-10.80
122,1,33,-32.48
122,1,34,28.19
122,1,35,-18.66
122,1,36,-20.51
122,1,37,-12.22
122,1,38,3.66
122,1,39,-25.11
122,1,40,-29.63
122,1,41,-26.59
122,2,0,-20.59
122,2,1,-27.44
122,2,2,-20.75
122,2,3,-25.86
122,2,4,1.19
122,2,5,-6.87
122,2,6,2.87
122,2,7,-25.53
122,2,8,-32.31
122,2,9,-17.84
122,2,10,-2.87
122,2,11,-21.92
122,2,12,-7.09
122,2,13,-13.58
122,2,14,2.93
122,2,15,-3.90
122,2,16,-1.40
122,2,17,11.88
122,2,18,-20.30
122,2,19,5.91
122,2,20,-18.43
122,2,21,-11.17
122,2,22,-5.49
122,2,23,-43.86
122,2,24,-28.75
122,2,25,4.80
122,2,26,-2.56
122,2,27,-22.34
122,2,28,-4.21
122,2,29,-14.08
122,2,30,-36.85
122,2,31,-14.37
122,2,32,2.54
122,2,33,-16.14
122,2,34,-9.33
122,2,35,-38.98
122,2,36,-14.70
122,2,37,-45.15
122,2,38,-8.21
122,2,39,-15.69
122,2,40,-12.65
122,2,41,-11.46
122,3,0,-11.36
122,3,1,-10.11
122,3,2,-20.53
122,3,3,-19.39
122,3,4,9.75
122,3,5,-13.91
122,3,6,2.96
122,3,7,-23.33
122,3,8,-7.99
122,3,9,0.38
122,3,10,-12.09
122,3,11,-19.47
122,3,12,1.38
122,3,13,-3.26
122,3,14,-15.51
122,3,15,-6.97
122,3,16,-5.81
122,3,17,-9.52
122,3,18,29.62
122,3,19,6.63
122,3,20,1.49
122,3,21,8.49
122,3,22,38.58
122,3,23,-5.89
122,3,24,-10.31
122,3,25,15.68
122,3,26,-12.34
122,3,27,-7.78
122,3,28,2.37
122,3,29,-28.66
122,3,30,-20.45
122,3,31,1.51
122,3,32,-1.70
122,3,33,-27.56
122,3,34,-12.63
122,3,35,-27.51
122,3,36,-24.78
122,3,37,-26.38
122,3,38,-20.12
122,3,39,-14.81
122,3,40,-18.35
122,3,41,-27.52
122,4,0,-6.48
122,4,1,-11.69
122,4,2,-27.61
122,4,3,-20.67
122,4,4,33.10
122,4,5,2.45
122,4,6,-10.96
122,4,7,-32.95
122,4,8,-24.85
122,4,9,2.70
122,4,10,2.99
122,4,11,-26.02
122,4,12,-22.48
122,4,13,-35.99
122,4,14,-16.46
122,4,15,-27.84
122,4,16,-21.90
122,4,17,-16.63
122,4,18,-29.46
122,4,19,-7.02
122,4,20,-19.06
122,4,21,-21.25
122,4,22,9.10
122,4,23,7.99
122,4,24,9.81
122,4,25,41.69
122,4,26,15.92
122,4,27,-7.82
122,4,28,9.41
122,4,29,5.33
122,4,30,-24.55
122,4,31,-5.48
122,4,32,14.87
122,4,33,-25.56
122,4,34,-9.12
122,4,35,-16.99
122,4,36,-18.38
122,4,37,2.02
122,4,38,25.56
122,4,39,3.64
122,4,40,-24.15
122,4,41,-3.94
122,5,0,-24.92
122,5,1,-35.85
122,5,2,-19.26
122,5,3,-36.98
122,5,4,-7.30
122,5,5,-15.74
122,5,6,-12.26
122,5,7,-42.73
122,5,8,-25.44
122,5,9,17.61
122,5,10,-2.44
122,5,11,-28.51
122,5,12,-16.78
122,5,13,-14.11
122,5,14,-12.37
122,5,15,-30.61
122,5,16,-21.80
122,5,17,-32.31
122,5,18,-18.40
122,5,19,31.16
122,5,20,-18.75
122,5,21,-19.50
122,5,22,0.01
122,5,23,-13.25
122,5,24,-21.51
122,5,25,2.99
122,5,26,-5.44
122,5,27,-15.79
122,5,28,2.44
122,5,29,-21.85
122,5,30,-18.00
122,5,31,4.23
122,5,32,14.60
122,5,33,-4.76
122,5,34,12.43
122,5,35,-15.99
122,5,36,-28.86
122,5,37,-35.90
122,5,38,2.74
122,5,39,-40.18
122,5,40,-19.89
122,5,41,-13.15
122,6,0,-30.84
122,6,1,-21.62
122,6,2,-19.98
122,6,3,-15.25
122,6,4,1.04
122,6,5,-35.99
122,6,6,2.57
122,6,7,-31.16
122,6,8,-17.80
122,6,9,-14.40
122,6,10,9.06
122,6,11,-10.13
122,6,12,-15.89
122,6,13,2.81
122,6,14,6.38
122,6,15,-10.70
122,6,16,-17.19
122,6,17,-13.26
122,6,18,-25.16
122,6,19,12.20
122,6,20,-26.21
122,6,21,-18.92
122,6,22,13.80
122,6,23,-10.67
122,6,24,-12.92
122,6,25,3.78
122,6,26,2.52
122,6,27,-19.67
122,6,28,-1.57
122,6,29,-10.91
122,6,30,-16.45
122,6,31,3.09
122,6,32,8.95
122,6,33,-33.88
122,6,34,-9.50
122,6,35,-19.90
122,6,36,0.00
122,6,37,11.41
122,6,38,38.34
122,6,39,2.01
122,6,40,-6.71
122,6,41,2.60
123,0,0,-19.21
123,0,1,-11.47
123,0,2,17.12
123,0,3,6.15
123,0,4,5.21
123,0,5,-26.09
123,0,6,7.65
123,0,7,-26.94
123,0,8,-25.00
123,0,9,-9.68
123,0,10,-14.56
123,0,11,-17.29
123,0,12,-23.21
123,0,13,-14.06
123,0,14,-31.63
123,0,15,-20.13
123,0,16,-17.35
123,0,17,-21.82
123,0,18,-32.74
123,0,19,-16.63
123,0,20,-21.03
123,0,21,-8.43
123,0,22,-16.94
123,0,23,-40.22
123,0,24,-47.07
123,0,25,2.27
123,0,26,2.35
123,0,27,-15.99
123,0,28,2.85
123,0,29,-31.72
123,0,30,-29.97
123,0,31,6.83
123,0,32,-22.04
123,0,33,-15.58
123,0,34,-2.11
123,0,35,-15.57
123,0,36,-17.57
123,0,37,-23.40
123,0,38,-15.07
123,0,39,-10.51
123,0,40,-19.75
123,0,41,-5.44
123,1,0,-14.66
123,1,1,-19.14
123,1,2,-10.23
123,1,3,-10.71
123,1,4,-8.88
123,1,5,-8.47
123,1,6,31.60
123,1,7,3.68
123,1,8,-2.90
123,1,9,24.75
123,1,10,28.63
123,1,11,7.41
123,1,12,-15.35
123,1,13,-22.72
123,1,14,-23.61
123,1,15,-3.50
123,1,16,-21.12
123,1,17,-21.15
123,1,18,-8.20
123,1,19,40.99
123,1,20,-5.42
123,1,21,-28.99
123,1,22,22.32
123,1,23,-6.58
123,1,24,-22.40
123,1,25,5.65
123,1,26,-14.29
123,1,27,-27.88
123,1,28,2.25
123,1,29,-28.63
123,1,30,-4.40
123,1,31,-5.20
123,1,32,-10.80
123,1,33,-32.48
123,1,34,28.19
123,1,35,-18.66
123,1,36,-20.51
123,1,37,-12.22
123,1,38,3.66
123,1,39,-25.11
123,1,40,-29.63
123,1,41,-26.59
123,2,0,-20.59
123,2,1,-27.44
123,2,2,-20.75
123,2,3,-25.86
123,2,4,1.19
123,2,5,-6.87
123,2,6,2.87
123,2,7,-25.53
123,2,8,-32.31
123,2,9,-17.84
123,2,10,-2.87
123,2,11,-21.92
123,2,12,-7.09
123,2,13,-13.58
123,2,14,2.93
123,2,15,-3.90
123,2,16,-1.40
123,2,17,11.88
123,2,18,-20.30
123,2,19,5.91
123,2,20,-18.43
123,2,21,-11.17
123,2,22,-5.49
123,2,23,-43.86
123,2,24,-28.75
123,2,25,4.80
123,2,26,-2.56
123,2,27,-22.34
123,2,28,-4.21
123,2,29,-14.08
123,2,30,-36.85
123,2,31,-14.37
123,2,32,2.54
123,2,33,-16.14
123,2,34,-9.33
123,2,35,-38.98
123,2,36,-14.70
123,2,37,-45.15
123,2,38,-8.21
123,2,39,-15.69
123,2,40,-12.65
123,2,41,-11.46
123,3,0,-11.36
123,3,1,-10.11
123,3,2,-20.53
123,3,3,-19.39
123,3,4,9.75
123,3,5,-13.91
123,3,6,2.96
123,3,7,-23.33
123,3,8,-7.99
123,3,9,0.38
123,3,10,-12.09
123,3,11,-19.47
123,3,12,1.38
123,3,13,-3.26
123,3,14,-15.51
123,3,15,-6.97
123,3,16,-5.81
123,3,17,-9.52
123,3,18,29.62
123,3,19,6.63
123,3,20,1.49
123,3,21,8.49
123,3,22,38.58
123,3,23,-5.89
123,3,24,-10.31
123,3,25,15.68
123,3,26,-12.34
123,3,27,-7.78
123,3,28,2.37
123,3,29,-28.66
123,3,30,-20.45
123,3,31,1.51
123,3,32,-1.70
123,3,33,-27.56
123,3,34,-12.63
123,3,35,-27.51
123,3,36,-24.78
123,3,37,-26.38
123,3,38,-20.12
123,3,39,-14.81
123,3,40,-18.35
123,3,41,-27.52
123,4,0,-6.48
123,4,1,-11.69
123,4,2,-27.61
123,4,3,-20.67
123,4,4,33.10
123,4,5,2.45
123,4,6,-10.96
123,4,7,-32.95
123,4,8,-24.85
123,4,9,2.70
123,4,10,2.99
123,4,11,-26.02
123,4,12,-22.48
123,4,13,-35.99
123,4,14,-16.46
123,4,15,-27.84
123,4,16,-21.90
123,4,17,-16.63
123,4,18,-29.46
123,4,19,-7.02
123,4,20,-19.06
123,4,21,-21.25
123,4,22,9.10
123,4,23,7.99
123,4,24,9.81
123,4,25,41.69
123,4,26,15.92
123,4,27,-7.82
123,4,28,9.41
123,4,29,5.33
123,4,30,-24.55
123,4,31,-5.48
123,4,32,14.87
123,4,33,-25.56
123,4,34,-9.12
123,4,35,-16.99
123,4,36,-18.38
123,4,37,2.02
123,4,38,25.56
123,4,39,3.64
123,4,40,-24.15
123,4,41,-3.94
123,5,0,-24.92
123,5,1,-35.85
123,5,2,-19.26
123,5,3,-36.98
123,5,4,-7.30
123,5,5,-15.74
123,5,6,-12.26
123,5,7,-42.73
123,5,8,-25.44
123,5,9,17.61
123,5,10,-2.44
123,5,11,-28.51
123,5,12,-16.78
123,5,13,-14.11
123,5,14,-12.37
123,5,15,-30.61
123,5,16,-21.80
123,5,17,-32.31
123,5,18,-18.40
123,5,19,31.16
123,5,20,-18.75
123,5,21,-19.50
123,5,22,0.01
123,5,23,-13.25
123,5,24,-21.51
123,5,25,2.99
123,5,26,-5.44
123,5,27,-15.79
123,5,28,2.44
123,5,29,-21.85
123,5,30,-18.00
123,5,31,4.23
123,5,32,14.60
123,5,33,-4.76
123,5,34,12.43
123,5,35,-15.99
123,5,36,-28.86
123,5,37,-35.90
123,5,38,2.74
123,5,39,-40.18
123,5,40,-19.89
123,5,41,-13.15
123,6,0,-30.84
123,6,1,-21.62
123,6,2,-19.98
123,6,3,-15.25
123,6,4,1.04
123,6,5,-35.99
123,6,6,2.57
123,6,7,-31.16
123,6,8,-17.80
123,6,9,-14.40
123,6,10,9.06
123,6,11,-10.13
123,6,12,-15.89
123,6,13,2.81
123,6,14,6.38
123,6,15,-10.70
123,6,16,-17.19
123,6,17,-13.26
123,6,18,-25.16
123,6,19,12.20
123,6,20,-26.21
123,6,21,-18.92
123,6,22,13.80
123,6,23,-10.67
123,6,24,-12.92
123,6,25,3.78
123,6,26,2.52
123,6,27,-19.67
123,6,28,-1.57
123,6,29,-10.91
123,6,30,-16.45
123,6,31,3.09
123,6,32,8.95
123,6,33,-33.88
123,6,34,-9.50
123,6,35,-19.90
123,6,36,0.00
123,6,37,11.41
123,6,38,38.34
123,6,39,2.01
123,6,40,-6.71
123,6,41,2.60
124,0,0,-19.21
124,0,1,-11.47
124,0,2,17.12
124,0,3,6.15
124,0,4,5.21
124,0,5,-26.09
124,0,6,7.65
124,0,7,-26.94
124,0,8,-25.00
124,0,9,-9.68
124,0,10,-14.56
124,0,11,-17.29
124,0,12,-23.21
124,0,13,-14.06
124,0,14,-31.63
124,0,15,-20.13
124,0,16,-17.35
124,0,17,-21.82
124,0,18,-32.74
124,0,19,-16.63
124,0,20,-21.03
124,0,21,-8.43
124,0,22,-16.94
124,0,23,-40.22
124,0,24,-47.07
124,0,25,2.27
124,0,26,2.35
124,0,27,-15.99
124,0,28,2.85
124,0,29,-31.72
124,0,30,-29.97
124,0,31,6.83
124,0,32,-22.04
124,0,33,-15.58
124,0,34,-2.11
124,0,35,-15.57
124,0,36,-17.57
124,0,37,-23.40
124,0,38,-15.07
124,0,39,-10.51
124,0,40,-19.75
124,0,41,-5.44
124,1,0,-14.66
124,1,1,-19.14
124,1,2,-10.23
124,1,3,-10.71
124,1,4,-8.88
124,1,5,-8.47
124,1,6,31.60
124,1,7,3.68
124,1,8,-2.90
124,1,9,24.75
124,1,10,28.63
124,1,11,7.41
124,1,12,-15.35
124,1,13,-22.72
124,1,14,-23.61
124,1,15,-3.50
124,1,16,-21.12
124,1,17,-21.15
124,1,18,-8.20
124,1,19,40.99
124,1,20,-5.42
124,1,21,-28.99
124,1,22,22.32
124,1,23,-6.58
124,1,24,-22.40
124,1,25,5.65
124,1,26,-14.29
124,1,27,-27.88
124,1,28,2.25
124,1,29,-28.63
124,1,30,-4.40
124,1,31,-5.20
124,1,32,-10.80
124,1,33,-32.48
124,1,34,28.19
124,1,35,-18.66
124,1,36,-20.51
124,1,37,-12.22
124,1,38,3.66
124,1,39,-25.11
124,1,40,-29.63
124,1,41,-26.59
124,2,0,-20.59
124,2,1,-27.44
124,2,2,-20.75
124,2,3,-25.86
124,2,4,1.19
124,2,5,-6.87
124,2,6,2.87
124,2,7,-25.53
124,2,8,-32.31
124,2,9,-17.84
124,2,10,-2.87
124,2,11,-21.92
124,2,12,-7.09
124,2,13,-13.58
124,2,14,2.93
124,2,15,-3.90
124,2,16,-1.40
124,2,17,11.88
124,2,18,-20.30
124,2,19,5.91
124,2,20,-18.43
124,2,21,-11.17
124,2,22,-5.49
124,2,23,-43.86
124,2,24,-28.75
124,2,25,4.80
124,2,26,-2.56
124,2,27,-22.34
124,2,28,-4.21
124,2,29,-14.08
124,2,30,-36.85
124,2,31,-14.37
124,2,32,2.54
124,2,33,-16.14
124,2,34,-9.33
124,2,35,-38.98
124,2,36,-14.70
124,2,37,-45.15
124,2,38,-8.21
124,2,39,-15.69
124,2,40,-12.65
124,2,41,-11.46
124,3,0,-11.36
124,3,1,-10.11
124,3,2,-20.53
124,3,3,-19.39
124,3,4,9.75
124,3,5,-13.91
124,3,6,2.96
124,3,7,-23.33
124,3,8,-7.99
124,3,9,0.38
124,3,10,-12.09
124,3,11,-19.47
124,3,12,1.38
124,3,13,-3.26
124,3,14,-15.51
124,3,15,-6.97
124,3,16,-5.81
124,3,17,-9.52
124,3,18,29.62
124,3,19,6.63
124,3,20,1.49
124,3,21,8.49
124,3,22,38.58
124,3,23,-5.89
124,3,24,-10.31
124,3,25,15.68
124,3,26,-12.34
124,3,27,-7.78
124,3,28,2.37
124,3,29,-28.66
124,3,30,-20.45
124,3,31,1.51
124,3,32,-1.70
124,3,33,-27.56
124,3,34,-12.63
124,3,35,-27.51
124,3,36,-24.78
124,3,37,-26.38
124,3,38,-20.12
124,3,39,-14.81
124,3,40,-18.35
124,3,41,-27.52
124,4,0,-6.48
124,4,1,-11.69
124,4,2,-27.61
124,4,3,-20.67
124,4,4,33.10
124,4,5,2.45
124,4,6,-10.96
124,4,7,-32.95
124,4,8,-24.85
124,4,9,2.70
124,4,10,2.99
124,4,11,-26.02
124,4,12,-22.48
124,4,13,-35.99
124,4,14,-16.46
124,4,15,-27.84
124,4,16,-21.90
124,4,17,-16.63
124,4,18,-29.46
124,4,19,-7.02
124,4,20,-19.06
124,4,21,-21.25
124,4,22,9.10
124,4,23,7.99
124,4,24,9.81
124,4,25,41.69
124,4,26,15.92
124,4,27,-7.82
124,4,28,9.41
124,4,29,5.33
124,4,30,-24.55
124,4,31,-5.48
124,4,32,14.87
124,4,33,-25.56
124,4,34,-9.12
124,4,35,-16.99
124,4,36,-18.38
124,4,37,2.02
124,4,38,25.56
124,4,39,3.64
124,4,40,-24.15
124,4,41,-3.94
124,5,0,-24.92
124,5,1,-35.85
124,5,2,-19.26
124,5,3,-36.98
124,5,4,-7.30
124,5,5,-15.74
124,5,6,-12.26
124,5,7,-42.73
124,5,8,-25.44
124,5,9,17.61
124,5,10,-2.44
124,5,11,-28.51
124,5,12,-16.78
124,5,13,-14.11
124,5,14,-12.37
124,5,15,-30.61
124,5,16,-21.80
124,5,17,-32.31
124,5,18,-18.40
124,5,19,31.16
124,5,20,-18.75
124,5,21,-19.50
124,5,22,0.01
124,5,23,-13.25
124,5,24,-21.51
124,5,25,2.99
124,5,26,-5.44
124,5,27,-15.79
124,5,28,2.44
124,5,29,-21.85
124,5,30,-18.00
124,5,31,4.23
124,5,32,14.60
124,5,33,-4.76
124,5,34,12.43
124,5,35,-15.99
124,5,36,-28.86
124,5,37,-35.90
124,5,38,2.74
124,5,39,-40.18
124,5,40,-19.89
124,5,41,-13.15
124,6,0,-30.84
124,6,1,-21.62
124,6,2,-19.98
124,6,3,-15.25
124,6,4,1.04
124,6,5,-35.99
124,6,6,2.57
124,6,7,-31.16
124,6,8,-17.80
124,6,9,-14.40
124,6,10,9.06
124,6,11,-10.13
124,6,12,-15.89
124,6,13,2.81
124,6,14,6.38
124,6,15,-10.70
124,6,16,-17.19
124,6,17,-13.26
124,6,18,-25.16
124,6,19,12.20
124,6,20,-26.21
124,6,21,-18.92
124,6,22,13.80
124,6,23,-10.67
124,6,24,-12.92
124,6,25,3.78
124,6,26,2.52
124,6,27,-19.67
124,6,28,-1.57
124,6,29,-10.91
124,6,30,-16.45
124,6,31,3.09
124,6,32,8.95
124,6,33,-33.88
124,6,34,-9.50
124,6,35,-19.90
124,6,36,0.00
124,6,37,11.41
124,6,38,38.34
124,6,39,2.01
124,6,40,-6.71
124,6,41,2.60
125,0,0,-19.21
125,0,1,-11.47
125,0,2,17.12
125,0,3,6.15
125,0,4,5.21
125,0,5,-26.09
125,0,6,7.65
125,0,7,-26.94
125,0,8,-25.00
125,0,9,-9.68
125,0,10,-14.56
125,0,11,-17.29
125,0,12,-23.21
125,0,13,-14.06
125,0,14,-31.63
125,0,15,-20.13
125,0,16,-17.35
125,0,17,-21.82
125,0,18,-32.74
125,0,19,-16.63
125,0,20,-21.03
125,0,21,-8.43
125,0,22,-16.94
125,0,23,-40.22
125,0,24,-47.07
125,0,25,2.27
125,0,26,2.35
125,0,27,-15.99
125,0,28,2.85
125,0,29,-31.72
125,0,30,-29.97
125,0,31,6.83
125,0,32,-22.04
125,0,33,-15.58
125,0,34,-2.11
125,0,35,-15.57
125,0,36,-17.57
125,0,37,-23.40
125,0,38,-15.07
125,0,39,-10.51
125,0,40,-19.75
125,0,41,-5.44
125,1,0,-14.66
125,1,1,-19.14
125,1,2,-10.23
125,1,3,-10.71
125,1,4,-8.88
125,1,5,-8.47
125,1,6,31.60
125,1,7,3.68
125,1,8,-2.90
125,1,9,24.75
125,1,10,28.63
125,1,11,7.41
125,1,12,-15.35
125,1,13,-22.72
125,1,14,-23.61
125,1,15,-3.50
125,1,16,-21.12
125,1,17,-21.15
125,1,18,-8.20
125,1,19,40.99
125,1,20,-5.42
125,1,21,-28.99
125,1,22,22.32
125,1,23,-6.58
125,1,24,-22.40
125,1,25,5.65
125,1,26,-14.29
125,1,27,-27.88
125,1,28,2.25
125,1,29,-28.63
125,1,30,-4.40
125,1,31,-5.20
125,1,32,-10.80
125,1,33,-32.48
125,1,34,28.19
125,1,35,-18.66
125,1,36,-20.51
125,1,37,-12.22
125,1,38,3.66
125,1,39,-25.11
125,1,40,-29.63
125,1,41,-26.59
125,2,0,-20.59
125,2,1,-27.44
125,2,2,-20.75
125,2,3,-25.86
125,2,4,1.19
125,2,5,-6.87
125,2,6,2.87
125,2,7,-25.53
125,2,8,-32.31
125,2,9,-17.84
125,2,10,-2.87
125,2,11,-21.92
125,2,12,-7.09
125,2,13,-13.58
125,2,14,2.93
125,2,15,-3.90
125,2,16,-1.40
125,2,17,11.88
125,2,18,-20.30
125,2,19,5.91
125,2,20,-18.43
125,2,21,-11.17
125,2,22,-5.49
125,2,23,-43.86
125,2,24,-28.75
125,2,25,4.80
125,2,26,-2.56
125,2,27,-22.34
125,2,28,-4.21
125,2,29,-14.08
125,2,30,-36.85
125,2,31,-14.37
125,2,32,2.54
125,2,33,-16.14
125,2,34,-9.33
125,2,35,-38.98
125,2,36,-14.70
125,2,37,-45.15
125,2,38,-8.21
125,2,39,-15.69
125,2,40,-12.65
125,2,41,-11.46
125,3,0,-11.36
125,3,1,-10.11
125,3,2,-20.53
125,3,3,-19.39
125,3,4,9.75
125,3,5,-13.91
125,3,6,2.96
125,3,7,-23.33
125,3,8,-7.99
125,3,9,0.38
125,3,10,-12.09
125,3,11,-19.47
125,3,12,1.38
125,3,13,-3.26
125,3,14,-15.51
125,3,15,-6.97
125,3,16,-5.81
125,3,17,-9.52
125,3,18,29.62
125,3,19,6.63
125,3,20,1.49
125,3,21,8.49
125,3,22,38.58
125,3,23,-5.89
125,3,24,-10.31
125,3,25,15.68
125,3,26,-12.34
125,3,27,-7.78
125,3,28,2.37
125,3,29,-28.66
125,3,30,-20.45
125,3,31,1.51
125,3,32,-1.70
125,3,33,-27.56
125,3,34,-12.63
125,3,35,-27.51
125,3,36,-24.78
125,3,37,-26.38
125,3,38,-20.12
125,3,39,-14.81
125,3,40,-18.35
125,3,41,-27.52
125,4,0,-6.48
125,4,1,-11.69
125,4,2,-27.61
125,4,3,-20.67
125,4,4,33.10
125,4,5,2.45
125,4,6,-10.96
125,4,7,-32.95
125,4,8,-24.85
125,4,9,2.70
125,4,10,2.99
125,4,11,-26.02
125,4,12,-22.48
125,4,13,-35.99
125,4,14,-16.46
125,4,15,-27.84
125,4,16,-21.90
125,4,17,-16.63
125,4,18,-29.46
125,4,19,-7.02
125,4,20,-19.06
125,4,21,-21.25
125,4,22,9.10
125,4,23,7.99
125,4,24,9.81
125,4,25,41.69
125,4,26,15.92
125,4,27,-7.82
125,4,28,9.41
125,4,29,5.33
125,4,30,-24.55
125,4,31,-5.48
125,4,32,14.87
125,4,33,-25.56
125,4,34,-9.12
125,4,35,-16.99
125,4,36,-18.38
125,4,37,2.02
125,4,38,25.56
125,4,39,3.64
125,4,40,-24.15
125,4,41,-3.94
125,5,0,-24.92
125,5,1,-35.85
125,5,2,-19.26
125,5,3,-36.98
125,5,4,-7.30
125,5,5,-15.74
125,5,6,-12.26
125,5,7,-42.73
125,5,8,-25.44
125,5,9,17.61
125,5,10,-2.44
125,5,11,-28.51
125,5,12,-16.78
125,5,13,-14.11
125,5,14,-12.37
125,5,15,-30.61
125,5,16,-21.80
125,5,17,-32.31
125,5,18,-18.40
125,5,19,31.16
125,5,20,-18.75
125,5,21,-19.50
125,5,22,0.01
125,5,23,-13.25
125,5,24,-21.51
125,5,25,2.99
125,5,26,-5.44
125,5,27,-15.79
125,5,28,2.44
125,5,29,-21.85
125,5,30,-18.00
125,5,31,4.23
125,5,32,14.60
125,5,33,-4.76
125,5,34,12.43
125,5,35,-15.99
125,5,36,-28.86
125,5,37,-35.90
125,5,38,2.74
125,5,39,-40.18
125,5,40,-19.89
125,5,41,-13.15
125,6,0,-30.84
125,6,1,-21.62
125,6,2,-19.98
125,6,3,-15.25
125,6,4,1.04
125,6,5,-35.99
125,6,6,2.57
125,6,7,-31.16
125,6,8,-17.80
125,6,9,-14.40
125,6,10,9.06
125,6,11,-10.13
125,6,12,-15.89
125,6,13,2.81
125,6,14,6.38
125,6,15,-10.70
125,6,16,-17.19
125,6,17,-13.26
125,6,18,-25.16
125,6,19,12.20
125,6,20,-26.21
125,6,21,-18.92
125,6,22,13.80
125,6,23,-10.67
125,6,24,-12.92
125,6,25,3.78
125,6,26,2.52
125,6,27,-19.67
125,6,28,-1.57
125,6,29,-10.91
125,6,30,-16.45
125,6,31,3.09
125,6,32,8.95
125,6,33,-33.88
125,6,34,-9.50
125,6,35,-19.90
125,6,36,0.00
125,6,37,11.41
125,6,38,38.34
125,6,39,2.01
125,6,40,-6.71
125,6,41,2.60
126,0,0,-19.21
126,0,1,-11.47
126,0,2,17.12
126,0,3,6.15
126,0,4,5.21
126,0,5,-26.09
126,0,6,7.65
126,0,7,-26.94
126,0,8,-25.00
126,0,9,-9.68
126,0,10,-14.56
126,0,11,-17.29
126,0,12,-23.21
126,0,13,-14.06
126,0,14,-31.63
126,0,15,-20.13
126,0,16,-17.35
126,0,17,-21.82
126,0,18,-32.74
126,0,19,-16.63
126,0,20,-21.03
126,0,21,-8.43
126,0,22,-16.94
126,0,23,-40.22
126,0,24,-47.07
126,0,25,2.27
126,0,26,2.35
126,0,27,-15.99
126,0,28,2.85
126,0,29,-31.72
126,0,30,-29.97
126,0,31,6.83
126,0,32,-22.04
126,0,33,-15.58
126,0,34,-2.11
126,0,35,-15.57
126,0,36,-17.57
126,0,37,-23.40
126,0,38,-15.07
126,0,39,-10.51
126,0,40,-19.75
126,0,41,-5.44
126,1,0,-14.66
126,1,1,-19.14
126,1,2,-10.23
126,1,3,-10.71
126,1,4,-8.88
126,1,5,-8.47
126,1,6,31.60
126,1,7,3.68
126,1,8,-2.90
126,1,9,24.75
126,1,10,28.63
126,1,11,7.41
126,1,12,-15.35
126,1,13,-22.72
126,1,14,-23.61
126,1,15,-3.50
126,1,16,-21.12
126,1,17,-21.15
126,1,18,-8.20
126,1,19,40.99
126,1,20,-5.42
126,1,21,-28.99
126,1,22,22.32
126,1,23,-6.58
126,1,24,-22.40
126,1,25,5.65
126,1,26,-14.29
126,1,27,-27.88
126,1,28,2.25
126,1,29,-28.63
126,1,30,-4.40
126,1,31,-5.20
126,1,32,-10.80
126,1,33,-32.48
126,1,34,28.19
126,1,35,-18.66
126,1,36,-20.51
126,1,37,-12.22
126,1,38,3.66
126,1,39,-25.11
126,1,40,-29.63
126,1,41,-26.59
126,2,0,-20.59
126,2,1,-27.44
126,2,2,-20.75
126,2,3,-25.86
126,2,4,1.19
126,2,5,-6.87
126,2,6,2.87
126,2,7,-25.53
126,2,8,-32.31
126,2,9,-17.84
126,2,10,-2.87
126,2,11,-21.92
126,2,12,-7.09
126,2,13,-13.58
126,2,14,2.93
126,2,15,-3.90
126,2,16,-1.40
126,2,17,11.88
126,2,18,-20.30
126,2,19,5.91
126,2,20,-18.43
126,2,21,-11.17
126,2,22,-5.49
126,2,23,-43.86
126,2,24,-28.75
126,2,25,4.80
126,2,26,-2.56
126,2,27,-22.34
126,2,28,-4.21
126,2,29,-14.08
126,2,30,-36.85
126,2,31,-14.37
126,2,32,2.54
126,2,33,-16.14
126,2,34,-9.33
126,2,35,-38.98
126,2,36,-14.70
126,2,37,-45.15
126,2,38,-8.21
126,2,39,-15.69
126,2,40,-12.65
126,2,41,-11.46
126,3,0,-11.36
126,3,1,-10.11
126,3,2,-20.53
126,3,3,-19.39
126,3,4,9.75
126,3,5,-13.91
126,3,6,2.96
126,3,7,-23.33
126,3,8,-7.99
126,3,9,0.38
126,3,10,-12.09
126,3,11,-19.47
126,3,12,1.38
126,3,13,-3.26
126,3,14,-15.51
126,3,15,-6.97
126,3,16,-5.81
126,3,17,-9.52
126,3,18,29.62
126,3,19,6.63
126,3,20,1.49
126,3,21,8.49
126,3,22,38.58
126,3,23,-5.89
126,3,24,-10.31
126,3,25,15.68
126,3,26,-12.34
126,3,27,-7.78
126,3,28,2.37
126,3,29,-28.66
126,3,30,-20.45
126,3,31,1.51
126,3,32,-1.70
126,3,33,-27.56
126,3,34,-12.63
126,3,35,-27.51
126,3,36,-24.78
126,3,37,-26.38
126,3,38,-20.12
126,3,39,-14.81
126,3,40,-18.35
126,3,41,-27.52
126,4,0,-6.48
126,4,1,-11.69
126,4,2,-27.61
126,4,3,-20.67
126,4,4,33.10
126,4,5,2.45
126,4,6,-10.96
126,4,7,-32.95
126,4,8,-24.85
126,4,9,2.70
126,4,10,2.99
126,4,11,-26.02
126,4,12,-22.48
126,4,13,-35.99
126,4,14,-16.46
126,4,15,-27.84
126,4,16,-21.90
126,4,17,-16.63
126,4,18,-29.46
126,4,19,-7.02
126,4,20,-19.06
126,4,21,-21.25
126,4,22,9.10
126,4,23,7.99
126,4,24,9.81
126,4,25,41.69
126,4,26,15.92
126,4,27,-7.82
126,4,28,9.41
126,4,29,5.33
126,4,30,-24.55
126,4,31,-5.48
126,4,32,14.87
126,4,33,-25.56
126,4,34,-9.12
126,4,35,-16.99
126,4,36,-18.38
126,4,37,2.02
126,4,38,25.56
126,4,39,3.64
126,4,40,-24.15
126,4,41,-3.94
126,5,0,-24.92
126,5,1,-35.85
126,5,2,-19.26
126,5,3,-36.98
126,5,4,-7.30
126,5,5,-15.74
126,5,6,-12.26
126,5,7,-42.73
126,5,8,-25.44
126,5,9,17.61
126,5,10,-2.44
126,5,11,-28.51
126,5,12,-16.78
126,5,13,-14.11
126,5,14,-12.37
126,5,15,-30.61
126,5,16,-21.80
126,5,17,-32.31
126,5,18,-18.40
126,5,19,31.16
126,5,20,-18.75
126,5,21,-19.50
126,5,22,0.01
126,5,23,-13.25
126,5,24,-21.51
126,5,25,2.99
126,5,26,-5.44
126,5,27,-15.79
126,5,28,2.44
126,5,29,-21.85
126,5,30,-18.00
126,5,31,4.23
126,5,32,14.60
126,5,33,-4.76
126,5,34,12.43
126,5,35,-15.99
126,5,36,-28.86
126,5,37,-35.90
126,5,38,2.74
126,5,39,-40.18
126,5,40,-19.89
126,5,41,-13.15
126,6,0,-30.84
126,6,1,-21.62
126,6,2,-19.98
126,6,3,-15.25
126,6,4,1.04
126,6,5,-35.99
126,6,6,2.57
126,6,7,-31.16
126,6,8,-17.80
126,6,9,-14.40
126,6,10,9.06
126,6,11,-10.13
126,6,12,-15.89
126,6,13,2.81
126,6,14,6.38
126,6,15,-10.70
126,6,16,-17.19
126,6,17,-13.26
126,6,18,-25.16
126,6,19,12.20
126,6,20,-26.21
126,6,21,-18.92
126,6,22,13.80
126,6,23,-10.67
126,6,24,-12.92
126,6,25,3.78
126,6,26,2.52
126,6,27,-19.67
126,6,28,-1.57
126,6,29,-10.91
126,6,30,-16.45
126,6,31,3.09
126,6,32,8.95
126,6,33,-33.88
126,6,34,-9.50
126,6,35,-19.90
126,6,36,0.00
126,6,37,11.41
126,6,38,38.34
126,6,39,2.01
126,6,40,-6.71
126,6,41,2.60
127,0,0,-19.21
127,0,1,-11.47
127,0,2,17.12
127,0,3,6.15
127,0,4,5.21
127,0,5,-26.09
127,0,6,7.65
127,0,7,-26.94
127,0,8,-25.00
127,0,9,-9.68
127,0,10,-14.56
127,0,11,-17.29
127,0,12,-23.21
127,0,13,-14.06
127,0,14,-31.63
127,0,15,-20.13
127,0,16,-17.35
127,0,17,-21.82
127,0,18,-32.74
127,0,19,-16.63
127,0,20,-21.03
127,0,21,-8.43
127,0,22,-16.94
127,0,23,-40.22
127,0,24,-47.07
127,0,25,2.27
127,0,26,2.35
127,0,27,-15.99
127,0,28,2.85
127,0,29,-31.72
127,0,30,-29.97
127,0,31,6.83
127,0,32,-22.04
127,0,33,-15.58
127,0,34,-2.11
127,0,35,-15.57
127,0,36,-17.57
127,0,37,-23.40
127,0,38,-15.07
127,0,39,-10.51
127,0,40,-19.75
127,0,41,-5.44
127,1,0,-14.66
127,1,1,-19.14
127,1,2,-10.23
127,1,3,-10.71
127,1,4,-8.88
127,1,5,-8.47
127,1,6,31.60
127,1,7,3.68
127,1,8,-2.90
127,1,9,24.75
127,1,10,28.63
127,1,11,7.41
127,1,12,-15.35
127,1,13,-22.72
127,1,14,-23.61
127,1,15,-3.50
127,1,16,-21.12
127,1,17,-21.15
127,1,18,-8.20
127,1,19,40.99
127,1,20,-5.42
127,1,21,-28.99
127,1,22,22.32
127,1,23,-6.58
127,1,24,-22.40
127,1,25,5.65
127,1,26,-14.29
127,1,27,-27.88
127,1,28,2.25
127,1,29,-28.63
127,1,30,-4.40
127,1,31,-5.20
127,1,32,-10.80
127,1,33,-32.48
127,1,34,28.19
127,1,35,-18.66
127,1,36,-20.51
127,1,37,-12.22
127,1,38,3.66
127,1,39,-25.11
127,1,40,-29.63
127,1,41,-26.59
127,2,0,-20.59
127,2,1,-27.44
127,2,2,-20.75
127,2,3,-25.86
127,2,4,1.19
127,2,5,-6.87
127,2,6,2.87
127,2,7,-25.53
127,2,8,-32.31
127,2,9,-17.84
127,2,10,-2.87
127,2,11,-21.92
127,2,12,-7.09
127,2,13,-13.58
127,2,14,2.93
127,2,15,-3.90
127,2,16,-1.40
127,2,17,11.88
127,2,18,-20.30
127,2,19,5.91
127,2,20,-18.43
127,2,21,-11.17
127,2,22,-5.49
127,2,23,-43.86
127,2,24,-28.75
127,2,25,4.80
127,2,26,-2.56
127,2,27,-22.34
127,2,28,-4.21
127,2,29,-14.08
127,2,30,-36.85
127,2,31,-14.37
127,2,32,2.54
127,2,33,-16.14
127,2,34,-9.33
127,2,35,-38.98
127,2,36,-14.70
127,2,37,-45.15
127,2,38,-8.21
127,2,39,-15.69
127,2,40,-12.65
127,2,41,-11.46
127,3,0,-11.36
127,3,1,-10.11
127,3,2,-20.53
127,3,3,-19.39
127,3,4,9.75
127,3,5,-13.91
127,3,6,2.96
127,3,7,-23.33
127,3,8,-7.99
127,3,9,0.38
127,3,10,-12.09
127,3,11,-19.47
127,3,12,1.38
127,3,13,-3.26
127,3,14,-15.51
127,3,15,-6.97
127,3,16,-5.81
127,3,17,-9.52
127,3,18,29.62
127,3,19,6.63
127,3,20,1.49
127,3,21,8.49
127,3,22,38.58
127,3,23,-5.89
127,3,24,-10.31
127,3,25,15.68
127,3,26,-12.34
127,3,27,-7.78
127,3,28,2.37
127,3,29,-28.66
127,3,30,-20.45
127,3,31,1.51
127,3,32,-1.70
127,3,33,-27.56
127,3,34,-12.63
127,3,35,-27.51
127,3,36,-24.78
127,3,37,-26.38
127,3,38,-20.12
127,3,39,-14.81
127,3,40,-18.35
127,3,41,-27.52
127,4,0,-6.48
127,4,1,-11.69
127,4,2,-27.61
127,4,3,-20.67
127,4,4,33.10
127,4,5,2.45
127,4,6,-10.96
127,4,7,-32.95
127,4,8,-24.85
127,4,9,2.70
127,4,10,2.99
127,4,11,-26.02
127,4,12,-22.48
127,4,13,-35.99
127,4,14,-16.46
127,4,15,-27.84
127,4,16,-21.90
127,4,17,-16.63
127,4,18,-29.46
127,4,19,-7.02
127,4,20,-19.06
127,4,21,-21.25
127,4,22,9.10
127,4,23,7.99
127,4,24,9.81
127,4,25,41.69
127,4,26,15.92
127,4,27,-7.82
127,4,28,9.41
127,4,29,5.33
127,4,30,-24.55
127,4,31,-5.48
127,4,32,14.87
127,4,33,-25.56
127,4,34,-9.12
127,4,35,-16.99
127,4,36,-18.38
127,4,37,2.02
127,4,38,25.56
127,4,39,3.64
127,4,40,-24.15
127,4,41,-3.94
127,5,0,-24.92
127,5,1,-35.85
127,5,2,-19.26
127,5,3,-36.98
127,5,4,-7.30
127,5,5,-15.74
127,5,6,-12.26
127,5,7,-42.73
127,5,8,-25.44
127,5,9,17.61
127,5,10,-2.44
127,5,11,-28.51
127,5,12,-16.78
127,5,13,-14.11
127,5,14,-12.37
127,5,15,-30.61
127,5,16,-21.80
127,5,17,-32.31
127,5,18,-18.40
127,5,19,31.16
127,5,20,-18.75
127,5,21,-19.50
127,5,22,0.01
127,5,23,-13.25
127,5,24,-21.51
127,5,25,2.99
127,5,26,-5.44
127,5,27,-15.79
127,5,28,2.44
127,5,29,-21.85
127,5,30,-18.00
127,5,31,4.23
127,5,32,14.60
127,5,33,-4.76
127,5,34,12.43
127,5,35,-15.99
127,5,36,-28.86
127,5,37,-35.90
127,5,38,2.74
127,5,39,-40.18
127,5,40,-19.89
127,5,41,-13.15
127,6,0,-30.84
127,6,1,-21.62
127,6,2,-19.98
127,6,3,-15.25
127,6,4,1.04
127,6,5,-35.99
127,6,6,2.57
127,6,7,-31.16
127,6,8,-17.80
127,6,9,-14.40
127,6,10,9.06
127,6,11,-10.13
127,6,12,-15.89
127,6,13,2.81
127,6,14,6.38
127,6,15,-10.70
127,6,16,-17.19
127,6,17,-13.26
127,6,18,-25.16
127,6,19,12.20
127,6,20,-26.21
127,6,21,-18.92
127,6,22,13.80
127,6,23,-10.67
127,6,24,-12.92
127,6,25,3.78
127,6,26,2.52
127,6,27,-19.67
127,6,28,-1.57
127,6,29,-10.91
127,6,30,-16.45
127,6,31,3.09
127,6,32,8.95
127,6,33,-33.88
127,6,34,-9.50
127,6,35,-19.90
127,6,36,0.00
127,6,37,11.41
127,6,38,38.34
127,6,39,2.01
127,6,40,-6.71
127,6,41,2.60
128,0,0,-19.21
128,0,1,-11.47
128,0,2,17.12
128,0,3,6.15
128,0,4,5.21
128,0,5,-26.09
128,0,6,7.65
128,0,7,-26.94
128,0,8,-25.00
128,0,9,-9.68
128,0,10,-14.56
128,0,11,-17.29
128,0,12,-23.21
128,0,13,-14.06
128,0,14,-31.63
128,0,15,-20.13
128,0,16,-17.35
128,0,17,-21.82
128,0,18,-32.74
128,0,19,-16.63
128,0,20,-21.03
128,0,21,-8.43
128,0,22,-16.94
128,0,23,-40.22
128,0,24,-47.07
128,0,25,2.27
128,0,26,2.35
128,0,27,-15.99
128,0,28,2.85
128,0,29,-31.72
128,0,30,-29.97
128,0,31,6.83
128,0,32,-22.04
128,0,33,-15.58
128,0,34,-2.11
128,0,35,-15.57
128,0,36,-17.57
128,0,37,-23.40
128,0,38,-15.07
128,0,39,-10.51
128,0,40,-19.75
128,0,41,-5.44
128,1,0,-14.66
128,1,1,-19.14
128,1,2,-10.23
128,1,3,-10.71
128,1,4,-8.88
128,1,5,-8.47
128,1,6,31.60
128,1,7,3.68
128,1,8,-2.90
128,1,9,24.75
128,1,10,28.63
128,1,11,7.41
128,1,12,-15.35
128,1,13,-22.72
128,1,14,-23.61
128,1,15,-3.50
128,1,16,-21.12
128,1,17,-21.15
128,1,18,-8.20
128,1,19,40.99
128,1,20,-5.42
128,1,21,-28.99
128,1,22,22.32
128,1,23,-6.58
128,1,24,-22.40
128,1,25,5.65
128,1,26,-14.29
128,1,27,-27.88
128,1,28,2.25
128,1,29,-28.63
128,1,30,-4.40
128,1,31,-5.20
128,1,32,-10.80
128,1,33,-32.48
128,1,34,28.19
128,1,35,-18.66
128,1,36,-20.51
128,1,37,-12.22
128,1,38,3.66
128,1,39,-25.11
128,1,40,-29.63
128,1,41,-26.59
128,2,0,-20.59
128,2,1,-27.44
128,2,2,-20.75
128,2,3,-25.86
128,2,4,1.19
128,2,5,-6.87
128,2,6,2.87
128,2,7,-25.53
128,2,8,-32.31
128,2,9,-17.84
128,2,10,-2.87
128,2,11,-21.92
128,2,12,-7.09
128,2,13,-13.58
128,2,14,2.93
128,2,15,-3.90
128,2,16,-1.40
128,2,17,11.88
128,2,18,-20.30
128,2,19,5.91
128,2,20,-18.43
128,2,21,-11.17
128,2,22,-5.49
128,2,23,-43.86
128,2,24,-28.75
128,2,25,4.80
128,2,26,-2.56
128,2,27,-22.34
128,2,28,-4.21
128,2,29,-14.08
128,2,30,-36.85
128,2,31,-14.37
128,2,32,2.54
128,2,33,-16.14
128,2,34,-9.33
128,2,35,-38.98
128,2,36,-14.70
128,2,37,-45.15
128,2,38,-8.21
128,2,39,-15.69
128,2,40,-12.65
128,2,41,-11.46
128,3,0,-11.36
128,3,1,-10.11
128,3,2,-20.53
128,3,3,-19.39
128,3,4,9.75
128,3,5,-13.91
128,3,6,2.96
128,3,7,-23.33
128,3,8,-7.99
128,3,9,0.38
128,3,10,-12.09
128,3,11,-19.47
128,3,12,1.38
128,3,13,-3.26
128,3,14,-15.51
128,3,15,-6.97
128,3,16,-5.81
128,3,17,-9.52
128,3,18,29.62
128,3,19,6.63
128,3,20,1.49
128,3,21,8.49
128,3,22,38.58
128,3,23,-5.89
128,3,24,-10.31
128,3,25,15.68
128,3,26,-12.34
128,3,27,-7.78
128,3,28,2.37
128,3,29,-28.66
128,3,30,-20.45
128,3,31,1.51
128,3,32,-1.70
128,3,33,-27.56
128,3,34,-12.63
128,3,35,-27.51
128,3,36,-24.78
128,3,37,-26.38
128,3,38,-20.12
128,3,39,-14.81
128,3,40,-18.35
128,3,41,-27.52
128,4,0,-6.48
128,4,1,-11.69
128,4,2,-27.61
128,4,3,-20.67
128,4,4,33.10
128,4,5,2.45
128,4,6,-10.96
128,4,7,-32.95
128,4,8,-24.85
128,4,9,2.70
128,4,10,2.99
128,4,11,-26.02
128,4,12,-22.48
128,4,13,-35.99
128,4,14,-16.46
128,4,15,-27.84
128,4,16,-21.90
128,4,17,-16.63
128,4,18,-29.46
128,4,19,-7.02
128,4,20,-19.06
128,4,21,-21.25
128,4,22,9.10
128,4,23,7.99
128,4,24,9.81
128,4,25,41.69
128,4,26,15.92
128,4,27,-7.82
128,4,28,9.41
128,4,29,5.33
128,4,30,-24.55
128,4,31,-5.48
128,4,32,14.87
128,4,33,-25.56
128,4,34,-9.12
128,4,35,-16.99
128,4,36,-18.38
128,4,37,2.02
128,4,38,25.56
128,4,39,3.64
128,4,40,-24.15
128,4,41,-3.94
128,5,0,-24.92
128,5,1,-35.85
128,5,2,-19.26
128,5,3,-36.98
128,5,4,-7.30
128,5,5,-15.74
128,5,6,-12.26
128,5,7,-42.73
128,5,8,-25.44
128,5,9,17.61
128,5,10,-2.44
128,5,11,-28.51
128,5,12,-16.78
128,5,13,-14.11
128,5,14,-12.37
128,5,15,-30.61
128,5,16,-21.80
128,5,17,-32.31
128,5,18,-18.40
128,5,19,31.16
128,5,20,-18.75
128,5,21,-19.50
128,5,22,0.01
128,5,23,-13.25
128,5,24,-21.51
128,5,25,2.99
128,5,26,-5.44
128,5,27,-15.79
128,5,28,2.44
128,5,29,-21.85
128,5,30,-18.00
128,5,31,4.23
128,5,32,14.60
128,5,33,-4.76
128,5,34,12.43
128,5,35,-15.99
128,5,36,-28.86
128,5,37,-35.90
128,5,38,2.74
128,5,39,-40.18
128,5,40,-19.89
128,5,41,-13.15
128,6,0,-30.84
128,6,1,-21.62
128,6,2,-19.98
128,6,3,-15.25
128,6,4,1.04
128,6,5,-35.99
128,6,6,2.57
128,6,7,-31.16
128,6,8,-17.80
128,6,9,-14.40
128,6,10,9.06
128,6,11,-10.13
128,6,12,-15.89
128,6,13,2.81
128,6,14,6.38
128,6,15,-10.70
128,6,16,-17.19
128,6,17,-13.26
128,6,18,-25.16
128,6,19,12.20
128,6,20,-26.21
128,6,21,-18.92
128,6,22,13.80
128,6,23,-10.67
128,6,24,-12.92
128,6,25,3.78
128,6,26,2.52
128,6,27,-19.67
128,6,28,-1.57
128,6,29,-10.91
128,6,30,-16.45
128,6,31,3.09
128,6,32,8.95
128,6,33,-33.88
128,6,34,-9.50
128,6,35,-19.90
128,6,36,0.00
128,6,37,11.41
128,6,38,38.34
128,6,39,2.01
128,6,40,-6.71
128,6,41,2.60
129,0,0,-19.21
129,0,1,-11.47
129,0,2,17.12
129,0,3,6.15
129,0,4,5.21
129,0,5,-26.09
129,0,6,7.65
129,0,7,-26.94
129,0,8,-25.00
129,0,9,-9.68
129,0,10,-14.56
129,0,11,-17.29
129,0,12,-23.21
129,0,13,-14.06
129,0,14,-31.63
129,0,15,-20.13
129,0,16,-17.35
129,0,17,-21.82
129,0,18,-32.74
129,0,19,-16.63
129,0,20,-21.03
129,0,21,-8.43
129,0,22,-16.94
129,0,23,-40.22
129,0,24,-47.07
129,0,25,2.27
129,0,26,2.35
129,0,27,-15.99
129,0,28,2.85
129,0,29,-31.72
129,0,30,-29.97
129,0,31,6.83
129,0,32,-22.04
129,0,33,-15.58
129,0,34,-2.11
129,0,35,-15.57
129,0,36,-17.57
129,0,37,-23.40
129,0,38,-15.07
129,0,39,-10.51
129,0,40,-19.75
129,0,41,-5.44
129,1,0,-14.66
129,1,1,-19.14
129,1,2,-10.23
129,1,3,-10.71
129,1,4,-8.88
129,1,5,-8.47
129,1,6,31.60
129,1,7,3.68
129,1,8,-2.90
129,1,9,24.75
129,1,10,28.63
129,1,11,7.41
129,1,12,-15.35
129,1,13,-22.72
129,1,14,-23.61
129,1,15,-3.50
129,1,16,-21.12
129,1,17,-21.15
129,1,18,-8.20
129,1,19,40.99
129,1,20,-5.42
129,1,21,-28.99
129,1,22,22.32
129,1,23,-6.58
129,1,24,-22.40
129,1,25,5.65
129,1,26,-14.29
129,1,27,-27.88
129,1,28,2.25
129,1,29,-28.63
129,1,30,-4.40
129,1,31,-5.20
129,1,32,-10.80
129,1,33,-32.48
129,1,34,28.19
129,1,35,-18.66
129,1,36,-20.51
129,1,37,-12.22
129,1,38,3.66
129,1,39,-25.11
129,1,40,-29.63
129,1,41,-26.59
129,2,0,-20.59
129,2,1,-27.44
129,2,2,-20.75
129,2,3,-25.86
129,2,4,1.19
129,2,5,-6.87
129,2,6,2.87
129,2,7,-25.53
129,2,8,-32.31
129,2,9,-17.84
129,2,10,-2.87
129,2,11,-21.92
129,2,12,-7.09
129,2,13,-13.58
129,2,14,2.93
129,2,15,-3.90
129,2,16,-1.40
129,2,17,11.88
129,2,18,-20.30
129,2,19,5.91
129,2,20,-18.43
129,2,21,-11.17
129,2,22,-5.49
129,2,23,-43.86
129,2,24,-28.75
129,2,25,4.80
129,2,26,-2.56
129,2,27,-22.34
129,2,28,-4.21
129,2,29,-14.08
129,2,30,-36.85
129,2,31,-14.37
129,2,32,2.54
129,2,33,-16.14
129,2,34,-9.33
129,2,35,-38.98
129,2,36,-14.70
129,2,37,-45.15
129,2,38,-8.21
129,2,39,-15.69
129,2,40,-12.65
129,2,41,-11.46
129,3,0,-11.36
129,3,1,-10.11
129,3,2,-20.53
129,3,3,-19.39
129,3,4,9.75
129,3,5,-13.91
129,3,6,2.96
129,3,7,-23.33
129,3,8,-7.99
129,3,9,0.38
129,3,10,-12.09
129,3,11,-19.47
129,3,12,1.38
129,3,13,-3.26
129,3,14,-15.51
129,3,15,-6.97
129,3,16,-5.81
129,3,17,-9.52
129,3,18,29.62
129,3,19,6.63
129,3,20,1.49
129,3,21,8.49
129,3,22,38.58
129,3,23,-5.89
129,3,24,-10.31
129,3,25,15.68
129,3,26,-12.34
129,3,27,-7.78
129,3,28,2.37
129,3,29,-28.66
129,3,30,-20.45
129,3,31,1.51
129,3,32,-1.70
129,3,33,-27.56
129,3,34,-12.63
129,3,35,-27.51
129,3,36,-24.78
129,3,37,-26.38
129,3,38,-20.12
129,3,39,-14.81
129,3,40,-18.35
129,3,41,-27.52
129,4,0,-6.48
129,4,1,-11.69
129,4,2,-27.61
129,4,3,-20.67
129,4,4,33.10
129,4,5,2.45
129,4,6,-10.96
129,4,7,-32.95
129,4,8,-24.85
129,4,9,2.70
129,4,10,2.99
129,4,11,-26.02
129,4,12,-22.48
129,4,13,-35.99
129,4,14,-16.46
129,4,15,-27.84
129,4,16,-21.90
129,4,17,-16.63
129,4,18,-29.46
129,4,19,-7.02
129,4,20,-19.06
129,4,21,-21.25
129,4,22,9.10
129,4,23,7.99
129,4,24,9.81
129,4,25,41.69
129,4,26,15.92
129,4,27,-7.82
129,4,28,9.41
129,4,29,5.33
129,4,30,-24.55
129,4,31,-5.48
129,4,32,14.87
129,4,33,-25.56
129,4,34,-9.12
129,4,35,-16.99
129,4,36,-18.38
129,4,37,2.02
129,4,38,25.56
129,4,39,3.64
129,4,40,-24.15
129,4,41,-3.94
129,5,0,-24.92
129,5,1,-35.85
129,5,2,-19.26
129,5,3,-36.98
129,5,4,-7.30
129,5,5,-15.74
129,5,6,-12.26
129,5,7,-42.73
129,5,8,-25.44
129,5,9,17.61
129,5,10,-2.44
129,5,11,-28.51
129,5,12,-16.78
129,5,13,-14.11
129,5,14,-12.37
129,5,15,-30.61
129,5,16,-21.80
129,5,17,-32.31
129,5,18,-18.40
129,5,19,31.16
129,5,20,-18.75
129,5,21,-19.50
129,5,22,0.01
129,5,23,-13.25
129,5,24,-21.51
129,5,25,2.99
129,5,26,-5.44
129,5,27,-15.79
129,5,28,2.44
129,5,29,-21.85
129,5,30,-18.00
129,5,31,4.23
129,5,32,14.60
129,5,33,-4.76
129,5,34,12.43
129,5,35,-15.99
129,5,36,-28.86
129,5,37,-35.90
129,5,38,2.74
129,5,39,-40.18
129,5,40,-19.89
129,5,41,-13.15
129,6,0,-30.84
129,6,1,-21.62
129,6,2,-19.98
129,6,3,-15.25
129,6,4,1.04
129,6,5,-35.99
129,6,6,2.57
129,6,7,-31.16
129,6,8,-17.80
129,6,9,-14.40
129,6,10,9.06
129,6,11,-10.13
129,6,12,-15.89
129,6,13,2.81
129,6,14,6.38
129,6,15,-10.70
129,6,16,-17.19
129,6,17,-13.26
129,6,18,-25.16
129,6,19,12.20
129,6,20,-26.21
129,6,21,-18.92
129,6,22,13.80
129,6,23,-10.67
129,6,24,-12.92
129,6,25,3.78
129,6,26,2.52
129,6,27,-19.67
129,6,28,-1.57
129,6,29,-10.91
129,6,30,-16.45
129,6,31,3.09
129,6,32,8.95
129,6,33,-33.88
129,6,34,-9.50
129,6,35,-19.90
129,6,36,0.00
129,6,37,11.41
129,6,38,38.34
129,6,39,2.01
129,6,40,-6.71
129,6,41,2.60
130,0,0,-19.21
130,0,1,-11.47
130,0,2,17.12
130,0,3,6.15
130,0,4,5.21
130,0,5,-26.09
130,0,6,7.65
130,0,7,-26.94
130,0,8,-25.00
130,0,9,-9.68
130,0,10,-14.56
130,0,11,-17.29
130,0,12,-23.21
130,0,13,-14.06
130,0,14,-31.63
130,0,15,-20.13
130,0,16,-17.35
130,0,17,-21.82
130,0,18,-32.74
130,0,19,-16.63
130,0,20,-21.03
130,0,21,-8.43
130,0,22,-16.94
130,0,23,-40.22
130,0,24,-47.07
130,0,25,2.27
130,0,26,2.35
130,0,27,-15.99
130,0,28,2.85
130,0,29,-31.72
130,0,30,-29.97
130,0,31,6.83
130,0,32,-22.04
130,0,33,-15.58
130,0,34,-2.11
130,0,35,-15.57
130,0,36,-17.57
130,0,37,-23.40
130,0,38,-15.07
130,0,39,-10.51
130,0,40,-19.75
130,0,41,-5.44
130,1,0,-14.66
130,1,1,-19.14
130,1,2,-10.23
130,1,3,-10.71
130,1,4,-8.88
130,1,5,-8.47
130,1,6,31.60
130,1,7,3.68
130,1,8,-2.90
130,1,9,24.75
130,1,10,28.63
130,1,11,7.41
130,1,12,-15.35
130,1,13,-22.72
130,1,14,-23.61
130,1,15,-3.50
130,1,16,-21.12
130,1,17,-21.15
130,1,18,-8.20
130,1,19,40.99
130,1,20,-5.42
130,1,21,-28.99
130,1,22,22.32
130,1,23,-6.58
130,1,24,-22.40
130,1,25,5.65
130,1,26,-14.29
130,1,27,-27.88
130,1,28,2.25
130,1,29,-28.63
130,1,30,-4.40
130,1,31,-5.20
130,1,32,-10.80
130,1,33,-32.48
130,1,34,28.19
130,1,35,-18.66
130,1,36,-20.51
130,1,37,-12.22
130,1,38,3.66
130,1,39,-25.11
130,1,40,-29.63
130,1,41,-26.59
130,2,0,-20.59
130,2,1,-27.44
130,2,2,-20.75
130,2,3,-25.86
130,2,4,1.19
130,2,5,-6.87
130,2,6,2.87
130,2,7,-25.53
130,2,8,-32.31
130,2,9,-17.84
130,2,10,-2.87
130,2,11,-21.92
130,2,12,-7.09
130,2,13,-13.58
130,2,14,2.93
130,2,15,-3.90
130,2,16,-1.40
130,2,17,11.88
130,2,18,-20.30
130,2,19,5.91
130,2,20,-18.43
130,2,21,-11.17
130,2,22,-5.49
130,2,23,-43.86
130,2,24,-28.75
130,2,25,4.80
130,2,26,-2.56
130,2,27,-22.34
130,2,28,-4.21
130,2,29,-14.08
130,2,30,-36.85
130,2,31,-14.37
130,2,32,2.54
130,2,33,-16.14
130,2,34,-9.33
130,2,35,-38.98
130,2,36,-14.70
130,2,37,-45.15
130,2,38,-8.21
130,2,39,-15.69
130,2,40,-12.65
130,2,41,-11.46
130,3,0,-11.36
130,3,1,-10.11
130,3,2,-20.53
130,3,3,-19.39
130,3,4,9.75
130,3,5,-13.91
130,3,6,2.96
130,3,7,-23.33
130,3,8,-7.99
130,3,9,0.38
130,3,10,-12.09
130,3,11,-19.47
130,3,12,1.38
130,3,13,-3.26
130,3,14,-15.51
130,3,15,-6.97
130,3,16,-5.81
130,3,17,-9.52
130,3,18,29.62
130,3,19,6.63
130,3,20,1.49
130,3,21,8.49
130,3,22,38.58
130,3,23,-5.89
130,3,24,-10.31
130,3,25,15.68
130,3,26,-12.34
130,3,27,-7.78
130,3,28,2.37
130,3,29,-28.66
130,3,30,-20.45
130,3,31,1.51
130,3,32,-1.70
130,3,33,-27.56
130,3,34,-12.63
130,3,35,-27.51
130,3,36,-24.78
130,3,37,-26.38
130,3,38,-20.12
130,3,39,-14.81
130,3,40,-18.35
130,3,41,-27.52
130,4,0,-6.48
130,4,1,-11.69
130,4,2,-27.61
130,4,3,-20.67
130,4,4,33.10
130,4,5,2.45
130,4,6,-10.96
130,4,7,-32.95
130,4,8,-24.85
130,4,9,2.70
130,4,10,2.99
130,4,11,-26.02
130,4,12,-22.48
130,4,13,-35.99
130,4,14,-16.46
130,4,15,-27.84
130,4,16,-21.90
130,4,17,-16.63
130,4,18,-29.46
130,4,19,-7.02
130,4,20,-19.06
130,4,21,-21.25
130,4,22,9.10
130,4,23,7.99
130,4,24,9.81
130,4,25,41.69
130,4,26,15.92
130,4,27,-7.82
130,4,28,9.41
130,4,29,5.33
130,4,30,-24.55
130,4,31,-5.48
130,4,32,14.87
130,4,33,-25.56
130,4,34,-9.12
130,4,35,-16.99
130,4,36,-18.38
130,4,37,2.02
130,4,38,25.56
130,4,39,3.64
130,4,40,-24.15
130,4,41,-3.94
130,5,0,-24.92
130,5,1,-35.85
130,5,2,-19.26
130,5,3,-36.98
130,5,4,-7.30
130,5,5,-15.74
130,5,6,-12.26
130,5,7,-42.73
130,5,8,-25.44
130,5,9,17.61
130,5,10,-2.44
130,5,11,-28.51
130,5,12,-16.78
130,5,13,-14.11
130,5,14,-12.37
130,5,15,-30.61
130,5,16,-21.80
130,5,17,-32.31
130,5,18,-18.40
130,5,19,31.16
130,5,20,-18.75
130,5,21,-19.50
130,5,22,0.01
130,5,23,-13.25
130,5,24,-21.51
130,5,25,2.99
130,5,26,-5.44
130,5,27,-15.79
130,5,28,2.44
130,5,29,-21.85
130,5,30,-18.00
130,5,31,4.23
130,5,32,14.60
130,5,33,-4.76
130,5,34,12.43
130,5,35,-15.99
130,5,36,-28.86
130,5,37,-35.90
130,5,38,2.74
130,5,39,-40.18
130,5,40,-19.89
130,5,41,-13.15
130,6,0,-30.84
130,6,1,-21.62
130,6,2,-19.98
130,6,3,-15.25
130,6,4,1.04
130,6,5,-35.99
130,6,6,2.57
130,6,7,-31.16
130,6,8,-17.80
130,6,9,-14.40
130,6,10,9.06
130,6,11,-10.13
130,6,12,-15.89
130,6,13,2.81
130,6,14,6.38
130,6,15,-10.70
130,6,16,-17.19
130,6,17,-13.26
130,6,18,-25.16
130,6,19,12.20
130,6,20,-26.21
130,6,21,-18.92
130,6,22,13.80
130,6,23,-10.67
130,6,24,-12.92
130,6,25,3.78
130,6,26,2.52
130,6,27,-19.67
130,6,28,-1.57
130,6,29,-10.91
130,6,30,-16.45
130,6,31,3.09
130,6,32,8.95
130,6,33,-33.88
130,6,34,-9.50
130,6,35,-19.90
130,6,36,0.00
130,6,37,11.41
130,6,38,38.34
130,6,39,2.01
130,6,40,-6.71
130,6,41,2.60
131,0,0,-19.21
131,0,1,-11.47
131,0,2,17.12
131,0,3,6.15
131,0,4,5.21
131,0,5,-26.09
131,0,6,7.65
131,0,7,-26.94
131,0,8,-25.00
131,0,9,-9.68
131,0,10,-14.56
131,0,11,-17.29
131,0,12,-23.21
131,0,13,-14.06
131,0,14,-31.63
131,0,15,-20.13
131,0,16,-17.35
131,0,17,-21.82
131,0,18,-32.74
131,0,19,-16.63
131,0,20,-21.03
131,0,21,-8.43
131,0,22,-16.94
131,0,23,-40.22
131,0,24,-47.07
131,0,25,2.27
131,0,26,2.35
131,0,27,-15.99
131,0,28,2.85
131,0,29,-31.72
131,0,30,-29.97
131,0,31,6.83
131,0,32,-22.04
131,0,33,-15.58
131,0,34,-2.11
131,0,35,-15.57
131,0,36,-17.57
131,0,37,-23.40
131,0,38,-15.07
131,0,39,-10.51
131,0,40,-19.75
131,0,41,-5.44
131,1,0,-14.66
131,1,1,-19.14
131,1,2,-10.23
131,1,3,-10.71
131,1,4,-8.88
131,1,5,-8.47
131,1,6,31.60
131,1,7,3.68
131,1,8,-2.90
131,1,9,24.75
131,1,10,28.63
131,1,11,7.41
131,1,12,-15.35
131,1,13,-22.72
131,1,14,-23.61
131,1,15,-3.50
131,1,16,-21.12
131,1,17,-21.15
131,1,18,-8.20
131,1,19,40.99
131,1,20,-5.42
131,1,21,-28.99
131,1,22,22.32
131,1,23,-6.58
131,1,24,-22.40
131,1,25,5.65
131,1,26,-14.29
131,1,27,-27.88
131,1,28,2.25
131,1,29,-28.63
131,1,30,-4.40
131,1,31,-5.20
131,1,32,-10.80
131,1,33,-32.48
131,1,34,28.19
131,1,35,-18.66
131,1,36,-20.51
131,1,37,-12.22
131,1,38,3.66
131,1,39,-25.11
131,1,40,-29.63
131,1,41,-26.59
131,2,0,-20.59
131,2,1,-27.44
131,2,2,-20.75
131,2,3,-25.86
131,2,4,1.19
131,2,5,-6.87
131,2,6,2.87
131,2,7,-25.53
131,2,8,-32.31
131,2,9,-17.84
131,2,10,-2.87
131,2,11,-21.92
131,2,12,-7.09
131,2,13,-13.58
131,2,14,2.93
131,2,15,-3.90
131,2,16,-1.40
131,2,17,11.88
131,2,18,-20.30
131,2,19,5.91
131,2,20,-18.43
131,2,21,-11.17
131,2,22,-5.49
131,2,23,-43.86
131,2,24,-28.75
131,2,25,4.80
131,2,26,-2.56
131,2,27,-22.34
131,2,28,-4.21
131,2,29,-14.08
131,2,30,-36.85
131,2,31,-14.37
131,2,32,2.54
131,2,33,-16.14
131,2,34,-9.33
131,2,35,-38.98
131,2,36,-14.70
131,2,37,-45.15
131,2,38,-8.21
131,2,39,-15.69
131,2,40,-12.65
131,2,41,-11.46
131,3,0,-11.36
131,3,1,-10.11
131,3,2,-20.53
131,3,3,-19.39
131,3,4,9.75
131,3,5,-13.91
131,3,6,2.96
131,3,7,-23.33
131,3,8,-7.99
131,3,9,0.38
131,3,10,-12.09
131,3,11,-19.47
131,3,12,1.38
131,3,13,-3.26
131,3,14,-15.51
131,3,15,-6.97
131,3,16,-5.81
131,3,17,-9.52
131,3,18,29.62
131,3,19,6.63
131,3,20,1.49
131,3,21,8.49
131,3,22,38.58
131,3,23,-5.89
131,3,24,-10.31
131,3,25,15.68
131,3,26,-12.34
131,3,27,-7.78
131,3,28,2.37
131,3,29,-28.66
131,3,30,-20.45
131,3,31,1.51
131,3,32,-1.70
131,3,33,-27.56
131,3,34,-12.63
131,3,35,-27.51
131,3,36,-24.78
131,3,37,-26.38
131,3,38,-20.12
131,3,39,-14.81
131,3,40,-18.35
131,3,41,-27.52
131,4,0,-6.48
131,4,1,-11.69
131,4,2,-27.61
131,4,3,-20.67
131,4,4,33.10
131,4,5,2.45
131,4,6,-10.96
131,4,7,-32.95
131,4,8,-24.85
131,4,9,2.70
131,4,10,2.99
131,4,11,-26.02
131,4,12,-22.48
131,4,13,-35.99
131,4,14,-16.46
131,4,15,-27.84
131,4,16,-21.90
131,4,17,-16.63
131,4,18,-29.46
131,4,19,-7.02
131,4,20,-19.06
131,4,21,-21.25
131,4,22,9.10
131,4,23,7.99
131,4,24,9.81
131,4,25,41.69
131,4,26,15.92
131,4,27,-7.82
131,4,28,9.41
131,4,29,5.33
131,4,30,-24.55
131,4,31,-5.48
131,4,32,14.87
131,4,33,-25.56
131,4,34,-9.12
131,4,35,-16.99
131,4,36,-18.38
131,4,37,2.02
131,4,38,25.56
131,4,39,3.64
131,4,40,-24.15
131,4,41,-3.94
131,5,0,-24.92
131,5,1,-35.85
131,5,2,-19.26
131,5,3,-36.98
131,5,4,-7.30
131,5,5,-15.74
131,5,6,-12.26
131,5,7,-42.73
131,5,8,-25.44
131,5,9,17.61
131,5,10,-2.44
131,5,11,-28.51
131,5,12,-16.78
131,5,13,-14.11
131,5,14,-12.37
131,5,15,-30.61
131,5,16,-21.80
131,5,17,-32.31
131,5,18,-18.40
131,5,19,31.16
131,5,20,-18.75
131,5,21,-19.50
131,5,22,0.01
131,5,23,-13.25
131,5,24,-21.51
131,5,25,2.99
131,5,26,-5.44
131,5,27,-15.79
131,5,28,2.44
131,5,29,-21.85
131,5,30,-18.00
131,5,31,4.23
131,5,32,14.60
131,5,33,-4.76
131,5,34,12.43
131,5,35,-15.99
131,5,36,-28.86
131,5,37,-35.90
131,5,38,2.74
131,5,39,-40.18
131,5,40,-19.89
131,5,41,-13.15
131,6,0,-30.84
131,6,1,-21.62
131,6,2,-19.98
131,6,3,-15.25
131,6,4,1.04
131,6,5,-35.99
131,6,6,2.57
131,6,7,-31.16
131,6,8,-17.80
131,6,9,-14.40
131,6,10,9.06
131,6,11,-10.13
131,6,12,-15.89
131,6,13,2.81
131,6,14,6.38
131,6,15,-10.70
131,6,16,-17.19
131,6,17,-13.26
131,6,18,-25.16
131,6,19,12.20
131,6,20,-26.21
131,6,21,-18.92
131,6,22,13.80
131,6,23,-10.67
131,6,24,-12.92
131,6,25,3.78
131,6,26,2.52
131,6,27,-19.67
131,6,28,-1.57
131,6,29,-10.91
131,6,30,-16.45
131,6,31,3.09
131,6,32,8.95
131,6,33,-33.88
131,6,34,-9.50
131,6,35,-19.90
131,6,36,0.00
131,6,37,11.41
131,6,38,38.34
131,6,39,2.01
131,6,40,-6.71
131,6,41,2.60
132,0,0,-19.21
132,0,1,-11.47
132,0,2,17.12
132,0,3,6.15
132,0,4,5.21
132,0,5,-26.09
132,0,6,7.65
132,0,7,-26.94
132,0,8,-25.00
132,0,9,-9.68
132,0,10,-14.56
132,0,11,-17.29
132,0,12,-23.21
132,0,13,-14.06
132,0,14,-31.63
132,0,15,-20.13
132,0,16,-17.35
132,0,17,-21.82
132,0,18,-32.74
132,0,19,-16.63
132,0,20,-21.03
132,0,21,-8.43
132,0,22,-16.94
132,0,23,-40.22
132,0,24,-47.07
132,0,25,2.27
132,0,26,2.35
132,0,27,-15.99
132,0,28,2.85
132,0,29,-31.72
132,0,30,-29.97
132,0,31,6.83
132,0,32,-22.04
132,0,33,-15.58
132,0,34,-2.11
132,0,35,-15.57
132,0,36,-17.57
132,0,37,-23.40
132,0,38,-15.07
132,0,39,-10.51
132,0,40,-19.75
132,0,41,-5.44
132,1,0,-14.66
132,1,1,-19.14
132,1,2,-10.23
132,1,3,-10.71
132,1,4,-8.88
132,1,5,-8.47
132,1,6,31.60
132,1,7,3.68
132,1,8,-2.90
132,1,9,24.75
132,1,10,28.63
132,1,11,7.41
132,1,12,-15.35
132,1,13,-22.72
132,1,14,-23.61
132,1,15,-3.50
132,1,16,-21.12
132,1,17,-21.15
132,1,18,-8.20
132,1,19,40.99
132,1,20,-5.42
132,1,21,-28.99
132,1,22,22.32
132,1,23,-6.58
132,1,24,-22.40
132,1,25,5.65
132,1,26,-14.29
132,1,27,-27.88
132,1,28,2.25
132,1,29,-28.63
132,1,30,-4.40
132,1,31,-5.20
132,1,32,-10.80
132,1,33,-32.48
132,1,34,28.19
132,1,35,-18.66
132,1,36,-20.51
132,1,37,-12.22
132,1,38,3.66
132,1,39,-25.11
132,1,40,-29.63
132,1,41,-26.59
132,2,0,-20.59
132,2,1,-27.44
132,2,2,-20.75
132,2,3,-25.86
132,2,4,1.19
132,2,5,-6.87
132,2,6,2.87
132,2,7,-25.53
132,2,8,-32.31
132,2,9,-17.84
132,2,10,-2.87
132,2,11,-21.92
132,2,12,-7.09
132,2,13,-13.58
132,2,14,2.93
132,2,15,-3.90
132,2,16,-1.40
132,2,17,11.88
132,2,18,-20.30
132,2,19,5.91
132,2,20,-18.43
132,2,21,-11.17
132,2,22,-5.49
132,2,23,-43.86
132,2,24,-28.75
132,2,25,4.80
132,2,26,-2.56
132,2,27,-22.34
132,2,28,-4.21
132,2,29,-14.08
132,2,30,-36.85
132,2,31,-14.37
132,2,32,2.54
132,2,33,-16.14
132,2,34,-9.33
132,2,35,-38.98
132,2,36,-14.70
132,2,37,-45.15
132,2,38,-8.21
132,2,39,-15.69
132,2,40,-12.65
132,2,41,-11.46
132,3,0,-11.36
132,3,1,-10.11
132,3,2,-20.53
132,3,3,-19.39
132,3,4,9.75
132,3,5,-13.91
132,3,6,2.96
132,3,7,-23.33
132,3,8,-7.99
132,3,9,0.38
132,3,10,-12.09
132,3,11,-19.47
132,3,12,1.38
132,3,13,-3.26
132,3,14,-15.51
132,3,15,-6.97
132,3,16,-5.81
132,3,17,-9.52
132,3,18,29.62
132,3,19,6.63
132,3,20,1.49
132,3,21,8.49
132,3,22,38.58
132,3,23,-5.89
132,3,24,-10.31
132,3,25,15.68
132,3,26,-12.34
132,3,27,-7.78
132,3,28,2.37
132,3,29,-28.66
132,3,30,-20.45
132,3,31,1.51
132,3,32,-1.70
132,3,33,-27.56
132,3,34,-12.63
132,3,35,-27.51
132,3,36,-24.78
132,3,37,-26.38
132,3,38,-20.12
132,3,39,-14.81
132,3,40,-18.35
132,3,41,-27.52
132,4,0,-6.48
132,4,1,-11.69
132,4,2,-27.61
132,4,3,-20.67
132,4,4,33.10
132,4,5,2.45
132,4,6,-10.96
132,4,7,-32.95
132,4,8,-24.85
132,4,9,2.70
132,4,10,2.99
132,4,11,-26.02
132,4,12,-22.48
132,4,13,-35.99
132,4,14,-16.46
132,4,15,-27.84
132,4,16,-21.90
132,4,17,-16.63
132,4,18,-29.46
132,4,19,-7.02
132,4,20,-19.06
132,4,21,-21.25
132,4,22,9.10
132,4,23,7.99
132,4,24,9.81
132,4,25,41.69
132,4,26,15.92
132,4,27,-7.82
132,4,28,9.41
132,4,29,5.33
132,4,30,-24.55
132,4,31,-5.48
132,4,32,14.87
132,4,33,-25.56
132,4,34,-9.12
132,4,35,-16.99
132,4,36,-18.38
132,4,37,2.02
132,4,38,25.56
132,4,39,3.64
132,4,40,-24.15
132,4,41,-3.94
132,5,0,-24.92
132,5,1,-35.85
132,5,2,-19.26
132,5,3,-36.98
132,5,4,-7.30
132,5,5,-15.74
132,5,6,-12.26
132,5,7,-42.73
132,5,8,-25.44
132,5,9,17.61
132,5,10,-2.44
132,5,11,-28.51
132,5,12,-16.78
132,5,13,-14.11
132,5,14,-12.37
132,5,15,-30.61
132,5,16,-21.80
132,5,17,-32.31
132,5,18,-18.40
132,5,19,31.16
132,5,20,-18.75
132,5,21,-19.50
132,5,22,0.01
132,5,23,-13.25
132,5,24,-21.51
132,5,25,2.99
132,5,26,-5.44
132,5,27,-15.79
132,5,28,2.44
132,5,29,-21.85
132,5,30,-18.00
132,5,31,4.23
132,5,32,14.60
132,5,33,-4.76
132,5,34,12.43
132,5,35,-15.99
132,5,36,-28.86
132,5,37,-35.90
132,5,38,2.74
132,5,39,-40.18
132,5,40,-19.89
132,5,41,-13.15
132,6,0,-30.84
132,6,1,-21.62
132,6,2,-19.98
132,6,3,-15.25
132,6,4,1.04
132,6,5,-35.99
132,6,6,2.57
132,6,7,-31.16
132,6,8,-17.80
132,6,9,-14.40
132,6,10,9.06
132,6,11,-10.13
132,6,12,-15.89
132,6,13,2.81
132,6,14,6.38
132,6,15,-10.70
132,6,16,-17.19
132,6,17,-13.26
132,6,18,-25.16
132,6,19,12.20
132,6,20,-26.21
132,6,21,-18.92
132,6,22,13.80
132,6,23,-10.67
132,6,24,-12.92
132,6,25,3.78
132,6,26,2.52
132,6,27,-19.67
132,6,28,-1.57
132,6,29,-10.91
132,6,30,-16.45
132,6,31,3.09
132,6,32,8.95
132,6,33,-33.88
132,6,34,-9.50
132,6,35,-19.90
132,6,36,0.00
132,6,37,11.41
132,6,38,38.34
132,6,39,2.01
132,6,40,-6.71
132,6,41,2.60
133,0,0,-19.21
133,0,1,-11.47
133,0,2,17.12
133,0,3,6.15
133,0,4,5.21
133,0,5,-26.09
133,0,6,7.65
133,0,7,-26.94
133,0,8,-25.00
133,0,9,-9.68
133,0,10,-14.56
133,0,11,-17.29
133,0,12,-23.21
133,0,13,-14.06
133,0,14,-31.63
133,0,15,-20.13
133,0,16,-17.35
133,0,17,-21.82
133,0,18,-32.74
133,0,19,-16.63
133,0,20,-21.03
133,0,21,-8.43
133,0,22,-16.94
133,0,23,-40.22
133,0,24,-47.07
133,0,25,2.27
133,0,26,2.35
133,0,27,-15.99
133,0,28,2.85
133,0,29,-31.72
133,0,30,-29.97
133,0,31,6.83
133,0,32,-22.04
133,0,33,-15.58
133,0,34,-2.11
133,0,35,-15.57
133,0,36,-17.57
133,0,37,-23.40
133,0,38,-15.07
133,0,39,-10.51
133,0,40,-19.75
133,0,41,-5.44
133,1,0,-14.66
133,1,1,-19.14
133,1,2,-10.23
133,1,3,-10.71
133,1,4,-8.88
133,1,5,-8.47
133,1,6,31.60
133,1,7,3.68
133,1,8,-2.90
133,1,9,24.75
133,1,10,28.63
133,1,11,7.41
133,1,12,-15.35
133,1,13,-22.72
133,1,14,-23.61
133,1,15,-3.50
133,1,16,-21.12
133,1,17,-21.15
133,1,18,-8.20
133,1,19,40.99
133,1,20,-5.42
133,1,21,-28.99
133,1,22,22.32
133,1,23,-6.58
133,1,24,-22.40
133,1,25,5.65
133,1,26,-14.29
133,1,27,-27.88
133,1,28,2.25
133,1,29,-28.63
133,1,30,-4.40
133,1,31,-5.20
133,1,32,-10.80
133,1,33,-32.48
133,1,34,28.19
133,1,35,-18.66
133,1,36,-20.51
133,1,37,-12.22
133,1,38,3.66
133,1,39,-25.11
133,1,40,-29.63
133,1,41,-26.59
133,2,0,-20.59
133,2,1,-27.44
133,2,2,-20.75
133,2,3,-25.86
133,2,4,1.19
133,2,5,-6.87
133,2,6,2.87
133,2,7,-25.53
133,2,8,-32.31
133,2,9,-17.84
133,2,10,-2.87
133,2,11,-21.92
133,2,12,-7.09
133,2,13,-13.58
133,2,14,2.93
133,2,15,-3.90
133,2,16,-1.40
133,2,17,11.88
133,2,18,-20.30
133,2,19,5.91
133,2,20,-18.43
133,2,21,-11.17
133,2,22,-5.49
133,2,23,-43.86
133,2,24,-28.75
133,2,25,4.80
133,2,26,-2.56
133,2,27,-22.34
133,2,28,-4.21
133,2,29,-14.08
133,2,30,-36.85
133,2,31,-14.37
133,2,32,2.54
133,2,33,-16.14
133,2,34,-9.33
133,2,35,-38.98
133,2,36,-14.70
133,2,37,-45.15
133,2,38,-8.21
133,2,39,-15.69
133,2,40,-12.65
133,2,41,-11.46
133,3,0,-11.36
133,3,1,-10.11
133,3,2,-20.53
133,3,3,-19.39
133,3,4,9.75
133,3,5,-13.91
133,3,6,2.96
133,3,7,-23.33
133,3,8,-7.99
133,3,9,0.38
133,3,10,-12.09
133,3,11,-19.47
133,3,12,1.38
133,3,13,-3.26
133,3,14,-15.51
133,3,15,-6.97
133,3,16,-5.81
133,3,17,-9.52
133,3,18,29.62
133,3,19,6.63
133,3,20,1.49
133,3,21,8.49
133,3,22,38.58
133,3,23,-5.89
133,3,24,-10.31
133,3,25,15.68
133,3,26,-12.34
133,3,27,-7.78
133,3,28,2.37
133,3,29,-28.66
133,3,30,-20.45
133,3,31,1.51
133,3,32,-1.70
133,3,33,-27.56
133,3,34,-12.63
133,3,35,-27.51
133,3,36,-24.78
133,3,37,-26.38
133,3,38,-20.12
133,3,39,-14.81
133,3,40,-18.35
133,3,41,-27.52
133,4,0,-6.48
133,4,1,-11.69
133,4,2,-27.61
133,4,3,-20.67
133,4,4,33.10
133,4,5,2.45
133,4,6,-10.96
133,4,7,-32.95
133,4,8,-24.85
133,4,9,2.70
133,4,10,2.99
133,4,11,-26.02
133,4,12,-22.48
133,4,13,-35.99
133,4,14,-16.46
133,4,15,-27.84
133,4,16,-21.90
133,4,17,-16.63
133,4,18,-29.46
133,4,19,-7.02
133,4,20,-19.06
133,4,21,-21.25
133,4,22,9.10
133,4,23,7.99
133,4,24,9.81
133,4,25,41.69
133,4,26,15.92
133,4,27,-7.82
133,4,28,9.41
133,4,29,5.33
133,4,30,-24.55
133,4,31,-5.48
133,4,32,14.87
133,4,33,-25.56
133,4,34,-9.12
133,4,35,-16.99
133,4,36,-18.38
133,4,37,2.02
133,4,38,25.56
133,4,39,3.64
133,4,40,-24.15
133,4,41,-3.94
133,5,0,-24.92
133,5,1,-35.85
133,5,2,-19.26
133,5,3,-36.98
133,5,4,-7.30
133,5,5,-15.74
133,5,6,-12.26
133,5,7,-42.73
133,5,8,-25.44
133,5,9,17.61
133,5,10,-2.44
133,5,11,-28.51
133,5,12,-16.78
133,5,13,-14.11
133,5,14,-12.37
133,5,15,-30.61
133,5,16,-21.80
133,5,17,-32.31
133,5,18,-18.40
133,5,19,31.16
133,5,20,-18.75
133,5,21,-19.50
133,5,22,0.01
133,5,23,-13.25
133,5,24,-21.51
133,5,25,2.99
133,5,26,-5.44
133,5,27,-15.79
133,5,28,2.44
133,5,29,-21.85
133,5,30,-18.00
133,5,31,4.23
133,5,32,14.60
133,5,33,-4.76
133,5,34,12.43
133,5,35,-15.99
133,5,36,-28.86
133,5,37,-35.90
133,5,38,2.74
133,5,39,-40.18
133,5,40,-19.89
133,5,41,-13.15
133,6,0,-30.84
133,6,1,-21.62
133,6,2,-19.98
133,6,3,-15.25
133,6,4,1.04
133,6,5,-35.99
133,6,6,2.57
133,6,7,-31.16
133,6,8,-17.80
133,6,9,-14.40
133,6,10,9.06
133,6,11,-10.13
133,6,12,-15.89
133,6,13,2.81
133,6,14,6.38
133,6,15,-10.70
133,6,16,-17.19
133,6,17,-13.26
133,6,18,-25.16
133,6,19,12.20
133,6,20,-26.21
133,6,21,-18.92
133,6,22,13.80
133,6,23,-10.67
133,6,24,-12.92
133,6,25,3.78
133,6,26,2.52
133,6,27,-19.67
133,6,28,-1.57
133,6,29,-10.91
133,6,30,-16.45
133,6,31,3.09
133,6,32,8.95
133,6,33,-33.88
133,6,34,-9.50
133,6,35,-19.90
133,6,36,0.00
133,6,37,11.41
133,6,38,38.34
133,6,39,2.01
133,6,40,-6.71
133,6,41,2.60
134,0,0,-19.21
134,0,1,-11.47
134,0,2,17.12
134,0,3,6.15
134,0,4,5.21
134,0,5,-26.09
134,0,6,7.65
134,0,7,-26.94
134,0,8,-25.00
134,0,9,-9.68
134,0,10,-14.56
134,0,11,-17.29
134,0,12,-23.21
134,0,13,-14.06
134,0,14,-31.63
134,0,15,-20.13
134,0,16,-17.35
134,0,17,-21.82
134,0,18,-32.74
134,0,19,-16.63
134,0,20,-21.03
134,0,21,-8.43
134,0,22,-16.94
134,0,23,-40.22
134,0,24,-47.07
134,0,25,2.27
134,0,26,2.35
134,0,27,-15.99
134,0,28,2.85
134,0,29,-31.72
134,0,30,-29.97
134,0,31,6.83
134,0,32,-22.04
134,0,33,-15.58
134,0,34,-2.11
134,0,35,-15.57
134,0,36,-17.57
134,0,37,-23.40
134,0,38,-15.07
134,0,39,-10.51
134,0,40,-19.75
134,0,41,-5.44
134,1,0,-14.66
134,1,1,-19.14
134,1,2,-10.23
134,1,3,-10.71
134,1,4,-8.88
134,1,5,-8.47
134,1,6,31.60
134,1,7,3.68
134,1,8,-2.90
134,1,9,24.75
134,1,10,28.63
134,1,11,7.41
134,1,12,-15.35
134,1,13,-22.72
134,1,14,-23.61
134,1,15,-3.50
134,1,16,-21.12
134,1,17,-21.15
134,1,18,-8.20
134,1,19,40.99
134,1,20,-5.42
134,1,21,-28.99
134,1,22,22.32
134,1,23,-6.58
134,1,24,-22.40
134,1,25,5.65
134,1,26,-14.29
134,1,27,-27.88
134,1,28,2.25
134,1,29,-28.63
134,1,30,-4.40
134,1,31,-5.20
134,1,32,-10.80
134,1,33,-32.48
134,1,34,28.19
134,1,35,-18.66
134,1,36,-20.51
134,1,37,-12.22
134,1,38,3.66
134,1,39,-25.11
134,1,40,-29.63
134,1,41,-26.59
134,2,0,-20.59
134,2,1,-27.44
134,2,2,-20.75
134,2,3,-25.86
134,2,4,1.19
134,2,5,-6.87
134,2,6,2.87
134,2,7,-25.53
134,2,8,-32.31
134,2,9,-17.84
134,2,10,-2.87
134,2,11,-21.92
134,2,12,-7.09
134,2,13,-13.58
134,2,14,2.93
134,2,15,-3.90
134,2,16,-1.40
134,2,17,11.88
134,2,18,-20.30
134,2,19,5.91
134,2,20,-18.43
134,2,21,-11.17
134,2,22,-5.49
134,2,23,-43.86
134,2,24,-28.75
134,2,25,4.80
134,2,26,-2.56
134,2,27,-22.34
134,2,28,-4.21
134,2,29,-14.08
134,2,30,-36.85
134,2,31,-14.37
134,2,32,2.54
134,2,33,-16.14
134,2,34,-9.33
134,2,35,-38.98
134,2,36,-14.70
134,2,37,-45.15
134,2,38,-8.21
134,2,39,-15.69
134,2,40,-12.65
134,2,41,-11.46
134,3,0,-11.36
134,3,1,-10.11
134,3,2,-20.53
134,3,3,-19.39
134,3,4,9.75
134,3,5,-13.91
134,3,6,2.96
134,3,7,-23.33
134,3,8,-7.99
134,3,9,0.38
134,3,10,-12.09
134,3,11,-19.47
134,3,12,1.38
134,3,13,-3.26
134,3,14,-15.51
134,3,15,-6.97
134,3,16,-5.81
134,3,17,-9.52
134,3,18,29.62
134,3,19,6.63
134,3,20,1.49
134,3,21,8.49
134,3,22,38.58
134,3,23,-5.89
134,3,24,-10.31
134,3,25,15.68
134,3,26,-12.34
134,3,27,-7.78
134,3,28,2.37
134,3,29,-28.66
134,3,30,-20.45
134,3,31,1.51
134,3,32,-1.70
134,3,33,-27.56
134,3,34,-12.63
134,3,35,-27.51
134,3,36,-24.78
134,3,37,-26.38
134,3,38,-20.12
134,3,39,-14.81
134,3,40,-18.35
134,3,41,-27.52
134,4,0,-6.48
134,4,1,-11.69
134,4,2,-27.61
134,4,3,-20.67
134,4,4,33.10
134,4,5,2.45
134,4,6,-10.96
134,4,7,-32.95
134,4,8,-24.85
134,4,9,2.70
134,4,10,2.99
134,4,11,-26.02
134,4,12,-22.48
134,4,13,-35.99
134,4,14,-16.46
134,4,15,-27.84
134,4,16,-21.90
134,4,17,-16.63
134,4,18,-29.46
134,4,19,-7.02
134,4,20,-19.06
134,4,21,-21.25
134,4,22,9.10
134,4,23,7.99
134,4,24,9.81
134,4,25,41.69
134,4,26,15.92
134,4,27,-7.82
134,4,28,9.41
134,4,29,5.33
134,4,30,-24.55
134,4,31,-5.48
134,4,32,14.87
134,4,33,-25.56
134,4,34,-9.12
134,4,35,-16.99
134,4,36,-18.38
134,4,37,2.02
134,4,38,25.56
134,4,39,3.64
134,4,40,-24.15
134,4,41,-3.94
134,5,0,-24.92
134,5,1,-35.85
134,5,2,-19.26
134,5,3,-36.98
134,5,4,-7.30
134,5,5,-15.74
134,5,6,-12.26
134,5,7,-42.73
134,5,8,-25.44
134,5,9,17.61
134,5,10,-2.44
134,5,11,-28.51
134,5,12,-16.78
134,5,13,-14.11
134,5,14,-12.37
134,5,15,-30.61
134,5,16,-21.80
134,5,17,-32.31
134,5,18,-18.40
134,5,19,31.16
134,5,20,-18.75
134,5,21,-19.50
134,5,22,0.01
134,5,23,-13.25
134,5,24,-21.51
134,5,25,2.99
134,5,26,-5.44
134,5,27,-15.79
134,5,28,2.44
134,5,29,-21.85
134,5,30,-18.00
134,5,31,4.23
134,5,32,14.60
134,5,33,-4.76
134,5,34,12.43
134,5,35,-15.99
134,5,36,-28.86
134,5,37,-35.90
134,5,38,2.74
134,5,39,-40.18
134,5,40,-19.89
134,5,41,-13.15
134,6,0,-30.84
134,6,1,-21.62
134,6,2,-19.98
134,6,3,-15.25
134,6,4,1.04
134,6,5,-35.99
134,6,6,2.57
134,6,7,-31.16
134,6,8,-17.80
134,6,9,-14.40
134,6,10,9.06
134,6,11,-10.13
134,6,12,-15.89
134,6,13,2.81
134,6,14,6.38
134,6,15,-10.70
134,6,16,-17.19
134,6,17,-13.26
134,6,18,-25.16
134,6,19,12.20
134,6,20,-26.21
134,6,21,-18.92
134,6,22,13.80
134,6,23,-10.67
134,6,24,-12.92
134,6,25,3.78
134,6,26,2.52
134,6,27,-19.67
134,6,28,-1.57
134,6,29,-10.91
134,6,30,-16.45
134,6,31,3.09
134,6,32,8.95
134,6,33,-33.88
134,6,34,-9.50
134,6,35,-19.90
134,6,36,0.00
134,6,37,11.41
134,6,38,38.34
134,6,39,2.01
134,6,40,-6.71
134,6,41,2.60
135,0,0,-19.21
135,0,1,-11.47
135,0,2,17.12
135,0,3,6.15
135,0,4,5.21
135,0,5,-26.09
135,0,6,7.65
135,0,7,-26.94
135,0,8,-25.00
135,0,9,-9.68
135,0,10,-14.56
135,0,11,-17.29
135,0,12,-23.21
135,0,13,-14.06
135,0,14,-31.63
135,0,15,-20.13
135,0,16,-17.35
135,0,17,-21.82
135,0,18,-32.74
135,0,19,-16.63
135,0,20,-21.03
135,0,21,-8.43
135,0,22,-16.94
135,0,23,-40.22
135,0,24,-47.07
135,0,25,2.27
135,0,26,2.35
135,0,27,-15.99
135,0,28,2.85
135,0,29,-31.72
135,0,30,-29.97
135,0,31,6.83
135,0,32,-22.04
135,0,33,-15.58
135,0,34,-2.11
135,0,35,-15.57
135,0,36,-17.57
135,0,37,-23.40
135,0,38,-15.07
135,0,39,-10.51
135,0,40,-19.75
135,0,41,-5.44
135,1,0,-14.66
135,1,1,-19.14
135,1,2,-10.23
135,1,3,-10.71
135,1,4,-8.88
135,1,5,-8.47
135,1,6,31.60
135,1,7,3.68
135,1,8,-2.90
135,1,9,24.75
135,1,10,28.63
135,1,11,7.41
135,1,12,-15.35
135,1,13,-22.72
135,1,14,-23.61
135,1,15,-3.50
135,1,16,-21.12
135,1,17,-21.15
135,1,18,-8.20
135,1,19,40.99
135,1,20,-5.42
135,1,21,-28.99
135,1,22,22.32
135,1,23,-6.58
135,1,24,-22.40
135,1,25,5.65
135,1,26,-14.29
135,1,27,-27.88
135,1,28,2.25
135,1,29,-28.63
135,1,30,-4.40
135,1,31,-5.20
135,1,32,-10.80
135,1,33,-32.48
135,1,34,28.19
135,1,35,-18.66
135,1,36,-20.51
135,1,37,-12.22
135,1,38,3.66
135,1,39,-25.11
135,1,40,-29.63
135,1,41,-26.59
135,2,0,-20.59
135,2,1,-27.44
135,2,2,-20.75
135,2,3,-25.86
135,2,4,1.19
135,2,5,-6.87
135,2,6,2.87
135,2,7,-25.53
135,2,8,-32.31
135,2,9,-17.84
135,2,10,-2.87
135,2,11,-21.92
135,2,12,-7.09
135,2,13,-13.58
135,2,14,2.93
135,2,15,-3.90
135,2,16,-1.40
135,2,17,11.88
135,2,18,-20.30
135,2,19,5.91
135,2,20,-18.43
135,2,21,-11.17
135,2,22,-5.49
135,2,23,-43.86
135,2,24,-28.75
135,2,25,4.80
135,2,26,-2.56
135,2,27,-22.34
135,2,28,-4.21
135,2,29,-14.08
135,2,30,-36.85
135,2,31,-14.37
135,2,32,2.54
135,2,33,-16.14
135,2,34,-9.33
135,2,35,-38.98
135,2,36,-14.70
135,2,37,-45.15
135,2,38,-8.21
135,2,39,-15.69
135,2,40,-12.65
135,2,41,-11.46
135,3,0,-11.36
135,3,1,-10.11
135,3,2,-20.53
135,3,3,-19.39
135,3,4,9.75
135,3,5,-13.91
135,3,6,2.96
135,3,7,-23.33
135,3,8,-7.99
135,3,9,0.38
135,3,10,-12.09
135,3,11,-19.47
135,3,12,1.38
135,3,13,-3.26
135,3,14,-15.51
135,3,15,-6.97
135,3,16,-5.81
135,3,17,-9.52
135,3,18,29.62
135,3,19,6.63
135,3,20,1.49
135,3,21,8.49
135,3,22,38.58
135,3,23,-5.89
135,3,24,-10.31
135,3,25,15.68
135,3,26,-12.34
135,3,27,-7.78
135,3,28,2.37
135,3,29,-28.66
135,3,30,-20.45
135,3,31,1.51
135,3,32,-1.70
135,3,33,-27.56
135,3,34,-12.63
135,3,35,-27.51
135,3,36,-24.78
135,3,37,-26.38
135,3,38,-20.12
135,3,39,-14.81
135,3,40,-18.35
135,3,41,-27.52
135,4,0,-6.48
135,4,1,-11.69
135,4,2,-27.61
135,4,3,-20.67
135,4,4,33.10
135,4,5,2.45
135,4,6,-10.96
135,4,7,-32.95
135,4,8,-24.85
135,4,9,2.70
135,4,10,2.99
135,4,11,-26.02
135,4,12,-22.48
135,4,13,-35.99
135,4,14,-16.46
135,4,15,-27.84
135,4,16,-21.90
135,4,17,-16.63
135,4,18,-29.46
135,4,19,-7.02
135,4,20,-19.06
135,4,21,-21.25
135,4,22,9.10
135,4,23,7.99
135,4,24,9.81
135,4,25,41.69
135,4,26,15.92
135,4,27,-7.82
135,4,28,9.41
135,4,29,5.33
135,4,30,-24.55
135,4,31,-5.48
135,4,32,14.87
135,4,33,-25.56
135,4,34,-9.12
135,4,35,-16.99
135,4,36,-18.38
135,4,37,2.02
135,4,38,25.56
135,4,39,3.64
135,4,40,-24.15
135,4,41,-3.94
135,5,0,-24.92
135,5,1,-35.85
135,5,2,-19.26
135,5,3,-36.98
135,5,4,-7.30
135,5,5,-15.74
135,5,6,-12.26
135,5,7,-42.73
135,5,8,-25.44
135,5,9,17.61
135,5,10,-2.44
135,5,11,-28.51
135,5,12,-16.78
135,5,13,-14.11
135,5,14,-12.37
135,5,15,-30.61
135,5,16,-21.80
135,5,17,-32.31
135,5,18,-18.40
135,5,19,31.16
135,5,20,-18.75
135,5,21,-19.50
135,5,22,0.01
135,5,23,-13.25
135,5,24,-21.51
135,5,25,2.99
135,5,26,-5.44
135,5,27,-15.79
135,5,28,2.44
135,5,29,-21.85
135,5,30,-18.00
135,5,31,4.23
135,5,32,14.60
135,5,33,-4.76
135,5,34,12.43
135,5,35,-15.99
135,5,36,-28.86
135,5,37,-35.90
135,5,38,2.74
135,5,39,-40.18
135,5,40,-19.89
135,5,41,-13.15
135,6,0,-30.84
135,6,1,-21.62
135,6,2,-19.98
135,6,3,-15.25
135,6,4,1.04
135,6,5,-35.99
135,6,6,2.57
135,6,7,-31.16
135,6,8,-17.80
135,6,9,-14.40
135,6,10,9.06
135,6,11,-10.13
135,6,12,-15.89
135,6,13,2.81
135,6,14,6.38
135,6,15,-10.70
135,6,16,-17.19
135,6,17,-13.26
135,6,18,-25.16
135,6,19,12.20
135,6,20,-26.21
135,6,21,-18.92
135,6,22,13.80
135,6,23,-10.67
135,6,24,-12.92
135,6,25,3.78
135,6,26,2.52
135,6,27,-19.67
135,6,28,-1.57
135,6,29,-10.91
135,6,30,-16.45
135,6,31,3.09
135,6,32,8.95
135,6,33,-33.88
135,6,34,-9.50
135,6,35,-19.90
135,6,36,0.00
135,6,37,11.41
135,6,38,38.34
135,6,39,2.01
135,6,40,-6.71
135,6,41,2.60
136,0,0,-19.21
136,0,1,-11.47
136,0,2,17.12
136,0,3,6.15
136,0,4,5.21
136,0,5,-26.09
136,0,6,7.65
136,0,7,-26.94
136,0,8,-25.00
136,0,9,-9.68
136,0,10,-14.56
136,0,11,-17.29
136,0,12,-23.21
136,0,13,-14.06
136,0,14,-31.63
136,0,15,-20.13
136,0,16,-17.35
136,0,17,-21.82
136,0,18,-32.74
136,0,19,-16.63
136,0,20,-21.03
136,0,21,-8.43
136,0,22,-16.94
136,0,23,-40.22
136,0,24,-47.07
136,0,25,2.27
136,0,26,2.35
136,0,27,-15.99
136,0,28,2.85
136,0,29,-31.72
136,0,30,-29.97
136,0,31,6.83
136,0,32,-22.04
136,0,33,-15.58
136,0,34,-2.11
136,0,35,-15.57
136,0,36,-17.57
136,0,37,-23.40
136,0,38,-15.07
136,0,39,-10.51
136,0,40,-19.75
136,0,41,-5.44
136,1,0,-14.66
136,1,1,-19.14
136,1,2,-10.23
136,1,3,-10.71
136,1,4,-8.88
136,1,5,-8.47
136,1,6,31.60
136,1,7,3.68
136,1,8,-2.90
136,1,9,24.75
136,1,10,28.63
136,1,11,7.41
136,1,12,-15.35
136,1,13,-22.72
136,1,14,-23.61
136,1,15,-3.50
136,1,16,-21.12
136,1,17,-21.15
136,1,18,-8.20
136,1,19,40.99
136,1,20,-5.42
136,1,21,-28.99
136,1,22,22.32
136,1,23,-6.58
136,1,24,-22.40
136,1,25,5.65
136,1,26,-14.29
136,1,27,-27.88
136,1,28,2.25
136,1,29,-28.63
136,1,30,-4.40
136,1,31,-5.20
136,1,32,-10.80
136,1,33,-32.48
136,1,34,28.19
136,1,35,-18.66
136,1,36,-20.51
136,1,37,-12.22
136,1,38,3.66
136,1,39,-25.11
136,1,40,-29.63
136,1,41,-26.59
136,2,0,-20.59
136,2,1,-27.44
136,2,2,-20.75
136,2,3,-25.86
136,2,4,1.19
136,2,5,-6.87
136,2,6,2.87
136,2,7,-25.53
136,2,8,-32.31
136,2,9,-17.84
136,2,10,-2.87
136,2,11,-21.92
136,2,12,-7.09
136,2,13,-13.58
136,2,14,2.93
136,2,15,-3.90
136,2,16,-1.40
136,2,17,11.88
136,2,18,-20.30
136,2,19,5.91
136,2,20,-18.43
136,2,21,-11.17
136,2,22,-5.49
136,2,23,-43.86
136,2,24,-28.75
136,2,25,4.80
136,2,26,-2.56
136,2,27,-22.34
136,2,28,-4.21
136,2,29,-14.08
136,2,30,-36.85
136,2,31,-14.37
136,2,32,2.54
136,2,33,-16.14
136,2,34,-9.33
136,2,35,-38.98
136,2,36,-14.70
136,2,37,-45.15
136,2,38,-8.21
136,2,39,-15.69
136,2,40,-12.65
136,2,41,-11.46
136,3,0,-11.36
136,3,1,-10.11
136,3,2,-20.53
136,3,3,-19.39
136,3,4,9.75
136,3,5,-13.91
136,3,6,2.96
136,3,7,-23.33
136,3,8,-7.99
136,3,9,0.38
136,3,10,-12.09
136,3,11,-19.47
136,3,12,1.38
136,3,13,-3.26
136,3,14,-15.51
136,3,15,-6.97
136,3,16,-5.81
136,3,17,-9.52
136,3,18,29.62
136,3,19,6.63
136,3,20,1.49
136,3,21,8.49
136,3,22,38.58
136,3,23,-5.89
136,3,24,-10.31
136,3,25,15.68
136,3,26,-12.34
136,3,27,-7.78
136,3,28,2.37
136,3,29,-28.66
136,3,30,-20.45
136,3,31,1.51
136,3,32,-1.70
136,3,33,-27.56
136,3,34,-12.63
136,3,35,-27.51
136,3,36,-24.78
136,3,37,-26.38
136,3,38,-20.12
136,3,39,-14.81
136,3,40,-18.35
136,3,41,-27.52
136,4,0,-6.48
136,4,1,-11.69
136,4,2,-27.61
136,4,3,-20.67
136,4,4,33.10
136,4,5,2.45
136,4,6,-10.96
136,4,7,-32.95
136,4,8,-24.85
136,4,9,2.70
136,4,10,2.99
136,4,11,-26.02
136,4,12,-22.48
136,4,13,-35.99
136,4,14,-16.46
136,4,15,-27.84
136,4,16,-21.90
136,4,17,-16.63
136,4,18,-29.46
136,4,19,-7.02
136,4,20,-19.06
136,4,21,-21.25
136,4,22,9.10
136,4,23,7.99
136,4,24,9.81
136,4,25,41.69
136,4,26,15.92
136,4,27,-7.82
136,4,28,9.41
136,4,29,5.33
136,4,30,-24.55
136,4,31,-5.48
136,4,32,14.87
136,4,33,-25.56
136,4,34,-9.12
136,4,35,-16.99
136,4,36,-18.38
136,4,37,2.02
136,4,38,25.56
136,4,39,3.64
136,4,40,-24.15
136,4,41,-3.94
136,5,0,-24.92
136,5,1,-35.85
136,5,2,-19.26
136,5,3,-36.98
136,5,4,-7.30
136,5,5,-15.74
136,5,6,-12.26
136,5,7,-42.73
136,5,8,-25.44
136,5,9,17.61
136,5,10,-2.44
136,5,11,-28.51
136,5,12,-16.78
136,5,13,-14.11
136,5,14,-12.37
136,5,15,-30.61
136,5,16,-21.80
136,5,17,-32.31
136,5,18,-18.40
136,5,19,31.16
136,5,20,-18.75
136,5,21,-19.50
136,5,22,0.01
136,5,23,-13.25
136,5,24,-21.51
136,5,25,2.99
136,5,26,-5.44
136,5,27,-15.79
136,5,28,2.44
136,5,29,-21.85
136,5,30,-18.00
136,5,31,4.23
136,5,32,14.60
136,5,33,-4.76
136,5,34,12.43
136,5,35,-15.99
136,5,36,-28.86
136,5,37,-35.90
136,5,38,2.74
136,5,39,-40.18
136,5,40,-19.89
136,5,41,-13.15
136,6,0,-30.84
136,6,1,-21.62
136,6,2,-19.98
136,6,3,-15.25
136,6,4,1.04
136,6,5,-35.99
136,6,6,2.57
136,6,7,-31.16
136,6,8,-17.80
136,6,9,-14.40
136,6,10,9.06
136,6,11,-10.13
136,6,12,-15.89
136,6,13,2.81
136,6,14,6.38
136,6,15,-10.70
136,6,16,-17.19
136,6,17,-13.26
136,6,18,-25.16
136,6,19,12.20
136,6,20,-26.21
136,6,21,-18.92
136,6,22,13.80
136,6,23,-10.67
136,6,24,-12.92
136,6,25,3.78
136,6,26,2.52
136,6,27,-19.67
136,6,28,-1.57
136,6,29,-10.91
136,6,30,-16.45
136,6,31,3.09
136,6,32,8.95
136,6,33,-33.88
136,6,34,-9.50
136,6,35,-19.90
136,6,36,0.00
136,6,37,11.41
136,6,38,38.34
136,6,39,2.01
136,6,40,-6.71
136,6,41,2.60
137,0,0,-19.21
137,0,1,-11.47
137,0,2,17.12
137,0,3,6.15
137,0,4,5.21
137,0,5,-26.09
137,0,6,7.65
137,0,7,-26.94
137,0,8,-25.00
137,0,9,-9.68
137,0,10,-14.56
137,0,11,-17.29
137,0,12,-23.21
137,0,13,-14.06
137,0,14,-31.63
137,0,15,-20.13
137,0,16,-17.35
137,0,17,-21.82
137,0,18,-32.74
137,0,19,-16.63
137,0,20,-21.03
137,0,21,-8.43
137,0,22,-16.94
137,0,23,-40.22
137,0,24,-47.07
137,0,25,2.27
137,0,26,2.35
137,0,27,-15.99
137,0,28,2.85
137,0,29,-31.72
137,0,30,-29.97
137,0,31,6.83
137,0,32,-22.04
137,0,33,-15.58
137,0,34,-2.11
137,0,35,-15.57
137,0,36,-17.57
137,0,37,-23.40
137,0,38,-15.07
137,0,39,-10.51
137,0,40,-19.75
137,0,41,-5.44
137,1,0,-14.66
137,1,1,-19.14
137,1,2,-10.23
137,1,3,-10.71
137,1,4,-8.88
137,1,5,-8.47
137,1,6,31.60
137,1,7,3.68
137,1,8,-2.90
137,1,9,24.75
137,1,10,28.63
137,1,11,7.41
137,1,12,-15.35
137,1,13,-22.72
137,1,14,-23.61
137,1,15,-3.50
137,1,16,-21.12
137,1,17,-21.15
137,1,18,-8.20
137,1,19,40.99
137,1,20,-5.42
137,1,21,-28.99
137,1,22,22.32
137,1,23,-6.58
137,1,24,-22.40
137,1,25,5.65
137,1,26,-14.29
137,1,27,-27.88
137,1,28,2.25
137,1,29,-28.63
137,1,30,-4.40
137,1,31,-5.20
137,1,32,-10.80
137,1,33,-32.48
137,1,34,28.19
137,1,35,-18.66
137,1,36,-20.51
137,1,37,-12.22
137,1,38,3.66
137,1,39,-25.11
137,1,40,-29.63
137,1,41,-26.59
137,2,0,-20.59
137,2,1,-27.44
137,2,2,-20.75
137,2,3,-25.86
137,2,4,1.19
137,2,5,-6.87
137,2,6,2.87
137,2,7,-25.53
137,2,8,-32.31
137,2,9,-17.84
137,2,10,-2.87
137,2,11,-21.92
137,2,12,-7.09
137,2,13,-13.58
137,2,14,2.93
137,2,15,-3.90
137,2,16,-1.40
137,2,17,11.88
137,2,18,-20.30
137,2,19,5.91
137,2,20,-18.43
137,2,21,-11.17
137,2,22,-5.49
137,2,23,-43.86
137,2,24,-28.75
137,2,25,4.80
137,2,26,-2.56
137,2,27,-22.34
137,2,28,-4.21
137,2,29,-14.08
137,2,30,-36.85
137,2,31,-14.37
137,2,32,2.54
137,2,33,-16.14
137,2,34,-9.33
137,2,35,-38.98
137,2,36,-14.70
137,2,37,-45.15
137,2,38,-8.21
137,2,39,-15.69
137,2,40,-12.65
137,2,41,-11.46
137,3,0,-11.36
137,3,1,-10.11
137,3,2,-20.53
137,3,3,-19.39
137,3,4,9.75
137,3,5,-13.91
137,3,6,2.96
137,3,7,-23.33
137,3,8,-7.99
137,3,9,0.38
137,3,10,-12.09
137,3,11,-19.47
137,3,12,1.38
137,3,13,-3.26
137,3,14,-15.51
137,3,15,-6.97
137,3,16,-5.81
137,3,17,-9.52
137,3,18,29.62
137,3,19,6.63
137,3,20,1.49
137,3,21,8.49
137,3,22,38.58
137,3,23,-5.89
137,3,24,-10.31
137,3,25,15.68
137,3,26,-12.34
137,3,27,-7.78
137,3,28,2.37
137,3,29,-28.66
137,3,30,-20.45
137,3,31,1.51
137,3,32,-1.70
137,3,33,-27.56
137,3,34,-12.63
137,3,35,-27.51
137,3,36,-24.78
137,3,37,-26.38
137,3,38,-20.12
137,3,39,-14.81
137,3,40,-18.35
137,3,41,-27.52
137,4,0,-6.48
137,4,1,-11.69
137,4,2,-27.61
137,4,3,-20.67
137,4,4,33.10
137,4,5,2.45
137,4,6,-10.96
137,4,7,-32.95
137,4,8,-24.85
137,4,9,2.70
137,4,10,2.99
137,4,11,-26.02
137,4,12,-22.48
137,4,13,-35.99
137,4,14,-16.46
137,4,15,-27.84
137,4,16,-21.90
137,4,17,-16.63
137,4,18,-29.46
137,4,19,-7.02
137,4,20,-19.06
137,4,21,-21.25
137,4,22,9.10
137,4,23,7.99
137,4,24,9.81
137,4,25,41.69
137,4,26,15.92
137,4,27,-7.82
137,4,28,9.41
137,4,29,5.33
137,4,30,-24.55
137,4,31,-5.48
137,4,32,14.87
137,4,33,-25.56
137,4,34,-9.12
137,4,35,-16.99
137,4,36,-18.38
137,4,37,2.02
137,4,38,25.56
137,4,39,3.64
137,4,40,-24.15
137,4,41,-3.94
137,5,0,-24.92
137,5,1,-35.85
137,5,2,-19.26
137,5,3,-36.98
137,5,4,-7.30
137,5,5,-15.74
137,5,6,-12.26
137,5,7,-42.73
137,5,8,-25.44
137,5,9,17.61
137,5,10,-2.44
137,5,11,-28.51
137,5,12,-16.78
137,5,13,-14.11
137,5,14,-12.37
137,5,15,-30.61
137,5,16,-21.80
137,5,17,-32.31
137,5,18,-18.40
137,5,19,31.16
137,5,20,-18.75
137,5,21,-19.50
137,5,22,0.01
137,5,23,-13.25
137,5,24,-21.51
137,5,25,2.99
137,5,26,-5.44
137,5,27,-15.79
137,5,28,2.44
137,5,29,-21.85
137,5,30,-18.00
137,5,31,4.23
137,5,32,14.60
137,5,33,-4.76
137,5,34,12.43
137,5,35,-15.99
137,5,36,-28.86
137,5,37,-35.90
137,5,38,2.74
137,5,39,-40.18
137,5,40,-19.89
137,5,41,-13.15
137,6,0,-30.84
137,6,1,-21.62
137,6,2,-19.98
137,6,3,-15.25
137,6,4,1.04
137,6,5,-35.99
137,6,6,2.57
137,6,7,-31.16
137,6,8,-17.80
137,6,9,-14.40
137,6,10,9.06
137,6,11,-10.13
137,6,12,-15.89
137,6,13,2.81
137,6,14,6.38
137,6,15,-10.70
137,6,16,-17.19
137,6,17,-13.26
137,6,18,-25.16
137,6,19,12.20
137,6,20,-26.21
137,6,21,-18.92
137,6,22,13.80
137,6,23,-10.67
137,6,24,-12.92
137,6,25,3.78
137,6,26,2.52
137,6,27,-19.67
137,6,28,-1.57
137,6,29,-10.91
137,6,30,-16.45
137,6,31,3.09
137,6,32,8.95
137,6,33,-33.88
137,6,34,-9.50
137,6,35,-19.90
137,6,36,0.00
137,6,37,11.41
137,6,38,38.34
137,6,39,2.01
137,6,40,-6.71
137,6,41,2.60
138,0,0,-19.21
138,0,1,-11.47
138,0,2,17.12
138,0,3,6.15
138,0,4,5.21
138,0,5,-26.09
138,0,6,7.65
138,0,7,-26.94
138,0,8,-25.00
138,0,9,-9.68
138,0,10,-14.56
138,0,11,-17.29
138,0,12,-23.21
138,0,13,-14.06
138,0,14,-31.63
138,0,15,-20.13
138,0,16,-17.35
138,0,17,-21.82
138,0,18,-32.74
138,0,19,-16.63
138,0,20,-21.03
138,0,21,-8.43
138,0,22,-16.94
138,0,23,-40.22
138,0,24,-47.07
138,0,25,2.27
138,0,26,2.35
138,0,27,-15.99
138,0,28,2.85
138,0,29,-31.72
138,0,30,-29.97
138,0,31,6.83
138,0,32,-22.04
138,0,33,-15.58
138,0,34,-2.11
138,0,35,-15.57
138,0,36,-17.57
138,0,37,-23.40
138,0,38,-15.07
138,0,39,-10.51
138,0,40,-19.75
138,0,41,-5.44
138,1,0,-14.66
138,1,1,-19.14
138,1,2,-10.23
138,1,3,-10.71
138,1,4,-8.88
138,1,5,-8.47
138,1,6,31.60
138,1,7,3.68
138,1,8,-2.90
138,1,9,24.75
138,1,10,28.63
138,1,11,7.41
138,1,12,-15.35
138,1,13,-22.72
138,1,14,-23.61
138,1,15,-3.50
138,1,16,-21.12
138,1,17,-21.15
138,1,18,-8.20
138,1,19,40.99
138,1,20,-5.42
138,1,21,-28.99
138,1,22,22.32
138,1,23,-6.58
138,1,24,-22.40
138,1,25,5.65
138,1,26,-14.29
138,1,27,-27.88
138,1,28,2.25
138,1,29,-28.63
138,1,30,-4.40
138,1,31,-5.20
138,1,32,-10.80
138,1,33,-32.48
138,1,34,28.19
138,1,35,-18.66
138,1,36,-20.51
138,1,37,-12.22
138,1,38,3.66
138,1,39,-25.11
138,1,40,-29.63
138,1,41,-26.59
138,2,0,-20.59
138,2,1,-27.44
138,2,2,-20.75
138,2,3,-25.86
138,2,4,1.19
138,2,5,-6.87
138,2,6,2.87
138,2,7,-25.53
138,2,8,-32.31
138,2,9,-17.84
138,2,10,-2.87
138,2,11,-21.92
138,2,12,-7.09
138,2,13,-13.58
138,2,14,2.93
138,2,15,-3.90
138,2,16,-1.40
138,2,17,11.88
138,2,18,-20.30
138,2,19,5.91
138,2,20,-18.43
138,2,21,-11.17
138,2,22,-5.49
138,2,23,-43.86
138,2,24,-28.75
138,2,25,4.80
138,2,26,-2.56
138,2,27,-22.34
138,2,28,-4.21
138,2,29,-14.08
138,2,30,-36.85
138,2,31,-14.37
138,2,32,2.54
138,2,33,-16.14
138,2,34,-9.33
138,2,35,-38.98
138,2,36,-14.70
138,2,37,-45.15
138,2,38,-8.21
138,2,39,-15.69
138,2,40,-12.65
138,2,41,-11.46
138,3,0,-11.36
138,3,1,-10.11
138,3,2,-20.53
138,3,3,-19.39
138,3,4,9.75
138,3,5,-13.91
138,3,6,2.96
138,3,7,-23.33
138,3,8,-7.99
138,3,9,0.38
138,3,10,-12.09
138,3,11,-19.47
138,3,12,1.38
138,3,13,-3.26
138,3,14,-15.51
138,3,15,-6.97
138,3,16,-5.81
138,3,17,-9.52
138,3,18,29.62
138,3,19,6.63
138,3,20,1.49
138,3,21,8.49
138,3,22,38.58
138,3,23,-5.89
138,3,24,-10.31
138,3,25,15.68
138,3,26,-12.34
138,3,27,-7.78
138,3,28,2.37
138,3,29,-28.66
138,3,30,-20.45
138,3,31,1.51
138,3,32,-1.70
138,3,33,-27.56
138,3,34,-12.63
138,3,35,-27.51
138,3,36,-24.78
138,3,37,-26.38
138,3,38,-20.12
138,3,39,-14.81
138,3,40,-18.35
138,3,41,-27.52
138,4,0,-6.48
138,4,1,-11.69
138,4,2,-27.61
138,4,3,-20.67
138,4,4,33.10
138,4,5,2.45
138,4,6,-10.96
138,4,7,-32.95
138,4,8,-24.85
138,4,9,2.70
138,4,10,2.99
138,4,11,-26.02
138,4,12,-22.48
138,4,13,-35.99
138,4,14,-16.46
138,4,15,-27.84
138,4,16,-21.90
138,4,17,-16.63
138,4,18,-29.46
138,4,19,-7.02
138,4,20,-19.06
138,4,21,-21.25
138,4,22,9.10
138,4,23,7.99
138,4,24,9.81
138,4,25,41.69
138,4,26,15.92
138,4,27,-7.82
138,4,28,9.41
138,4,29,5.33
138,4,30,-24.55
138,4,31,-5.48
138,4,32,14.87
138,4,33,-25.56
138,4,34,-9.12
138,4,35,-16.99
138,4,36,-18.38
138,4,37,2.02
138,4,38,25.56
138,4,39,3.64
138,4,40,-24.15
138,4,41,-3.94
138,5,0,-24.92
138,5,1,-35.85
138,5,2,-19.26
138,5,3,-36.98
138,5,4,-7.30
138,5,5,-15.74
138,5,6,-12.26
138,5,7,-42.73
138,5,8,-25.44
138,5,9,17.61
138,5,10,-2.44
138,5,11,-28.51
138,5,12,-16.78
138,5,13,-14.11
138,5,14,-12.37
138,5,15,-30.61
138,5,16,-21.80
138,5,17,-32.31
138,5,18,-18.40
138,5,19,31.16
138,5,20,-18.75
138,5,21,-19.50
138,5,22,0.01
138,5,23,-13.25
138,5,24,-21.51
138,5,25,2.99
138,5,26,-5.44
138,5,27,-15.79
138,5,28,2.44
138,5,29,-21.85
138,5,30,-18.00
138,5,31,4.23
138,5,32,14.60
138,5,33,-4.76
138,5,34,12.43
138,5,35,-15.99
138,5,36,-28.86
138,5,37,-35.90
138,5,38,2.74
138,5,39,-40.18
138,5,40,-19.89
138,5,41,-13.15
138,6,0,-30.84
138,6,1,-21.62
138,6,2,-19.98
138,6,3,-15.25
138,6,4,1.04
138,6,5,-35.99
138,6,6,2.57
138,6,7,-31.16
138,6,8,-17.80
138,6,9,-14.40
138,6,10,9.06
138,6,11,-10.13
138,6,12,-15.89
138,6,13,2.81
138,6,14,6.38
138,6,15,-10.70
138,6,16,-17.19
138,6,17,-13.26
138,6,18,-25.16
138,6,19,12.20
138,6,20,-26.21
138,6,21,-18.92
138,6,22,13.80
138,6,23,-10.67
138,6,24,-12.92
138,6,25,3.78
138,6,26,2.52
138,6,27,-19.67
138,6,28,-1.57
138,6,29,-10.91
138,6,30,-16.45
138,6,31,3.09
138,6,32,8.95
138,6,33,-33.88
138,6,34,-9.50
138,6,35,-19.90
138,6,36,0.00
138,6,37,11.41
138,6,38,38.34
138,6,39,2.01
138,6,40,-6.71
138,6,41,2.60
139,0,0,-19.21
139,0,1,-11.47
139,0,2,17.12
139,0,3,6.15
139,0,4,5.21
139,0,5,-26.09
139,0,6,7.65
139,0,7,-26.94
139,0,8,-25.00
139,0,9,-9.68
139,0,10,-14.56
139,0,11,-17.29
139,0,12,-23.21
139,0,13,-14.06
139,0,14,-31.63
139,0,15,-20.13
139,0,16,-17.35
139,0,17,-21.82
139,0,18,-32.74
139,0,19,-16.63
139,0,20,-21.03
139,0,21,-8.43
139,0,22,-16.94
139,0,23,-40.22
139,0,24,-47.07
139,0,25,2.27
139,0,26,2.35
139,0,27,-15.99
139,0,28,2.85
139,0,29,-31.72
139,0,30,-29.97
139,0,31,6.83
139,0,32,-22.04
139,0,33,-15.58
139,0,34,-2.11
139,0,35,-15.57
139,0,36,-17.57
139,0,37,-23.40
139,0,38,-15.07
139,0,39,-10.51
139,0,40,-19.75
139,0,41,-5.44
139,1,0,-14.66
139,1,1,-19.14
139,1,2,-10.23
139,1,3,-10.71
139,1,4,-8.88
139,1,5,-8.47
139,1,6,31.60
139,1,7,3.68
139,1,8,-2.90
139,1,9,24.75
139,1,10,28.63
139,1,11,7.41
139,1,12,-15.35
139,1,13,-22.72
139,1,14,-23.61
139,1,15,-3.50
139,1,16,-21.12
139,1,17,-21.15
139,1,18,-8.20
139,1,19,40.99
139,1,20,-5.42
139,1,21,-28.99
139,1,22,22.32
139,1,23,-6.58
139,1,24,-22.40
139,1,25,5.65
139,1,26,-14.29
139,1,27,-27.88
139,1,28,2.25
139,1,29,-28.63
139,1,30,-4.40
139,1,31,-5.20
139,1,32,-10.80
139,1,33,-32.48
139,1,34,28.19
139,1,35,-18.66
139,1,36,-20.51
139,1,37,-12.22
139,1,38,3.66
139,1,39,-25.11
139,1,40,-29.63
139,1,41,-26.59
139,2,0,-20.59
139,2,1,-27.44
139,2,2,-20.75
139,2,3,-25.86
139,2,4,1.19
139,2,5,-6.87
139,2,6,2.87
139,2,7,-25.53
139,2,8,-32.31
139,2,9,-17.84
139,2,10,-2.87
139,2,11,-21.92
139,2,12,-7.09
139,2,13,-13.58
139,2,14,2.93
139,2,15,-3.90
139,2,16,-1.40
139,2,17,11.88
139,2,18,-20.30
139,2,19,5.91
139,2,20,-18.43
139,2,21,-11.17
139,2,22,-5.49
139,2,23,-43.86
139,2,24,-28.75
139,2,25,4.80
139,2,26,-2.56
139,2,27,-22.34
139,2,28,-4.21
139,2,29,-14.08
139,2,30,-36.85
139,2,31,-14.37
139,2,32,2.54
139,2,33,-16.14
139,2,34,-9.33
139,2,35,-38.98
139,2,36,-14.70
139,2,37,-45.15
139,2,38,-8.21
139,2,39,-15.69
139,2,40,-12.65
139,2,41,-11.46
139,3,0,-11.36
139,3,1,-10.11
139,3,2,-20.53
139,3,3,-19.39
139,3,4,9.75
139,3,5,-13.91
139,3,6,2.96
139,3,7,-23.33
139,3,8,-7.99
139,3,9,0.38
139,3,10,-12.09
139,3,11,-19.47
139,3,12,1.38
139,3,13,-3.26
139,3,14,-15.51
139,3,15,-6.97
139,3,16,-5.81
139,3,17,-9.52
139,3,18,29.62
139,3,19,6.63
139,3,20,1.49
139,3,21,8.49
139,3,22,38.58
139,3,23,-5.89
139,3,24,-10.31
139,3,25,15.68
139,3,26,-12.34
139,3,27,-7.78
139,3,28,2.37
139,3,29,-28.66
139,3,30,-20.45
139,3,31,1.51
139,3,32,-1.70
139,3,33,-27.56
139,3,34,-12.63
139,3,35,-27.51
139,3,36,-24.78
139,3,37,-26.38
139,3,38,-20.12
139,3,39,-14.81
139,3,40,-18.35
139,3,41,-27.52
139,4,0,-6.48
139,4,1,-11.69
139,4,2,-27.61
139,4,3,-20.67
139,4,4,33.10
139,4,5,2.45
139,4,6,-10.96
139,4,7,-32.95
139,4,8,-24.85
139,4,9,2.70
139,4,10,2.99
139,4,11,-26.02
139,4,12,-22.48
139,4,13,-35.99
139,4,14,-16.46
139,4,15,-27.84
139,4,16,-21.90
139,4,17,-16.63
139,4,18,-29.46
139,4,19,-7.02
139,4,20,-19.06
139,4,21,-21.25
139,4,22,9.10
139,4,23,7.99
139,4,24,9.81
139,4,25,41.69
139,4,26,15.92
139,4,27,-7.82
139,4,28,9.41
139,4,29,5.33
139,4,30,-24.55
139,4,31,-5.48
139,4,32,14.87
139,4,33,-25.56
139,4,34,-9.12
139,4,35,-16.99
139,4,36,-18.38
139,4,37,2.02
139,4,38,25.56
139,4,39,3.64
139,4,40,-24.15
139,4,41,-3.94
139,5,0,-24.92
139,5,1,-35.85
139,5,2,-19.26
139,5,3,-36.98
139,5,4,-7.30
139,5,5,-15.74
139,5,6,-12.26
139,5,7,-42.73
139,5,8,-25.44
139,5,9,17.61
139,5,10,-2.44
139,5,11,-28.51
139,5,12,-16.78
139,5,13,-14.11
139,5,14,-12.37
139,5,15,-30.61
139,5,16,-21.80
139,5,17,-32.31
139,5,18,-18.40
139,5,19,31.16
139,5,20,-18.75
139,5,21,-19.50
139,5,22,0.01
139,5,23,-13.25
139,5,24,-21.51
139,5,25,2.99
139,5,26,-5.44
139,5,27,-15.79
139,5,28,2.44
139,5,29,-21.85
139,5,30,-18.00
139,5,31,4.23
139,5,32,14.60
139,5,33,-4.76
139,5,34,12.43
139,5,35,-15.99
139,5,36,-28.86
139,5,37,-35.90
139,5,38,2.74
139,5,39,-40.18
139,5,40,-19.89
139,5,41,-13.15
139,6,0,-30.84
139,6,1,-21.62
139,6,2,-19.98
139,6,3,-15.25
139,6,4,1.04
139,6,5,-35.99
139,6,6,2.57
139,6,7,-31.16
139,6,8,-17.80
139,6,9,-14.40
139,6,10,9.06
139,6,11,-10.13
139,6,12,-15.89
139,6,13,2.81
139,6,14,6.38
139,6,15,-10.70
139,6,16,-17.19
139,6,17,-13.26
139,6,18,-25.16
139,6,19,12.20
139,6,20,-26.21
139,6,21,-18.92
139,6,22,13.80
139,6,23,-10.67
139,6,24,-12.92
139,6,25,3.78
139,6,26,2.52
139,6,27,-19.67
139,6,28,-1.57
139,6,29,-10.91
139,6,30,-16.45
139,6,31,3.09
139,6,32,8.95
139,6,33,-33.88
139,6,34,-9.50
139,6,35,-19.90
139,6,36,0.00
139,6,37,11.41
139,6,38,38.34
139,6,39,2.01
139,6,40,-6.71
139,6,41,2.60
140,0,0,-19.21
140,0,1,-11.47
140,0,2,17.12
140,0,3,6.15
140,0,4,5.21
140,0,5,-26.09
140,0,6,7.65
140,0,7,-26.94
140,0,8,-25.00
140,0,9,-9.68
140,0,10,-14.56
140,0,11,-17.29
140,0,12,-23.21
140,0,13,-14.06
140,0,14,-31.63
140,0,15,-20.13
140,0,16,-17.35
140,0,17,-21.82
140,0,18,-32.74
140,0,19,-16.63
140,0,20,-21.03
140,0,21,-8.43
140,0,22,-16.94
140,0,23,-40.22
140,0,24,-47.07
140,0,25,2.27
140,0,26,2.35
140,0,27,-15.99
140,0,28,2.85
140,0,29,-31.72
140,0,30,-29.97
140,0,31,6.83
140,0,32,-22.04
140,0,33,-15.58
140,0,34,-2.11
140,0,35,-15.57
140,0,36,-17.57
140,0,37,-23.40
140,0,38,-15.07
140,0,39,-10.51
140,0,40,-19.75
140,0,41,-5.44
140,1,0,-14.66
140,1,1,-19.14
140,1,2,-10.23
140,1,3,-10.71
140,1,4,-8.88
140,1,5,-8.47
140,1,6,31.60
140,1,7,3.68
140,1,8,-2.90
140,1,9,24.75
140,1,10,28.63
140,1,11,7.41
140,1,12,-15.35
140,1,13,-22.72
140,1,14,-23.61
140,1,15,-3.50
140,1,16,-21.12
140,1,17,-21.15
140,1,18,-8.20
140,1,19,40.99
140,1,20,-5.42
140,1,21,-28.99
140,1,22,22.32
140,1,23,-6.58
140,1,24,-22.40
140,1,25,5.65
140,1,26,-14.29
140,1,27,-27.88
140,1,28,2.25
140,1,29,-28.63
140,1,30,-4.40
140,1,31,-5.20
140,1,32,-10.80
140,1,33,-32.48
140,1,34,28.19
140,1,35,-18.66
140,1,36,-20.51
140,1,37,-12.22
140,1,38,3.66
140,1,39,-25.11
140,1,40,-29.63
140,1,41,-26.59
140,2,0,-20.59
140,2,1,-27.44
140,2,2,-20.75
140,2,3,-25.86
140,2,4,1.19
140,2,5,-6.87
140,2,6,2.87
140,2,7,-25.53
140,2,8,-32.31
140,2,9,-17.84
140,2,10,-2.87
140,2,11,-21.92
140,2,12,-7.09
140,2,13,-13.58
140,2,14,2.93
140,2,15,-3.90
140,2,16,-1.40
140,2,17,11.88
140,2,18,-20.30
140,2,19,5.91
140,2,20,-18.43
140,2,21,-11.17
140,2,22,-5.49
140,2,23,-43.86
140,2,24,-28.75
140,2,25,4.80
140,2,26,-2.56
140,2,27,-22.34
140,2,28,-4.21
140,2,29,-14.08
140,2,30,-36.85
140,2,31,-14.37
140,2,32,2.54
140,2,33,-16.14
140,2,34,-9.33
140,2,35,-38.98
140,2,36,-14.70
140,2,37,-45.15
140,2,38,-8.21
140,2,39,-15.69
140,2,40,-12.65
140,2,41,-11.46
140,3,0,-11.36
140,3,1,-10.11
140,3,2,-20.53
140,3,3,-19.39
140,3,4,9.75
140,3,5,-13.91
140,3,6,2.96
140,3,7,-23.33
140,3,8,-7.99
140,3,9,0.38
140,3,10,-12.09
140,3,11,-19.47
140,3,12,1.38
140,3,13,-3.26
140,3,14,-15.51
140,3,15,-6.97
140,3,16,-5.81
140,3,17,-9.52
140,3,18,29.62
140,3,19,6.63
140,3,20,1.49
140,3,21,8.49
140,3,22,38.58
140,3,23,-5.89
140,3,24,-10.31
140,3,25,15.68
140,3,26,-12.34
140,3,27,-7.78
140,3,28,2.37
140,3,29,-28.66
140,3,30,-20.45
140,3,31,1.51
140,3,32,-1.70
140,3,33,-27.56
140,3,34,-12.63
140,3,35,-27.51
140,3,36,-24.78
140,3,37,-26.38
140,3,38,-20.12
140,3,39,-14.81
140,3,40,-18.35
140,3,41,-27.52
140,4,0,-6.48
140,4,1,-11.69
140,4,2,-27.61
140,4,3,-20.67
140,4,4,33.10
140,4,5,2.45
140,4,6,-10.96
140,4,7,-32.95
140,4,8,-24.85
140,4,9,2.70
140,4,10,2.99
140,4,11,-26.02
140,4,12,-22.48
140,4,13,-35.99
140,4,14,-16.46
140,4,15,-27.84
140,4,16,-21.90
140,4,17,-16.63
140,4,18,-29.46
140,4,19,-7.02
140,4,20,-19.06
140,4,21,-21.25
140,4,22,9.10
140,4,23,7.99
140,4,24,9.81
140,4,25,41.69
140,4,26,15.92
140,4,27,-7.82
140,4,28,9.41
140,4,29,5.33
140,4,30,-24.55
140,4,31,-5.48
140,4,32,14.87
140,4,33,-25.56
140,4,34,-9.12
140,4,35,-16.99
140,4,36,-18.38
140,4,37,2.02
140,4,38,25.56
140,4,39,3.64
140,4,40,-24.15
140,4,41,-3.94
140,5,0,-24.92
140,5,1,-35.85
140,5,2,-19.26
140,5,3,-36.98
140,5,4,-7.30
140,5,5,-15.74
140,5,6,-12.26
140,5,7,-42.73
140,5,8,-25.44
140,5,9,17.61
140,5,10,-2.44
140,5,11,-28.51
140,5,12,-16.78
140,5,13,-14.11
140,5,14,-12.37
140,5,15,-30.61
140,5,16,-21.80
140,5,17,-32.31
140,5,18,-18.40
140,5,19,31.16
140,5,20,-18.75
140,5,21,-19.50
140,5,22,0.01
140,5,23,-13.25
140,5,24,-21.51
140,5,25,2.99
140,5,26,-5.44
140,5,27,-15.79
140,5,28,2.44
140,5,29,-21.85
140,5,30,-18.00
140,5,31,4.23
140,5,32,14.60
140,5,33,-4.76
140,5,34,12.43
140,5,35,-15.99
140,5,36,-28.86
140,5,37,-35.90
140,5,38,2.74
140,5,39,-40.18
140,5,40,-19.89
140,5,41,-13.15
140,6,0,-30.84
140,6,1,-21.62
140,6,2,-19.98
140,6,3,-15.25
140,6,4,1.04
140,6,5,-35.99
140,6,6,2.57
140,6,7,-31.16
140,6,8,-17.80
140,6,9,-14.40
140,6,10,9.06
140,6,11,-10.13
140,6,12,-15.89
140,6,13,2.81
140,6,14,6.38
140,6,15,-10.70
140,6,16,-17.19
140,6,17,-13.26
140,6,18,-25.16
140,6,19,12.20
140,6,20,-26.21
140,6,21,-18.92
140,6,22,13.80
140,6,23,-10.67
140,6,24,-12.92
140,6,25,3.78
140,6,26,2.52
140,6,27,-19.67
140,6,28,-1.57
140,6,29,-10.91
140,6,30,-16.45
140,6,31,3.09
140,6,32,8.95
140,6,33,-33.88
140,6,34,-9.50
140,6,35,-19.90
140,6,36,0.00
140,6,37,11.41
140,6,38,38.34
140,6,39,2.01
140,6,40,-6.71
140,6,41,2.60
141,0,0,-19.21
141,0,1,-11.47
141,0,2,17.12
141,0,3,6.15
141,0,4,5.21
141,0,5,-26.09
141,0,6,7.65
141,0,7,-26.94
141,0,8,-25.00
141,0,9,-9.68
141,0,10,-14.56
141,0,11,-17.29
141,0,12,-23.21
141,0,13,-14.06
141,0,14,-31.63
141,0,15,-20.13
141,0,16,-17.35
141,0,17,-21.82
141,0,18,-32.74
141,0,19,-16.63
141,0,20,-21.03
141,0,21,-8.43
141,0,22,-16.94
141,0,23,-40.22
141,0,24,-47.07
141,0,25,2.27
141,0,26,2.35
141,0,27,-15.99
141,0,28,2.85
141,0,29,-31.72
141,0,30,-29.97
141,0,31,6.83
141,0,32,-22.04
141,0,33,-15.58
141,0,34,-2.11
141,0,35,-15.57
141,0,36,-17.57
141,0,37,-23.40
141,0,38,-15.07
141,0,39,-10.51
141,0,40,-19.75
141,0,41,-5.44
141,1,0,-14.66
141,1,1,-19.14
141,1,2,-10.23
141,1,3,-10.71
141,1,4,-8.88
141,1,5,-8.47
141,1,6,31.60
141,1,7,3.68
141,1,8,-2.90
141,1,9,24.75
141,1,10,28.63
141,1,11,7.41
141,1,12,-15.35
141,1,13,-22.72
141,1,14,-23.61
141,1,15,-3.50
141,1,16,-21.12
141,1,17,-21.15
141,1,18,-8.20
141,1,19,40.99
141,1,20,-5.42
141,1,21,-28.99
141,1,22,22.32
141,1,23,-6.58
141,1,24,-22.40
141,1,25,5.65
141,1,26,-14.29
141,1,27,-27.88
141,1,28,2.25
141,1,29,-28.63
141,1,30,-4.40
141,1,31,-5.20
141,1,32,-10.80
141,1,33,-32.48
141,1,34,28.19
141,1,35,-18.66
141,1,36,-20.51
141,1,37,-12.22
141,1,38,3.66
141,1,39,-25.11
141,1,40,-29.63
141,1,41,-26.59
141,2,0,-20.59
141,2,1,-27.44
141,2,2,-20.75
141,2,3,-25.86
141,2,4,1.19
141,2,5,-6.87
141,2,6,2.87
141,2,7,-25.53
141,2,8,-32.31
141,2,9,-17.84
141,2,10,-2.87
141,2,11,-21.92
141,2,12,-7.09
141,2,13,-13.58
141,2,14,2.93
141,2,15,-3.90
141,2,16,-1.40
141,2,17,11.88
141,2,18,-20.30
141,2,19,5.91
141,2,20,-18.43
141,2,21,-11.17
141,2,22,-5.49
141,2,23,-43.86
141,2,24,-28.75
141,2,25,4.80
141,2,26,-2.56
141,2,27,-22.34
141,2,28,-4.21
141,2,29,-14.08
141,2,30,-36.85
141,2,31,-14.37
141,2,32,2.54
141,2,33,-16.14
141,2,34,-9.33
141,2,35,-38.98
141,2,36,-14.70
141,2,37,-45.15
141,2,38,-8.21
141,2,39,-15.69
141,2,40,-12.65
141,2,41,-11.46
141,3,0,-11.36
141,3,1,-10.11
141,3,2,-20.53
141,3,3,-19.39
141,3,4,9.75
141,3,5,-13.91
141,3,6,2.96
141,3,7,-23.33
141,3,8,-7.99
141,3,9,0.38
141,3,10,-12.09
141,3,11,-19.47
141,3,12,1.38
141,3,13,-3.26
141,3,14,-15.51
141,3,15,-6.97
141,3,16,-5.81
141,3,17,-9.52
141,3,18,29.62
141,3,19,6.63
141,3,20,1.49
141,3,21,8.49
141,3,22,38.58
141,3,23,-5.89
141,3,24,-10.31
141,3,25,15.68
141,3,26,-12.34
141,3,27,-7.78
141,3,28,2.37
141,3,29,-28.66
141,3,30,-20.45
141,3,31,1.51
141,3,32,-1.70
141,3,33,-27.56
141,3,34,-12.63
141,3,35,-27.51
141,3,36,-24.78
141,3,37,-26.38
141,3,38,-20.12
141,3,39,-14.81
141,3,40,-18.35
141,3,41,-27.52
141,4,0,-6.48
141,4,1,-11.69
141,4,2,-27.61
141,4,3,-20.67
141,4,4,33.10
141,4,5,2.45
141,4,6,-10.96
141,4,7,-32.95
141,4,8,-24.85
141,4,9,2.70
141,4,10,2.99
141,4,11,-26.02
141,4,12,-22.48
141,4,13,-35.99
141,4,14,-16.46
141,4,15,-27.84
141,4,16,-21.90
141,4,17,-16.63
141,4,18,-29.46
141,4,19,-7.02
141,4,20,-19.06
141,4,21,-21.25
141,4,22,9.10
141,4,23,7.99
141,4,24,9.81
141,4,25,41.69
141,4,26,15.92
141,4,27,-7.82
141,4,28,9.41
141,4,29,5.33
141,4,30,-24.55
141,4,31,-5.48
141,4,32,14.87
141,4,33,-25.56
141,4,34,-9.12
141,4,35,-16.99
141,4,36,-18.38
141,4,37,2.02
141,4,38,25.56
141,4,39,3.64
141,4,40,-24.15
141,4,41,-3.94
141,5,0,-24.92
141,5,1,-35.85
141,5,2,-19.26
141,5,3,-36.98
141,5,4,-7.30
141,5,5,-15.74
141,5,6,-12.26
141,5,7,-42.73
141,5,8,-25.44
141,5,9,17.61
141,5,10,-2.44
141,5,11,-28.51
141,5,12,-16.78
141,5,13,-14.11
141,5,14,-12.37
141,5,15,-30.61
141,5,16,-21.80
141,5,17,-32.31
141,5,18,-18.40
141,5,19,31.16
141,5,20,-18.75
141,5,21,-19.50
141,5,22,0.01
141,5,23,-13.25
141,5,24,-21.51
141,5,25,2.99
141,5,26,-5.44
141,5,27,-15.79
141,5,28,2.44
141,5,29,-21.85
141,5,30,-18.00
141,5,31,4.23
141,5,32,14.60
141,5,33,-4.76
141,5,34,12.43
141,5,35,-15.99
141,5,36,-28.86
141,5,37,-35.90
141,5,38,2.74
141,5,39,-40.18
141,5,40,-19.89
141,5,41,-13.15
141,6,0,-30.84
141,6,1,-21.62
141,6,2,-19.98
141,6,3,-15.25
141,6,4,1.04
141,6,5,-35.99
141,6,6,2.57
141,6,7,-31.16
141,6,8,-17.80
141,6,9,-14.40
141,6,10,9.06
141,6,11,-10.13
141,6,12,-15.89
141,6,13,2.81
141,6,14,6.38
141,6,15,-10.70
141,6,16,-17.19
141,6,17,-13.26
141,6,18,-25.16
141,6,19,12.20
141,6,20,-26.21
141,6,21,-18.92
141,6,22,13.80
141,6,23,-10.67
141,6,24,-12.92
141,6,25,3.78
141,6,26,2.52
141,6,27,-19.67
141,6,28,-1.57
141,6,29,-10.91
141,6,30,-16.45
141,6,31,3.09
141,6,32,8.95
141,6,33,-33.88
141,6,34,-9.50
141,6,35,-19.90
141,6,36,0.00
141,6,37,11.41
141,6,38,38.34
141,6,39,2.01
141,6,40,-6.71
141,6,41,2.60
142,0,0,-19.21
142,0,1,-11.47
142,0,2,17.12
142,0,3,6.15
142,0,4,5.21
142,0,5,-26.09
142,0,6,7.65
142,0,7,-26.94
142,0,8,-25.00
142,0,9,-9.68
142,0,10,-14.56
142,0,11,-17.29
142,0,12,-23.21
142,0,13,-14.06
142,0,14,-31.63
142,0,15,-20.13
142,0,16,-17.35
142,0,17,-21.82
142,0,18,-32.74
142,0,19,-16.63
142,0,20,-21.03
142,0,21,-8.43
142,0,22,-16.94
142,0,23,-40.22
142,0,24,-47.07
142,0,25,2.27
142,0,26,2.35
142,0,27,-15.99
142,0,28,2.85
142,0,29,-31.72
142,0,30,-29.97
142,0,31,6.83
142,0,32,-22.04
142,0,33,-15.58
142,0,34,-2.11
142,0,35,-15.57
142,0,36,-17.57
142,0,37,-23.40
142,0,38,-15.07
142,0,39,-10.51
142,0,40,-19.75
142,0,41,-5.44
142,1,0,-14.66
142,1,1,-19.14
142,1,2,-10.23
142,1,3,-10.71
142,1,4,-8.88
142,1,5,-8.47
142,1,6,31.60
142,1,7,3.68
142,1,8,-2.90
142,1,9,24.75
142,1,10,28.63
142,1,11,7.41
142,1,12,-15.35
142,1,13,-22.72
142,1,14,-23.61
142,1,15,-3.50
142,1,16,-21.12
142,1,17,-21.15
142,1,18,-8.20
142,1,19,40.99
142,1,20,-5.42
142,1,21,-28.99
142,1,22,22.32
142,1,23,-6.58
142,1,24,-22.40
142,1,25,5.65
142,1,26,-14.29
142,1,27,-27.88
142,1,28,2.25
142,1,29,-28.63
142,1,30,-4.40
142,1,31,-5.20
142,1,32,-10.80
142,1,33,-32.48
142,1,34,28.19
142,1,35,-18.66
142,1,36,-20.51
142,1,37,-12.22
142,1,38,3.66
142,1,39,-25.11
142,1,40,-29.63
142,1,41,-26.59
142,2,0,-20.59
142,2,1,-27.44
142,2,2,-20.75
142,2,3,-25.86
142,2,4,1.19
142,2,5,-6.87
142,2,6,2.87
142,2,7,-25.53
142,2,8,-32.31
142,2,9,-17.84
142,2,10,-2.87
142,2,11,-21.92
142,2,12,-7.09
142,2,13,-13.58
142,2,14,2.93
142,2,15,-3.90
142,2,16,-1.40
142,2,17,11.88
142,2,18,-20.30
142,2,19,5.91
142,2,20,-18.43
142,2,21,-11.17
142,2,22,-5.49
142,2,23,-43.86
142,2,24,-28.75
142,2,25,4.80
142,2,26,-2.56
142,2,27,-22.34
142,2,28,-4.21
142,2,29,-14.08
142,2,30,-36.85
142,2,31,-14.37
142,2,32,2.54
142,2,33,-16.14
142,2,34,-9.33
142,2,35,-38.98
142,2,36,-14.70
142,2,37,-45.15
142,2,38,-8.21
142,2,39,-15.69
142,2,40,-12.65
142,2,41,-11.46
142,3,0,-11.36
142,3,1,-10.11
142,3,2,-20.53
142,3,3,-19.39
142,3,4,9.75
142,3,5,-13.91
142,3,6,2.96
142,3,7,-23.33
142,3,8,-7.99
142,3,9,0.38
142,3,10,-12.09
142,3,11,-19.47
142,3,12,1.38
142,3,13,-3.26
142,3,14,-15.51
142,3,15,-6.97
142,3,16,-5.81
142,3,17,-9.52
142,3,18,29.62
142,3,19,6.63
142,3,20,1.49
142,3,21,8.49
142,3,22,38.58
142,3,23,-5.89
142,3,24,-10.31
142,3,25,15.68
142,3,26,-12.34
142,3,27,-7.78
142,3,28,2.37
142,3,29,-28.66
142,3,30,-20.45
142,3,31,1.51
142,3,32,-1.70
142,3,33,-27.56
142,3,34,-12.63
142,3,35,-27.51
142,3,36,-24.78
142,3,37,-26.38
142,3,38,-20.12
142,3,39,-14.81
142,3,40,-18.35
142,3,41,-27.52
142,4,0,-6.48
142,4,1,-11.69
142,4,2,-27.61
142,4,3,-20.67
142,4,4,33.10
142,4,5,2.45
142,4,6,-10.96
142,4,7,-32.95
142,4,8,-24.85
142,4,9,2.70
142,4,10,2.99
142,4,11,-26.02
142,4,12,-22.48
142,4,13,-35.99
142,4,14,-16.46
142,4,15,-27.84
142,4,16,-21.90
142,4,17,-16.63
142,4,18,-29.46
142,4,19,-7.02
142,4,20,-19.06
142,4,21,-21.25
142,4,22,9.10
142,4,23,7.99
142,4,24,9.81
142,4,25,41.69
142,4,26,15.92
142,4,27,-7.82
142,4,28,9.41
142,4,29,5.33
142,4,30,-24.55
142,4,31,-5.48
142,4,32,14.87
142,4,33,-25.56
142,4,34,-9.12
142,4,35,-16.99
142,4,36,-18.38
142,4,37,2.02
142,4,38,25.56
142,4,39,3.64
142,4,40,-24.15
142,4,41,-3.94
142,5,0,-24.92
142,5,1,-35.85
142,5,2,-19.26
142,5,3,-36.98
142,5,4,-7.30
142,5,5,-15.74
142,5,6,-12.26
142,5,7,-42.73
142,5,8,-25.44
142,5,9,17.61
142,5,10,-2.44
142,5,11,-28.51
142,5,12,-16.78
142,5,13,-14.11
142,5,14,-12.37
142,5,15,-30.61
142,5,16,-21.80
142,5,17,-32.31
142,5,18,-18.40
142,5,19,31.16
142,5,20,-18.75
142,5,21,-19.50
142,5,22,0.01
142,5,23,-13.25
142,5,24,-21.51
142,5,25,2.99
142,5,26,-5.44
142,5,27,-15.79
142,5,28,2.44
142,5,29,-21.85
142,5,30,-18.00
142,5,31,4.23
142,5,32,14.60
142,5,33,-4.76
142,5,34,12.43
142,5,35,-15.99
142,5,36,-28.86
142,5,37,-35.90
142,5,38,2.74
142,5,39,-40.18
142,5,40,-19.89
142,5,41,-13.15
142,6,0,-30.84
142,6,1,-21.62
142,6,2,-19.98
142,6,3,-15.25
142,6,4,1.04
142,6,5,-35.99
142,6,6,2.57
142,6,7,-31.16
142,6,8,-17.80
142,6,9,-14.40
142,6,10,9.06
142,6,11,-10.13
142,6,12,-15.89
142,6,13,2.81
142,6,14,6.38
142,6,15,-10.70
142,6,16,-17.19
142,6,17,-13.26
142,6,18,-25.16
142,6,19,12.20
142,6,20,-26.21
142,6,21,-18.92
142,6,22,13.80
142,6,23,-10.67
142,6,24,-12.92
142,6,25,3.78
142,6,26,2.52
142,6,27,-19.67
142,6,28,-1.57
142,6,29,-10.91
142,6,30,-16.45
142,6,31,3.09
142,6,32,8.95
142,6,33,-33.88
142,6,34,-9.50
142,6,35,-19.90
142,6,36,0.00
142,6,37,11.41
142,6,38,38.34
142,6,39,2.01
142,6,40,-6.71
142,6,41,2.60
143,0,0,-19.21
143,0,1,-11.47
143,0,2,17.12
143,0,3,6.15
143,0,4,5.21
143,0,5,-26.09
143,0,6,7.65
143,0,7,-26.94
143,0,8,-25.00
143,0,9,-9.68
143,0,10,-14.56
143,0,11,-17.29
143,0,12,-23.21
143,0,13,-14.06
143,0,14,-31.63
143,0,15,-20.13
143,0,16,-17.35
143,0,17,-21.82
143,0,18,-32.74
143,0,19,-16.63
143,0,20,-21.03
143,0,21,-8.43
143,0,22,-16.94
143,0,23,-40.22
143,0,24,-47.07
143,0,25,2.27
143,0,26,2.35
143,0,27,-15.99
143,0,28,2.85
143,0,29,-31.72
143,0,30,-29.97
143,0,31,6.83
143,0,32,-22.04
143,0,33,-15.58
143,0,34,-2.11
143,0,35,-15.57
143,0,36,-17.57
143,0,37,-23.40
143,0,38,-15.07
143,0,39,-10.51
143,0,40,-19.75
143,0,41,-5.44
143,1,0,-14.66
143,1,1,-19.14
143,1,2,-10.23
143,1,3,-10.71
143,1,4,-8.88
143,1,5,-8.47
143,1,6,31.60
143,1,7,3.68
143,1,8,-2.90
143,1,9,24.75
143,1,10,28.63
143,1,11,7.41
143,1,12,-15.35
143,1,13,-22.72
143,1,14,-23.61
143,1,15,-3.50
143,1,16,-21.12
143,1,17,-21.15
143,1,18,-8.20
143,1,19,40.99
143,1,20,-5.42
143,1,21,-28.99
143,1,22,22.32
143,1,23,-6.58
143,1,24,-22.40
143,1,25,5.65
143,1,26,-14.29
143,1,27,-27.88
143,1,28,2.25
143,1,29,-28.63
143,1,30,-4.40
143,1,31,-5.20
143,1,32,-10.80
143,1,33,-32.48
143,1,34,28.19
143,1,35,-18.66
143,1,36,-20.51
143,1,37,-12.22
143,1,38,3.66
143,1,39,-25.11
143,1,40,-29.63
143,1,41,-26.59
143,2,0,-20.59
143,2,1,-27.44
143,2,2,-20.75
143,2,3,-25.86
143,2,4,1.19
143,2,5,-6.87
143,2,6,2.87
143,2,7,-25.53
143,2,8,-32.31
143,2,9,-17.84
143,2,10,-2.87
143,2,11,-21.92
143,2,12,-7.09
143,2,13,-13.58
143,2,14,2.93
143,2,15,-3.90
143,2,16,-1.40
143,2,17,11.88
143,2,18,-20.30
143,2,19,5.91
143,2,20,-18.43
143,2,21,-11.17
143,2,22,-5.49
143,2,23,-43.86
143,2,24,-28.75
143,2,25,4.80
143,2,26,-2.56
143,2,27,-22.34
143,2,28,-4.21
143,2,29,-14.08
143,2,30,-36.85
143,2,31,-14.37
143,2,32,2.54
143,2,33,-16.14
143,2,34,-9.33
143,2,35,-38.98
143,2,36,-14.70
143,2,37,-45.15
143,2,38,-8.21
143,2,39,-15.69
143,2,40,-12.65
143,2,41,-11.46
143,3,0,-11.36
143,3,1,-10.11
143,3,2,-20.53
143,3,3,-19.39
143,3,4,9.75
143,3,5,-13.91
143,3,6,2.96
143,3,7,-23.33
143,3,8,-7.99
143,3,9,0.38
143,3,10,-12.09
143,3,11,-19.47
143,3,12,1.38
143,3,13,-3.26
143,3,14,-15.51
143,3,15,-6.97
143,3,16,-5.81
143,3,17,-9.52
143,3,18,29.62
143,3,19,6.63
143,3,20,1.49
143,3,21,8.49
143,3,22,38.58
143,3,23,-5.89
143,3,24,-10.31
143,3,25,15.68
143,3,26,-12.34
143,3,27,-7.78
143,3,28,2.37
143,3,29,-28.66
143,3,30,-20.45
143,3,31,1.51
143,3,32,-1.70
143,3,33,-27.56
143,3,34,-12.63
143,3,35,-27.51
143,3,36,-24.78
143,3,37,-26.38
143,3,38,-20.12
143,3,39,-14.81
143,3,40,-18.35
143,3,41,-27.52
143,4,0,-6.48
143,4,1,-11.69
143,4,2,-27.61
143,4,3,-20.67
143,4,4,33.10
143,4,5,2.45
143,4,6,-10.96
143,4,7,-32.95
143,4,8,-24.85
143,4,9,2.70
143,4,10,2.99
143,4,11,-26.02
143,4,12,-22.48
143,4,13,-35.99
143,4,14,-16.46
143,4,15,-27.84
143,4,16,-21.90
143,4,17,-16.63
143,4,18,-29.46
143,4,19,-7.02
143,4,20,-19.06
143,4,21,-21.25
143,4,22,9.10
143,4,23,7.99
143,4,24,9.81
143,4,25,41.69
143,4,26,15.92
143,4,27,-7.82
143,4,28,9.41
143,4,29,5.33
143,4,30,-24.55
143,4,31,-5.48
143,4,32,14.87
143,4,33,-25.56
143,4,34,-9.12
143,4,35,-16.99
143,4,36,-18.38
143,4,37,2.02
143,4,38,25.56
143,4,39,3.64
143,4,40,-24.15
143,4,41,-3.94
143,5,0,-24.92
143,5,1,-35.85
143,5,2,-19.26
143,5,3,-36.98
143,5,4,-7.30
143,5,5,-15.74
143,5,6,-12.26
143,5,7,-42.73
143,5,8,-25.44
143,5,9,17.61
143,5,10,-2.44
143,5,11,-28.51
143,5,12,-16.78
143,5,13,-14.11
143,5,14,-12.37
143,5,15,-30.61
143,5,16,-21.80
143,5,17,-32.31
143,5,18,-18.40
143,5,19,31.16
143,5,20,-18.75
143,5,21,-19.50
143,5,22,0.01
143,5,23,-13.25
143,5,24,-21.51
143,5,25,2.99
143,5,26,-5.44
143,5,27,-15.79
143,5,28,2.44
143,5,29,-21.85
143,5,30,-18.00
143,5,31,4.23
143,5,32,14.60
143,5,33,-4.76
143,5,34,12.43
143,5,35,-15.99
143,5,36,-28.86
143,5,37,-35.90
143,5,38,2.74
143,5,39,-40.18
143,5,40,-19.89
143,5,41,-13.15
143,6,0,-30.84
143,6,1,-21.62
143,6,2,-19.98
143,6,3,-15.25
143,6,4,1.04
143,6,5,-35.99
143,6,6,2.57
143,6,7,-31.16
143,6,8,-17.80
143,6,9,-14.40
143,6,10,9.06
143,6,11,-10.13
143,6,12,-15.89
143,6,13,2.81
143,6,14,6.38
143,6,15,-10.70
143,6,16,-17.19
143,6,17,-13.26
143,6,18,-25.16
143,6,19,12.20
143,6,20,-26.21
143,6,21,-18.92
143,6,22,13.80
143,6,23,-10.67
143,6,24,-12.92
143,6,25,3.78
143,6,26,2.52
143,6,27,-19.67
143,6,28,-1.57
143,6,29,-10.91
143,6,30,-16.45
143,6,31,3.09
143,6,32,8.95
143,6,33,-33.88
143,6,34,-9.50
143,6,35,-19.90
143,6,36,0.00
143,6,37,11.41
143,6,38,38.34
143,6,39,2.01
143,6,40,-6.71
143,6,41,2.60
144,0,0,-19.21
144,0,1,-11.47
144,0,2,17.12
144,0,3,6.15
144,0,4,5.21
144,0,5,-26.09
144,0,6,7.65
144,0,7,-26.94
144,0,8,-25.00
144,0,9,-9.68
144,0,10,-14.56
144,0,11,-17.29
144,0,12,-23.21
144,0,13,-14.06
144,0,14,-31.63
144,0,15,-20.13
144,0,16,-17.35
144,0,17,-21.82
144,0,18,-32.74
144,0,19,-16.63
144,0,20,-21.03
144,0,21,-8.43
144,0,22,-16.94
144,0,23,-40.22
144,0,24,-47.07
144,0,25,2.27
144,0,26,2.35
144,0,27,-15.99
144,0,28,2.85
144,0,29,-31.72
144,0,30,-29.97
144,0,31,6.83
144,0,32,-22.04
144,0,33,-15.58
144,0,34,-2.11
144,0,35,-15.57
144,0,36,-17.57
144,0,37,-23.40
144,0,38,-15.07
144,0,39,-10.51
144,0,40,-19.75
144,0,41,-5.44
144,1,0,-14.66
144,1,1,-19.14
144,1,2,-10.23
144,1,3,-10.71
144,1,4,-8.88
144,1,5,-8.47
144,1,6,31.60
144,1,7,3.68
144,1,8,-2.90
144,1,9,24.75
144,1,10,28.63
144,1,11,7.41
144,1,12,-15.35
144,1,13,-22.72
144,1,14,-23.61
144,1,15,-3.50
144,1,16,-21.12
144,1,17,-21.15
144,1,18,-8.20
144,1,19,40.99
144,1,20,-5.42
144,1,21,-28.99
144,1,22,22.32
144,1,23,-6.58
144,1,24,-22.40
144,1,25,5.65
144,1,26,-14.29
144,1,27,-27.88
144,1,28,2.25
144,1,29,-28.63
144,1,30,-4.40
144,1,31,-5.20
144,1,32,-10.80
144,1,33,-32.48
144,1,34,28.19
144,1,35,-18.66
144,1,36,-20.51
144,1,37,-12.22
144,1,38,3.66
144,1,39,-25.11
144,1,40,-29.63
144,1,41,-26.59
144,2,0,-20.59
144,2,1,-27.44
144,2,2,-20.75
144,2,3,-25.86
144,2,4,1.19
144,2,5,-6.87
144,2,6,2.87
144,2,7,-25.53
144,2,8,-32.31
144,2,9,-17.84
144,2,10,-2.87
144,2,11,-21.92
144,2,12,-7.09
144,2,13,-13.58
144,2,14,2.93
144,2,15,-3.90
144,2,16,-1.40
144,2,17,11.88
144,2,18,-20.30
144,2,19,5.91
144,2,20,-18.43
144,2,21,-11.17
144,2,22,-5.49
144,2,23,-43.86
144,2,24,-28.75
144,2,25,4.80
144,2,26,-2.56
144,2,27,-22.34
144,2,28,-4.21
144,2,29,-14.08
144,2,30,-36.85
144,2,31,-14.37
144,2,32,2.54
144,2,33,-16.14
144,2,34,-9.33
144,2,35,-38.98
144,2,36,-14.70
144,2,37,-45.15
144,2,38,-8.21
144,2,39,-15.69
144,2,40,-12.65
144,2,41,-11.46
144,3,0,-11.36
144,3,1,-10.11
144,3,2,-20.53
144,3,3,-19.39
144,3,4,9.75
144,3,5,-13.91
144,3,6,2.96
144,3,7,-23.33
144,3,8,-7.99
144,3,9,0.38
144,3,10,-12.09
144,3,11,-19.47
144,3,12,1.38
144,3,13,-3.26
144,3,14,-15.51
144,3,15,-6.97
144,3,16,-5.81
144,3,17,-9.52
144,3,18,29.62
144,3,19,6.63
144,3,20,1.49
144,3,21,8.49
144,3,22,38.58
144,3,23,-5.89
144,3,24,-10.31
144,3,25,15.68
144,3,26,-12.34
144,3,27,-7.78
144,3,28,2.37
144,3,29,-28.66
144,3,30,-20.45
144,3,31,1.51
144,3,32,-1.70
144,3,33,-27.56
144,3,34,-12.63
144,3,35,-27.51
144,3,36,-24.78
144,3,37,-26.38
144,3,38,-20.12
144,3,39,-14.81
144,3,40,-18.35
144,3,41,-27.52
144,4,0,-6.48
144,4,1,-11.69
144,4,2,-27.61
144,4,3,-20.67
144,4,4,33.10
144,4,5,2.45
144,4,6,-10.96
144,4,7,-32.95
144,4,8,-24.85
144,4,9,2.70
144,4,10,2.99
144,4,11,-26.02
144,4,12,-22.48
144,4,13,-35.99
144,4,14,-16.46
144,4,15,-27.84
144,4,16,-21.90
144,4,17,-16.63
144,4,18,-29.46
144,4,19,-7.02
144,4,20,-19.06
144,4,21,-21.25
144,4,22,9.10
144,4,23,7.99
144,4,24,9.81
144,4,25,41.69
144,4,26,15.92
144,4,27,-7.82
144,4,28,9.41
144,4,29,5.33
144,4,30,-24.55
144,4,31,-5.48
144,4,32,14.87
144,4,33,-25.56
144,4,34,-9.12
144,4,35,-16.99
144,4,36,-18.38
144,4,37,2.02
144,4,38,25.56
144,4,39,3.64
144,4,40,-24.15
144,4,41,-3.94
144,5,0,-24.92
144,5,1,-35.85
144,5,2,-19.26
144,5,3,-36.98
144,5,4,-7.30
144,5,5,-15.74
144,5,6,-12.26
144,5,7,-42.73
144,5,8,-25.44
144,5,9,17.61
144,5,10,-2.44
144,5,11,-28.51
144,5,12,-16.78
144,5,13,-14.11
144,5,14,-12.37
144,5,15,-30.61
144,5,16,-21.80
144,5,17,-32.31
144,5,18,-18.40
144,5,19,31.16
144,5,20,-18.75
144,5,21,-19.50
144,5,22,0.01
144,5,23,-13.25
144,5,24,-21.51
144,5,25,2.99
144,5,26,-5.44
144,5,27,-15.79
144,5,28,2.44
144,5,29,-21.85
144,5,30,-18.00
144,5,31,4.23
144,5,32,14.60
144,5,33,-4.76
144,5,34,12.43
144,5,35,-15.99
144,5,36,-28.86
144,5,37,-35.90
144,5,38,2.74
144,5,39,-40.18
144,5,40,-19.89
144,5,41,-13.15
144,6,0,-30.84
144,6,1,-21.62
144,6,2,-19.98
144,6,3,-15.25
144,6,4,1.04
144,6,5,-35.99
144,6,6,2.57
144,6,7,-31.16
144,6,8,-17.80
144,6,9,-14.40
144,6,10,9.06
144,6,11,-10.13
144,6,12,-15.89
144,6,13,2.81
144,6,14,6.38
144,6,15,-10.70
144,6,16,-17.19
144,6,17,-13.26
144,6,18,-25.16
144,6,19,12.20
144,6,20,-26.21
144,6,21,-18.92
144,6,22,13.80
144,6,23,-10.67
144,6,24,-12.92
144,6,25,3.78
144,6,26,2.52
144,6,27,-19.67
144,6,28,-1.57
144,6,29,-10.91
144,6,30,-16.45
144,6,31,3.09
144,6,32,8.95
144,6,33,-33.88
144,6,34,-9.50
144,6,35,-19.90
144,6,36,0.00
144,6,37,11.41
144,6,38,38.34
144,6,39,2.01
144,6,40,-6.71
144,6,41,2.60
145,0,0,-19.21
145,0,1,-11.47
145,0,2,17.12
145,0,3,6.15
145,0,4,5.21
145,0,5,-26.09
145,0,6,7.65
145,0,7,-26.94
145,0,8,-25.00
145,0,9,-9.68
145,0,10,-14.56
145,0,11,-17.29
145,0,12,-23.21
145,0,13,-14.06
145,0,14,-31.63
145,0,15,-20.13
145,0,16,-17.35
145,0,17,-21.82
145,0,18,-32.74
145,0,19,-16.63
145,0,20,-21.03
145,0,21,-8.43
145,0,22,-16.94
145,0,23,-40.22
145,0,24,-47.07
145,0,25,2.27
145,0,26,2.35
145,0,27,-15.99
145,0,28,2.85
145,0,29,-31.72
145,0,30,-29.97
145,0,31,6.83
145,0,32,-22.04
145,0,33,-15.58
145,0,34,-2.11
145,0,35,-15.57
145,0,36,-17.57
145,0,37,-23.40
145,0,38,-15.07
145,0,39,-10.51
145,0,40,-19.75
145,0,41,-5.44
145,1,0,-14.66
145,1,1,-19.14
145,1,2,-10.23
145,1,3,-10.71
145,1,4,-8.88
145,1,5,-8.47
145,1,6,31.60
145,1,7,3.68
145,1,8,-2.90
145,1,9,24.75
145,1,10,28.63
145,1,11,7.41
145,1,12,-15.35
145,1,13,-22.72
145,1,14,-23.61
145,1,15,-3.50
145,1,16,-21.12
145,1,17,-21.15
145,1,18,-8.20
145,1,19,40.99
145,1,20,-5.42
145,1,21,-28.99
145,1,22,22.32
145,1,23,-6.58
145,1,24,-22.40
145,1,25,5.65
145,1,26,-14.29
145,1,27,-27.88
145,1,28,2.25
145,1,29,-28.63
145,1,30,-4.40
145,1,31,-5.20
145,1,32,-10.80
145,1,33,-32.48
145,1,34,28.19
145,1,35,-18.66
145,1,36,-20.51
145,1,37,-12.22
145,1,38,3.66
145,1,39,-25.11
145,1,40,-29.63
145,1,41,-26.59
145,2,0,-20.59
145,2,1,-27.44
145,2,2,-20.75
145,2,3,-25.86
145,2,4,1.19
145,2,5,-6.87
145,2,6,2.87
145,2,7,-25.53
145,2,8,-32.31
145,2,9,-17.84
145,2,10,-2.87
145,2,11,-21.92
145,2,12,-7.09
145,2,13,-13.58
145,2,14,2.93
145,2,15,-3.90
145,2,16,-1.40
145,2,17,11.88
145,2,18,-20.30
145,2,19,5.91
145,2,20,-18.43
145,2,21,-11.17
145,2,22,-5.49
145,2,23,-43.86
145,2,24,-28.75
145,2,25,4.80
145,2,26,-2.56
145,2,27,-22.34
145,2,28,-4.21
145,2,29,-14.08
145,2,30,-36.85
145,2,31,-14.37
145,2,32,2.54
145,2,33,-16.14
145,2,34,-9.33
145,2,35,-38.98
145,2,36,-14.70
145,2,37,-45.15
145,2,38,-8.21
145,2,39,-15.69
145,2,40,-12.65
145,2,41,-11.46
145,3,0,-11.36
145,3,1,-10.11
145,3,2,-20.53
145,3,3,-19.39
145,3,4,9.75
145,3,5,-13.91
145,3,6,2.96
145,3,7,-23.33
145,3,8,-7.99
145,3,9,0.38
145,3,10,-12.09
145,3,11,-19.47
145,3,12,1.38
145,3,13,-3.26
145,3,14,-15.51
145,3,15,-6.97
145,3,16,-5.81
145,3,17,-9.52
145,3,18,29.62
145,3,19,6.63
145,3,20,1.49
145,3,21,8.49
145,3,22,38.58
145,3,23,-5.89
145,3,24,-10.31
145,3,25,15.68
145,3,26,-12.34
145,3,27,-7.78
145,3,28,2.37
145,3,29,-28.66
145,3,30,-20.45
145,3,31,1.51
145,3,32,-1.70
145,3,33,-27.56
145,3,34,-12.63
145,3,35,-27.51
145,3,36,-24.78
145,3,37,-26.38
145,3,38,-20.12
145,3,39,-14.81
145,3,40,-18.35
145,3,41,-27.52
145,4,0,-6.48
145,4,1,-11.69
145,4,2,-27.61
145,4,3,-20.67
145,4,4,33.10
145,4,5,2.45
145,4,6,-10.96
145,4,7,-32.95
145,4,8,-24.85
145,4,9,2.70
145,4,10,2.99
145,4,11,-26.02
145,4,12,-22.48
145,4,13,-35.99
145,4,14,-16.46
145,4,15,-27.84
145,4,16,-21.90
145,4,17,-16.63
145,4,18,-29.46
145,4,19,-7.02
145,4,20,-19.06
145,4,21,-21.25
145,4,22,9.10
145,4,23,7.99
145,4,24,9.81
145,4,25,41.69
145,4,26,15.92
145,4,27,-7.82
145,4,28,9.41
145,4,29,5.33
145,4,30,-24.55
145,4,31,-5.48
145,4,32,14.87
145,4,33,-25.56
145,4,34,-9.12
145,4,35,-16.99
145,4,36,-18.38
145,4,37,2.02
145,4,38,25.56
145,4,39,3.64
145,4,40,-24.15
145,4,41,-3.94
145,5,0,-24.92
145,5,1,-35.85
145,5,2,-19.26
145,5,3,-36.98
145,5,4,-7.30
145,5,5,-15.74
145,5,6,-12.26
145,5,7,-42.73
145,5,8,-25.44
145,5,9,17.61
145,5,10,-2.44
145,5,11,-28.51
145,5,12,-16.78
145,5,13,-14.11
145,5,14,-12.37
145,5,15,-30.61
145,5,16,-21.80
145,5,17,-32.31
145,5,18,-18.40
145,5,19,31.16
145,5,20,-18.75
145,5,21,-19.50
145,5,22,0.01
145,5,23,-13.25
145,5,24,-21.51
145,5,25,2.99
145,5,26,-5.44
145,5,27,-15.79
145,5,28,2.44
145,5,29,-21.85
145,5,30,-18.00
145,5,31,4.23
145,5,32,14.60
145,5,33,-4.76
145,5,34,12.43
145,5,35,-15.99
145,5,36,-28.86
145,5,37,-35.90
145,5,38,2.74
145,5,39,-40.18
145,5,40,-19.89
145,5,41,-13.15
145,6,0,-30.84
145,6,1,-21.62
145,6,2,-19.98
145,6,3,-15.25
145,6,4,1.04
145,6,5,-35.99
145,6,6,2.57
145,6,7,-31.16
145,6,8,-17.80
145,6,9,-14.40
145,6,10,9.06
145,6,11,-10.13
145,6,12,-15.89
145,6,13,2.81
145,6,14,6.38
145,6,15,-10.70
145,6,16,-17.19
145,6,17,-13.26
145,6,18,-25.16
145,6,19,12.20
145,6,20,-26.21
145,6,21,-18.92
145,6,22,13.80
145,6,23,-10.67
145,6,24,-12.92
145,6,25,3.78
145,6,26,2.52
145,6,27,-19.67
145,6,28,-1.57
145,6,29,-10.91
145,6,30,-16.45
145,6,31,3.09
145,6,32,8.95
145,6,33,-33.88
145,6,34,-9.50
145,6,35,-19.90
145,6,36,0.00
145,6,37,11.41
145,6,38,38.34
145,6,39,2.01
145,6,40,-6.71
145,6,41,2.60
146,0,0,-19.21
146,0,1,-11.47
146,0,2,17.12
146,0,3,6.15
146,0,4,5.21
146,0,5,-26.09
146,0,6,7.65
146,0,7,-26.94
146,0,8,-25.00
146,0,9,-9.68
146,0,10,-14.56
146,0,11,-17.29
146,0,12,-23.21
146,0,13,-14.06
146,0,14,-31.63
146,0,15,-20.13
146,0,16,-17.35
146,0,17,-21.82
146,0,18,-32.74
146,0,19,-16.63
146,0,20,-21.03
146,0,21,-8.43
146,0,22,-16.94
146,0,23,-40.22
146,0,24,-47.07
146,0,25,2.27
146,0,26,2.35
146,0,27,-15.99
146,0,28,2.85
146,0,29,-31.72
146,0,30,-29.97
146,0,31,6.83
146,0,32,-22.04
146,0,33,-15.58
146,0,34,-2.11
146,0,35,-15.57
146,0,36,-17.57
146,0,37,-23.40
146,0,38,-15.07
146,0,39,-10.51
146,0,40,-19.75
146,0,41,-5.44
146,1,0,-14.66
146,1,1,-19.14
146,1,2,-10.23
146,1,3,-10.71
146,1,4,-8.88
146,1,5,-8.47
146,1,6,31.60
146,1,7,3.68
146,1,8,-2.90
146,1,9,24.75
146,1,10,28.63
146,1,11,7.41
146,1,12,-15.35
146,1,13,-22.72
146,1,14,-23.61
146,1,15,-3.50
146,1,16,-21.12
146,1,17,-21.15
146,1,18,-8.20
146,1,19,40.99
146,1,20,-5.42
146,1,21,-28.99
146,1,22,22.32
146,1,23,-6.58
146,1,24,-22.40
146,1,25,5.65
146,1,26,-14.29
146,1,27,-27.88
146,1,28,2.25
146,1,29,-28.63
146,1,30,-4.40
146,1,31,-5.20
146,1,32,-10.80
146,1,33,-32.48
146,1,34,28.19
146,1,35,-18.66
146,1,36,-20.51
146,1,37,-12.22
146,1,38,3.66
146,1,39,-25.11
146,1,40,-29.63
146,1,41,-26.59
146,2,0,-20.59
146,2,1,-27.44
146,2,2,-20.75
146,2,3,-25.86
146,2,4,1.19
146,2,5,-6.87
146,2,6,2.87
146,2,7,-25.53
146,2,8,-32.31
146,2,9,-17.84
146,2,10,-2.87
146,2,11,-21.92
146,2,12,-7.09
146,2,13,-13.58
146,2,14,2.93
146,2,15,-3.90
146,2,16,-1.40
146,2,17,11.88
146,2,18,-20.30
146,2,19,5.91
146,2,20,-18.43
146,2,21,-11.17
146,2,22,-5.49
146,2,23,-43.86
146,2,24,-28.75
146,2,25,4.80
146,2,26,-2.56
146,2,27,-22.34
146,2,28,-4.21
146,2,29,-14.08
146,2,30,-36.85
146,2,31,-14.37
146,2,32,2.54
146,2,33,-16.14
146,2,34,-9.33
146,2,35,-38.98
146,2,36,-14.70
146,2,37,-45.15
146,2,38,-8.21
146,2,39,-15.69
146,2,40,-12.65
146,2,41,-11.46
146,3,0,-11.36
146,3,1,-10.11
146,3,2,-20.53
146,3,3,-19.39
146,3,4,9.75
146,3,5,-13.91
146,3,6,2.96
146,3,7,-23.33
146,3,8,-7.99
146,3,9,0.38
146,3,10,-12.09
146,3,11,-19.47
146,3,12,1.38
146,3,13,-3.26
146,3,14,-15.51
146,3,15,-6.97
146,3,16,-5.81
146,3,17,-9.52
146,3,18,29.62
146,3,19,6.63
146,3,20,1.49
146,3,21,8.49
146,3,22,38.58
146,3,23,-5.89
146,3,24,-10.31
146,3,25,15.68
146,3,26,-12.34
146,3,27,-7.78
146,3,28,2.37
146,3,29,-28.66
146,3,30,-20.45
146,3,31,1.51
146,3,32,-1.70
146,3,33,-27.56
146,3,34,-12.63
146,3,35,-27.51
146,3,36,-24.78
146,3,37,-26.38
146,3,38,-20.12
146,3,39,-14.81
146,3,40,-18.35
146,3,41,-27.52
146,4,0,-6.48
146,4,1,-11.69
146,4,2,-27.61
146,4,3,-20.67
146,4,4,33.10
146,4,5,2.45
146,4,6,-10.96
146,4,7,-32.95
146,4,8,-24.85
146,4,9,2.70
146,4,10,2.99
146,4,11,-26.02
146,4,12,-22.48
146,4,13,-35.99
146,4,14,-16.46
146,4,15,-27.84
146,4,16,-21.90
146,4,17,-16.63
146,4,18,-29.46
146,4,19,-7.02
146,4,20,-19.06
146,4,21,-21.25
146,4,22,9.10
146,4,23,7.99
146,4,24,9.81
146,4,25,41.69
146,4,26,15.92
146,4,27,-7.82
146,4,28,9.41
146,4,29,5.33
146,4,30,-24.55
146,4,31,-5.48
146,4,32,14.87
146,4,33,-25.56
146,4,34,-9.12
146,4,35,-16.99
146,4,36,-18.38
146,4,37,2.02
146,4,38,25.56
146,4,39,3.64
146,4,40,-24.15
146,4,41,-3.94
146,5,0,-24.92
146,5,1,-35.85
146,5,2,-19.26
146,5,3,-36.98
146,5,4,-7.30
146,5,5,-15.74
146,5,6,-12.26
146,5,7,-42.73
146,5,8,-25.44
146,5,9,17.61
146,5,10,-2.44
146,5,11,-28.51
146,5,12,-16.78
146,5,13,-14.11
146,5,14,-12.37
146,5,15,-30.61
146,5,16,-21.80
146,5,17,-32.31
146,5,18,-18.40
146,5,19,31.16
146,5,20,-18.75
146,5,21,-19.50
146,5,22,0.01
146,5,23,-13.25
146,5,24,-21.51
146,5,25,2.99
146,5,26,-5.44
146,5,27,-15.79
146,5,28,2.44
146,5,29,-21.85
146,5,30,-18.00
146,5,31,4.23
146,5,32,14.60
146,5,33,-4.76
146,5,34,12.43
146,5,35,-15.99
146,5,36,-28.86
146,5,37,-35.90
146,5,38,2.74
146,5,39,-40.18
146,5,40,-19.89
146,5,41,-13.15
146,6,0,-30.84
146,6,1,-21.62
146,6,2,-19.98
146,6,3,-15.25
146,6,4,1.04
146,6,5,-35.99
146,6,6,2.57
146,6,7,-31.16
146,6,8,-17.80
146,6,9,-14.40
146,6,10,9.06
146,6,11,-10.13
146,6,12,-15.89
146,6,13,2.81
146,6,14,6.38
146,6,15,-10.70
146,6,16,-17.19
146,6,17,-13.26
146,6,18,-25.16
146,6,19,12.20
146,6,20,-26.21
146,6,21,-18.92
146,6,22,13.80
146,6,23,-10.67
146,6,24,-12.92
146,6,25,3.78
146,6,26,2.52
146,6,27,-19.67
146,6,28,-1.57
146,6,29,-10.91
146,6,30,-16.45
146,6,31,3.09
146,6,32,8.95
146,6,33,-33.88
146,6,34,-9.50
146,6,35,-19.90
146,6,36,0.00
146,6,37,11.41
146,6,38,38.34
146,6,39,2.01
146,6,40,-6.71
146,6,41,2.60
147,0,0,-19.21
147,0,1,-11.47
147,0,2,17.12
147,0,3,6.15
147,0,4,5.21
147,0,5,-26.09
147,0,6,7.65
147,0,7,-26.94
147,0,8,-25.00
147,0,9,-9.68
147,0,10,-14.56
147,0,11,-17.29
147,0,12,-23.21
147,0,13,-14.06
147,0,14,-31.63
147,0,15,-20.13
147,0,16,-17.35
147,0,17,-21.82
147,0,18,-32.74
147,0,19,-16.63
147,0,20,-21.03
147,0,21,-8.43
147,0,22,-16.94
147,0,23,-40.22
147,0,24,-47.07
147,0,25,2.27
147,0,26,2.35
147,0,27,-15.99
147,0,28,2.85
147,0,29,-31.72
147,0,30,-29.97
147,0,31,6.83
147,0,32,-22.04
147,0,33,-15.58
147,0,34,-2.11
147,0,35,-15.57
147,0,36,-17.57
147,0,37,-23.40
147,0,38,-15.07
147,0,39,-10.51
147,0,40,-19.75
147,0,41,-5.44
147,1,0,-14.66
147,1,1,-19.14
147,1,2,-10.23
147,1,3,-10.71
147,1,4,-8.88
147,1,5,-8.47
147,1,6,31.60
147,1,7,3.68
147,1,8,-2.90
147,1,9,24.75
147,1,10,28.63
147,1,11,7.41
147,1,12,-15.35
147,1,13,-22.72
147,1,14,-23.61
147,1,15,-3.50
147,1,16,-21.12
147,1,17,-21.15
147,1,18,-8.20
147,1,19,40.99
147,1,20,-5.42
147,1,21,-28.99
147,1,22,22.32
147,1,23,-6.58
147,1,24,-22.40
147,1,25,5.65
147,1,26,-14.29
147,1,27,-27.88
147,1,28,2.25
147,1,29,-28.63
147,1,30,-4.40
147,1,31,-5.20
147,1,32,-10.80
147,1,33,-32.48
147,1,34,28.19
147,1,35,-18.66
147,1,36,-20.51
147,1,37,-12.22
147,1,38,3.66
147,1,39,-25.11
147,1,40,-29.63
147,1,41,-26.59
147,2,0,-20.59
147,2,1,-27.44
147,2,2,-20.75
147,2,3,-25.86
147,2,4,1.19
147,2,5,-6.87
147,2,6,2.87
147,2,7,-25.53
147,2,8,-32.31
147,2,9,-17.84
147,2,10,-2.87
147,2,11,-21.92
147,2,12,-7.09
147,2,13,-13.58
147,2,14,2.93
147,2,15,-3.90
147,2,16,-1.40
147,2,17,11.88
147,2,18,-20.30
147,2,19,5.91
147,2,20,-18.43
147,2,21,-11.17
147,2,22,-5.49
147,2,23,-43.86
147,2,24,-28.75
147,2,25,4.80
147,2,26,-2.56
147,2,27,-22.34
147,2,28,-4.21
147,2,29,-14.08
147,2,30,-36.85
147,2,31,-14.37
147,2,32,2.54
147,2,33,-16.14
147,2,34,-9.33
147,2,35,-38.98
147,2,36,-14.70
147,2,37,-45.15
147,2,38,-8.21
147,2,39,-15.69
147,2,40,-12.65
147,2,41,-11.46
147,3,0,-11.36
147,3,1,-10.11
147,3,2,-20.53
147,3,3,-19.39
147,3,4,9.75
147,3,5,-13.91
147,3,6,2.96
147,3,7,-23.33
147,3,8,-7.99
147,3,9,0.38
147,3,10,-12.09
147,3,11,-19.47
147,3,12,1.38
147,3,13,-3.26
147,3,14,-15.51
147,3,15,-6.97
147,3,16,-5.81
147,3,17,-9.52
147,3,18,29.62
147,3,19,6.63
147,3,20,1.49
147,3,21,8.49
147,3,22,38.58
147,3,23,-5.89
147,3,24,-10.31
147,3,25,15.68
147,3,26,-12.34
147,3,27,-7.78
147,3,28,2.37
147,3,29,-28.66
147,3,30,-20.45
147,3,31,1.51
147,3,32,-1.70
147,3,33,-27.56
147,3,34,-12.63
147,3,35,-27.51
147,3,36,-24.78
147,3,37,-26.38
147,3,38,-20.12
147,3,39,-14.81
147,3,40,-18.35
147,3,41,-27.52
147,4,0,-6.48
147,4,1,-11.69
147,4,2,-27.61
147,4,3,-20.67
147,4,4,33.10
147,4,5,2.45
147,4,6,-10.96
147,4,7,-32.95
147,4,8,-24.85
147,4,9,2.70
147,4,10,2.99
147,4,11,-26.02
147,4,12,-22.48
147,4,13,-35.99
147,4,14,-16.46
147,4,15,-27.84
147,4,16,-21.90
147,4,17,-16.63
147,4,18,-29.46
147,4,19,-7.02
147,4,20,-19.06
147,4,21,-21.25
147,4,22,9.10
147,4,23,7.99
147,4,24,9.81
147,4,25,41.69
147,4,26,15.92
147,4,27,-7.82
147,4,28,9.41
147,4,29,5.33
147,4,30,-24.55
147,4,31,-5.48
147,4,32,14.87
147,4,33,-25.56
147,4,34,-9.12
147,4,35,-16.99
147,4,36,-18.38
147,4,37,2.02
147,4,38,25.56
147,4,39,3.64
147,4,40,-24.15
147,4,41,-3.94
147,5,0,-24.92
147,5,1,-35.85
147,5,2,-19.26
147,5,3,-36.98
147,5,4,-7.30
147,5,5,-15.74
147,5,6,-12.26
147,5,7,-42.73
147,5,8,-25.44
147,5,9,17.61
147,5,10,-2.44
147,5,11,-28.51
147,5,12,-16.78
147,5,13,-14.11
147,5,14,-12.37
147,5,15,-30.61
147,5,16,-21.80
147,5,17,-32.31
147,5,18,-18.40
147,5,19,31.16
147,5,20,-18.75
147,5,21,-19.50
147,5,22,0.01
147,5,23,-13.25
147,5,24,-21.51
147,5,25,2.99
147,5,26,-5.44
147,5,27,-15.79
147,5,28,2.44
147,5,29,-21.85
147,5,30,-18.00
147,5,31,4.23
147,5,32,14.60
147,5,33,-4.76
147,5,34,12.43
147,5,35,-15.99
147,5,36,-28.86
147,5,37,-35.90
147,5,38,2.74
147,5,39,-40.18
147,5,40,-19.89
147,5,41,-13.15
147,6,0,-30.84
147,6,1,-21.62
147,6,2,-19.98
147,6,3,-15.25
147,6,4,1.04
147,6,5,-35.99
147,6,6,2.57
147,6,7,-31.16
147,6,8,-17.80
147,6,9,-14.40
147,6,10,9.06
147,6,11,-10.13
147,6,12,-15.89
147,6,13,2.81
147,6,14,6.38
147,6,15,-10.70
147,6,16,-17.19
147,6,17,-13.26
147,6,18,-25.16
147,6,19,12.20
147,6,20,-26.21
147,6,21,-18.92
147,6,22,13.80
147,6,23,-10.67
147,6,24,-12.92
147,6,25,3.78
147,6,26,2.52
147,6,27,-19.67
147,6,28,-1.57
147,6,29,-10.91
147,6,30,-16.45
147,6,31,3.09
147,6,32,8.95
147,6,33,-33.88
147,6,34,-9.50
147,6,35,-19.90
147,6,36,0.00
147,6,37,11.41
147,6,38,38.34
147,6,39,2.01
147,6,40,-6.71
147,6,41,2.60
148,0,0,-19.21
148,0,1,-11.47
148,0,2,17.12
148,0,3,6.15
148,0,4,5.21
148,0,5,-26.09
148,0,6,7.65
148,0,7,-26.94
148,0,8,-25.00
148,0,9,-9.68
148,0,10,-14.56
148,0,11,-17.29
148,0,12,-23.21
148,0,13,-14.06
148,0,14,-31.63
148,0,15,-20.13
148,0,16,-17.35
148,0,17,-21.82
148,0,18,-32.74
148,0,19,-16.63
148,0,20,-21.03
148,0,21,-8.43
148,0,22,-16.94
148,0,23,-40.22
148,0,24,-47.07
148,0,25,2.27
148,0,26,2.35
148,0,27,-15.99
148,0,28,2.85
148,0,29,-31.72
148,0,30,-29.97
148,0,31,6.83
148,0,32,-22.04
148,0,33,-15.58
148,0,34,-2.11
148,0,35,-15.57
148,0,36,-17.57
148,0,37,-23.40
148,0,38,-15.07
148,0,39,-10.51
148,0,40,-19.75
148,0,41,-5.44
148,1,0,-14.66
148,1,1,-19.14
148,1,2,-10.23
148,1,3,-10.71
148,1,4,-8.88
148,1,5,-8.47
148,1,6,31.60
148,1,7,3.68
148,1,8,-2.90
148,1,9,24.75
148,1,10,28.63
148,1,11,7.41
148,1,12,-15.35
148,1,13,-22.72
148,1,14,-23.61
148,1,15,-3.50
148,1,16,-21.12
148,1,17,-21.15
148,1,18,-8.20
148,1,19,40.99
148,1,20,-5.42
148,1,21,-28.99
148,1,22,22.32
148,1,23,-6.58
148,1,24,-22.40
148,1,25,5.65
148,1,26,-14.29
148,1,27,-27.88
148,1,28,2.25
148,1,29,-28.63
148,1,30,-4.40
148,1,31,-5.20
148,1,32,-10.80
148,1,33,-32.48
148,1,34,28.19
148,1,35,-18.66
148,1,36,-20.51
148,1,37,-12.22
148,1,38,3.66
148,1,39,-25.11
148,1,40,-29.63
148,1,41,-26.59
148,2,0,-20.59
148,2,1,-27.44
148,2,2,-20.75
148,2,3,-25.86
148,2,4,1.19
148,2,5,-6.87
148,2,6,2.87
148,2,7,-25.53
148,2,8,-32.31
148,2,9,-17.84
148,2,10,-2.87
148,2,11,-21.92
148,2,12,-7.09
148,2,13,-13.58
148,2,14,2.93
148,2,15,-3.90
148,2,16,-1.40
148,2,17,11.88
148,2,18,-20.30
148,2,19,5.91
148,2,20,-18.43
148,2,21,-11.17
148,2,22,-5.49
148,2,23,-43.86
148,2,24,-28.75
148,2,25,4.80
148,2,26,-2.56
148,2,27,-22.34
148,2,28,-4.21
148,2,29,-14.08
148,2,30,-36.85
148,2,31,-14.37
148,2,32,2.54
148,2,33,-16.14
148,2,34,-9.33
148,2,35,-38.98
148,2,36,-14.70
148,2,37,-45.15
148,2,38,-8.21
148,2,39,-15.69
148,2,40,-12.65
148,2,41,-11.46
148,3,0,-11.36
148,3,1,-10.11
148,3,2,-20.53
148,3,3,-19.39
148,3,4,9.75
148,3,5,-13.91
148,3,6,2.96
148,3,7,-23.33
148,3,8,-7.99
148,3,9,0.38
148,3,10,-12.09
148,3,11,-19.47
148,3,12,1.38
148,3,13,-3.26
148,3,14,-15.51
148,3,15,-6.97
148,3,16,-5.81
148,3,17,-9.52
148,3,18,29.62
148,3,19,6.63
148,3,20,1.49
148,3,21,8.49
148,3,22,38.58
148,3,23,-5.89
148,3,24,-10.31
148,3,25,15.68
148,3,26,-12.34
148,3,27,-7.78
148,3,28,2.37
148,3,29,-28.66
148,3,30,-20.45
148,3,31,1.51
148,3,32,-1.70
148,3,33,-27.56
148,3,34,-12.63
148,3,35,-27.51
148,3,36,-24.78
148,3,37,-26.38
148,3,38,-20.12
148,3,39,-14.81
148,3,40,-18.35
148,3,41,-27.52
148,4,0,-6.48
148,4,1,-11.69
148,4,2,-27.61
148,4,3,-20.67
148,4,4,33.10
148,4,5,2.45
148,4,6,-10.96
148,4,7,-32.95
148,4,8,-24.85
148,4,9,2.70
148,4,10,2.99
148,4,11,-26.02
148,4,12,-22.48
148,4,13,-35.99
148,4,14,-16.46
148,4,15,-27.84
148,4,16,-21.90
148,4,17,-16.63
148,4,18,-29.46
148,4,19,-7.02
148,4,20,-19.06
148,4,21,-21.25
148,4,22,9.10
148,4,23,7.99
148,4,24,9.81
148,4,25,41.69
148,4,26,15.92
148,4,27,-7.82
148,4,28,9.41
148,4,29,5.33
148,4,30,-24.55
148,4,31,-5.48
148,4,32,14.87
148,4,33,-25.56
148,4,34,-9.12
148,4,35,-16.99
148,4,36,-18.38
148,4,37,2.02
148,4,38,25.56
148,4,39,3.64
148,4,40,-24.15
148,4,41,-3.94
148,5,0,-24.92
148,5,1,-35.85
148,5,2,-19.26
148,5,3,-36.98
148,5,4,-7.30
148,5,5,-15.74
148,5,6,-12.26
148,5,7,-42.73
148,5,8,-25.44
148,5,9,17.61
148,5,10,-2.44
148,5,11,-28.51
148,5,12,-16.78
148,5,13,-14.11
148,5,14,-12.37
148,5,15,-30.61
148,5,16,-21.80
148,5,17,-32.31
148,5,18,-18.40
148,5,19,31.16
148,5,20,-18.75
148,5,21,-19.50
148,5,22,0.01
148,5,23,-13.25
148,5,24,-21.51
148,5,25,2.99
148,5,26,-5.44
148,5,27,-15.79
148,5,28,2.44
148,5,29,-21.85
148,5,30,-18.00
148,5,31,4.23
148,5,32,14.60
148,5,33,-4.76
148,5,34,12.43
148,5,35,-15.99
148,5,36,-28.86
148,5,37,-35.90
148,5,38,2.74
148,5,39,-40.18
148,5,40,-19.89
148,5,41,-13.15
148,6,0,-30.84
148,6,1,-21.62
148,6,2,-19.98
148,6,3,-15.25
148,6,4,1.04
148,6,5,-35.99
148,6,6,2.57
148,6,7,-31.16
148,6,8,-17.80
148,6,9,-14.40
148,6,10,9.06
148,6,11,-10.13
148,6,12,-15.89
148,6,13,2.81
148,6,14,6.38
148,6,15,-10.70
148,6,16,-17.19
148,6,17,-13.26
148,6,18,-25.16
148,6,19,12.20
148,6,20,-26.21
148,6,21,-18.92
148,6,22,13.80
148,6,23,-10.67
148,6,24,-12.92
148,6,25,3.78
148,6,26,2.52
148,6,27,-19.67
148,6,28,-1.57
148,6,29,-10.91
148,6,30,-16.45
148,6,31,3.09
148,6,32,8.95
148,6,33,-33.88
148,6,34,-9.50
148,6,35,-19.90
148,6,36,0.00
148,6,37,11.41
148,6,38,38.34
148,6,39,2.01
148,6,40,-6.71
148,6,41,2.60
149,0,0,-19.21
149,0,1,-11.47
149,0,2,17.12
149,0,3,6.15
149,0,4,5.21
149,0,5,-26.09
149,0,6,7.65
149,0,7,-26.94
149,0,8,-25.00
149,0,9,-9.68
149,0,10,-14.56
149,0,11,-17.29
149,0,12,-23.21
149,0,13,-14.06
149,0,14,-31.63
149,0,15,-20.13
149,0,16,-17.35
149,0,17,-21.82
149,0,18,-32.74
149,0,19,-16.63
149,0,20,-21.03
149,0,21,-8.43
149,0,22,-16.94
149,0,23,-40.22
149,0,24,-47.07
149,0,25,2.27
149,0,26,2.35
149,0,27,-15.99
149,0,28,2.85
149,0,29,-31.72
149,0,30,-29.97
149,0,31,6.83
149,0,32,-22.04
149,0,33,-15.58
149,0,34,-2.11
149,0,35,-15.57
149,0,36,-17.57
149,0,37,-23.40
149,0,38,-15.07
149,0,39,-10.51
149,0,40,-19.75
149,0,41,-5.44
149,1,0,-14.66
149,1,1,-19.14
149,1,2,-10.23
149,1,3,-10.71
149,1,4,-8.88
149,1,5,-8.47
149,1,6,31.60
149,1,7,3.68
149,1,8,-2.90
149,1,9,24.75
149,1,10,28.63
149,1,11,7.41
149,1,12,-15.35
149,1,13,-22.72
149,1,14,-23.61
149,1,15,-3.50
149,1,16,-21.12
149,1,17,-21.15
149,1,18,-8.20
149,1,19,40.99
149,1,20,-5.42
149,1,21,-28.99
149,1,22,22.32
149,1,23,-6.58
149,1,24,-22.40
149,1,25,5.65
149,1,26,-14.29
149,1,27,-27.88
149,1,28,2.25
149,1,29,-28.63
149,1,30,-4.40
149,1,31,-5.20
149,1,32,-10.80
149,1,33,-32.48
149,1,34,28.19
149,1,35,-18.66
149,1,36,-20.51
149,1,37,-12.22
149,1,38,3.66
149,1,39,-25.11
149,1,40,-29.63
149,1,41,-26.59
149,2,0,-20.59
149,2,1,-27.44
149,2,2,-20.75
149,2,3,-25.86
149,2,4,1.19
149,2,5,-6.87
149,2,6,2.87
149,2,7,-25.53
149,2,8,-32.31
149,2,9,-17.84
149,2,10,-2.87
149,2,11,-21.92
149,2,12,-7.09
149,2,13,-13.58
149,2,14,2.93
149,2,15,-3.90
149,2,16,-1.40
149,2,17,11.88
149,2,18,-20.30
149,2,19,5.91
149,2,20,-18.43
149,2,21,-11.17
149,2,22,-5.49
149,2,23,-43.86
149,2,24,-28.75
149,2,25,4.80
149,2,26,-2.56
149,2,27,-22.34
149,2,28,-4.21
149,2,29,-14.08
149,2,30,-36.85
149,2,31,-14.37
149,2,32,2.54
149,2,33,-16.14
149,2,34,-9.33
149,2,35,-38.98
149,2,36,-14.70
149,2,37,-45.15
149,2,38,-8.21
149,2,39,-15.69
149,2,40,-12.65
149,2,41,-11.46
149,3,0,-11.36
149,3,1,-10.11
149,3,2,-20.53
149,3,3,-19.39
149,3,4,9.75
149,3,5,-13.91
149,3,6,2.96
149,3,7,-23.33
149,3,8,-7.99
149,3,9,0.38
149,3,10,-12.09
149,3,11,-19.47
149,3,12,1.38
149,3,13,-3.26
149,3,14,-15.51
149,3,15,-6.97
149,3,16,-5.81
149,3,17,-9.52
149,3,18,29.62
149,3,19,6.63
149,3,20,1.49
149,3,21,8.49
149,3,22,38.58
149,3,23,-5.89
149,3,24,-10.31
149,3,25,15.68
149,3,26,-12.34
149,3,27,-7.78
149,3,28,2.37
149,3,29,-28.66
149,3,30,-20.45
149,3,31,1.51
149,3,32,-1.70
149,3,33,-27.56
149,3,34,-12.63
149,3,35,-27.51
149,3,36,-24.78
149,3,37,-26.38
149,3,38,-20.12
149,3,39,-14.81
149,3,40,-18.35
149,3,41,-27.52
149,4,0,-6.48
149,4,1,-11.69
149,4,2,-27.61
149,4,3,-20.67
149,4,4,33.10
149,4,5,2.45
149,4,6,-10.96
149,4,7,-32.95
149,4,8,-24.85
149,4,9,2.70
149,4,10,2.99
149,4,11,-26.02
149,4,12,-22.48
149,4,13,-35.99
149,4,14,-16.46
149,4,15,-27.84
149,4,16,-21.90
149,4,17,-16.63
149,4,18,-29.46
149,4,19,-7.02
149,4,20,-19.06
149,4,21,-21.25
149,4,22,9.10
149,4,23,7.99
149,4,24,9.81
149,4,25,41.69
149,4,26,15.92
149,4,27,-7.82
149,4,28,9.41
149,4,29,5.33
149,4,30,-24.55
149,4,31,-5.48
149,4,32,14.87
149,4,33,-25.56
149,4,34,-9.12
149,4,35,-16.99
149,4,36,-18.38
149,4,37,2.02
149,4,38,25.56
149,4,39,3.64
149,4,40,-24.15
149,4,41,-3.94
149,5,0,-24.92
149,5,1,-35.85
149,5,2,-19.26
149,5,3,-36.98
149,5,4,-7.30
149,5,5,-15.74
149,5,6,-12.26
149,5,7,-42.73
149,5,8,-25.44
149,5,9,17.61
149,5,10,-2.44
149,5,11,-28.51
149,5,12,-16.78
149,5,13,-14.11
149,5,14,-12.37
149,5,15,-30.61
149,5,16,-21.80
149,5,17,-32.31
149,5,18,-18.40
149,5,19,31.16
149,5,20,-18.75
149,5,21,-19.50
149,5,22,0.01
149,5,23,-13.25
149,5,24,-21.51
149,5,25,2.99
149,5,26,-5.44
149,5,27,-15.79
149,5,28,2.44
149,5,29,-21.85
149,5,30,-18.00
149,5,31,4.23
149,5,32,14.60
149,5,33,-4.76
149,5,34,12.43
149,5,35,-15.99
149,5,36,-28.86
149,5,37,-35.90
149,5,38,2.74
149,5,39,-40.18
149,5,40,-19.89
149,5,41,-13.15
149,6,0,-30.84
149,6,1,-21.62
149,6,2,-19.98
149,6,3,-15.25
149,6,4,1.04
149,6,5,-35.99
149,6,6,2.57
149,6,7,-31.16
149,6,8,-17.80
149,6,9,-14.40
149,6,10,9.06
149,6,11,-10.13
149,6,12,-15.89
149,6,13,2.81
149,6,14,6.38
149,6,15,-10.70
149,6,16,-17.19
149,6,17,-13.26
149,6,18,-25.16
149,6,19,12.20
149,6,20,-26.21
149,6,21,-18.92
149,6,22,13.80
149,6,23,-10.67
149,6,24,-12.92
149,6,25,3.78
149,6,26,2.52
149,6,27,-19.67
149,6,28,-1.57
149,6,29,-10.91
149,6,30,-16.45
149,6,31,3.09
149,6,32,8.95
149,6,33,-33.88
149,6,34,-9.50
149,6,35,-19.90
149,6,36,0.00
149,6,37,11.41
149,6,38,38.34
149,6,39,2.01
149,6,40,-6.71
149,6,41,2.60
150,0,0,-19.21
150,0,1,-11.47
150,0,2,17.12
150,0,3,6.15
150,0,4,5.21
150,0,5,-26.09
150,0,6,7.65
150,0,7,-26.94
150,0,8,-25.00
150,0,9,-9.68
150,0,10,-14.56
150,0,11,-17.29
150,0,12,-23.21
150,0,13,-14.06
150,0,14,-31.63
150,0,15,-20.13
150,0,16,-17.35
150,0,17,-21.82
150,0,18,-32.74
150,0,19,-16.63
150,0,20,-21.03
150,0,21,-8.43
150,0,22,-16.94
150,0,23,-40.22
150,0,24,-47.07
150,0,25,2.27
150,0,26,2.35
150,0,27,-15.99
150,0,28,2.85
150,0,29,-31.72
150,0,30,-29.97
150,0,31,6.83
150,0,32,-22.04
150,0,33,-15.58
150,0,34,-2.11
150,0,35,-15.57
150,0,36,-17.57
150,0,37,-23.40
150,0,38,-15.07
150,0,39,-10.51
150,0,40,-19.75
150,0,41,-5.44
150,1,0,-14.66
150,1,1,-19.14
150,1,2,-10.23
150,1,3,-10.71
150,1,4,-8.88
150,1,5,-8.47
150,1,6,31.60
150,1,7,3.68
150,1,8,-2.90
150,1,9,24.75
150,1,10,28.63
150,1,11,7.41
150,1,12,-15.35
150,1,13,-22.72
150,1,14,-23.61
150,1,15,-3.50
150,1,16,-21.12
150,1,17,-21.15
150,1,18,-8.20
150,1,19,40.99
150,1,20,-5.42
150,1,21,-28.99
150,1,22,22.32
150,1,23,-6.58
150,1,24,-22.40
150,1,25,5.65
150,1,26,-14.29
150,1,27,-27.88
150,1,28,2.25
150,1,29,-28.63
150,1,30,-4.40
150,1,31,-5.20
150,1,32,-10.80
150,1,33,-32.48
150,1,34,28.19
150,1,35,-18.66
150,1,36,-20.51
150,1,37,-12.22
150,1,38,3.66
150,1,39,-25.11
150,1,40,-29.63
150,1,41,-26.59
150,2,0,-20.59
150,2,1,-27.44
150,2,2,-20.75
150,2,3,-25.86
150,2,4,1.19
150,2,5,-6.87
150,2,6,2.87
150,2,7,-25.53
150,2,8,-32.31
150,2,9,-17.84
150,2,10,-2.87
150,2,11,-21.92
150,2,12,-7.09
150,2,13,-13.58
150,2,14,2.93
150,2,15,-3.90
150,2,16,-1.40
150,2,17,11.88
150,2,18,-20.30
150,2,19,5.91
150,2,20,-18.43
150,2,21,-11.17
150,2,22,-5.49
150,2,23,-43.86
150,2,24,-28.75
150,2,25,4.80
150,2,26,-2.56
150,2,27,-22.34
150,2,28,-4.21
150,2,29,-14.08
150,2,30,-36.85
150,2,31,-14.37
150,2,32,2.54
150,2,33,-16.14
150,2,34,-9.33
150,2,35,-38.98
150,2,36,-14.70
150,2,37,-45.15
150,2,38,-8.21
150,2,39,-15.69
150,2,40,-12.65
150,2,41,-11.46
150,3,0,-11.36
150,3,1,-10.11
150,3,2,-20.53
150,3,3,-19.39
150,3,4,9.75
150,3,5,-13.91
150,3,6,2.96
150,3,7,-23.33
150,3,8,-7.99
150,3,9,0.38
150,3,10,-12.09
150,3,11,-19.47
150,3,12,1.38
150,3,13,-3.26
150,3,14,-15.51
150,3,15,-6.97
150,3,16,-5.81
150,3,17,-9.52
150,3,18,29.62
150,3,19,6.63
150,3,20,1.49
150,3,21,8.49
150,3,22,38.58
150,3,23,-5.89
150,3,24,-10.31
150,3,25,15.68
150,3,26,-12.34
150,3,27,-7.78
150,3,28,2.37
150,3,29,-28.66
150,3,30,-20.45
150,3,31,1.51
150,3,32,-1.70
150,3,33,-27.56
150,3,34,-12.63
150,3,35,-27.51
150,3,36,-24.78
150,3,37,-26.38
150,3,38,-20.12
150,3,39,-14.81
150,3,40,-18.35
150,3,41,-27.52
150,4,0,-6.48
150,4,1,-11.69
150,4,2,-27.61
150,4,3,-20.67
150,4,4,33.10
150,4,5,2.45
150,4,6,-10.96
150,4,7,-32.95
150,4,8,-24.85
150,4,9,2.70
150,4,10,2.99
150,4,11,-26.02
150,4,12,-22.48
150,4,13,-35.99
150,4,14,-16.46
150,4,15,-27.84
150,4,16,-21.90
150,4,17,-16.63
150,4,18,-29.46
150,4,19,-7.02
150,4,20,-19.06
150,4,21,-21.25
150,4,22,9.10
150,4,23,7.99
150,4,24,9.81
150,4,25,41.69
150,4,26,15.92
150,4,27,-7.82
150,4,28,9.41
150,4,29,5.33
150,4,30,-24.55
150,4,31,-5.48
150,4,32,14.87
150,4,33,-25.56
150,4,34,-9.12
150,4,35,-16.99
150,4,36,-18.38
150,4,37,2.02
150,4,38,25.56
150,4,39,3.64
150,4,40,-24.15
150,4,41,-3.94
150,5,0,-24.92
150,5,1,-35.85
150,5,2,-19.26
150,5,3,-36.98
150,5,4,-7.30
150,5,5,-15.74
150,5,6,-12.26
150,5,7,-42.73
150,5,8,-25.44
150,5,9,17.61
150,5,10,-2.44
150,5,11,-28.51
150,5,12,-16.78
150,5,13,-14.11
150,5,14,-12.37
150,5,15,-30.61
150,5,16,-21.80
150,5,17,-32.31
150,5,18,-18.40
150,5,19,31.16
150,5,20,-18.75
150,5,21,-19.50
150,5,22,0.01
150,5,23,-13.25
150,5,24,-21.51
150,5,25,2.99
150,5,26,-5.44
150,5,27,-15.79
150,5,28,2.44
150,5,29,-21.85
150,5,30,-18.00
150,5,31,4.23
150,5,32,14.60
150,5,33,-4.76
150,5,34,12.43
150,5,35,-15.99
150,5,36,-28.86
150,5,37,-35.90
150,5,38,2.74
150,5,39,-40.18
150,5,40,-19.89
150,5,41,-13.15
150,6,0,-30.84
150,6,1,-21.62
150,6,2,-19.98
150,6,3,-15.25
150,6,4,1.04
150,6,5,-35.99
150,6,6,2.57
150,6,7,-31.16
150,6,8,-17.80
150,6,9,-14.40
150,6,10,9.06
150,6,11,-10.13
150,6,12,-15.89
150,6,13,2.81
150,6,14,6.38
150,6,15,-10.70
150,6,16,-17.19
150,6,17,-13.26
150,6,18,-25.16
150,6,19,12.20
150,6,20,-26.21
150,6,21,-18.92
150,6,22,13.80
150,6,23,-10.67
150,6,24,-12.92
150,6,25,3.78
150,6,26,2.52
150,6,27,-19.67
150,6,28,-1.57
150,6,29,-10.91
150,6,30,-16.45
150,6,31,3.09
150,6,32,8.95
150,6,33,-33.88
150,6,34,-9.50
150,6,35,-19.90
150,6,36,0.00
150,6,37,11.41
150,6,38,38.34
150,6,39,2.01
150,6,40,-6.71
150,6,41,2.60
151,0,0,-19.21
151,0,1,-11.47
151,0,2,17.12
151,0,3,6.15
151,0,4,5.21
151,0,5,-26.09
151,0,6,7.65
151,0,7,-26.94
151,0,8,-25.00
151,0,9,-9.68
151,0,10,-14.56
151,0,11,-17.29
151,0,12,-23.21
151,0,13,-14.06
151,0,14,-31.63
151,0,15,-20.13
151,0,16,-17.35
151,0,17,-21.82
151,0,18,-32.74
151,0,19,-16.63
151,0,20,-21.03
151,0,21,-8.43
151,0,22,-16.94
151,0,23,-40.22
151,0,24,-47.07
151,0,25,2.27
151,0,26,2.35
151,0,27,-15.99
151,0,28,2.85
151,0,29,-31.72
151,0,30,-29.97
151,0,31,6.83
151,0,32,-22.04
151,0,33,-15.58
151,0,34,-2.11
151,0,35,-15.57
151,0,36,-17.57
151,0,37,-23.40
151,0,38,-15.07
151,0,39,-10.51
151,0,40,-19.75
151,0,41,-5.44
151,1,0,-14.66
151,1,1,-19.14
151,1,2,-10.23
151,1,3,-10.71
151,1,4,-8.88
151,1,5,-8.47
151,1,6,31.60
151,1,7,3.68
151,1,8,-2.90
151,1,9,24.75
151,1,10,28.63
151,1,11,7.41
151,1,12,-15.35
151,1,13,-22.72
151,1,14,-23.61
151,1,15,-3.50
151,1,16,-21.12
151,1,17,-21.15
151,1,18,-8.20
151,1,19,40.99
151,1,20,-5.42
151,1,21,-28.99
151,1,22,22.32
151,1,23,-6.58
151,1,24,-22.40
151,1,25,5.65
151,1,26,-14.29
151,1,27,-27.88
151,1,28,2.25
151,1,29,-28.63
151,1,30,-4.40
151,1,31,-5.20
151,1,32,-10.80
151,1,33,-32.48
151,1,34,28.19
151,1,35,-18.66
151,1,36,-20.51
151,1,37,-12.22
151,1,38,3.66
151,1,39,-25.11
151,1,40,-29.63
151,1,41,-26.59
151,2,0,-20.59
151,2,1,-27.44
151,2,2,-20.75
151,2,3,-25.86
151,2,4,1.19
151,2,5,-6.87
151,2,6,2.87
151,2,7,-25.53
151,2,8,-32.31
151,2,9,-17.84
151,2,10,-2.87
151,2,11,-21.92
151,2,12,-7.09
151,2,13,-13.58
151,2,14,2.93
151,2,15,-3.90
151,2,16,-1.40
151,2,17,11.88
151,2,18,-20.30
151,2,19,5.91
151,2,20,-18.43
151,2,21,-11.17
151,2,22,-5.49
151,2,23,-43.86
151,2,24,-28.75
151,2,25,4.80
151,2,26,-2.56
151,2,27,-22.34
151,2,28,-4.21
151,2,29,-14.08
151,2,30,-36.85
151,2,31,-14.37
151,2,32,2.54
151,2,33,-16.14
151,2,34,-9.33
151,2,35,-38.98
151,2,36,-14.70
151,2,37,-45.15
151,2,38,-8.21
151,2,39,-15.69
151,2,40,-12.65
151,2,41,-11.46
151,3,0,-11.36
151,3,1,-10.11
151,3,2,-20.53
151,3,3,-19.39
151,3,4,9.75
151,3,5,-13.91
151,3,6,2.96
151,3,7,-23.33
151,3,8,-7.99
151,3,9,0.38
151,3,10,-12.09
151,3,11,-19.47
151,3,12,1.38
151,3,13,-3.26
151,3,14,-15.51
151,3,15,-6.97
151,3,16,-5.81
151,3,17,-9.52
151,3,18,29.62
151,3,19,6.63
151,3,20,1.49
151,3,21,8.49
151,3,22,38.58
151,3,23,-5.89
151,3,24,-10.31
151,3,25,15.68
151,3,26,-12.34
151,3,27,-7.78
151,3,28,2.37
151,3,29,-28.66
151,3,30,-20.45
151,3,31,1.51
151,3,32,-1.70
151,3,33,-27.56
151,3,34,-12.63
151,3,35,-27.51
151,3,36,-24.78
151,3,37,-26.38
151,3,38,-20.12
151,3,39,-14.81
151,3,40,-18.35
151,3,41,-27.52
151,4,0,-6.48
151,4,1,-11.69
151,4,2,-27.61
151,4,3,-20.67
151,4,4,33.10
151,4,5,2.45
151,4,6,-10.96
151,4,7,-32.95
151,4,8,-24.85
151,4,9,2.70
151,4,10,2.99
151,4,11,-26.02
151,4,12,-22.48
151,4,13,-35.99
151,4,14,-16.46
151,4,15,-27.84
151,4,16,-21.90
151,4,17,-16.63
151,4,18,-29.46
151,4,19,-7.02
151,4,20,-19.06
151,4,21,-21.25
151,4,22,9.10
151,4,23,7.99
151,4,24,9.81
151,4,25,41.69
151,4,26,15.92
151,4,27,-7.82
151,4,28,9.41
151,4,29,5.33
151,4,30,-24.55
151,4,31,-5.48
151,4,32,14.87
151,4,33,-25.56
151,4,34,-9.12
151,4,35,-16.99
151,4,36,-18.38
151,4,37,2.02
151,4,38,25.56
151,4,39,3.64
151,4,40,-24.15
151,4,41,-3.94
151,5,0,-24.92
151,5,1,-35.85
151,5,2,-19.26
151,5,3,-36.98
151,5,4,-7.30
151,5,5,-15.74
151,5,6,-12.26
151,5,7,-42.73
151,5,8,-25.44
151,5,9,17.61
151,5,10,-2.44
151,5,11,-28.51
151,5,12,-16.78
151,5,13,-14.11
151,5,14,-12.37
151,5,15,-30.61
151,5,16,-21.80
151,5,17,-32.31
151,5,18,-18.40
151,5,19,31.16
151,5,20,-18.75
151,5,21,-19.50
151,5,22,0.01
151,5,23,-13.25
151,5,24,-21.51
151,5,25,2.99
151,5,26,-5.44
151,5,27,-15.79
151,5,28,2.44
151,5,29,-21.85
151,5,30,-18.00
151,5,31,4.23
151,5,32,14.60
151,5,33,-4.76
151,5,34,12.43
151,5,35,-15.99
151,5,36,-28.86
151,5,37,-35.90
151,5,38,2.74
151,5,39,-40.18
151,5,40,-19.89
151,5,41,-13.15
151,6,0,-30.84
151,6,1,-21.62
151,6,2,-19.98
151,6,3,-15.25
151,6,4,1.04
151,6,5,-35.99
151,6,6,2.57
151,6,7,-31.16
151,6,8,-17.80
151,6,9,-14.40
151,6,10,9.06
151,6,11,-10.13
151,6,12,-15.89
151,6,13,2.81
151,6,14,6.38
151,6,15,-10.70
151,6,16,-17.19
151,6,17,-13.26
151,6,18,-25.16
151,6,19,12.20
151,6,20,-26.21
151,6,21,-18.92
151,6,22,13.80
151,6,23,-10.67
151,6,24,-12.92
151,6,25,3.78
151,6,26,2.52
151,6,27,-19.67
151,6,28,-1.57
151,6,29,-10.91
151,6,30,-16.45
151,6,31,3.09
151,6,32,8.95
151,6,33,-33.88
151,6,34,-9.50
151,6,35,-19.90
151,6,36,0.00
151,6,37,11.41
151,6,38,38.34
151,6,39,2.01
151,6,40,-6.71
151,6,41,2.60
152,0,0,-19.21
152,0,1,-11.47
152,0,2,17.12
152,0,3,6.15
152,0,4,5.21
152,0,5,-26.09
152,0,6,7.65
152,0,7,-26.94
152,0,8,-25.00
152,0,9,-9.68
152,0,10,-14.56
152,0,11,-17.29
152,0,12,-23.21
152,0,13,-14.06
152,0,14,-31.63
152,0,15,-20.13
152,0,16,-17.35
152,0,17,-21.82
152,0,18,-32.74
152,0,19,-16.63
152,0,20,-21.03
152,0,21,-8.43
152,0,22,-16.94
152,0,23,-40.22
152,0,24,-47.07
152,0,25,2.27
152,0,26,2.35
152,0,27,-15.99
152,0,28,2.85
152,0,29,-31.72
152,0,30,-29.97
152,0,31,6.83
152,0,32,-22.04
152,0,33,-15.58
152,0,34,-2.11
152,0,35,-15.57
152,0,36,-17.57
152,0,37,-23.40
152,0,38,-15.07
152,0,39,-10.51
152,0,40,-19.75
152,0,41,-5.44
152,1,0,-14.66
152,1,1,-19.14
152,1,2,-10.23
152,1,3,-10.71
152,1,4,-8.88
152,1,5,-8.47
152,1,6,31.60
152,1,7,3.68
152,1,8,-2.90
152,1,9,24.75
152,1,10,28.63
152,1,11,7.41
152,1,12,-15.35
152,1,13,-22.72
152,1,14,-23.61
152,1,15,-3.50
152,1,16,-21.12
152,1,17,-21.15
152,1,18,-8.20
152,1,19,40.99
152,1,20,-5.42
152,1,21,-28.99
152,1,22,22.32
152,1,23,-6.58
152,1,24,-22.40
152,1,25,5.65
152,1,26,-14.29
152,1,27,-27.88
152,1,28,2.25
152,1,29,-28.63
152,1,30,-4.40
152,1,31,-5.20
152,1,32,-10.80
152,1,33,-32.48
152,1,34,28.19
152,1,35,-18.66
152,1,36,-20.51
152,1,37,-12.22
152,1,38,3.66
152,1,39,-25.11
152,1,40,-29.63
152,1,41,-26.59
152,2,0,-20.59
152,2,1,-27.44
152,2,2,-20.75
152,2,3,-25.86
152,2,4,1.19
152,2,5,-6.87
152,2,6,2.87
152,2,7,-25.53
152,2,8,-32.31
152,2,9,-17.84
152,2,10,-2.87
152,2,11,-21.92
152,2,12,-7.09
152,2,13,-13.58
152,2,14,2.93
152,2,15,-3.90
152,2,16,-1.40
152,2,17,11.88
152,2,18,-20.30
152,2,19,5.91
152,2,20,-18.43
152,2,21,-11.17
152,2,22,-5.49
152,2,23,-43.86
152,2,24,-28.75
152,2,25,4.80
152,2,26,-2.56
152,2,27,-22.34
152,2,28,-4.21
152,2,29,-14.08
152,2,30,-36.85
152,2,31,-14.37
152,2,32,2.54
152,2,33,-16.14
152,2,34,-9.33
152,2,35,-38.98
152,2,36,-14.70
152,2,37,-45.15
152,2,38,-8.21
152,2,39,-15.69
152,2,40,-12.65
152,2,41,-11.46
152,3,0,-11.36
152,3,1,-10.11
152,3,2,-20.53
152,3,3,-19.39
152,3,4,9.75
152,3,5,-13.91
152,3,6,2.96
152,3,7,-23.33
152,3,8,-7.99
152,3,9,0.38
152,3,10,-12.09
152,3,11,-19.47
152,3,12,1.38
152,3,13,-3.26
152,3,14,-15.51
152,3,15,-6.97
152,3,16,-5.81
152,3,17,-9.52
152,3,18,29.62
152,3,19,6.63
152,3,20,1.49
152,3,21,8.49
152,3,22,38.58
152,3,23,-5.89
152,3,24,-10.31
152,3,25,15.68
152,3,26,-12.34
152,3,27,-7.78
152,3,28,2.37
152,3,29,-28.66
152,3,30,-20.45
152,3,31,1.51
152,3,32,-1.70
152,3,33,-27.56
152,3,34,-12.63
152,3,35,-27.51
152,3,36,-24.78
152,3,37,-26.38
152,3,38,-20.12
152,3,39,-14.81
152,3,40,-18.35
152,3,41,-27.52
152,4,0,-6.48
152,4,1,-11.69
152,4,2,-27.61
152,4,3,-20.67
152,4,4,33.10
152,4,5,2.45
152,4,6,-10.96
152,4,7,-32.95
152,4,8,-24.85
152,4,9,2.70
152,4,10,2.99
152,4,11,-26.02
152,4,12,-22.48
152,4,13,-35.99
152,4,14,-16.46
152,4,15,-27.84
152,4,16,-21.90
152,4,17,-16.63
152,4,18,-29.46
152,4,19,-7.02
152,4,20,-19.06
152,4,21,-21.25
152,4,22,9.10
152,4,23,7.99
152,4,24,9.81
152,4,25,41.69
152,4,26,15.92
152,4,27,-7.82
152,4,28,9.41
152,4,29,5.33
152,4,30,-24.55
152,4,31,-5.48
152,4,32,14.87
152,4,33,-25.56
152,4,34,-9.12
152,4,35,-16.99
152,4,36,-18.38
152,4,37,2.02
152,4,38,25.56
152,4,39,3.64
152,4,40,-24.15
152,4,41,-3.94
152,5,0,-24.92
152,5,1,-35.85
152,5,2,-19.26
152,5,3,-36.98
152,5,4,-7.30
152,5,5,-15.74
152,5,6,-12.26
152,5,7,-42.73
152,5,8,-25.44
152,5,9,17.61
152,5,10,-2.44
152,5,11,-28.51
152,5,12,-16.78
152,5,13,-14.11
152,5,14,-12.37
152,5,15,-30.61
152,5,16,-21.80
152,5,17,-32.31
152,5,18,-18.40
152,5,19,31.16
152,5,20,-18.75
152,5,21,-19.50
152,5,22,0.01
152,5,23,-13.25
152,5,24,-21.51
152,5,25,2.99
152,5,26,-5.44
152,5,27,-15.79
152,5,28,2.44
152,5,29,-21.85
152,5,30,-18.00
152,5,31,4.23
152,5,32,14.60
152,5,33,-4.76
152,5,34,12.43
152,5,35,-15.99
152,5,36,-28.86
152,5,37,-35.90
152,5,38,2.74
152,5,39,-40.18
152,5,40,-19.89
152,5,41,-13.15
152,6,0,-30.84
152,6,1,-21.62
152,6,2,-19.98
152,6,3,-15.25
152,6,4,1.04
152,6,5,-35.99
152,6,6,2.57
152,6,7,-31.16
152,6,8,-17.80
152,6,9,-14.40
152,6,10,9.06
152,6,11,-10.13
152,6,12,-15.89
152,6,13,2.81
152,6,14,6.38
152,6,15,-10.70
152,6,16,-17.19
152,6,17,-13.26
152,6,18,-25.16
152,6,19,12.20
152,6,20,-26.21
152,6,21,-18.92
152,6,22,13.80
152,6,23,-10.67
152,6,24,-12.92
152,6,25,3.78
152,6,26,2.52
152,6,27,-19.67
152,6,28,-1.57
152,6,29,-10.91
152,6,30,-16.45
152,6,31,3.09
152,6,32,8.95
152,6,33,-33.88
152,6,34,-9.50
152,6,35,-19.90
152,6,36,0.00
152,6,37,11.41
152,6,38,38.34
152,6,39,2.01
152,6,40,-6.71
152,6,41,2.60
153,0,0,-19.21
153,0,1,-11.47
153,0,2,17.12
153,0,3,6.15
153,0,4,5.21
153,0,5,-26.09
153,0,6,7.65
153,0,7,-26.94
153,0,8,-25.00
153,0,9,-9.68
153,0,10,-14.56
153,0,11,-17.29
153,0,12,-23.21
153,0,13,-14.06
153,0,14,-31.63
153,0,15,-20.13
153,0,16,-17.35
153,0,17,-21.82
153,0,18,-32.74
153,0,19,-16.63
153,0,20,-21.03
153,0,21,-8.43
153,0,22,-16.94
153,0,23,-40.22
153,0,24,-47.07
153,0,25,2.27
153,0,26,2.35
153,0,27,-15.99
153,0,28,2.85
153,0,29,-31.72
153,0,30,-29.97
153,0,31,6.83
153,0,32,-22.04
153,0,33,-15.58
153,0,34,-2.11
153,0,35,-15.57
153,0,36,-17.57
153,0,37,-23.40
153,0,38,-15.07
153,0,39,-10.51
153,0,40,-19.75
153,0,41,-5.44
153,1,0,-14.66
153,1,1,-19.14
153,1,2,-10.23
153,1,3,-10.71
153,1,4,-8.88
153,1,5,-8.47
153,1,6,31.60
153,1,7,3.68
153,1,8,-2.90
153,1,9,24.75
153,1,10,28.63
153,1,11,7.41
153,1,12,-15.35
153,1,13,-22.72
153,1,14,-23.61
153,1,15,-3.50
153,1,16,-21.12
153,1,17,-21.15
153,1,18,-8.20
153,1,19,40.99
153,1,20,-5.42
153,1,21,-28.99
153,1,22,22.32
153,1,23,-6.58
153,1,24,-22.40
153,1,25,5.65
153,1,26,-14.29
153,1,27,-27.88
153,1,28,2.25
153,1,29,-28.63
153,1,30,-4.40
153,1,31,-5.20
153,1,32,-10.80
153,1,33,-32.48
153,1,34,28.19
153,1,35,-18.66
153,1,36,-20.51
153,1,37,-12.22
153,1,38,3.66
153,1,39,-25.11
153,1,40,-29.63
153,1,41,-26.59
153,2,0,-20.59
153,2,1,-27.44
153,2,2,-20.75
153,2,3,-25.86
153,2,4,1.19
153,2,5,-6.87
153,2,6,2.87
153,2,7,-25.53
153,2,8,-32.31
153,2,9,-17.84
153,2,10,-2.87
153,2,11,-21.92
153,2,12,-7.09
153,2,13,-13.58
153,2,14,2.93
153,2,15,-3.90
153,2,16,-1.40
153,2,17,11.88
153,2,18,-20.30
153,2,19,5.91
153,2,20,-18.43
153,2,21,-11.17
153,2,22,-5.49
153,2,23,-43.86
153,2,24,-28.75
153,2,25,4.80
153,2,26,-2.56
153,2,27,-22.34
153,2,28,-4.21
153,2,29,-14.08
153,2,30,-36.85
153,2,31,-14.37
153,2,32,2.54
153,2,33,-16.14
153,2,34,-9.33
153,2,35,-38.98
153,2,36,-14.70
153,2,37,-45.15
153,2,38,-8.21
153,2,39,-15.69
153,2,40,-12.65
153,2,41,-11.46
153,3,0,-11.36
153,3,1,-10.11
153,3,2,-20.53
153,3,3,-19.39
153,3,4,9.75
153,3,5,-13.91
153,3,6,2.96
153,3,7,-23.33
153,3,8,-7.99
153,3,9,0.38
153,3,10,-12.09
153,3,11,-19.47
153,3,12,1.38
153,3,13,-3.26
153,3,14,-15.51
153,3,15,-6.97
153,3,16,-5.81
153,3,17,-9.52
153,3,18,29.62
153,3,19,6.63
153,3,20,1.49
153,3,21,8.49
153,3,22,38.58
153,3,23,-5.89
153,3,24,-10.31
153,3,25,15.68
153,3,26,-12.34
153,3,27,-7.78
153,3,28,2.37
153,3,29,-28.66
153,3,30,-20.45
153,3,31,1.51
153,3,32,-1.70
153,3,33,-27.56
153,3,34,-12.63
153,3,35,-27.51
153,3,36,-24.78
153,3,37,-26.38
153,3,38,-20.12
153,3,39,-14.81
153,3,40,-18.35
153,3,41,-27.52
153,4,0,-6.48
153,4,1,-11.69
153,4,2,-27.61
153,4,3,-20.67
153,4,4,33.10
153,4,5,2.45
153,4,6,-10.96
153,4,7,-32.95
153,4,8,-24.85
153,4,9,2.70
153,4,10,2.99
153,4,11,-26.02
153,4,12,-22.48
153,4,13,-35.99
153,4,14,-16.46
153,4,15,-27.84
153,4,16,-21.90
153,4,17,-16.63
153,4,18,-29.46
153,4,19,-7.02
153,4,20,-19.06
153,4,21,-21.25
153,4,22,9.10
153,4,23,7.99
153,4,24,9.81
153,4,25,41.69
153,4,26,15.92
153,4,27,-7.82
153,4,28,9.41
153,4,29,5.33
153,4,30,-24.55
153,4,31,-5.48
153,4,32,14.87
153,4,33,-25.56
153,4,34,-9.12
153,4,35,-16.99
153,4,36,-18.38
153,4,37,2.02
153,4,38,25.56
153,4,39,3.64
153,4,40,-24.15
153,4,41,-3.94
153,5,0,-24.92
153,5,1,-35.85
153,5,2,-19.26
153,5,3,-36.98
153,5,4,-7.30
153,5,5,-15.74
153,5,6,-12.26
153,5,7,-42.73
153,5,8,-25.44
153,5,9,17.61
153,5,10,-2.44
153,5,11,-28.51
153,5,12,-16.78
153,5,13,-14.11
153,5,14,-12.37
153,5,15,-30.61
153,5,16,-21.80
153,5,17,-32.31
153,5,18,-18.40
153,5,19,31.16
153,5,20,-18.75
153,5,21,-19.50
153,5,22,0.01
153,5,23,-13.25
153,5,24,-21.51
153,5,25,2.99
153,5,26,-5.44
153,5,27,-15.79
153,5,28,2.44
153,5,29,-21.85
153,5,30,-18.00
153,5,31,4.23
153,5,32,14.60
153,5,33,-4.76
153,5,34,12.43
153,5,35,-15.99
153,5,36,-28.86
153,5,37,-35.90
153,5,38,2.74
153,5,39,-40.18
153,5,40,-19.89
153,5,41,-13.15
153,6,0,-30.84
153,6,1,-21.62
153,6,2,-19.98
153,6,3,-15.25
153,6,4,1.04
153,6,5,-35.99
153,6,6,2.57
153,6,7,-31.16
153,6,8,-17.80
153,6,9,-14.40
153,6,10,9.06
153,6,11,-10.13
153,6,12,-15.89
153,6,13,2.81
153,6,14,6.38
153,6,15,-10.70
153,6,16,-17.19
153,6,17,-13.26
153,6,18,-25.16
153,6,19,12.20
153,6,20,-26.21
153,6,21,-18.92
153,6,22,13.80
153,6,23,-10.67
153,6,24,-12.92
153,6,25,3.78
153,6,26,2.52
153,6,27,-19.67
153,6,28,-1.57
153,6,29,-10.91
153,6,30,-16.45
153,6,31,3.09
153,6,32,8.95
153,6,33,-33.88
153,6,34,-9.50
153,6,35,-19.90
153,6,36,0.00
153,6,37,11.41
153,6,38,38.34
153,6,39,2.01
153,6,40,-6.71
153,6,41,2.60
154,0,0,-19.21
154,0,1,-11.47
154,0,2,17.12
154,0,3,6.15
154,0,4,5.21
154,0,5,-26.09
154,0,6,7.65
154,0,7,-26.94
154,0,8,-25.00
154,0,9,-9.68
154,0,10,-14.56
154,0,11,-17.29
154,0,12,-23.21
154,0,13,-14.06
154,0,14,-31.63
154,0,15,-20.13
154,0,16,-17.35
154,0,17,-21.82
154,0,18,-32.74
154,0,19,-16.63
154,0,20,-21.03
154,0,21,-8.43
154,0,22,-16.94
154,0,23,-40.22
154,0,24,-47.07
154,0,25,2.27
154,0,26,2.35
154,0,27,-15.99
154,0,28,2.85
154,0,29,-31.72
154,0,30,-29.97
154,0,31,6.83
154,0,32,-22.04
154,0,33,-15.58
154,0,34,-2.11
154,0,35,-15.57
154,0,36,-17.57
154,0,37,-23.40
154,0,38,-15.07
154,0,39,-10.51
154,0,40,-19.75
154,0,41,-5.44
154,1,0,-14.66
154,1,1,-19.14
154,1,2,-10.23
154,1,3,-10.71
154,1,4,-8.88
154,1,5,-8.47
154,1,6,31.60
154,1,7,3.68
154,1,8,-2.90
154,1,9,24.75
154,1,10,28.63
154,1,11,7.41
154,1,12,-15.35
154,1,13,-22.72
154,1,14,-23.61
154,1,15,-3.50
154,1,16,-21.12
154,1,17,-21.15
154,1,18,-8.20
154,1,19,40.99
154,1,20,-5.42
154,1,21,-28.99
154,1,22,22.32
154,1,23,-6.58
154,1,24,-22.40
154,1,25,5.65
154,1,26,-14.29
154,1,27,-27.88
154,1,28,2.25
154,1,29,-28.63
154,1,30,-4.40
154,1,31,-5.20
154,1,32,-10.80
154,1,33,-32.48
154,1,34,28.19
154,1,35,-18.66
154,1,36,-20.51
154,1,37,-12.22
154,1,38,3.66
154,1,39,-25.11
154,1,40,-29.63
154,1,41,-26.59
154,2,0,-20.59
154,2,1,-27.44
154,2,2,-20.75
154,2,3,-25.86
154,2,4,1.19
154,2,5,-6.87
154,2,6,2.87
154,2,7,-25.53
154,2,8,-32.31
154,2,9,-17.84
154,2,10,-2.87
154,2,11,-21.92
154,2,12,-7.09
154,2,13,-13.58
154,2,14,2.93
154,2,15,-3.90
154,2,16,-1.40
154,2,17,11.88
154,2,18,-20.30
154,2,19,5.91
154,2,20,-18.43
154,2,21,-11.17
154,2,22,-5.49
154,2,23,-43.86
154,2,24,-28.75
154,2,25,4.80
154,2,26,-2.56
154,2,27,-22.34
154,2,28,-4.21
154,2,29,-14.08
154,2,30,-36.85
154,2,31,-14.37
154,2,32,2.54
154,2,33,-16.14
154,2,34,-9.33
154,2,35,-38.98
154,2,36,-14.70
154,2,37,-45.15
154,2,38,-8.21
154,2,39,-15.69
154,2,40,-12.65
154,2,41,-11.46
154,3,0,-11.36
154,3,1,-10.11
154,3,2,-20.53
154,3,3,-19.39
154,3,4,9.75
154,3,5,-13.91
154,3,6,2.96
154,3,7,-23.33
154,3,8,-7.99
154,3,9,0.38
154,3,10,-12.09
154,3,11,-19.47
154,3,12,1.38
154,3,13,-3.26
154,3,14,-15.51
154,3,15,-6.97
154,3,16,-5.81
154,3,17,-9.52
154,3,18,29.62
154,3,19,6.63
154,3,20,1.49
154,3,21,8.49
154,3,22,38.58
154,3,23,-5.89
154,3,24,-10.31
154,3,25,15.68
154,3,26,-12.34
154,3,27,-7.78
154,3,28,2.37
154,3,29,-28.66
154,3,30,-20.45
154,3,31,1.51
154,3,32,-1.70
154,3,33,-27.56
154,3,34,-12.63
154,3,35,-27.51
154,3,36,-24.78
154,3,37,-26.38
154,3,38,-20.12
154,3,39,-14.81
154,3,40,-18.35
154,3,41,-27.52
154,4,0,-6.48
154,4,1,-11.69
154,4,2,-27.61
154,4,3,-20.67
154,4,4,33.10
154,4,5,2.45
154,4,6,-10.96
154,4,7,-32.95
154,4,8,-24.85
154,4,9,2.70
154,4,10,2.99
154,4,11,-26.02
154,4,12,-22.48
154,4,13,-35.99
154,4,14,-16.46
154,4,15,-27.84
154,4,16,-21.90
154,4,17,-16.63
154,4,18,-29.46
154,4,19,-7.02
154,4,20,-19.06
154,4,21,-21.25
154,4,22,9.10
154,4,23,7.99
154,4,24,9.81
154,4,25,41.69
154,4,26,15.92
154,4,27,-7.82
154,4,28,9.41
154,4,29,5.33
154,4,30,-24.55
154,4,31,-5.48
154,4,32,14.87
154,4,33,-25.56
154,4,34,-9.12
154,4,35,-16.99
154,4,36,-18.38
154,4,37,2.02
154,4,38,25.56
154,4,39,3.64
154,4,40,-24.15
154,4,41,-3.94
154,5,0,-24.92
154,5,1,-35.85
154,5,2,-19.26
154,5,3,-36.98
154,5,4,-7.30
154,5,5,-15.74
154,5,6,-12.26
154,5,7,-42.73
154,5,8,-25.44
154,5,9,17.61
154,5,10,-2.44
154,5,11,-28.51
154,5,12,-16.78
154,5,13,-14.11
154,5,14,-12.37
154,5,15,-30.61
154,5,16,-21.80
154,5,17,-32.31
154,5,18,-18.40
154,5,19,31.16
154,5,20,-18.75
154,5,21,-19.50
154,5,22,0.01
154,5,23,-13.25
154,5,24,-21.51
154,5,25,2.99
154,5,26,-5.44
154,5,27,-15.79
154,5,28,2.44
154,5,29,-21.85
154,5,30,-18.00
154,5,31,4.23
154,5,32,14.60
154,5,33,-4.76
154,5,34,12.43
154,5,35,-15.99
154,5,36,-28.86
154,5,37,-35.90
154,5,38,2.74
154,5,39,-40.18
154,5,40,-19.89
154,5,41,-13.15
154,6,0,-30.84
154,6,1,-21.62
154,6,2,-19.98
154,6,3,-15.25
154,6,4,1.04
154,6,5,-35.99
154,6,6,2.57
154,6,7,-31.16
154,6,8,-17.80
154,6,9,-14.40
154,6,10,9.06
154,6,11,-10.13
154,6,12,-15.89
154,6,13,2.81
154,6,14,6.38
154,6,15,-10.70
154,6,16,-17.19
154,6,17,-13.26
154,6,18,-25.16
154,6,19,12.20
154,6,20,-26.21
154,6,21,-18.92
154,6,22,13.80
154,6,23,-10.67
154,6,24,-12.92
154,6,25,3.78
154,6,26,2.52
154,6,27,-19.67
154,6,28,-1.57
154,6,29,-10.91
154,6,30,-16.45
154,6,31,3.09
154,6,32,8.95
154,6,33,-33.88
154,6,34,-9.50
154,6,35,-19.90
154,6,36,0.00
154,6,37,11.41
154,6,38,38.34
154,6,39,2.01
154,6,40,-6.71
154,6,41,2.60
155,0,0,-19.21
155,0,1,-11.47
155,0,2,17.12
155,0,3,6.15
155,0,4,5.21
155,0,5,-26.09
155,0,6,7.65
155,0,7,-26.94
155,0,8,-25.00
155,0,9,-9.68
155,0,10,-14.56
155,0,11,-17.29
155,0,12,-23.21
155,0,13,-14.06
155,0,14,-31.63
155,0,15,-20.13
155,0,16,-17.35
155,0,17,-21.82
155,0,18,-32.74
155,0,19,-16.63
155,0,20,-21.03
155,0,21,-8.43
155,0,22,-16.94
155,0,23,-40.22
155,0,24,-47.07
155,0,25,2.27
155,0,26,2.35
155,0,27,-15.99
155,0,28,2.85
155,0,29,-31.72
155,0,30,-29.97
155,0,31,6.83
155,0,32,-22.04
155,0,33,-15.58
155,0,34,-2.11
155,0,35,-15.57
155,0,36,-17.57
155,0,37,-23.40
155,0,38,-15.07
155,0,39,-10.51
155,0,40,-19.75
155,0,41,-5.44
155,1,0,-14.66
155,1,1,-19.14
155,1,2,-10.23
155,1,3,-10.71
155,1,4,-8.88
155,1,5,-8.47
155,1,6,31.60
155,1,7,3.68
155,1,8,-2.90
155,1,9,24.75
155,1,10,28.63
155,1,11,7.41
155,1,12,-15.35
155,1,13,-22.72
155,1,14,-23.61
155,1,15,-3.50
155,1,16,-21.12
155,1,17,-21.15
155,1,18,-8.20
155,1,19,40.99
155,1,20,-5.42
155,1,21,-28.99
155,1,22,22.32
155,1,23,-6.58
155,1,24,-22.40
155,1,25,5.65
155,1,26,-14.29
155,1,27,-27.88
155,1,28,2.25
155,1,29,-28.63
155,1,30,-4.40
155,1,31,-5.20
155,1,32,-10.80
155,1,33,-32.48
155,1,34,28.19
155,1,35,-18.66
155,1,36,-20.51
155,1,37,-12.22
155,1,38,3.66
155,1,39,-25.11
155,1,40,-29.63
155,1,41,-26.59
155,2,0,-20.59
155,2,1,-27.44
155,2,2,-20.75
155,2,3,-25.86
155,2,4,1.19
155,2,5,-6.87
155,2,6,2.87
155,2,7,-25.53
155,2,8,-32.31
155,2,9,-17.84
155,2,10,-2.87
155,2,11,-21.92
155,2,12,-7.09
155,2,13,-13.58
155,2,14,2.93
155,2,15,-3.90
155,2,16,-1.40
155,2,17,11.88
155,2,18,-20.30
155,2,19,5.91
155,2,20,-18.43
155,2,21,-11.17
155,2,22,-5.49
155,2,23,-43.86
155,2,24,-28.75
155,2,25,4.80
155,2,26,-2.56
155,2,27,-22.34
155,2,28,-4.21
155,2,29,-14.08
155,2,30,-36.85
155,2,31,-14.37
155,2,32,2.54
155,2,33,-16.14
155,2,34,-9.33
155,2,35,-38.98
155,2,36,-14.70
155,2,37,-45.15
155,2,38,-8.21
155,2,39,-15.69
155,2,40,-12.65
155,2,41,-11.46
155,3,0,-11.36
155,3,1,-10.11
155,3,2,-20.53
155,3,3,-19.39
155,3,4,9.75
155,3,5,-13.91
155,3,6,2.96
155,3,7,-23.33
155,3,8,-7.99
155,3,9,0.38
155,3,10,-12.09
155,3,11,-19.47
155,3,12,1.38
155,3,13,-3.26
155,3,14,-15.51
155,3,15,-6.97
155,3,16,-5.81
155,3,17,-9.52
155,3,18,29.62
155,3,19,6.63
155,3,20,1.49
155,3,21,8.49
155,3,22,38.58
155,3,23,-5.89
155,3,24,-10.31
155,3,25,15.68
155,3,26,-12.34
155,3,27,-7.78
155,3,28,2.37
155,3,29,-28.66
155,3,30,-20.45
155,3,31,1.51
155,3,32,-1.70
155,3,33,-27.56
155,3,34,-12.63
155,3,35,-27.51
155,3,36,-24.78
155,3,37,-26.38
155,3,38,-20.12
155,3,39,-14.81
155,3,40,-18.35
155,3,41,-27.52
155,4,0,-6.48
155,4,1,-11.69
155,4,2,-27.61
155,4,3,-20.67
155,4,4,33.10
155,4,5,2.45
155,4,6,-10.96
155,4,7,-32.95
155,4,8,-24.85
155,4,9,2.70
155,4,10,2.99
155,4,11,-26.02
155,4,12,-22.48
155,4,13,-35.99
155,4,14,-16.46
155,4,15,-27.84
155,4,16,-21.90
155,4,17,-16.63
155,4,18,-29.46
155,4,19,-7.02
155,4,20,-19.06
155,4,21,-21.25
155,4,22,9.10
155,4,23,7.99
155,4,24,9.81
155,4,25,41.69
155,4,26,15.92
155,4,27,-7.82
155,4,28,9.41
155,4,29,5.33
155,4,30,-24.55
155,4,31,-5.48
155,4,32,14.87
155,4,33,-25.56
155,4,34,-9.12
155,4,35,-16.99
155,4,36,-18.38
155,4,37,2.02
155,4,38,25.56
155,4,39,3.64
155,4,40,-24.15
155,4,41,-3.94
155,5,0,-24.92
155,5,1,-35.85
155,5,2,-19.26
155,5,3,-36.98
155,5,4,-7.30
155,5,5,-15.74
155,5,6,-12.26
155,5,7,-42.73
155,5,8,-25.44
155,5,9,17.61
155,5,10,-2.44
155,5,11,-28.51
155,5,12,-16.78
155,5,13,-14.11
155,5,14,-12.37
155,5,15,-30.61
155,5,16,-21.80
155,5,17,-32.31
155,5,18,-18.40
155,5,19,31.16
155,5,20,-18.75
155,5,21,-19.50
155,5,22,0.01
155,5,23,-13.25
155,5,24,-21.51
155,5,25,2.99
155,5,26,-5.44
155,5,27,-15.79
155,5,28,2.44
155,5,29,-21.85
155,5,30,-18.00
155,5,31,4.23
155,5,32,14.60
155,5,33,-4.76
155,5,34,12.43
155,5,35,-15.99
155,5,36,-28.86
155,5,37,-35.90
155,5,38,2.74
155,5,39,-40.18
155,5,40,-19.89
155,5,41,-13.15
155,6,0,-30.84
155,6,1,-21.62
155,6,2,-19.98
155,6,3,-15.25
155,6,4,1.04
155,6,5,-35.99
155,6,6,2.57
155,6,7,-31.16
155,6,8,-17.80
155,6,9,-14.40
155,6,10,9.06
155,6,11,-10.13
155,6,12,-15.89
155,6,13,2.81
155,6,14,6.38
155,6,15,-10.70
155,6,16,-17.19
155,6,17,-13.26
155,6,18,-25.16
155,6,19,12.20
155,6,20,-26.21
155,6,21,-18.92
155,6,22,13.80
155,6,23,-10.67
155,6,24,-12.92
155,6,25,3.78
155,6,26,2.52
155,6,27,-19.67
155,6,28,-1.57
155,6,29,-10.91
155,6,30,-16.45
155,6,31,3.09
155,6,32,8.95
155,6,33,-33.88
155,6,34,-9.50
155,6,35,-19.90
155,6,36,0.00
155,6,37,11.41
155,6,38,38.34
155,6,39,2.01
155,6,40,-6.71
155,6,41,2.60
156,0,0,-19.21
156,0,1,-11.47
156,0,2,17.12
156,0,3,6.15
156,0,4,5.21
156,0,5,-26.09
156,0,6,7.65
156,0,7,-26.94
156,0,8,-25.00
156,0,9,-9.68
156,0,10,-14.56
156,0,11,-17.29
156,0,12,-23.21
156,0,13,-14.06
156,0,14,-31.63
156,0,15,-20.13
156,0,16,-17.35
156,0,17,-21.82
156,0,18,-32.74
156,0,19,-16.63
156,0,20,-21.03
156,0,21,-8.43
156,0,22,-16.94
156,0,23,-40.22
156,0,24,-47.07
156,0,25,2.27
156,0,26,2.35
156,0,27,-15.99
156,0,28,2.85
156,0,29,-31.72
156,0,30,-29.97
156,0,31,6.83
156,0,32,-22.04
156,0,33,-15.58
156,0,34,-2.11
156,0,35,-15.57
156,0,36,-17.57
156,0,37,-23.40
156,0,38,-15.07
156,0,39,-10.51
156,0,40,-19.75
156,0,41,-5.44
156,1,0,-14.66
156,1,1,-19.14
156,1,2,-10.23
156,1,3,-10.71
156,1,4,-8.88
156,1,5,-8.47
156,1,6,31.60
156,1,7,3.68
156,1,8,-2.90
156,1,9,24.75
156,1,10,28.63
156,1,11,7.41
156,1,12,-15.35
156,1,13,-22.72
156,1,14,-23.61
156,1,15,-3.50
156,1,16,-21.12
156,1,17,-21.15
156,1,18,-8.20
156,1,19,40.99
156,1,20,-5.42
156,1,21,-28.99
156,1,22,22.32
156,1,23,-6.58
156,1,24,-22.40
156,1,25,5.65
156,1,26,-14.29
156,1,27,-27.88
156,1,28,2.25
156,1,29,-28.63
156,1,30,-4.40
156,1,31,-5.20
156,1,32,-10.80
156,1,33,-32.48
156,1,34,28.19
156,1,35,-18.66
156,1,36,-20.51
156,1,37,-12.22
156,1,38,3.66
156,1,39,-25.11
156,1,40,-29.63
156,1,41,-26.59
156,2,0,-20.59
156,2,1,-27.44
156,2,2,-20.75
156,2,3,-25.86
156,2,4,1.19
156,2,5,-6.87
156,2,6,2.87
156,2,7,-25.53
156,2,8,-32.31
156,2,9,-17.84
156,2,10,-2.87
156,2,11,-21.92
156,2,12,-7.09
156,2,13,-13.58
156,2,14,2.93
156,2,15,-3.90
156,2,16,-1.40
156,2,17,11.88
156,2,18,-20.30
156,2,19,5.91
156,2,20,-18.43
156,2,21,-11.17
156,2,22,-5.49
156,2,23,-43.86
156,2,24,-28.75
156,2,25,4.80
156,2,26,-2.56
156,2,27,-22.34
156,2,28,-4.21
156,2,29,-14.08
156,2,30,-36.85
156,2,31,-14.37
156,2,32,2.54
156,2,33,-16.14
156,2,34,-9.33
156,2,35,-38.98
156,2,36,-14.70
156,2,37,-45.15
156,2,38,-8.21
156,2,39,-15.69
156,2,40,-12.65
156,2,41,-11.46
156,3,0,-11.36
156,3,1,-10.11
156,3,2,-20.53
156,3,3,-19.39
156,3,4,9.75
156,3,5,-13.91
156,3,6,2.96
156,3,7,-23.33
156,3,8,-7.99
156,3,9,0.38
156,3,10,-12.09
156,3,11,-19.47
156,3,12,1.38
156,3,13,-3.26
156,3,14,-15.51
156,3,15,-6.97
156,3,16,-5.81
156,3,17,-9.52
156,3,18,29.62
156,3,19,6.63
156,3,20,1.49
156,3,21,8.49
156,3,22,38.58
156,3,23,-5.89
156,3,24,-10.31
156,3,25,15.68
156,3,26,-12.34
156,3,27,-7.78
156,3,28,2.37
156,3,29,-28.66
156,3,30,-20.45
156,3,31,1.51
156,3,32,-1.70
156,3,33,-27.56
156,3,34,-12.63
156,3,35,-27.51
156,3,36,-24.78
156,3,37,-26.38
156,3,38,-20.12
156,3,39,-14.81
156,3,40,-18.35
156,3,41,-27.52
156,4,0,-6.48
156,4,1,-11.69
156,4,2,-27.61
156,4,3,-20.67
156,4,4,33.10
156,4,5,2.45
156,4,6,-10.96
156,4,7,-32.95
156,4,8,-24.85
156,4,9,2.70
156,4,10,2.99
156,4,11,-26.02
156,4,12,-22.48
156,4,13,-35.99
156,4,14,-16.46
156,4,15,-27.84
156,4,16,-21.90
156,4,17,-16.63
156,4,18,-29.46
156,4,19,-7.02
156,4,20,-19.06
156,4,21,-21.25
156,4,22,9.10
156,4,23,7.99
156,4,24,9.81
156,4,25,41.69
156,4,26,15.92
156,4,27,-7.82
156,4,28,9.41
156,4,29,5.33
156,4,30,-24.55
156,4,31,-5.48
156,4,32,14.87
156,4,33,-25.56
156,4,34,-9.12
156,4,35,-16.99
156,4,36,-18.38
156,4,37,2.02
156,4,38,25.56
156,4,39,3.64
156,4,40,-24.15
156,4,41,-3.94
156,5,0,-24.92
156,5,1,-35.85
156,5,2,-19.26
156,5,3,-36.98
156,5,4,-7.30
156,5,5,-15.74
156,5,6,-12.26
156,5,7,-42.73
156,5,8,-25.44
156,5,9,17.61
156,5,10,-2.44
156,5,11,-28.51
156,5,12,-16.78
156,5,13,-14.11
156,5,14,-12.37
156,5,15,-30.61
156,5,16,-21.80
156,5,17,-32.31
156,5,18,-18.40
156,5,19,31.16
156,5,20,-18.75
156,5,21,-19.50
156,5,22,0.01
156,5,23,-13.25
156,5,24,-21.51
156,5,25,2.99
156,5,26,-5.44
156,5,27,-15.79
156,5,28,2.44
156,5,29,-21.85
156,5,30,-18.00
156,5,31,4.23
156,5,32,14.60
156,5,33,-4.76
156,5,34,12.43
156,5,35,-15.99
156,5,36,-28.86
156,5,37,-35.90
156,5,38,2.74
156,5,39,-40.18
156,5,40,-19.89
156,5,41,-13.15
156,6,0,-30.84
156,6,1,-21.62
156,6,2,-19.98
156,6,3,-15.25
156,6,4,1.04
156,6,5,-35.99
156,6,6,2.57
156,6,7,-31.16
156,6,8,-17.80
156,6,9,-14.40
156,6,10,9.06
156,6,11,-10.13
156,6,12,-15.89
156,6,13,2.81
156,6,14,6.38
156,6,15,-10.70
156,6,16,-17.19
156,6,17,-13.26
156,6,18,-25.16
156,6,19,12.20
156,6,20,-26.21
156,6,21,-18.92
156,6,22,13.80
156,6,23,-10.67
156,6,24,-12.92
156,6,25,3.78
156,6,26,2.52
156,6,27,-19.67
156,6,28,-1.57
156,6,29,-10.91
156,6,30,-16.45
156,6,31,3.09
156,6,32,8.95
156,6,33,-33.88
156,6,34,-9.50
156,6,35,-19.90
156,6,36,0.00
156,6,37,11.41
156,6,38,38.34
156,6,39,2.01
156,6,40,-6.71
156,6,41,2.60
157,0,0,-19.21
157,0,1,-11.47
157,0,2,17.12
157,0,3,6.15
157,0,4,5.21
157,0,5,-26.09
157,0,6,7.65
157,0,7,-26.94
157,0,8,-25.00
157,0,9,-9.68
157,0,10,-14.56
157,0,11,-17.29
157,0,12,-23.21
157,0,13,-14.06
157,0,14,-31.63
157,0,15,-20.13
157,0,16,-17.35
157,0,17,-21.82
157,0,18,-32.74
157,0,19,-16.63
157,0,20,-21.03
157,0,21,-8.43
157,0,22,-16.94
157,0,23,-40.22
157,0,24,-47.07
157,0,25,2.27
157,0,26,2.35
157,0,27,-15.99
157,0,28,2.85
157,0,29,-31.72
157,0,30,-29.97
157,0,31,6.83
157,0,32,-22.04
157,0,33,-15.58
157,0,34,-2.11
157,0,35,-15.57
157,0,36,-17.57
157,0,37,-23.40
157,0,38,-15.07
157,0,39,-10.51
157,0,40,-19.75
157,0,41,-5.44
157,1,0,-14.66
157,1,1,-19.14
157,1,2,-10.23
157,1,3,-10.71
157,1,4,-8.88
157,1,5,-8.47
157,1,6,31.60
157,1,7,3.68
157,1,8,-2.90
157,1,9,24.75
157,1,10,28.63
157,1,11,7.41
157,1,12,-15.35
157,1,13,-22.72
157,1,14,-23.61
157,1,15,-3.50
157,1,16,-21.12
157,1,17,-21.15
157,1,18,-8.20
157,1,19,40.99
157,1,20,-5.42
157,1,21,-28.99
157,1,22,22.32
157,1,23,-6.58
157,1,24,-22.40
157,1,25,5.65
157,1,26,-14.29
157,1,27,-27.88
157,1,28,2.25
157,1,29,-28.63
157,1,30,-4.40
157,1,31,-5.20
157,1,32,-10.80
157,1,33,-32.48
157,1,34,28.19
157,1,35,-18.66
157,1,36,-20.51
157,1,37,-12.22
157,1,38,3.66
157,1,39,-25.11
157,1,40,-29.63
157,1,41,-26.59
157,2,0,-20.59
157,2,1,-27.44
157,2,2,-20.75
157,2,3,-25.86
157,2,4,1.19
157,2,5,-6.87
157,2,6,2.87
157,2,7,-25.53
157,2,8,-32.31
157,2,9,-17.84
157,2,10,-2.87
157,2,11,-21.92
157,2,12,-7.09
157,2,13,-13.58
157,2,14,2.93
157,2,15,-3.90
157,2,16,-1.40
157,2,17,11.88
157,2,18,-20.30
157,2,19,5.91
157,2,20,-18.43
157,2,21,-11.17
157,2,22,-5.49
157,2,23,-43.86
157,2,24,-28.75
157,2,25,4.80
157,2,26,-2.56
157,2,27,-22.34
157,2,28,-4.21
157,2,29,-14.08
157,2,30,-36.85
157,2,31,-14.37
157,2,32,2.54
157,2,33,-16.14
157,2,34,-9.33
157,2,35,-38.98
157,2,36,-14.70
157,2,37,-45.15
157,2,38,-8.21
157,2,39,-15.69
157,2,40,-12.65
157,2,41,-11.46
157,3,0,-11.36
157,3,1,-10.11
157,3,2,-20.53
157,3,3,-19.39
157,3,4,9.75
157,3,5,-13.91
157,3,6,2.96
157,3,7,-23.33
157,3,8,-7.99
157,3,9,0.38
157,3,10,-12.09
157,3,11,-19.47
157,3,12,1.38
157,3,13,-3.26
157,3,14,-15.51
157,3,15,-6.97
157,3,16,-5.81
157,3,17,-9.52
157,3,18,29.62
157,3,19,6.63
157,3,20,1.49
157,3,21,8.49
157,3,22,38.58
157,3,23,-5.89
157,3,24,-10.31
157,3,25,15.68
157,3,26,-12.34
157,3,27,-7.78
157,3,28,2.37
157,3,29,-28.66
157,3,30,-20.45
157,3,31,1.51
157,3,32,-1.70
157,3,33,-27.56
157,3,34,-12.63
157,3,35,-27.51
157,3,36,-24.78
157,3,37,-26.38
157,3,38,-20.12
157,3,39,-14.81
157,3,40,-18.35
157,3,41,-27.52
157,4,0,-6.48
157,4,1,-11.69
157,4,2,-27.61
157,4,3,-20.67
157,4,4,33.10
157,4,5,2.45
157,4,6,-10.96
157,4,7,-32.95
157,4,8,-24.85
157,4,9,2.70
157,4,10,2.99
157,4,11,-26.02
157,4,12,-22.48
157,4,13,-35.99
157,4,14,-16.46
157,4,15,-27.84
157,4,16,-21.90
157,4,17,-16.63
157,4,18,-29.46
157,4,19,-7.02
157,4,20,-19.06
157,4,21,-21.25
157,4,22,9.10
157,4,23,7.99
157,4,24,9.81
157,4,25,41.69
157,4,26,15.92
157,4,27,-7.82
157,4,28,9.41
157,4,29,5.33
157,4,30,-24.55
157,4,31,-5.48
157,4,32,14.87
157,4,33,-25.56
157,4,34,-9.12
157,4,35,-16.99
157,4,36,-18.38
157,4,37,2.02
157,4,38,25.56
157,4,39,3.64
157,4,40,-24.15
157,4,41,-3.94
157,5,0,-24.92
157,5,1,-35.85
157,5,2,-19.26
157,5,3,-36.98
157,5,4,-7.30
157,5,5,-15.74
157,5,6,-12.26
157,5,7,-42.73
157,5,8,-25.44
157,5,9,17.61
157,5,10,-2.44
157,5,11,-28.51
157,5,12,-16.78
157,5,13,-14.11
157,5,14,-12.37
157,5,15,-30.61
157,5,16,-21.80
157,5,17,-32.31
157,5,18,-18.40
157,5,19,31.16
157,5,20,-18.75
157,5,21,-19.50
157,5,22,0.01
157,5,23,-13.25
157,5,24,-21.51
157,5,25,2.99
157,5,26,-5.44
157,5,27,-15.79
157,5,28,2.44
157,5,29,-21.85
157,5,30,-18.00
157,5,31,4.23
157,5,32,14.60
157,5,33,-4.76
157,5,34,12.43
157,5,35,-15.99
157,5,36,-28.86
157,5,37,-35.90
157,5,38,2.74
157,5,39,-40.18
157,5,40,-19.89
157,5,41,-13.15
157,6,0,-30.84
157,6,1,-21.62
157,6,2,-19.98
157,6,3,-15.25
157,6,4,1.04
157,6,5,-35.99
157,6,6,2.57
157,6,7,-31.16
157,6,8,-17.80
157,6,9,-14.40
157,6,10,9.06
157,6,11,-10.13
157,6,12,-15.89
157,6,13,2.81
157,6,14,6.38
157,6,15,-10.70
157,6,16,-17.19
157,6,17,-13.26
157,6,18,-25.16
157,6,19,12.20
157,6,20,-26.21
157,6,21,-18.92
157,6,22,13.80
157,6,23,-10.67
157,6,24,-12.92
157,6,25,3.78
157,6,26,2.52
157,6,27,-19.67
157,6,28,-1.57
157,6,29,-10.91
157,6,30,-16.45
157,6,31,3.09
157,6,32,8.95
157,6,33,-33.88
157,6,34,-9.50
157,6,35,-19.90
157,6,36,0.00
157,6,37,11.41
157,6,38,38.34
157,6,39,2.01
157,6,40,-6.71
157,6,41,2.60
158,0,0,-19.21
158,0,1,-11.47
158,0,2,17.12
158,0,3,6.15
158,0,4,5.21
158,0,5,-26.09
158,0,6,7.65
158,0,7,-26.94
158,0,8,-25.00
158,0,9,-9.68
158,0,10,-14.56
158,0,11,-17.29
158,0,12,-23.21
158,0,13,-14.06
158,0,14,-31.63
158,0,15,-20.13
158,0,16,-17.35
158,0,17,-21.82
158,0,18,-32.74
158,0,19,-16.63
158,0,20,-21.03
158,0,21,-8.43
158,0,22,-16.94
158,0,23,-40.22
158,0,24,-47.07
158,0,25,2.27
158,0,26,2.35
158,0,27,-15.99
158,0,28,2.85
158,0,29,-31.72
158,0,30,-29.97
158,0,31,6.83
158,0,32,-22.04
158,0,33,-15.58
158,0,34,-2.11
158,0,35,-15.57
158,0,36,-17.57
158,0,37,-23.40
158,0,38,-15.07
158,0,39,-10.51
158,0,40,-19.75
158,0,41,-5.44
158,1,0,-14.66
158,1,1,-19.14
158,1,2,-10.23
158,1,3,-10.71
158,1,4,-8.88
158,1,5,-8.47
158,1,6,31.60
158,1,7,3.68
158,1,8,-2.90
158,1,9,24.75
158,1,10,28.63
158,1,11,7.41
158,1,12,-15.35
158,1,13,-22.72
158,1,14,-23.61
158,1,15,-3.50
158,1,16,-21.12
158,1,17,-21.15
158,1,18,-8.20
158,1,19,40.99
158,1,20,-5.42
158,1,21,-28.99
158,1,22,22.32
158,1,23,-6.58
158,1,24,-22.40
158,1,25,5.65
158,1,26,-14.29
158,1,27,-27.88
158,1,28,2.25
158,1,29,-28.63
158,1,30,-4.40
158,1,31,-5.20
158,1,32,-10.80
158,1,33,-32.48
158,1,34,28.19
158,1,35,-18.66
158,1,36,-20.51
158,1,37,-12.22
158,1,38,3.66
158,1,39,-25.11
158,1,40,-29.63
158,1,41,-26.59
158,2,0,-20.59
158,2,1,-27.44
158,2,2,-20.75
158,2,3,-25.86
158,2,4,1.19
158,2,5,-6.87
158,2,6,2.87
158,2,7,-25.53
158,2,8,-32.31
158,2,9,-17.84
158,2,10,-2.87
158,2,11,-21.92
158,2,12,-7.09
158,2,13,-13.58
158,2,14,2.93
158,2,15,-3.90
158,2,16,-1.40
158,2,17,11.88
158,2,18,-20.30
158,2,19,5.91
158,2,20,-18.43
158,2,21,-11.17
158,2,22,-5.49
158,2,23,-43.86
158,2,24,-28.75
158,2,25,4.80
158,2,26,-2.56
158,2,27,-22.34
158,2,28,-4.21
158,2,29,-14.08
158,2,30,-36.85
158,2,31,-14.37
158,2,32,2.54
158,2,33,-16.14
158,2,34,-9.33
158,2,35,-38.98
158,2,36,-14.70
158,2,37,-45.15
158,2,38,-8.21
158,2,39,-15.69
158,2,40,-12.65
158,2,41,-11.46
158,3,0,-11.36
158,3,1,-10.11
158,3,2,-20.53
158,3,3,-19.39
158,3,4,9.75
158,3,5,-13.91
158,3,6,2.96
158,3,7,-23.33
158,3,8,-7.99
158,3,9,0.38
158,3,10,-12.09
158,3,11,-19.47
158,3,12,1.38
158,3,13,-3.26
158,3,14,-15.51
158,3,15,-6.97
158,3,16,-5.81
158,3,17,-9.52
158,3,18,29.62
158,3,19,6.63
158,3,20,1.49
158,3,21,8.49
158,3,22,38.58
158,3,23,-5.89
158,3,24,-10.31
158,3,25,15.68
158,3,26,-12.34
158,3,27,-7.78
158,3,28,2.37
158,3,29,-28.66
158,3,30,-20.45
158,3,31,1.51
158,3,32,-1.70
158,3,33,-27.56
158,3,34,-12.63
158,3,35,-27.51
158,3,36,-24.78
158,3,37,-26.38
158,3,38,-20.12
158,3,39,-14.81
158,3,40,-18.35
158,3,41,-27.52
158,4,0,-6.48
158,4,1,-11.69
158,4,2,-27.61
158,4,3,-20.67
158,4,4,33.10
158,4,5,2.45
158,4,6,-10.96
158,4,7,-32.95
158,4,8,-24.85
158,4,9,2.70
158,4,10,2.99
158,4,11,-26.02
158,4,12,-22.48
158,4,13,-35.99
158,4,14,-16.46
158,4,15,-27.84
158,4,16,-21.90
158,4,17,-16.63
158,4,18,-29.46
158,4,19,-7.02
158,4,20,-19.06
158,4,21,-21.25
158,4,22,9.10
158,4,23,7.99
158,4,24,9.81
158,4,25,41.69
158,4,26,15.92
158,4,27,-7.82
158,4,28,9.41
158,4,29,5.33
158,4,30,-24.55
158,4,31,-5.48
158,4,32,14.87
158,4,33,-25.56
158,4,34,-9.12
158,4,35,-16.99
158,4,36,-18.38
158,4,37,2.02
158,4,38,25.56
158,4,39,3.64
158,4,40,-24.15
158,4,41,-3.94
158,5,0,-24.92
158,5,1,-35.85
158,5,2,-19.26
158,5,3,-36.98
158,5,4,-7.30
158,5,5,-15.74
158,5,6,-12.26
158,5,7,-42.73
158,5,8,-25.44
158,5,9,17.61
158,5,10,-2.44
158,5,11,-28.51
158,5,12,-16.78
158,5,13,-14.11
158,5,14,-12.37
158,5,15,-30.61
158,5,16,-21.80
158,5,17,-32.31
158,5,18,-18.40
158,5,19,31.16
158,5,20,-18.75
158,5,21,-19.50
158,5,22,0.01
158,5,23,-13.25
158,5,24,-21.51
158,5,25,2.99
158,5,26,-5.44
158,5,27,-15.79
158,5,28,2.44
158,5,29,-21.85
158,5,30,-18.00
158,5,31,4.23
158,5,32,14.60
158,5,33,-4.76
158,5,34,12.43
158,5,35,-15.99
158,5,36,-28.86
158,5,37,-35.90
158,5,38,2.74
158,5,39,-40.18
158,5,40,-19.89
158,5,41,-13.15
158,6,0,-30.84
158,6,1,-21.62
158,6,2,-19.98
158,6,3,-15.25
158,6,4,1.04
158,6,5,-35.99
158,6,6,2.57
158,6,7,-31.16
158,6,8,-17.80
158,6,9,-14.40
158,6,10,9.06
158,6,11,-10.13
158,6,12,-15.89
158,6,13,2.81
158,6,14,6.38
158,6,15,-10.70
158,6,16,-17.19
158,6,17,-13.26
158,6,18,-25.16
158,6,19,12.20
158,6,20,-26.21
158,6,21,-18.92
158,6,22,13.80
158,6,23,-10.67
158,6,24,-12.92
158,6,25,3.78
158,6,26,2.52
158,6,27,-19.67
158,6,28,-1.57
158,6,29,-10.91
158,6,30,-16.45
158,6,31,3.09
158,6,32,8.95
158,6,33,-33.88
158,6,34,-9.50
158,6,35,-19.90
158,6,36,0.00
158,6,37,11.41
158,6,38,38.34
158,6,39,2.01
158,6,40,-6.71
158,6,41,2.60
159,0,0,-19.21
159,0,1,-11.47
159,0,2,17.12
159,0,3,6.15
159,0,4,5.21
159,0,5,-26.09
159,0,6,7.65
159,0,7,-26.94
159,0,8,-25.00
159,0,9,-9.68
159,0,10,-14.56
159,0,11,-17.29
159,0,12,-23.21
159,0,13,-14.06
159,0,14,-31.63
159,0,15,-20.13
159,0,16,-17.35
159,0,17,-21.82
159,0,18,-32.74
159,0,19,-16.63
159,0,20,-21.03
159,0,21,-8.43
159,0,22,-16.94
159,0,23,-40.22
159,0,24,-47.07
159,0,25,2.27
159,0,26,2.35
159,0,27,-15.99
159,0,28,2.85
159,0,29,-31.72
159,0,30,-29.97
159,0,31,6.83
159,0,32,-22.04
159,0,33,-15.58
159,0,34,-2.11
159,0,35,-15.57
159,0,36,-17.57
159,0,37,-23.40
159,0,38,-15.07
159,0,39,-10.51
159,0,40,-19.75
159,0,41,-5.44
159,1,0,-14.66
159,1,1,-19.14
159,1,2,-10.23
159,1,3,-10.71
159,1,4,-8.88
159,1,5,-8.47
159,1,6,31.60
159,1,7,3.68
159,1,8,-2.90
159,1,9,24.75
159,1,10,28.63
159,1,11,7.41
159,1,12,-15.35
159,1,13,-22.72
159,1,14,-23.61
159,1,15,-3.50
159,1,16,-21.12
159,1,17,-21.15
159,1,18,-8.20
159,1,19,40.99
159,1,20,-5.42
159,1,21,-28.99
159,1,22,22.32
159,1,23,-6.58
159,1,24,-22.40
159,1,25,5.65
159,1,26,-14.29
159,1,27,-27.88
159,1,28,2.25
159,1,29,-28.63
159,1,30,-4.40
159,1,31,-5.20
159,1,32,-10.80
159,1,33,-32.48
159,1,34,28.19
159,1,35,-18.66
159,1,36,-20.51
159,1,37,-12.22
159,1,38,3.66
159,1,39,-25.11
159,1,40,-29.63
159,1,41,-26.59
159,2,0,-20.59
159,2,1,-27.44
159,2,2,-20.75
159,2,3,-25.86
159,2,4,1.19
159,2,5,-6.87
159,2,6,2.87
159,2,7,-25.53
159,2,8,-32.31
159,2,9,-17.84
159,2,10,-2.87
159,2,11,-21.92
159,2,12,-7.09
159,2,13,-13.58
159,2,14,2.93
159,2,15,-3.90
159,2,16,-1.40
159,2,17,11.88
159,2,18,-20.30
159,2,19,5.91
159,2,20,-18.43
159,2,21,-11.17
159,2,22,-5.49
159,2,23,-43.86
159,2,24,-28.75
159,2,25,4.80
159,2,26,-2.56
159,2,27,-22.34
159,2,28,-4.21
159,2,29,-14.08
159,2,30,-36.85
159,2,31,-14.37
159,2,32,2.54
159,2,33,-16.14
159,2,34,-9.33
159,2,35,-38.98
159,2,36,-14.70
159,2,37,-45.15
159,2,38,-8.21
159,2,39,-15.69
159,2,40,-12.65
159,2,41,-11.46
159,3,0,-11.36
159,3,1,-10.11
159,3,2,-20.53
159,3,3,-19.39
159,3,4,9.75
159,3,5,-13.91
159,3,6,2.96
159,3,7,-23.33
159,3,8,-7.99
159,3,9,0.38
159,3,10,-12.09
159,3,11,-19.47
159,3,12,1.38
159,3,13,-3.26
159,3,14,-15.51
159,3,15,-6.97
159,3,16,-5.81
159,3,17,-9.52
159,3,18,29.62
159,3,19,6.63
159,3,20,1.49
159,3,21,8.49
159,3,22,38.58
159,3,23,-5.89
159,3,24,-10.31
159,3,25,15.68
159,3,26,-12.34
159,3,27,-7.78
159,3,28,2.37
159,3,29,-28.66
159,3,30,-20.45
159,3,31,1.51
159,3,32,-1.70
159,3,33,-27.56
159,3,34,-12.63
159,3,35,-27.51
159,3,36,-24.78
159,3,37,-26.38
159,3,38,-20.12
159,3,39,-14.81
159,3,40,-18.35
159,3,41,-27.52
159,4,0,-6.48
159,4,1,-11.69
159,4,2,-27.61
159,4,3,-20.67
159,4,4,33.10
159,4,5,2.45
159,4,6,-10.96
159,4,7,-32.95
159,4,8,-24.85
159,4,9,2.70
159,4,10,2.99
159,4,11,-26.02
159,4,12,-22.48
159,4,13,-35.99
159,4,14,-16.46
159,4,15,-27.84
159,4,16,-21.90
159,4,17,-16.63
159,4,18,-29.46
159,4,19,-7.02
159,4,20,-19.06
159,4,21,-21.25
159,4,22,9.10
159,4,23,7.99
159,4,24,9.81
159,4,25,41.69
159,4,26,15.92
159,4,27,-7.82
159,4,28,9.41
159,4,29,5.33
159,4,30,-24.55
159,4,31,-5.48
159,4,32,14.87
159,4,33,-25.56
159,4,34,-9.12
159,4,35,-16.99
159,4,36,-18.38
159,4,37,2.02
159,4,38,25.56
159,4,39,3.64
159,4,40,-24.15
159,4,41,-3.94
159,5,0,-24.92
159,5,1,-35.85
159,5,2,-19.26
159,5,3,-36.98
159,5,4,-7.30
159,5,5,-15.74
159,5,6,-12.26
159,5,7,-42.73
159,5,8,-25.44
159,5,9,17.61
159,5,10,-2.44
159,5,11,-28.51
159,5,12,-16.78
159,5,13,-14.11
159,5,14,-12.37
159,5,15,-30.61
159,5,16,-21.80
159,5,17,-32.31
159,5,18,-18.40
159,5,19,31.16
159,5,20,-18.75
159,5,21,-19.50
159,5,22,0.01
159,5,23,-13.25
159,5,24,-21.51
159,5,25,2.99
159,5,26,-5.44
159,5,27,-15.79
159,5,28,2.44
159,5,29,-21.85
159,5,30,-18.00
159,5,31,4.23
159,5,32,14.60
159,5,33,-4.76
159,5,34,12.43
159,5,35,-15.99
159,5,36,-28.86
159,5,37,-35.90
159,5,38,2.74
159,5,39,-40.18
159,5,40,-19.89
159,5,41,-13.15
159,6,0,-30.84
159,6,1,-21.62
159,6,2,-19.98
159,6,3,-15.25
159,6,4,1.04
159,6,5,-35.99
159,6,6,2.57
159,6,7,-31.16
159,6,8,-17.80
159,6,9,-14.40
159,6,10,9.06
159,6,11,-10.13
159,6,12,-15.89
159,6,13,2.81
159,6,14,6.38
159,6,15,-10.70
159,6,16,-17.19
159,6,17,-13.26
159,6,18,-25.16
159,6,19,12.20
159,6,20,-26.21
159,6,21,-18.92
159,6,22,13.80
159,6,23,-10.67
159,6,24,-12.92
159,6,25,3.78
159,6,26,2.52
159,6,27,-19.67
159,6,28,-1.57
159,6,29,-10.91
159,6,30,-16.45
159,6,31,3.09
159,6,32,8.95
159,6,33,-33.88
159,6,34,-9.50
159,6,35,-19.90
159,6,36,0.00
159,6,37,11.41
159,6,38,38.34
159,6,39,2.01
159,6,40,-6.71
159,6,41,2.60
160,0,0,-19.21
160,0,1,-11.47
160,0,2,17.12
160,0,3,6.15
160,0,4,5.21
160,0,5,-26.09
160,0,6,7.65
160,0,7,-26.94
160,0,8,-25.00
160,0,9,-9.68
160,0,10,-14.56
160,0,11,-17.29
160,0,12,-23.21
160,0,13,-14.06
160,0,14,-31.63
160,0,15,-20.13
160,0,16,-17.35
160,0,17,-21.82
160,0,18,-32.74
160,0,19,-16.63
160,0,20,-21.03
160,0,21,-8.43
160,0,22,-16.94
160,0,23,-40.22
160,0,24,-47.07
160,0,25,2.27
160,0,26,2.35
160,0,27,-15.99
160,0,28,2.85
160,0,29,-31.72
160,0,30,-29.97
160,0,31,6.83
160,0,32,-22.04
160,0,33,-15.58
160,0,34,-2.11
160,0,35,-15.57
160,0,36,-17.57
160,0,37,-23.40
160,0,38,-15.07
160,0,39,-10.51
160,0,40,-19.75
160,0,41,-5.44
160,1,0,-14.66
160,1,1,-19.14
160,1,2,-10.23
160,1,3,-10.71
160,1,4,-8.88
160,1,5,-8.47
160,1,6,31.60
160,1,7,3.68
160,1,8,-2.90
160,1,9,24.75
160,1,10,28.63
160,1,11,7.41
160,1,12,-15.35
160,1,13,-22.72
160,1,14,-23.61
160,1,15,-3.50
160,1,16,-21.12
160,1,17,-21.15
160,1,18,-8.20
160,1,19,40.99
160,1,20,-5.42
160,1,21,-28.99
160,1,22,22.32
160,1,23,-6.58
160,1,24,-22.40
160,1,25,5.65
160,1,26,-14.29
160,1,27,-27.88
160,1,28,2.25
160,1,29,-28.63
160,1,30,-4.40
160,1,31,-5.20
160,1,32,-10.80
160,1,33,-32.48
160,1,34,28.19
160,1,35,-18.66
160,1,36,-20.51
160,1,37,-12.22
160,1,38,3.66
160,1,39,-25.11
160,1,40,-29.63
160,1,41,-26.59
160,2,0,-20.59
160,2,1,-27.44
160,2,2,-20.75
160,2,3,-25.86
160,2,4,1.19
160,2,5,-6.87
160,2,6,2.87
160,2,7,-25.53
160,2,8,-32.31
160,2,9,-17.84
160,2,10,-2.87
160,2,11,-21.92
160,2,12,-7.09
160,2,13,-13.58
160,2,14,2.93
160,2,15,-3.90
160,2,16,-1.40
160,2,17,11.88
160,2,18,-20.30
160,2,19,5.91
160,2,20,-18.43
160,2,21,-11.17
160,2,22,-5.49
160,2,23,-43.86
160,2,24,-28.75
160,2,25,4.80
160,2,26,-2.56
160,2,27,-22.34
160,2,28,-4.21
160,2,29,-14.08
160,2,30,-36.85
160,2,31,-14.37
160,2,32,2.54
160,2,33,-16.14
160,2,34,-9.33
160,2,35,-38.98
160,2,36,-14.70
160,2,37,-45.15
160,2,38,-8.21
160,2,39,-15.69
160,2,40,-12.65
160,2,41,-11.46
160,3,0,-11.36
160,3,1,-10.11
160,3,2,-20.53
160,3,3,-19.39
160,3,4,9.75
160,3,5,-13.91
160,3,6,2.96
160,3,7,-23.33
160,3,8,-7.99
160,3,9,0.38
160,3,10,-12.09
160,3,11,-19.47
160,3,12,1.38
160,3,13,-3.26
160,3,14,-15.51
160,3,15,-6.97
160,3,16,-5.81
160,3,17,-9.52
160,3,18,29.62
160,3,19,6.63
160,3,20,1.49
160,3,21,8.49
160,3,22,38.58
160,3,23,-5.89
160,3,24,-10.31
160,3,25,15.68
160,3,26,-12.34
160,3,27,-7.78
160,3,28,2.37
160,3,29,-28.66
160,3,30,-20.45
160,3,31,1.51
160,3,32,-1.70
160,3,33,-27.56
160,3,34,-12.63
160,3,35,-27.51
160,3,36,-24.78
160,3,37,-26.38
160,3,38,-20.12
160,3,39,-14.81
160,3,40,-18.35
160,3,41,-27.52
160,4,0,-6.48
160,4,1,-11.69
160,4,2,-27.61
160,4,3,-20.67
160,4,4,33.10
160,4,5,2.45
160,4,6,-10.96
160,4,7,-32.95
160,4,8,-24.85
160,4,9,2.70
160,4,10,2.99
160,4,11,-26.02
160,4,12,-22.48
160,4,13,-35.99
160,4,14,-16.46
160,4,15,-27.84
160,4,16,-21.90
160,4,17,-16.63
160,4,18,-29.46
160,4,19,-7.02
160,4,20,-19.06
160,4,21,-21.25
160,4,22,9.10
160,4,23,7.99
160,4,24,9.81
160,4,25,41.69
160,4,26,15.92
160,4,27,-7.82
160,4,28,9.41
160,4,29,5.33
160,4,30,-24.55
160,4,31,-5.48
160,4,32,14.87
160,4,33,-25.56
160,4,34,-9.12
160,4,35,-16.99
160,4,36,-18.38
160,4,37,2.02
160,4,38,25.56
160,4,39,3.64
160,4,40,-24.15
160,4,41,-3.94
160,5,0,-24.92
160,5,1,-35.85
160,5,2,-19.26
160,5,3,-36.98
160,5,4,-7.30
160,5,5,-15.74
160,5,6,-12.26
160,5,7,-42.73
160,5,8,-25.44
160,5,9,17.61
160,5,10,-2.44
160,5,11,-28.51
160,5,12,-16.78
160,5,13,-14.11
160,5,14,-12.37
160,5,15,-30.61
160,5,16,-21.80
160,5,17,-32.31
160,5,18,-18.40
160,5,19,31.16
160,5,20,-18.75
160,5,21,-19.50
160,5,22,0.01
160,5,23,-13.25
160,5,24,-21.51
160,5,25,2.99
160,5,26,-5.44
160,5,27,-15.79
160,5,28,2.44
160,5,29,-21.85
160,5,30,-18.00
160,5,31,4.23
160,5,32,14.60
160,5,33,-4.76
160,5,34,12.43
160,5,35,-15.99
160,5,36,-28.86
160,5,37,-35.90
160,5,38,2.74
160,5,39,-40.18
160,5,40,-19.89
160,5,41,-13.15
160,6,0,-30.84
160,6,1,-21.62
160,6,2,-19.98
160,6,3,-15.25
160,6,4,1.04
160,6,5,-35.99
160,6,6,2.57
160,6,7,-31.16
160,6,8,-17.80
160,6,9,-14.40
160,6,10,9.06
160,6,11,-10.13
160,6,12,-15.89
160,6,13,2.81
160,6,14,6.38
160,6,15,-10.70
160,6,16,-17.19
160,6,17,-13.26
160,6,18,-25.16
160,6,19,12.20
160,6,20,-26.21
160,6,21,-18.92
160,6,22,13.80
160,6,23,-10.67
160,6,24,-12.92
160,6,25,3.78
160,6,26,2.52
160,6,27,-19.67
160,6,28,-1.57
160,6,29,-10.91
160,6,30,-16.45
160,6,31,3.09
160,6,32,8.95
160,6,33,-33.88
160,6,34,-9.50
160,6,35,-19.90
160,6,36,0.00
160,6,37,11.41
160,6,38,38.34
160,6,39,2.01
160,6,40,-6.71
160,6,41,2.60
161,0,0,-19.21
161,0,1,-11.47
161,0,2,17.12
161,0,3,6.15
161,0,4,5.21
161,0,5,-26.09
161,0,6,7.65
161,0,7,-26.94
161,0,8,-25.00
161,0,9,-9.68
161,0,10,-14.56
161,0,11,-17.29
161,0,12,-23.21
161,0,13,-14.06
161,0,14,-31.63
161,0,15,-20.13
161,0,16,-17.35
161,0,17,-21.82
161,0,18,-32.74
161,0,19,-16.63
161,0,20,-21.03
161,0,21,-8.43
161,0,22,-16.94
161,0,23,-40.22
161,0,24,-47.07
161,0,25,2.27
161,0,26,2.35
161,0,27,-15.99
161,0,28,2.85
161,0,29,-31.72
161,0,30,-29.97
161,0,31,6.83
161,0,32,-22.04
161,0,33,-15.58
161,0,34,-2.11
161,0,35,-15.57
161,0,36,-17.57
161,0,37,-23.40
161,0,38,-15.07
161,0,39,-10.51
161,0,40,-19.75
161,0,41,-5.44
161,1,0,-14.66
161,1,1,-19.14
161,1,2,-10.23
161,1,3,-10.71
161,1,4,-8.88
161,1,5,-8.47
161,1,6,31.60
161,1,7,3.68
161,1,8,-2.90
161,1,9,24.75
161,1,10,28.63
161,1,11,7.41
161,1,12,-15.35
161,1,13,-22.72
161,1,14,-23.61
161,1,15,-3.50
161,1,16,-21.12
161,1,17,-21.15
161,1,18,-8.20
161,1,19,40.99
161,1,20,-5.42
161,1,21,-28.99
161,1,22,22.32
161,1,23,-6.58
161,1,24,-22.40
161,1,25,5.65
161,1,26,-14.29
161,1,27,-27.88
161,1,28,2.25
161,1,29,-28.63
161,1,30,-4.40
161,1,31,-5.20
161,1,32,-10.80
161,1,33,-32.48
161,1,34,28.19
161,1,35,-18.66
161,1,36,-20.51
161,1,37,-12.22
161,1,38,3.66
161,1,39,-25.11
161,1,40,-29.63
161,1,41,-26.59
161,2,0,-20.59
161,2,1,-27.44
161,2,2,-20.75
161,2,3,-25.86
161,2,4,1.19
161,2,5,-6.87
161,2,6,2.87
161,2,7,-25.53
161,2,8,-32.31
161,2,9,-17.84
161,2,10,-2.87
161,2,11,-21.92
161,2,12,-7.09
161,2,13,-13.58
161,2,14,2.93
161,2,15,-3.90
161,2,16,-1.40
161,2,17,11.88
161,2,18,-20.30
161,2,19,5.91
161,2,20,-18.43
161,2,21,-11.17
161,2,22,-5.49
161,2,23,-43.86
161,2,24,-28.75
161,2,25,4.80
161,2,26,-2.56
161,2,27,-22.34
161,2,28,-4.21
161,2,29,-14.08
161,2,30,-36.85
161,2,31,-14.37
161,2,32,2.54
161,2,33,-16.14
161,2,34,-9.33
161,2,35,-38.98
161,2,36,-14.70
161,2,37,-45.15
161,2,38,-8.21
161,2,39,-15.69
161,2,40,-12.65
161,2,41,-11.46
161,3,0,-11.36
161,3,1,-10.11
161,3,2,-20.53
161,3,3,-19.39
161,3,4,9.75
161,3,5,-13.91
161,3,6,2.96
161,3,7,-23.33
161,3,8,-7.99
161,3,9,0.38
161,3,10,-12.09
161,3,11,-19.47
161,3,12,1.38
161,3,13,-3.26
161,3,14,-15.51
161,3,15,-6.97
161,3,16,-5.81
161,3,17,-9.52
161,3,18,29.62
161,3,19,6.63
161,3,20,1.49
161,3,21,8.49
161,3,22,38.58
161,3,23,-5.89
161,3,24,-10.31
161,3,25,15.68
161,3,26,-12.34
161,3,27,-7.78
161,3,28,2.37
161,3,29,-28.66
161,3,30,-20.45
161,3,31,1.51
161,3,32,-1.70
161,3,33,-27.56
161,3,34,-12.63
161,3,35,-27.51
161,3,36,-24.78
161,3,37,-26.38
161,3,38,-20.12
161,3,39,-14.81
161,3,40,-18.35
161,3,41,-27.52
161,4,0,-6.48
161,4,1,-11.69
161,4,2,-27.61
161,4,3,-20.67
161,4,4,33.10
161,4,5,2.45
161,4,6,-10.96
161,4,7,-32.95
161,4,8,-24.85
161,4,9,2.70
161,4,10,2.99
161,4,11,-26.02
161,4,12,-22.48
161,4,13,-35.99
161,4,14,-16.46
161,4,15,-27.84
161,4,16,-21.90
161,4,17,-16.63
161,4,18,-29.46
161,4,19,-7.02
161,4,20,-19.06
161,4,21,-21.25
161,4,22,9.10
161,4,23,7.99
161,4,24,9.81
161,4,25,41.69
161,4,26,15.92
161,4,27,-7.82
161,4,28,9.41
161,4,29,5.33
161,4,30,-24.55
161,4,31,-5.48
161,4,32,14.87
161,4,33,-25.56
161,4,34,-9.12
161,4,35,-16.99
161,4,36,-18.38
161,4,37,2.02
161,4,38,25.56
161,4,39,3.64
161,4,40,-24.15
161,4,41,-3.94
161,5,0,-24.92
161,5,1,-35.85
161,5,2,-19.26
161,5,3,-36.98
161,5,4,-7.30
161,5,5,-15.74
161,5,6,-12.26
161,5,7,-42.73
161,5,8,-25.44
161,5,9,17.61
161,5,10,-2.44
161,5,11,-28.51
161,5,12,-16.78
161,5,13,-14.11
161,5,14,-12.37
161,5,15,-30.61
161,5,16,-21.80
161,5,17,-32.31
161,5,18,-18.40
161,5,19,31.16
161,5,20,-18.75
161,5,21,-19.50
161,5,22,0.01
161,5,23,-13.25
161,5,24,-21.51
161,5,25,2.99
161,5,26,-5.44
161,5,27,-15.79
161,5,28,2.44
161,5,29,-21.85
161,5,30,-18.00
161,5,31,4.23
161,5,32,14.60
161,5,33,-4.76
161,5,34,12.43
161,5,35,-15.99
161,5,36,-28.86
161,5,37,-35.90
161,5,38,2.74
161,5,39,-40.18
161,5,40,-19.89
161,5,41,-13.15
161,6,0,-30.84
161,6,1,-21.62
161,6,2,-19.98
161,6,3,-15.25
161,6,4,1.04
161,6,5,-35.99
161,6,6,2.57
161,6,7,-31.16
161,6,8,-17.80
161,6,9,-14.40
161,6,10,9.06
161,6,11,-10.13
161,6,12,-15.89
161,6,13,2.81
161,6,14,6.38
161,6,15,-10.70
161,6,16,-17.19
161,6,17,-13.26
161,6,18,-25.16
161,6,19,12.20
161,6,20,-26.21
161,6,21,-18.92
161,6,22,13.80
161,6,23,-10.67
161,6,24,-12.92
161,6,25,3.78
161,6,26,2.52
161,6,27,-19.67
161,6,28,-1.57
161,6,29,-10.91
161,6,30,-16.45
161,6,31,3.09
161,6,32,8.95
161,6,33,-33.88
161,6,34,-9.50
161,6,35,-19.90
161,6,36,0.00
161,6,37,11.41
161,6,38,38.34
161,6,39,2.01
161,6,40,-6.71
161,6,41,2.60
162,0,0,-19.21
162,0,1,-11.47
162,0,2,17.12
162,0,3,6.15
162,0,4,5.21
162,0,5,-26.09
162,0,6,7.65
162,0,7,-26.94
162,0,8,-25.00
162,0,9,-9.68
162,0,10,-14.56
162,0,11,-17.29
162,0,12,-23.21
162,0,13,-14.06
162,0,14,-31.63
162,0,15,-20.13
162,0,16,-17.35
162,0,17,-21.82
162,0,18,-32.74
162,0,19,-16.63
162,0,20,-21.03
162,0,21,-8.43
162,0,22,-16.94
162,0,23,-40.22
162,0,24,-47.07
162,0,25,2.27
162,0,26,2.35
162,0,27,-15.99
162,0,28,2.85
162,0,29,-31.72
162,0,30,-29.97
162,0,31,6.83
162,0,32,-22.04
162,0,33,-15.58
162,0,34,-2.11
162,0,35,-15.57
162,0,36,-17.57
162,0,37,-23.40
162,0,38,-15.07
162,0,39,-10.51
162,0,40,-19.75
162,0,41,-5.44
162,1,0,-14.66
162,1,1,-19.14
162,1,2,-10.23
162,1,3,-10.71
162,1,4,-8.88
162,1,5,-8.47
162,1,6,31.60
162,1,7,3.68
162,1,8,-2.90
162,1,9,24.75
162,1,10,28.63
162,1,11,7.41
162,1,12,-15.35
162,1,13,-22.72
162,1,14,-23.61
162,1,15,-3.50
162,1,16,-21.12
162,1,17,-21.15
162,1,18,-8.20
162,1,19,40.99
162,1,20,-5.42
162,1,21,-28.99
162,1,22,22.32
162,1,23,-6.58
162,1,24,-22.40
162,1,25,5.65
162,1,26,-14.29
162,1,27,-27.88
162,1,28,2.25
162,1,29,-28.63
162,1,30,-4.40
162,1,31,-5.20
162,1,32,-10.80
162,1,33,-32.48
162,1,34,28.19
162,1,35,-18.66
162,1,36,-20.51
162,1,37,-12.22
162,1,38,3.66
162,1,39,-25.11
162,1,40,-29.63
162,1,41,-26.59
162,2,0,-20.59
162,2,1,-27.44
162,2,2,-20.75
162,2,3,-25.86
162,2,4,1.19
162,2,5,-6.87
162,2,6,2.87
162,2,7,-25.53
162,2,8,-32.31
162,2,9,-17.84
162,2,10,-2.87
162,2,11,-21.92
162,2,12,-7.09
162,2,13,-13.58
162,2,14,2.93
162,2,15,-3.90
162,2,16,-1.40
162,2,17,11.88
162,2,18,-20.30
162,2,19,5.91
162,2,20,-18.43
162,2,21,-11.17
162,2,22,-5.49
162,2,23,-43.86
162,2,24,-28.75
162,2,25,4.80
162,2,26,-2.56
162,2,27,-22.34
162,2,28,-4.21
162,2,29,-14.08
162,2,30,-36.85
162,2,31,-14.37
162,2,32,2.54
162,2,33,-16.14
162,2,34,-9.33
162,2,35,-38.98
162,2,36,-14.70
162,2,37,-45.15
162,2,38,-8.21
162,2,39,-15.69
162,2,40,-12.65
162,2,41,-11.46
162,3,0,-11.36
162,3,1,-10.11
162,3,2,-20.53
162,3,3,-19.39
162,3,4,9.75
162,3,5,-13.91
162,3,6,2.96
162,3,7,-23.33
162,3,8,-7.99
162,3,9,0.38
162,3,10,-12.09
162,3,11,-19.47
162,3,12,1.38
162,3,13,-3.26
162,3,14,-15.51
162,3,15,-6.97
162,3,16,-5.81
162,3,17,-9.52
162,3,18,29.62
162,3,19,6.63
162,3,20,1.49
162,3,21,8.49
162,3,22,38.58
162,3,23,-5.89
162,3,24,-10.31
162,3,25,15.68
162,3,26,-12.34
162,3,27,-7.78
162,3,28,2.37
162,3,29,-28.66
162,3,30,-20.45
162,3,31,1.51
162,3,32,-1.70
162,3,33,-27.56
162,3,34,-12.63
162,3,35,-27.51
162,3,36,-24.78
162,3,37,-26.38
162,3,38,-20.12
162,3,39,-14.81
162,3,40,-18.35
162,3,41,-27.52
162,4,0,-6.48
162,4,1,-11.69
162,4,2,-27.61
162,4,3,-20.67
162,4,4,33.10
162,4,5,2.45
162,4,6,-10.96
162,4,7,-32.95
162,4,8,-24.85
162,4,9,2.70
162,4,10,2.99
162,4,11,-26.02
162,4,12,-22.48
162,4,13,-35.99
162,4,14,-16.46
162,4,15,-27.84
162,4,16,-21.90
162,4,17,-16.63
162,4,18,-29.46
162,4,19,-7.02
162,4,20,-19.06
162,4,21,-21.25
162,4,22,9.10
162,4,23,7.99
162,4,24,9.81
162,4,25,41.69
162,4,26,15.92
162,4,27,-7.82
162,4,28,9.41
162,4,29,5.33
162,4,30,-24.55
162,4,31,-5.48
162,4,32,14.87
162,4,33,-25.56
162,4,34,-9.12
162,4,35,-16.99
162,4,36,-18.38
162,4,37,2.02
162,4,38,25.56
162,4,39,3.64
162,4,40,-24.15
162,4,41,-3.94
162,5,0,-24.92
162,5,1,-35.85
162,5,2,-19.26
162,5,3,-36.98
162,5,4,-7.30
162,5,5,-15.74
162,5,6,-12.26
162,5,7,-42.73
162,5,8,-25.44
162,5,9,17.61
162,5,10,-2.44
162,5,11,-28.51
162,5,12,-16.78
162,5,13,-14.11
162,5,14,-12.37
162,5,15,-30.61
162,5,16,-21.80
162,5,17,-32.31
162,5,18,-18.40
162,5,19,31.16
162,5,20,-18.75
162,5,21,-19.50
162,5,22,0.01
162,5,23,-13.25
162,5,24,-21.51
162,5,25,2.99
162,5,26,-5.44
162,5,27,-15.79
162,5,28,2.44
162,5,29,-21.85
162,5,30,-18.00
162,5,31,4.23
162,5,32,14.60
162,5,33,-4.76
162,5,34,12.43
162,5,35,-15.99
162,5,36,-28.86
162,5,37,-35.90
162,5,38,2.74
162,5,39,-40.18
162,5,40,-19.89
162,5,41,-13.15
162,6,0,-30.84
162,6,1,-21.62
162,6,2,-19.98
162,6,3,-15.25
162,6,4,1.04
162,6,5,-35.99
162,6,6,2.57
162,6,7,-31.16
162,6,8,-17.80
162,6,9,-14.40
162,6,10,9.06
162,6,11,-10.13
162,6,12,-15.89
162,6,13,2.81
162,6,14,6.38
162,6,15,-10.70
162,6,16,-17.19
162,6,17,-13.26
162,6,18,-25.16
162,6,19,12.20
162,6,20,-26.21
162,6,21,-18.92
162,6,22,13.80
162,6,23,-10.67
162,6,24,-12.92
162,6,25,3.78
162,6,26,2.52
162,6,27,-19.67
162,6,28,-1.57
162,6,29,-10.91
162,6,30,-16.45
162,6,31,3.09
162,6,32,8.95
162,6,33,-33.88
162,6,34,-9.50
162,6,35,-19.90
162,6,36,0.00
162,6,37,11.41
162,6,38,38.34
162,6,39,2.01
162,6,40,-6.71
162,6,41,2.60
163,0,0,-19.21
163,0,1,-11.47
163,0,2,17.12
163,0,3,6.15
163,0,4,5.21
163,0,5,-26.09
163,0,6,7.65
163,0,7,-26.94
163,0,8,-25.00
163,0,9,-9.68
163,0,10,-14.56
163,0,11,-17.29
163,0,12,-23.21
163,0,13,-14.06
163,0,14,-31.63
163,0,15,-20.13
163,0,16,-17.35
163,0,17,-21.82
163,0,18,-32.74
163,0,19,-16.63
163,0,20,-21.03
163,0,21,-8.43
163,0,22,-16.94
163,0,23,-40.22
163,0,24,-47.07
163,0,25,2.27
163,0,26,2.35
163,0,27,-15.99
163,0,28,2.85
163,0,29,-31.72
163,0,30,-29.97
163,0,31,6.83
163,0,32,-22.04
163,0,33,-15.58
163,0,34,-2.11
163,0,35,-15.57
163,0,36,-17.57
163,0,37,-23.40
163,0,38,-15.07
163,0,39,-10.51
163,0,40,-19.75
163,0,41,-5.44
163,1,0,-14.66
163,1,1,-19.14
163,1,2,-10.23
163,1,3,-10.71
163,1,4,-8.88
163,1,5,-8.47
163,1,6,31.60
163,1,7,3.68
163,1,8,-2.90
163,1,9,24.75
163,1,10,28.63
163,1,11,7.41
163,1,12,-15.35
163,1,13,-22.72
163,1,14,-23.61
163,1,15,-3.50
163,1,16,-21.12
163,1,17,-21.15
163,1,18,-8.20
163,1,19,40.99
163,1,20,-5.42
163,1,21,-28.99
163,1,22,22.32
163,1,23,-6.58
163,1,24,-22.40
163,1,25,5.65
163,1,26,-14.29
163,1,27,-27.88
163,1,28,2.25
163,1,29,-28.63
163,1,30,-4.40
163,1,31,-5.20
163,1,32,-10.80
163,1,33,-32.48
163,1,34,28.19
163,1,35,-18.66
163,1,36,-20.51
163,1,37,-12.22
163,1,38,3.66
163,1,39,-25.11
163,1,40,-29.63
163,1,41,-26.59
163,2,0,-20.59
163,2,1,-27.44
163,2,2,-20.75
163,2,3,-25.86
163,2,4,1.19
163,2,5,-6.87
163,2,6,2.87
163,2,7,-25.53
163,2,8,-32.31
163,2,9,-17.84
163,2,10,-2.87
163,2,11,-21.92
163,2,12,-7.09
163,2,13,-13.58
163,2,14,2.93
163,2,15,-3.90
163,2,16,-1.40
163,2,17,11.88
163,2,18,-20.30
163,2,19,5.91
163,2,20,-18.43
163,2,21,-11.17
163,2,22,-5.49
163,2,23,-43.86
163,2,24,-28.75
163,2,25,4.80
163,2,26,-2.56
163,2,27,-22.34
163,2,28,-4.21
163,2,29,-14.08
163,2,30,-36.85
163,2,31,-14.37
163,2,32,2.54
163,2,33,-16.14
163,2,34,-9.33
163,2,35,-38.98
163,2,36,-14.70
163,2,37,-45.15
163,2,38,-8.21
163,2,39,-15.69
163,2,40,-12.65
163,2,41,-11.46
163,3,0,-11.36
163,3,1,-10.11
163,3,2,-20.53
163,3,3,-19.39
163,3,4,9.75
163,3,5,-13.91
163,3,6,2.96
163,3,7,-23.33
163,3,8,-7.99
163,3,9,0.38
163,3,10,-12.09
163,3,11,-19.47
163,3,12,1.38
163,3,13,-3.26
163,3,14,-15.51
163,3,15,-6.97
163,3,16,-5.81
163,3,17,-9.52
163,3,18,29.62
163,3,19,6.63
163,3,20,1.49
163,3,21,8.49
163,3,22,38.58
163,3,23,-5.89
163,3,24,-10.31
163,3,25,15.68
163,3,26,-12.34
163,3,27,-7.78
163,3,28,2.37
163,3,29,-28.66
163,3,30,-20.45
163,3,31,1.51
163,3,32,-1.70
163,3,33,-27.56
163,3,34,-12.63
163,3,35,-27.51
163,3,36,-24.78
163,3,37,-26.38
163,3,38,-20.12
163,3,39,-14.81
163,3,40,-18.35
163,3,41,-27.52
163,4,0,-6.48
163,4,1,-11.69
163,4,2,-27.61
163,4,3,-20.67
163,4,4,33.10
163,4,5,2.45
163,4,6,-10.96
163,4,7,-32.95
163,4,8,-24.85
163,4,9,2.70
163,4,10,2.99
163,4,11,-26.02
163,4,12,-22.48
163,4,13,-35.99
163,4,14,-16.46
163,4,15,-27.84
163,4,16,-21.90
163,4,17,-16.63
163,4,18,-29.46
163,4,19,-7.02
163,4,20,-19.06
163,4,21,-21.25
163,4,22,9.10
163,4,23,7.99
163,4,24,9.81
163,4,25,41.69
163,4,26,15.92
163,4,27,-7.82
163,4,28,9.41
163,4,29,5.33
163,4,30,-24.55
163,4,31,-5.48
163,4,32,14.87
163,4,33,-25.56
163,4,34,-9.12
163,4,35,-16.99
163,4,36,-18.38
163,4,37,2.02
163,4,38,25.56
163,4,39,3.64
163,4,40,-24.15
163,4,41,-3.94
163,5,0,-24.92
163,5,1,-35.85
163,5,2,-19.26
163,5,3,-36.98
163,5,4,-7.30
163,5,5,-15.74
163,5,6,-12.26
163,5,7,-42.73
163,5,8,-25.44
163,5,9,17.61
163,5,10,-2.44
163,5,11,-28.51
163,5,12,-16.78
163,5,13,-14.11
163,5,14,-12.37
163,5,15,-30.61
163,5,16,-21.80
163,5,17,-32.31
163,5,18,-18.40
163,5,19,31.16
163,5,20,-18.75
163,5,21,-19.50
163,5,22,0.01
163,5,23,-13.25
163,5,24,-21.51
163,5,25,2.99
163,5,26,-5.44
163,5,27,-15.79
163,5,28,2.44
163,5,29,-21.85
163,5,30,-18.00
163,5,31,4.23
163,5,32,14.60
163,5,33,-4.76
163,5,34,12.43
163,5,35,-15.99
163,5,36,-28.86
163,5,37,-35.90
163,5,38,2.74
163,5,39,-40.18
163,5,40,-19.89
163,5,41,-13.15
163,6,0,-30.84
163,6,1,-21.62
163,6,2,-19.98
163,6,3,-15.25
163,6,4,1.04
163,6,5,-35.99
163,6,6,2.57
163,6,7,-31.16
163,6,8,-17.80
163,6,9,-14.40
163,6,10,9.06
163,6,11,-10.13
163,6,12,-15.89
163,6,13,2.81
163,6,14,6.38
163,6,15,-10.70
163,6,16,-17.19
163,6,17,-13.26
163,6,18,-25.16
163,6,19,12.20
163,6,20,-26.21
163,6,21,-18.92
163,6,22,13.80
163,6,23,-10.67
163,6,24,-12.92
163,6,25,3.78
163,6,26,2.52
163,6,27,-19.67
163,6,28,-1.57
163,6,29,-10.91
163,6,30,-16.45
163,6,31,3.09
163,6,32,8.95
163,6,33,-33.88
163,6,34,-9.50
163,6,35,-19.90
163,6,36,0.00
163,6,37,11.41
163,6,38,38.34
163,6,39,2.01
163,6,40,-6.71
163,6,41,2.60
164,0,0,-19.21
164,0,1,-11.47
164,0,2,17.12
164,0,3,6.15
164,0,4,5.21
164,0,5,-26.09
164,0,6,7.65
164,0,7,-26.94
164,0,8,-25.00
164,0,9,-9.68
164,0,10,-14.56
164,0,11,-17.29
164,0,12,-23.21
164,0,13,-14.06
164,0,14,-31.63
164,0,15,-20.13
164,0,16,-17.35
164,0,17,-21.82
164,0,18,-32.74
164,0,19,-16.63
164,0,20,-21.03
164,0,21,-8.43
164,0,22,-16.94
164,0,23,-40.22
164,0,24,-47.07
164,0,25,2.27
164,0,26,2.35
164,0,27,-15.99
164,0,28,2.85
164,0,29,-31.72
164,0,30,-29.97
164,0,31,6.83
164,0,32,-22.04
164,0,33,-15.58
164,0,34,-2.11
164,0,35,-15.57
164,0,36,-17.57
164,0,37,-23.40
164,0,38,-15.07
164,0,39,-10.51
164,0,40,-19.75
164,0,41,-5.44
164,1,0,-14.66
164,1,1,-19.14
164,1,2,-10.23
164,1,3,-10.71
164,1,4,-8.88
164,1,5,-8.47
164,1,6,31.60
164,1,7,3.68
164,1,8,-2.90
164,1,9,24.75
164,1,10,28.63
164,1,11,7.41
164,1,12,-15.35
164,1,13,-22.72
164,1,14,-23.61
164,1,15,-3.50
164,1,16,-21.12
164,1,17,-21.15
164,1,18,-8.20
164,1,19,40.99
164,1,20,-5.42
164,1,21,-28.99
164,1,22,22.32
164,1,23,-6.58
164,1,24,-22.40
164,1,25,5.65
164,1,26,-14.29
164,1,27,-27.88
164,1,28,2.25
164,1,29,-28.63
164,1,30,-4.40
164,1,31,-5.20
164,1,32,-10.80
164,1,33,-32.48
164,1,34,28.19
164,1,35,-18.66
164,1,36,-20.51
164,1,37,-12.22
164,1,38,3.66
164,1,39,-25.11
164,1,40,-29.63
164,1,41,-26.59
164,2,0,-20.59
164,2,1,-27.44
164,2,2,-20.75
164,2,3,-25.86
164,2,4,1.19
164,2,5,-6.87
164,2,6,2.87
164,2,7,-25.53
164,2,8,-32.31
164,2,9,-17.84
164,2,10,-2.87
164,2,11,-21.92
164,2,12,-7.09
164,2,13,-13.58
164,2,14,2.93
164,2,15,-3.90
164,2,16,-1.40
164,2,17,11.88
164,2,18,-20.30
164,2,19,5.91
164,2,20,-18.43
164,2,21,-11.17
164,2,22,-5.49
164,2,23,-43.86
164,2,24,-28.75
164,2,25,4.80
164,2,26,-2.56
164,2,27,-22.34
164,2,28,-4.21
164,2,29,-14.08
164,2,30,-36.85
164,2,31,-14.37
164,2,32,2.54
164,2,33,-16.14
164,2,34,-9.33
164,2,35,-38.98
164,2,36,-14.70
164,2,37,-45.15
164,2,38,-8.21
164,2,39,-15.69
164,2,40,-12.65
164,2,41,-11.46
164,3,0,-11.36
164,3,1,-10.11
164,3,2,-20.53
164,3,3,-19.39
164,3,4,9.75
164,3,5,-13.91
164,3,6,2.96
164,3,7,-23.33
164,3,8,-7.99
164,3,9,0.38
164,3,10,-12.09
164,3,11,-19.47
164,3,12,1.38
164,3,13,-3.26
164,3,14,-15.51
164,3,15,-6.97
164,3,16,-5.81
164,3,17,-9.52
164,3,18,29.62
164,3,19,6.63
164,3,20,1.49
164,3,21,8.49
164,3,22,38.58
164,3,23,-5.89
164,3,24,-10.31
164,3,25,15.68
164,3,26,-12.34
164,3,27,-7.78
164,3,28,2.37
164,3,29,-28.66
164,3,30,-20.45
164,3,31,1.51
164,3,32,-1.70
164,3,33,-27.56
164,3,34,-12.63
164,3,35,-27.51
164,3,36,-24.78
164,3,37,-26.38
164,3,38,-20.12
164,3,39,-14.81
164,3,40,-18.35
164,3,41,-27.52
164,4,0,-6.48
164,4,1,-11.69
164,4,2,-27.61
164,4,3,-20.67
164,4,4,33.10
164,4,5,2.45
164,4,6,-10.96
164,4,7,-32.95
164,4,8,-24.85
164,4,9,2.70
164,4,10,2.99
164,4,11,-26.02
164,4,12,-22.48
164,4,13,-35.99
164,4,14,-16.46
164,4,15,-27.84
164,4,16,-21.90
164,4,17,-16.63
164,4,18,-29.46
164,4,19,-7.02
164,4,20,-19.06
164,4,21,-21.25
164,4,22,9.10
164,4,23,7.99
164,4,24,9.81
164,4,25,41.69
164,4,26,15.92
164,4,27,-7.82
164,4,28,9.41
164,4,29,5.33
164,4,30,-24.55
164,4,31,-5.48
164,4,32,14.87
164,4,33,-25.56
164,4,34,-9.12
164,4,35,-16.99
164,4,36,-18.38
164,4,37,2.02
164,4,38,25.56
164,4,39,3.64
164,4,40,-24.15
164,4,41,-3.94
164,5,0,-24.92
164,5,1,-35.85
164,5,2,-19.26
164,5,3,-36.98
164,5,4,-7.30
164,5,5,-15.74
164,5,6,-12.26
164,5,7,-42.73
164,5,8,-25.44
164,5,9,17.61
164,5,10,-2.44
164,5,11,-28.51
164,5,12,-16.78
164,5,13,-14.11
164,5,14,-12.37
164,5,15,-30.61
164,5,16,-21.80
164,5,17,-32.31
164,5,18,-18.40
164,5,19,31.16
164,5,20,-18.75
164,5,21,-19.50
164,5,22,0.01
164,5,23,-13.25
164,5,24,-21.51
164,5,25,2.99
164,5,26,-5.44
164,5,27,-15.79
164,5,28,2.44
164,5,29,-21.85
164,5,30,-18.00
164,5,31,4.23
164,5,32,14.60
164,5,33,-4.76
164,5,34,12.43
164,5,35,-15.99
164,5,36,-28.86
164,5,37,-35.90
164,5,38,2.74
164,5,39,-40.18
164,5,40,-19.89
164,5,41,-13.15
164,6,0,-30.84
164,6,1,-21.62
164,6,2,-19.98
164,6,3,-15.25
164,6,4,1.04
164,6,5,-35.99
164,6,6,2.57
164,6,7,-31.16
164,6,8,-17.80
164,6,9,-14.40
164,6,10,9.06
164,6,11,-10.13
164,6,12,-15.89
164,6,13,2.81
164,6,14,6.38
164,6,15,-10.70
164,6,16,-17.19
164,6,17,-13.26
164,6,18,-25.16
164,6,19,12.20
164,6,20,-26.21
164,6,21,-18.92
164,6,22,13.80
164,6,23,-10.67
164,6,24,-12.92
164,6,25,3.78
164,6,26,2.52
164,6,27,-19.67
164,6,28,-1.57
164,6,29,-10.91
164,6,30,-16.45
164,6,31,3.09
164,6,32,8.95
164,6,33,-33.88
164,6,34,-9.50
164,6,35,-19.90
164,6,36,0.00
164,6,37,11.41
164,6,38,38.34
164,6,39,2.01
164,6,40,-6.71
164,6,41,2.60
165,0,0,-19.21
165,0,1,-11.47
165,0,2,17.12
165,0,3,6.15
165,0,4,5.21
165,0,5,-26.09
165,0,6,7.65
165,0,7,-26.94
165,0,8,-25.00
165,0,9,-9.68
165,0,10,-14.56
165,0,11,-17.29
165,0,12,-23.21
165,0,13,-14.06
165,0,14,-31.63
165,0,15,-20.13
165,0,16,-17.35
165,0,17,-21.82
165,0,18,-32.74
165,0,19,-16.63
165,0,20,-21.03
165,0,21,-8.43
165,0,22,-16.94
165,0,23,-40.22
165,0,24,-47.07
165,0,25,2.27
165,0,26,2.35
165,0,27,-15.99
165,0,28,2.85
165,0,29,-31.72
165,0,30,-29.97
165,0,31,6.83
165,0,32,-22.04
165,0,33,-15.58
165,0,34,-2.11
165,0,35,-15.57
165,0,36,-17.57
165,0,37,-23.40
165,0,38,-15.07
165,0,39,-10.51
165,0,40,-19.75
165,0,41,-5.44
165,1,0,-14.66
165,1,1,-19.14
165,1,2,-10.23
165,1,3,-10.71
165,1,4,-8.88
165,1,5,-8.47
165,1,6,31.60
165,1,7,3.68
165,1,8,-2.90
165,1,9,24.75
165,1,10,28.63
165,1,11,7.41
165,1,12,-15.35
165,1,13,-22.72
165,1,14,-23.61
165,1,15,-3.50
165,1,16,-21.12
165,1,17,-21.15
165,1,18,-8.20
165,1,19,40.99
165,1,20,-5.42
165,1,21,-28.99
165,1,22,22.32
165,1,23,-6.58
165,1,24,-22.40
165,1,25,5.65
165,1,26,-14.29
165,1,27,-27.88
165,1,28,2.25
165,1,29,-28.63
165,1,30,-4.40
165,1,31,-5.20
165,1,32,-10.80
165,1,33,-32.48
165,1,34,28.19
165,1,35,-18.66
165,1,36,-20.51
165,1,37,-12.22
165,1,38,3.66
165,1,39,-25.11
165,1,40,-29.63
165,1,41,-26.59
165,2,0,-20.59
165,2,1,-27.44
165,2,2,-20.75
165,2,3,-25.86
165,2,4,1.19
165,2,5,-6.87
165,2,6,2.87
165,2,7,-25.53
165,2,8,-32.31
165,2,9,-17.84
165,2,10,-2.87
165,2,11,-21.92
165,2,12,-7.09
165,2,13,-13.58
165,2,14,2.93
165,2,15,-3.90
165,2,16,-1.40
165,2,17,11.88
165,2,18,-20.30
165,2,19,5.91
165,2,20,-18.43
165,2,21,-11.17
165,2,22,-5.49
165,2,23,-43.86
165,2,24,-28.75
165,2,25,4.80
165,2,26,-2.56
165,2,27,-22.34
165,2,28,-4.21
165,2,29,-14.08
165,2,30,-36.85
165,2,31,-14.37
165,2,32,2.54
165,2,33,-16.14
165,2,34,-9.33
165,2,35,-38.98
165,2,36,-14.70
165,2,37,-45.15
165,2,38,-8.21
165,2,39,-15.69
165,2,40,-12.65
165,2,41,-11.46
165,3,0,-11.36
165,3,1,-10.11
165,3,2,-20.53
165,3,3,-19.39
165,3,4,9.75
165,3,5,-13.91
165,3,6,2.96
165,3,7,-23.33
165,3,8,-7.99
165,3,9,0.38
165,3,10,-12.09
165,3,11,-19.47
165,3,12,1.38
165,3,13,-3.26
165,3,14,-15.51
165,3,15,-6.97
165,3,16,-5.81
165,3,17,-9.52
165,3,18,29.62
165,3,19,6.63
165,3,20,1.49
165,3,21,8.49
165,3,22,38.58
165,3,23,-5.89
165,3,24,-10.31
165,3,25,15.68
165,3,26,-12.34
165,3,27,-7.78
165,3,28,2.37
165,3,29,-28.66
165,3,30,-20.45
165,3,31,1.51
165,3,32,-1.70
165,3,33,-27.56
165,3,34,-12.63
165,3,35,-27.51
165,3,36,-24.78
165,3,37,-26.38
165,3,38,-20.12
165,3,39,-14.81
165,3,40,-18.35
165,3,41,-27.52
165,4,0,-6.48
165,4,1,-11.69
165,4,2,-27.61
165,4,3,-20.67
165,4,4,33.10
165,4,5,2.45
165,4,6,-10.96
165,4,7,-32.95
165,4,8,-24.85
165,4,9,2.70
165,4,10,2.99
165,4,11,-26.02
165,4,12,-22.48
165,4,13,-35.99
165,4,14,-16.46
165,4,15,-27.84
165,4,16,-21.90
165,4,17,-16.63
165,4,18,-29.46
165,4,19,-7.02
165,4,20,-19.06
165,4,21,-21.25
165,4,22,9.10
165,4,23,7.99
165,4,24,9.81
165,4,25,41.69
165,4,26,15.92
165,4,27,-7.82
165,4,28,9.41
165,4,29,5.33
165,4,30,-24.55
165,4,31,-5.48
165,4,32,14.87
165,4,33,-25.56
165,4,34,-9.12
165,4,35,-16.99
165,4,36,-18.38
165,4,37,2.02
165,4,38,25.56
165,4,39,3.64
165,4,40,-24.15
165,4,41,-3.94
165,5,0,-24.92
165,5,1,-35.85
165,5,2,-19.26
165,5,3,-36.98
165,5,4,-7.30
165,5,5,-15.74
165,5,6,-12.26
165,5,7,-42.73
165,5,8,-25.44
165,5,9,17.61
165,5,10,-2.44
165,5,11,-28.51
165,5,12,-16.78
165,5,13,-14.11
165,5,14,-12.37
165,5,15,-30.61
165,5,16,-21.80
165,5,17,-32.31
165,5,18,-18.40
165,5,19,31.16
165,5,20,-18.75
165,5,21,-19.50
165,5,22,0.01
165,5,23,-13.25
165,5,24,-21.51
165,5,25,2.99
165,5,26,-5.44
165,5,27,-15.79
165,5,28,2.44
165,5,29,-21.85
165,5,30,-18.00
165,5,31,4.23
165,5,32,14.60
165,5,33,-4.76
165,5,34,12.43
165,5,35,-15.99
165,5,36,-28.86
165,5,37,-35.90
165,5,38,2.74
165,5,39,-40.18
165,5,40,-19.89
165,5,41,-13.15
165,6,0,-30.84
165,6,1,-21.62
165,6,2,-19.98
165,6,3,-15.25
165,6,4,1.04
165,6,5,-35.99
165,6,6,2.57
165,6,7,-31.16
165,6,8,-17.80
165,6,9,-14.40
165,6,10,9.06
165,6,11,-10.13
165,6,12,-15.89
165,6,13,2.81
165,6,14,6.38
165,6,15,-10.70
165,6,16,-17.19
165,6,17,-13.26
165,6,18,-25.16
165,6,19,12.20
165,6,20,-26.21
165,6,21,-18.92
165,6,22,13.80
165,6,23,-10.67
165,6,24,-12.92
165,6,25,3.78
165,6,26,2.52
165,6,27,-19.67
165,6,28,-1.57
165,6,29,-10.91
165,6,30,-16.45
165,6,31,3.09
165,6,32,8.95
165,6,33,-33.88
165,6,34,-9.50
165,6,35,-19.90
165,6,36,0.00
165,6,37,11.41
165,6,38,38.34
165,6,39,2.01
165,6,40,-6.71
165,6,41,2.60
166,0,0,-19.21
166,0,1,-11.47
166,0,2,17.12
166,0,3,6.15
166,0,4,5.21
166,0,5,-26.09
166,0,6,7.65
166,0,7,-26.94
166,0,8,-25.00
166,0,9,-9.68
166,0,10,-14.56
166,0,11,-17.29
166,0,12,-23.21
166,0,13,-14.06
166,0,14,-31.63
166,0,15,-20.13
166,0,16,-17.35
166,0,17,-21.82
166,0,18,-32.74
166,0,19,-16.63
166,0,20,-21.03
166,0,21,-8.43
166,0,22,-16.94
166,0,23,-40.22
166,0,24,-47.07
166,0,25,2.27
166,0,26,2.35
166,0,27,-15.99
166,0,28,2.85
166,0,29,-31.72
166,0,30,-29.97
166,0,31,6.83
166,0,32,-22.04
166,0,33,-15.58
166,0,34,-2.11
166,0,35,-15.57
166,0,36,-17.57
166,0,37,-23.40
166,0,38,-15.07
166,0,39,-10.51
166,0,40,-19.75
166,0,41,-5.44
166,1,0,-14.66
166,1,1,-19.14
166,1,2,-10.23
166,1,3,-10.71
166,1,4,-8.88
166,1,5,-8.47
166,1,6,31.60
166,1,7,3.68
166,1,8,-2.90
166,1,9,24.75
166,1,10,28.63
166,1,11,7.41
166,1,12,-15.35
166,1,13,-22.72
166,1,14,-23.61
166,1,15,-3.50
166,1,16,-21.12
166,1,17,-21.15
166,1,18,-8.20
166,1,19,40.99
166,1,20,-5.42
166,1,21,-28.99
166,1,22,22.32
166,1,23,-6.58
166,1,24,-22.40
166,1,25,5.65
166,1,26,-14.29
166,1,27,-27.88
166,1,28,2.25
166,1,29,-28.63
166,1,30,-4.40
166,1,31,-5.20
166,1,32,-10.80
166,1,33,-32.48
166,1,34,28.19
166,1,35,-18.66
166,1,36,-20.51
166,1,37,-12.22
166,1,38,3.66
166,1,39,-25.11
166,1,40,-29.63
166,1,41,-26.59
166,2,0,-20.59
166,2,1,-27.44
166,2,2,-20.75
166,2,3,-25.86
166,2,4,1.19
166,2,5,-6.87
166,2,6,2.87
166,2,7,-25.53
166,2,8,-32.31
166,2,9,-17.84
166,2,10,-2.87
166,2,11,-21.92
166,2,12,-7.09
166,2,13,-13.58
166,2,14,2.93
166,2,15,-3.90
166,2,16,-1.40
166,2,17,11.88
166,2,18,-20.30
166,2,19,5.91
166,2,20,-18.43
166,2,21,-11.17
166,2,22,-5.49
166,2,23,-43.86
166,2,24,-28.75
166,2,25,4.80
166,2,26,-2.56
166,2,27,-22.34
166,2,28,-4.21
166,2,29,-14.08
166,2,30,-36.85
166,2,31,-14.37
166,2,32,2.54
166,2,33,-16.14
166,2,34,-9.33
166,2,35,-38.98
166,2,36,-14.70
166,2,37,-45.15
166,2,38,-8.21
166,2,39,-15.69
166,2,40,-12.65
166,2,41,-11.46
166,3,0,-11.36
166,3,1,-10.11
166,3,2,-20.53
166,3,3,-19.39
166,3,4,9.75
166,3,5,-13.91
166,3,6,2.96
166,3,7,-23.33
166,3,8,-7.99
166,3,9,0.38
166,3,10,-12.09
166,3,11,-19.47
166,3,12,1.38
166,3,13,-3.26
166,3,14,-15.51
166,3,15,-6.97
166,3,16,-5.81
166,3,17,-9.52
166,3,18,29.62
166,3,19,6.63
166,3,20,1.49
166,3,21,8.49
166,3,22,38.58
166,3,23,-5.89
166,3,24,-10.31
166,3,25,15.68
166,3,26,-12.34
166,3,27,-7.78
166,3,28,2.37
166,3,29,-28.66
166,3,30,-20.45
166,3,31,1.51
166,3,32,-1.70
166,3,33,-27.56
166,3,34,-12.63
166,3,35,-27.51
166,3,36,-24.78
166,3,37,-26.38
166,3,38,-20.12
166,3,39,-14.81
166,3,40,-18.35
166,3,41,-27.52
166,4,0,-6.48
166,4,1,-11.69
166,4,2,-27.61
166,4,3,-20.67
166,4,4,33.10
166,4,5,2.45
166,4,6,-10.96
166,4,7,-32.95
166,4,8,-24.85
166,4,9,2.70
166,4,10,2.99
166,4,11,-26.02
166,4,12,-22.48
166,4,13,-35.99
166,4,14,-16.46
166,4,15,-27.84
166,4,16,-21.90
166,4,17,-16.63
166,4,18,-29.46
166,4,19,-7.02
166,4,20,-19.06
166,4,21,-21.25
166,4,22,9.10
166,4,23,7.99
166,4,24,9.81
166,4,25,41.69
166,4,26,15.92
166,4,27,-7.82
166,4,28,9.41
166,4,29,5.33
166,4,30,-24.55
166,4,31,-5.48
166,4,32,14.87
166,4,33,-25.56
166,4,34,-9.12
166,4,35,-16.99
166,4,36,-18.38
166,4,37,2.02
166,4,38,25.56
166,4,39,3.64
166,4,40,-24.15
166,4,41,-3.94
166,5,0,-24.92
166,5,1,-35.85
166,5,2,-19.26
166,5,3,-36.98
166,5,4,-7.30
166,5,5,-15.74
166,5,6,-12.26
166,5,7,-42.73
166,5,8,-25.44
166,5,9,17.61
166,5,10,-2.44
166,5,11,-28.51
166,5,12,-16.78
166,5,13,-14.11
166,5,14,-12.37
166,5,15,-30.61
166,5,16,-21.80
166,5,17,-32.31
166,5,18,-18.40
166,5,19,31.16
166,5,20,-18.75
166,5,21,-19.50
166,5,22,0.01
166,5,23,-13.25
166,5,24,-21.51
166,5,25,2.99
166,5,26,-5.44
166,5,27,-15.79
166,5,28,2.44
166,5,29,-21.85
166,5,30,-18.00
166,5,31,4.23
166,5,32,14.60
166,5,33,-4.76
166,5,34,12.43
166,5,35,-15.99
166,5,36,-28.86
166,5,37,-35.90
166,5,38,2.74
166,5,39,-40.18
166,5,40,-19.89
166,5,41,-13.15
166,6,0,-30.84
166,6,1,-21.62
166,6,2,-19.98
166,6,3,-15.25
166,6,4,1.04
166,6,5,-35.99
166,6,6,2.57
166,6,7,-31.16
166,6,8,-17.80
166,6,9,-14.40
166,6,10,9.06
166,6,11,-10.13
166,6,12,-15.89
166,6,13,2.81
166,6,14,6.38
166,6,15,-10.70
166,6,16,-17.19
166,6,17,-13.26
166,6,18,-25.16
166,6,19,12.20
166,6,20,-26.21
166,6,21,-18.92
166,6,22,13.80
166,6,23,-10.67
166,6,24,-12.92
166,6,25,3.78
166,6,26,2.52
166,6,27,-19.67
166,6,28,-1.57
166,6,29,-10.91
166,6,30,-16.45
166,6,31,3.09
166,6,32,8.95
166,6,33,-33.88
166,6,34,-9.50
166,6,35,-19.90
166,6,36,0.00
166,6,37,11.41
166,6,38,38.34
166,6,39,2.01
166,6,40,-6.71
166,6,41,2.60
167,0,0,-19.21
167,0,1,-11.47
167,0,2,17.12
167,0,3,6.15
167,0,4,5.21
167,0,5,-26.09
167,0,6,7.65
167,0,7,-26.94
167,0,8,-25.00
167,0,9,-9.68
167,0,10,-14.56
167,0,11,-17.29
167,0,12,-23.21
167,0,13,-14.06
167,0,14,-31.63
167,0,15,-20.13
167,0,16,-17.35
167,0,17,-21.82
167,0,18,-32.74
167,0,19,-16.63
167,0,20,-21.03
167,0,21,-8.43
167,0,22,-16.94
167,0,23,-40.22
167,0,24,-47.07
167,0,25,2.27
167,0,26,2.35
167,0,27,-15.99
167,0,28,2.85
167,0,29,-31.72
167,0,30,-29.97
167,0,31,6.83
167,0,32,-22.04
167,0,33,-15.58
167,0,34,-2.11
167,0,35,-15.57
167,0,36,-17.57
167,0,37,-23.40
167,0,38,-15.07
167,0,39,-10.51
167,0,40,-19.75
167,0,41,-5.44
167,1,0,-14.66
167,1,1,-19.14
167,1,2,-10.23
167,1,3,-10.71
167,1,4,-8.88
167,1,5,-8.47
167,1,6,31.60
167,1,7,3.68
167,1,8,-2.90
167,1,9,24.75
167,1,10,28.63
167,1,11,7.41
167,1,12,-15.35
167,1,13,-22.72
167,1,14,-23.61
167,1,15,-3.50
167,1,16,-21.12
167,1,17,-21.15
167,1,18,-8.20
167,1,19,40.99
167,1,20,-5.42
167,1,21,-28.99
167,1,22,22.32
167,1,23,-6.58
167,1,24,-22.40
167,1,25,5.65
167,1,26,-14.29
167,1,27,-27.88
167,1,28,2.25
167,1,29,-28.63
167,1,30,-4.40
167,1,31,-5.20
167,1,32,-10.80
167,1,33,-32.48
167,1,34,28.19
167,1,35,-18.66
167,1,36,-20.51
167,1,37,-12.22
167,1,38,3.66
167,1,39,-25.11
167,1,40,-29.63
167,1,41,-26.59
167,2,0,-20.59
167,2,1,-27.44
167,2,2,-20.75
167,2,3,-25.86
167,2,4,1.19
167,2,5,-6.87
167,2,6,2.87
167,2,7,-25.53
167,2,8,-32.31
167,2,9,-17.84
167,2,10,-2.87
167,2,11,-21.92
167,2,12,-7.09
167,2,13,-13.58
167,2,14,2.93
167,2,15,-3.90
167,2,16,-1.40
167,2,17,11.88
167,2,18,-20.30
167,2,19,5.91
167,2,20,-18.43
167,2,21,-11.17
167,2,22,-5.49
167,2,23,-43.86
167,2,24,-28.75
167,2,25,4.80
167,2,26,-2.56
167,2,27,-22.34
167,2,28,-4.21
167,2,29,-14.08
167,2,30,-36.85
167,2,31,-14.37
167,2,32,2.54
167,2,33,-16.14
167,2,34,-9.33
167,2,35,-38.98
167,2,36,-14.70
167,2,37,-45.15
167,2,38,-8.21
167,2,39,-15.69
167,2,40,-12.65
167,2,41,-11.46
167,3,0,-11.36
167,3,1,-10.11
167,3,2,-20.53
167,3,3,-19.39
167,3,4,9.75
167,3,5,-13.91
167,3,6,2.96
167,3,7,-23.33
167,3,8,-7.99
167,3,9,0.38
167,3,10,-12.09
167,3,11,-19.47
167,3,12,1.38
167,3,13,-3.26
167,3,14,-15.51
167,3,15,-6.97
167,3,16,-5.81
167,3,17,-9.52
167,3,18,29.62
167,3,19,6.63
167,3,20,1.49
167,3,21,8.49
167,3,22,38.58
167,3,23,-5.89
167,3,24,-10.31
167,3,25,15.68
167,3,26,-12.34
167,3,27,-7.78
167,3,28,2.37
167,3,29,-28.66
167,3,30,-20.45
167,3,31,1.51
167,3,32,-1.70
167,3,33,-27.56
167,3,34,-12.63
167,3,35,-27.51
167,3,36,-24.78
167,3,37,-26.38
167,3,38,-20.12
167,3,39,-14.81
167,3,40,-18.35
167,3,41,-27.52
167,4,0,-6.48
167,4,1,-11.69
167,4,2,-27.61
167,4,3,-20.67
167,4,4,33.10
167,4,5,2.45
167,4,6,-10.96
167,4,7,-32.95
167,4,8,-24.85
167,4,9,2.70
167,4,10,2.99
167,4,11,-26.02
167,4,12,-22.48
167,4,13,-35.99
167,4,14,-16.46
167,4,15,-27.84
167,4,16,-21.90
167,4,17,-16.63
167,4,18,-29.46
167,4,19,-7.02
167,4,20,-19.06
167,4,21,-21.25
167,4,22,9.10
167,4,23,7.99
167,4,24,9.81
167,4,25,41.69
167,4,26,15.92
167,4,27,-7.82
167,4,28,9.41
167,4,29,5.33
167,4,30,-24.55
167,4,31,-5.48
167,4,32,14.87
167,4,33,-25.56
167,4,34,-9.12
167,4,35,-16.99
167,4,36,-18.38
167,4,37,2.02
167,4,38,25.56
167,4,39,3.64
167,4,40,-24.15
167,4,41,-3.94
167,5,0,-24.92
167,5,1,-35.85
167,5,2,-19.26
167,5,3,-36.98
167,5,4,-7.30
167,5,5,-15.74
167,5,6,-12.26
167,5,7,-42.73
167,5,8,-25.44
167,5,9,17.61
167,5,10,-2.44
167,5,11,-28.51
167,5,12,-16.78
167,5,13,-14.11
167,5,14,-12.37
167,5,15,-30.61
167,5,16,-21.80
167,5,17,-32.31
167,5,18,-18.40
167,5,19,31.16
167,5,20,-18.75
167,5,21,-19.50
167,5,22,0.01
167,5,23,-13.25
167,5,24,-21.51
167,5,25,2.99
167,5,26,-5.44
167,5,27,-15.79
167,5,28,2.44
167,5,29,-21.85
167,5,30,-18.00
167,5,31,4.23
167,5,32,14.60
167,5,33,-4.76
167,5,34,12.43
167,5,35,-15.99
167,5,36,-28.86
167,5,37,-35.90
167,5,38,2.74
167,5,39,-40.18
167,5,40,-19.89
167,5,41,-13.15
167,6,0,-30.84
167,6,1,-21.62
167,6,2,-19.98
167,6,3,-15.25
167,6,4,1.04
167,6,5,-35.99
167,6,6,2.57
167,6,7,-31.16
167,6,8,-17.80
167,6,9,-14.40
167,6,10,9.06
167,6,11,-10.13
167,6,12,-15.89
167,6,13,2.81
167,6,14,6.38
167,6,15,-10.70
167,6,16,-17.19
167,6,17,-13.26
167,6,18,-25.16
167,6,19,12.20
167,6,20,-26.21
167,6,21,-18.92
167,6,22,13.80
167,6,23,-10.67
167,6,24,-12.92
167,6,25,3.78
167,6,26,2.52
167,6,27,-19.67
167,6,28,-1.57
167,6,29,-10.91
167,6,30,-16.45
167,6,31,3.09
167,6,32,8.95
167,6,33,-33.88
167,6,34,-9.50
167,6,35,-19.90
167,6,36,0.00
167,6,37,11.41
167,6,38,38.34
167,6,39,2.01
167,6,40,-6.71
167,6,41,2.60
168,0,0,-19.21
168,0,1,-11.47
168,0,2,17.12
168,0,3,6.15
168,0,4,5.21
168,0,5,-26.09
168,0,6,7.65
168,0,7,-26.94
168,0,8,-25.00
168,0,9,-9.68
168,0,10,-14.56
168,0,11,-17.29
168,0,12,-23.21
168,0,13,-14.06
168,0,14,-31.63
168,0,15,-20.13
168,0,16,-17.35
168,0,17,-21.82
168,0,18,-32.74
168,0,19,-16.63
168,0,20,-21.03
168,0,21,-8.43
168,0,22,-16.94
168,0,23,-40.22
168,0,24,-47.07
168,0,25,2.27
168,0,26,2.35
168,0,27,-15.99
168,0,28,2.85
168,0,29,-31.72
168,0,30,-29.97
168,0,31,6.83
168,0,32,-22.04
168,0,33,-15.58
168,0,34,-2.11
168,0,35,-15.57
168,0,36,-17.57
168,0,37,-23.40
168,0,38,-15.07
168,0,39,-10.51
168,0,40,-19.75
168,0,41,-5.44
168,1,0,-14.66
168,1,1,-19.14
168,1,2,-10.23
168,1,3,-10.71
168,1,4,-8.88
168,1,5,-8.47
168,1,6,31.60
168,1,7,3.68
168,1,8,-2.90
168,1,9,24.75
168,1,10,28.63
168,1,11,7.41
168,1,12,-15.35
168,1,13,-22.72
168,1,14,-23.61
168,1,15,-3.50
168,1,16,-21.12
168,1,17,-21.15
168,1,18,-8.20
168,1,19,40.99
168,1,20,-5.42
168,1,21,-28.99
168,1,22,22.32
168,1,23,-6.58
168,1,24,-22.40
168,1,25,5.65
168,1,26,-14.29
168,1,27,-27.88
168,1,28,2.25
168,1,29,-28.63
168,1,30,-4.40
168,1,31,-5.20
168,1,32,-10.80
168,1,33,-32.48
168,1,34,28.19
168,1,35,-18.66
168,1,36,-20.51
168,1,37,-12.22
168,1,38,3.66
168,1,39,-25.11
168,1,40,-29.63
168,1,41,-26.59
168,2,0,-20.59
168,2,1,-27.44
168,2,2,-20.75
168,2,3,-25.86
168,2,4,1.19
168,2,5,-6.87
168,2,6,2.87
168,2,7,-25.53
168,2,8,-32.31
168,2,9,-17.84
168,2,10,-2.87
168,2,11,-21.92
168,2,12,-7.09
168,2,13,-13.58
168,2,14,2.93
168,2,15,-3.90
168,2,16,-1.40
168,2,17,11.88
168,2,18,-20.30
168,2,19,5.91
168,2,20,-18.43
168,2,21,-11.17
168,2,22,-5.49
168,2,23,-43.86
168,2,24,-28.75
168,2,25,4.80
168,2,26,-2.56
168,2,27,-22.34
168,2,28,-4.21
168,2,29,-14.08
168,2,30,-36.85
168,2,31,-14.37
168,2,32,2.54
168,2,33,-16.14
168,2,34,-9.33
168,2,35,-38.98
168,2,36,-14.70
168,2,37,-45.15
168,2,38,-8.21
168,2,39,-15.69
168,2,40,-12.65
168,2,41,-11.46
168,3,0,-11.36
168,3,1,-10.11
168,3,2,-20.53
168,3,3,-19.39
168,3,4,9.75
168,3,5,-13.91
168,3,6,2.96
168,3,7,-23.33
168,3,8,-7.99
168,3,9,0.38
168,3,10,-12.09
168,3,11,-19.47
168,3,12,1.38
168,3,13,-3.26
168,3,14,-15.51
168,3,15,-6.97
168,3,16,-5.81
168,3,17,-9.52
168,3,18,29.62
168,3,19,6.63
168,3,20,1.49
168,3,21,8.49
168,3,22,38.58
168,3,23,-5.89
168,3,24,-10.31
168,3,25,15.68
168,3,26,-12.34
168,3,27,-7.78
168,3,28,2.37
168,3,29,-28.66
168,3,30,-20.45
168,3,31,1.51
168,3,32,-1.70
168,3,33,-27.56
168,3,34,-12.63
168,3,35,-27.51
168,3,36,-24.78
168,3,37,-26.38
168,3,38,-20.12
168,3,39,-14.81
168,3,40,-18.35
168,3,41,-27.52
168,4,0,-6.48
168,4,1,-11.69
168,4,2,-27.61
168,4,3,-20.67
168,4,4,33.10
168,4,5,2.45
168,4,6,-10.96
168,4,7,-32.95
168,4,8,-24.85
168,4,9,2.70
168,4,10,2.99
168,4,11,-26.02
168,4,12,-22.48
168,4,13,-35.99
168,4,14,-16.46
168,4,15,-27.84
168,4,16,-21.90
168,4,17,-16.63
168,4,18,-29.46
168,4,19,-7.02
168,4,20,-19.06
168,4,21,-21.25
168,4,22,9.10
168,4,23,7.99
168,4,24,9.81
168,4,25,41.69
168,4,26,15.92
168,4,27,-7.82
168,4,28,9.41
168,4,29,5.33
168,4,30,-24.55
168,4,31,-5.48
168,4,32,14.87
168,4,33,-25.56
168,4,34,-9.12
168,4,35,-16.99
168,4,36,-18.38
168,4,37,2.02
168,4,38,25.56
168,4,39,3.64
168,4,40,-24.15
168,4,41,-3.94
168,5,0,-24.92
168,5,1,-35.85
168,5,2,-19.26
168,5,3,-36.98
168,5,4,-7.30
168,5,5,-15.74
168,5,6,-12.26
168,5,7,-42.73
168,5,8,-25.44
168,5,9,17.61
168,5,10,-2.44
168,5,11,-28.51
168,5,12,-16.78
168,5,13,-14.11
168,5,14,-12.37
168,5,15,-30.61
168,5,16,-21.80
168,5,17,-32.31
168,5,18,-18.40
168,5,19,31.16
168,5,20,-18.75
168,5,21,-19.50
168,5,22,0.01
168,5,23,-13.25
168,5,24,-21.51
168,5,25,2.99
168,5,26,-5.44
168,5,27,-15.79
168,5,28,2.44
168,5,29,-21.85
168,5,30,-18.00
168,5,31,4.23
168,5,32,14.60
168,5,33,-4.76
168,5,34,12.43
168,5,35,-15.99
168,5,36,-28.86
168,5,37,-35.90
168,5,38,2.74
168,5,39,-40.18
168,5,40,-19.89
168,5,41,-13.15
168,6,0,-30.84
168,6,1,-21.62
168,6,2,-19.98
168,6,3,-15.25
168,6,4,1.04
168,6,5,-35.99
168,6,6,2.57
168,6,7,-31.16
168,6,8,-17.80
168,6,9,-14.40
168,6,10,9.06
168,6,11,-10.13
168,6,12,-15.89
168,6,13,2.81
168,6,14,6.38
168,6,15,-10.70
168,6,16,-17.19
168,6,17,-13.26
168,6,18,-25.16
168,6,19,12.20
168,6,20,-26.21
168,6,21,-18.92
168,6,22,13.80
168,6,23,-10.67
168,6,24,-12.92
168,6,25,3.78
168,6,26,2.52
168,6,27,-19.67
168,6,28,-1.57
168,6,29,-10.91
168,6,30,-16.45
168,6,31,3.09
168,6,32,8.95
168,6,33,-33.88
168,6,34,-9.50
168,6,35,-19.90
168,6,36,0.00
168,6,37,11.41
168,6,38,38.34
168,6,39,2.01
168,6,40,-6.71
168,6,41,2.60
169,0,0,-19.21
169,0,1,-11.47
169,0,2,17.12
169,0,3,6.15
169,0,4,5.21
169,0,5,-26.09
169,0,6,7.65
169,0,7,-26.94
169,0,8,-25.00
169,0,9,-9.68
169,0,10,-14.56
169,0,11,-17.29
169,0,12,-23.21
169,0,13,-14.06
169,0,14,-31.63
169,0,15,-20.13
169,0,16,-17.35
169,0,17,-21.82
169,0,18,-32.74
169,0,19,-16.63
169,0,20,-21.03
169,0,21,-8.43
169,0,22,-16.94
169,0,23,-40.22
169,0,24,-47.07
169,0,25,2.27
169,0,26,2.35
169,0,27,-15.99
169,0,28,2.85
169,0,29,-31.72
169,0,30,-29.97
169,0,31,6.83
169,0,32,-22.04
169,0,33,-15.58
169,0,34,-2.11
169,0,35,-15.57
169,0,36,-17.57
169,0,37,-23.40
169,0,38,-15.07
169,0,39,-10.51
169,0,40,-19.75
169,0,41,-5.44
169,1,0,-14.66
169,1,1,-19.14
169,1,2,-10.23
169,1,3,-10.71
169,1,4,-8.88
169,1,5,-8.47
169,1,6,31.60
169,1,7,3.68
169,1,8,-2.90
169,1,9,24.75
169,1,10,28.63
169,1,11,7.41
169,1,12,-15.35
169,1,13,-22.72
169,1,14,-23.61
169,1,15,-3.50
169,1,16,-21.12
169,1,17,-21.15
169,1,18,-8.20
169,1,19,40.99
169,1,20,-5.42
169,1,21,-28.99
169,1,22,22.32
169,1,23,-6.58
169,1,24,-22.40
169,1,25,5.65
169,1,26,-14.29
169,1,27,-27.88
169,1,28,2.25
169,1,29,-28.63
169,1,30,-4.40
169,1,31,-5.20
169,1,32,-10.80
169,1,33,-32.48
169,1,34,28.19
169,1,35,-18.66
169,1,36,-20.51
169,1,37,-12.22
169,1,38,3.66
169,1,39,-25.11
169,1,40,-29.63
169,1,41,-26.59
169,2,0,-20.59
169,2,1,-27.44
169,2,2,-20.75
169,2,3,-25.86
169,2,4,1.19
169,2,5,-6.87
169,2,6,2.87
169,2,7,-25.53
169,2,8,-32.31
169,2,9,-17.84
169,2,10,-2.87
169,2,11,-21.92
169,2,12,-7.09
169,2,13,-13.58
169,2,14,2.93
169,2,15,-3.90
169,2,16,-1.40
169,2,17,11.88
169,2,18,-20.30
169,2,19,5.91
169,2,20,-18.43
169,2,21,-11.17
169,2,22,-5.49
169,2,23,-43.86
169,2,24,-28.75
169,2,25,4.80
169,2,26,-2.56
169,2,27,-22.34
169,2,28,-4.21
169,2,29,-14.08
169,2,30,-36.85
169,2,31,-14.37
169,2,32,2.54
169,2,33,-16.14
169,2,34,-9.33
169,2,35,-38.98
169,2,36,-14.70
169,2,37,-45.15
169,2,38,-8.21
169,2,39,-15.69
169,2,40,-12.65
169,2,41,-11.46
169,3,0,-11.36
169,3,1,-10.11
169,3,2,-20.53
169,3,3,-19.39
169,3,4,9.75
169,3,5,-13.91
169,3,6,2.96
169,3,7,-23.33
169,3,8,-7.99
169,3,9,0.38
169,3,10,-12.09
169,3,11,-19.47
169,3,12,1.38
169,3,13,-3.26
169,3,14,-15.51
169,3,15,-6.97
169,3,16,-5.81
169,3,17,-9.52
169,3,18,29.62
169,3,19,6.63
169,3,20,1.49
169,3,21,8.49
169,3,22,38.58
169,3,23,-5.89
169,3,24,-10.31
169,3,25,15.68
169,3,26,-12.34
169,3,27,-7.78
169,3,28,2.37
169,3,29,-28.66
169,3,30,-20.45
169,3,31,1.51
169,3,32,-1.70
169,3,33,-27.56
169,3,34,-12.63
169,3,35,-27.51
169,3,36,-24.78
169,3,37,-26.38
169,3,38,-20.12
169,3,39,-14.81
169,3,40,-18.35
169,3,41,-27.52
169,4,0,-6.48
169,4,1,-11.69
169,4,2,-27.61
169,4,3,-20.67
169,4,4,33.10
169,4,5,2.45
169,4,6,-10.96
169,4,7,-32.95
169,4,8,-24.85
169,4,9,2.70
169,4,10,2.99
169,4,11,-26.02
169,4,12,-22.48
169,4,13,-35.99
169,4,14,-16.46
169,4,15,-27.84
169,4,16,-21.90
169,4,17,-16.63
169,4,18,-29.46
169,4,19,-7.02
169,4,20,-19.06
169,4,21,-21.25
169,4,22,9.10
169,4,23,7.99
169,4,24,9.81
169,4,25,41.69
169,4,26,15.92
169,4,27,-7.82
169,4,28,9.41
169,4,29,5.33
169,4,30,-24.55
169,4,31,-5.48
169,4,32,14.87
169,4,33,-25.56
169,4,34,-9.12
169,4,35,-16.99
169,4,36,-18.38
169,4,37,2.02
169,4,38,25.56
169,4,39,3.64
169,4,40,-24.15
169,4,41,-3.94
169,5,0,-24.92
169,5,1,-35.85
169,5,2,-19.26
169,5,3,-36.98
169,5,4,-7.30
169,5,5,-15.74
169,5,6,-12.26
169,5,7,-42.73
169,5,8,-25.44
169,5,9,17.61
169,5,10,-2.44
169,5,11,-28.51
169,5,12,-16.78
169,5,13,-14.11
169,5,14,-12.37
169,5,15,-30.61
169,5,16,-21.80
169,5,17,-32.31
169,5,18,-18.40
169,5,19,31.16
169,5,20,-18.75
169,5,21,-19.50
169,5,22,0.01
169,5,23,-13.25
169,5,24,-21.51
169,5,25,2.99
169,5,26,-5.44
169,5,27,-15.79
169,5,28,2.44
169,5,29,-21.85
169,5,30,-18.00
169,5,31,4.23
169,5,32,14.60
169,5,33,-4.76
169,5,34,12.43
169,5,35,-15.99
169,5,36,-28.86
169,5,37,-35.90
169,5,38,2.74
169,5,39,-40.18
169,5,40,-19.89
169,5,41,-13.15
169,6,0,-30.84
169,6,1,-21.62
169,6,2,-19.98
169,6,3,-15.25
169,6,4,1.04
169,6,5,-35.99
169,6,6,2.57
169,6,7,-31.16
169,6,8,-17.80
169,6,9,-14.40
169,6,10,9.06
169,6,11,-10.13
169,6,12,-15.89
169,6,13,2.81
169,6,14,6.38
169,6,15,-10.70
169,6,16,-17.19
169,6,17,-13.26
169,6,18,-25.16
169,6,19,12.20
169,6,20,-26.21
169,6,21,-18.92
169,6,22,13.80
169,6,23,-10.67
169,6,24,-12.92
169,6,25,3.78
169,6,26,2.52
169,6,27,-19.67
169,6,28,-1.57
169,6,29,-10.91
169,6,30,-16.45
169,6,31,3.09
169,6,32,8.95
169,6,33,-33.88
169,6,34,-9.50
169,6,35,-19.90
169,6,36,0.00
169,6,37,11.41
169,6,38,38.34
169,6,39,2.01
169,6,40,-6.71
169,6,41,2.60
170,0,0,-19.21
170,0,1,-11.47
170,0,2,17.12
170,0,3,6.15
170,0,4,5.21
170,0,5,-26.09
170,0,6,7.65
170,0,7,-26.94
170,0,8,-25.00
170,0,9,-9.68
170,0,10,-14.56
170,0,11,-17.29
170,0,12,-23.21
170,0,13,-14.06
170,0,14,-31.63
170,0,15,-20.13
170,0,16,-17.35
170,0,17,-21.82
170,0,18,-32.74
170,0,19,-16.63
170,0,20,-21.03
170,0,21,-8.43
170,0,22,-16.94
170,0,23,-40.22
170,0,24,-47.07
170,0,25,2.27
170,0,26,2.35
170,0,27,-15.99
170,0,28,2.85
170,0,29,-31.72
170,0,30,-29.97
170,0,31,6.83
170,0,32,-22.04
170,0,33,-15.58
170,0,34,-2.11
170,0,35,-15.57
170,0,36,-17.57
170,0,37,-23.40
170,0,38,-15.07
170,0,39,-10.51
170,0,40,-19.75
170,0,41,-5.44
170,1,0,-14.66
170,1,1,-19.14
170,1,2,-10.23
170,1,3,-10.71
170,1,4,-8.88
170,1,5,-8.47
170,1,6,31.60
170,1,7,3.68
170,1,8,-2.90
170,1,9,24.75
170,1,10,28.63
170,1,11,7.41
170,1,12,-15.35
170,1,13,-22.72
170,1,14,-23.61
170,1,15,-3.50
170,1,16,-21.12
170,1,17,-21.15
170,1,18,-8.20
170,1,19,40.99
170,1,20,-5.42
170,1,21,-28.99
170,1,22,22.32
170,1,23,-6.58
170,1,24,-22.40
170,1,25,5.65
170,1,26,-14.29
170,1,27,-27.88
170,1,28,2.25
170,1,29,-28.63
170,1,30,-4.40
170,1,31,-5.20
170,1,32,-10.80
170,1,33,-32.48
170,1,34,28.19
170,1,35,-18.66
170,1,36,-20.51
170,1,37,-12.22
170,1,38,3.66
170,1,39,-25.11
170,1,40,-29.63
170,1,41,-26.59
170,2,0,-20.59
170,2,1,-27.44
170,2,2,-20.75
170,2,3,-25.86
170,2,4,1.19
170,2,5,-6.87
170,2,6,2.87
170,2,7,-25.53
170,2,8,-32.31
170,2,9,-17.84
170,2,10,-2.87
170,2,11,-21.92
170,2,12,-7.09
170,2,13,-13.58
170,2,14,2.93
170,2,15,-3.90
170,2,16,-1.40
170,2,17,11.88
170,2,18,-20.30
170,2,19,5.91
170,2,20,-18.43
170,2,21,-11.17
170,2,22,-5.49
170,2,23,-43.86
170,2,24,-28.75
170,2,25,4.80
170,2,26,-2.56
170,2,27,-22.34
170,2,28,-4.21
170,2,29,-14.08
170,2,30,-36.85
170,2,31,-14.37
170,2,32,2.54
170,2,33,-16.14
170,2,34,-9.33
170,2,35,-38.98
170,2,36,-14.70
170,2,37,-45.15
170,2,38,-8.21
170,2,39,-15.69
170,2,40,-12.65
170,2,41,-11.46
170,3,0,-11.36
170,3,1,-10.11
170,3,2,-20.53
170,3,3,-19.39
170,3,4,9.75
170,3,5,-13.91
170,3,6,2.96
170,3,7,-23.33
170,3,8,-7.99
170,3,9,0.38
170,3,10,-12.09
170,3,11,-19.47
170,3,12,1.38
170,3,13,-3.26
170,3,14,-15.51
170,3,15,-6.97
170,3,16,-5.81
170,3,17,-9.52
170,3,18,29.62
170,3,19,6.63
170,3,20,1.49
170,3,21,8.49
170,3,22,38.58
170,3,23,-5.89
170,3,24,-10.31
170,3,25,15.68
170,3,26,-12.34
170,3,27,-7.78
170,3,28,2.37
170,3,29,-28.66
170,3,30,-20.45
170,3,31,1.51
170,3,32,-1.70
170,3,33,-27.56
170,3,34,-12.63
170,3,35,-27.51
170,3,36,-24.78
170,3,37,-26.38
170,3,38,-20.12
170,3,39,-14.81
170,3,40,-18.35
170,3,41,-27.52
170,4,0,-6.48
170,4,1,-11.69
170,4,2,-27.61
170,4,3,-20.67
170,4,4,33.10
170,4,5,2.45
170,4,6,-10.96
170,4,7,-32.95
170,4,8,-24.85
170,4,9,2.70
170,4,10,2.99
170,4,11,-26.02
170,4,12,-22.48
170,4,13,-35.99
170,4,14,-16.46
170,4,15,-27.84
170,4,16,-21.90
170,4,17,-16.63
170,4,18,-29.46
170,4,19,-7.02
170,4,20,-19.06
170,4,21,-21.25
170,4,22,9.10
170,4,23,7.99
170,4,24,9.81
170,4,25,41.69
170,4,26,15.92
170,4,27,-7.82
170,4,28,9.41
170,4,29,5.33
170,4,30,-24.55
170,4,31,-5.48
170,4,32,14.87
170,4,33,-25.56
170,4,34,-9.12
170,4,35,-16.99
170,4,36,-18.38
170,4,37,2.02
170,4,38,25.56
170,4,39,3.64
170,4,40,-24.15
170,4,41,-3.94
170,5,0,-24.92
170,5,1,-35.85
170,5,2,-19.26
170,5,3,-36.98
170,5,4,-7.30
170,5,5,-15.74
170,5,6,-12.26
170,5,7,-42.73
170,5,8,-25.44
170,5,9,17.61
170,5,10,-2.44
170,5,11,-28.51
170,5,12,-16.78
170,5,13,-14.11
170,5,14,-12.37
170,5,15,-30.61
170,5,16,-21.80
170,5,17,-32.31
170,5,18,-18.40
170,5,19,31.16
170,5,20,-18.75
170,5,21,-19.50
170,5,22,0.01
170,5,23,-13.25
170,5,24,-21.51
170,5,25,2.99
170,5,26,-5.44
170,5,27,-15.79
170,5,28,2.44
170,5,29,-21.85
170,5,30,-18.00
170,5,31,4.23
170,5,32,14.60
170,5,33,-4.76
170,5,34,12.43
170,5,35,-15.99
170,5,36,-28.86
170,5,37,-35.90
170,5,38,2.74
170,5,39,-40.18
170,5,40,-19.89
170,5,41,-13.15
170,6,0,-30.84
170,6,1,-21.62
170,6,2,-19.98
170,6,3,-15.25
170,6,4,1.04
170,6,5,-35.99
170,6,6,2.57
170,6,7,-31.16
170,6,8,-17.80
170,6,9,-14.40
170,6,10,9.06
170,6,11,-10.13
170,6,12,-15.89
170,6,13,2.81
170,6,14,6.38
170,6,15,-10.70
170,6,16,-17.19
170,6,17,-13.26
170,6,18,-25.16
170,6,19,12.20
170,6,20,-26.21
170,6,21,-18.92
170,6,22,13.80
170,6,23,-10.67
170,6,24,-12.92
170,6,25,3.78
170,6,26,2.52
170,6,27,-19.67
170,6,28,-1.57
170,6,29,-10.91
170,6,30,-16.45
170,6,31,3.09
170,6,32,8.95
170,6,33,-33.88
170,6,34,-9.50
170,6,35,-19.90
170,6,36,0.00
170,6,37,11.41
170,6,38,38.34
170,6,39,2.01
170,6,40,-6.71
170,6,41,2.60
171,0,0,-19.21
171,0,1,-11.47
171,0,2,17.12
171,0,3,6.15
171,0,4,5.21
171,0,5,-26.09
171,0,6,7.65
171,0,7,-26.94
171,0,8,-25.00
171,0,9,-9.68
171,0,10,-14.56
171,0,11,-17.29
171,0,12,-23.21
171,0,13,-14.06
171,0,14,-31.63
171,0,15,-20.13
171,0,16,-17.35
171,0,17,-21.82
171,0,18,-32.74
171,0,19,-16.63
171,0,20,-21.03
171,0,21,-8.43
171,0,22,-16.94
171,0,23,-40.22
171,0,24,-47.07
171,0,25,2.27
171,0,26,2.35
171,0,27,-15.99
171,0,28,2.85
171,0,29,-31.72
171,0,30,-29.97
171,0,31,6.83
171,0,32,-22.04
171,0,33,-15.58
171,0,34,-2.11
171,0,35,-15.57
171,0,36,-17.57
171,0,37,-23.40
171,0,38,-15.07
171,0,39,-10.51
171,0,40,-19.75
171,0,41,-5.44
171,1,0,-14.66
171,1,1,-19.14
171,1,2,-10.23
171,1,3,-10.71
171,1,4,-8.88
171,1,5,-8.47
171,1,6,31.60
171,1,7,3.68
171,1,8,-2.90
171,1,9,24.75
171,1,10,28.63
171,1,11,7.41
171,1,12,-15.35
171,1,13,-22.72
171,1,14,-23.61
171,1,15,-3.50
171,1,16,-21.12
171,1,17,-21.15
171,1,18,-8.20
171,1,19,40.99
171,1,20,-5.42
171,1,21,-28.99
171,1,22,22.32
171,1,23,-6.58
171,1,24,-22.40
171,1,25,5.65
171,1,26,-14.29
171,1,27,-27.88
171,1,28,2.25
171,1,29,-28.63
171,1,30,-4.40
171,1,31,-5.20
171,1,32,-10.80
171,1,33,-32.48
171,1,34,28.19
171,1,35,-18.66
171,1,36,-20.51
171,1,37,-12.22
171,1,38,3.66
171,1,39,-25.11
171,1,40,-29.63
171,1,41,-26.59
171,2,0,-20.59
171,2,1,-27.44
171,2,2,-20.75
171,2,3,-25.86
171,2,4,1.19
171,2,5,-6.87
171,2,6,2.87
171,2,7,-25.53
171,2,8,-32.31
171,2,9,-17.84
171,2,10,-2.87
171,2,11,-21.92
171,2,12,-7.09
171,2,13,-13.58
171,2,14,2.93
171,2,15,-3.90
171,2,16,-1.40
171,2,17,11.88
171,2,18,-20.30
171,2,19,5.91
171,2,20,-18.43
171,2,21,-11.17
171,2,22,-5.49
171,2,23,-43.86
171,2,24,-28.75
171,2,25,4.80
171,2,26,-2.56
171,2,27,-22.34
171,2,28,-4.21
171,2,29,-14.08
171,2,30,-36.85
171,2,31,-14.37
171,2,32,2.54
171,2,33,-16.14
171,2,34,-9.33
171,2,35,-38.98
171,2,36,-14.70
171,2,37,-45.15
171,2,38,-8.21
171,2,39,-15.69
171,2,40,-12.65
171,2,41,-11.46
171,3,0,-11.36
171,3,1,-10.11
171,3,2,-20.53
171,3,3,-19.39
171,3,4,9.75
171,3,5,-13.91
171,3,6,2.96
171,3,7,-23.33
171,3,8,-7.99
171,3,9,0.38
171,3,10,-12.09
171,3,11,-19.47
171,3,12,1.38
171,3,13,-3.26
171,3,14,-15.51
171,3,15,-6.97
171,3,16,-5.81
171,3,17,-9.52
171,3,18,29.62
171,3,19,6.63
171,3,20,1.49
171,3,21,8.49
171,3,22,38.58
171,3,23,-5.89
171,3,24,-10.31
171,3,25,15.68
171,3,26,-12.34
171,3,27,-7.78
171,3,28,2.37
171,3,29,-28.66
171,3,30,-20.45
171,3,31,1.51
171,3,32,-1.70
171,3,33,-27.56
171,3,34,-12.63
171,3,35,-27.51
171,3,36,-24.78
171,3,37,-26.38
171,3,38,-20.12
171,3,39,-14.81
171,3,40,-18.35
171,3,41,-27.52
171,4,0,-6.48
171,4,1,-11.69
171,4,2,-27.61
171,4,3,-20.67
171,4,4,33.10
171,4,5,2.45
171,4,6,-10.96
171,4,7,-32.95
171,4,8,-24.85
171,4,9,2.70
171,4,10,2.99
171,4,11,-26.02
171,4,12,-22.48
171,4,13,-35.99
171,4,14,-16.46
171,4,15,-27.84
171,4,16,-21.90
171,4,17,-16.63
171,4,18,-29.46
171,4,19,-7.02
171,4,20,-19.06
171,4,21,-21.25
171,4,22,9.10
171,4,23,7.99
171,4,24,9.81
171,4,25,41.69
171,4,26,15.92
171,4,27,-7.82
171,4,28,9.41
171,4,29,5.33
171,4,30,-24.55
171,4,31,-5.48
171,4,32,14.87
171,4,33,-25.56
171,4,34,-9.12
171,4,35,-16.99
171,4,36,-18.38
171,4,37,2.02
171,4,38,25.56
171,4,39,3.64
171,4,40,-24.15
171,4,41,-3.94
171,5,0,-24.92
171,5,1,-35.85
171,5,2,-19.26
171,5,3,-36.98
171,5,4,-7.30
171,5,5,-15.74
171,5,6,-12.26
171,5,7,-42.73
171,5,8,-25.44
171,5,9,17.61
171,5,10,-2.44
171,5,11,-28.51
171,5,12,-16.78
171,5,13,-14.11
171,5,14,-12.37
171,5,15,-30.61
171,5,16,-21.80
171,5,17,-32.31
171,5,18,-18.40
171,5,19,31.16
171,5,20,-18.75
171,5,21,-19.50
171,5,22,0.01
171,5,23,-13.25
171,5,24,-21.51
171,5,25,2.99
171,5,26,-5.44
171,5,27,-15.79
171,5,28,2.44
171,5,29,-21.85
171,5,30,-18.00
171,5,31,4.23
171,5,32,14.60
171,5,33,-4.76
171,5,34,12.43
171,5,35,-15.99
171,5,36,-28.86
171,5,37,-35.90
171,5,38,2.74
171,5,39,-40.18
171,5,40,-19.89
171,5,41,-13.15
171,6,0,-30.84
171,6,1,-21.62
171,6,2,-19.98
171,6,3,-15.25
171,6,4,1.04
171,6,5,-35.99
171,6,6,2.57
171,6,7,-31.16
171,6,8,-17.80
171,6,9,-14.40
171,6,10,9.06
171,6,11,-10.13
171,6,12,-15.89
171,6,13,2.81
171,6,14,6.38
171,6,15,-10.70
171,6,16,-17.19
171,6,17,-13.26
171,6,18,-25.16
171,6,19,12.20
171,6,20,-26.21
171,6,21,-18.92
171,6,22,13.80
171,6,23,-10.67
171,6,24,-12.92
171,6,25,3.78
171,6,26,2.52
171,6,27,-19.67
171,6,28,-1.57
171,6,29,-10.91
171,6,30,-16.45
171,6,31,3.09
171,6,32,8.95
171,6,33,-33.88
171,6,34,-9.50
171,6,35,-19.90
171,6,36,0.00
171,6,37,11.41
171,6,38,38.34
171,6,39,2.01
171,6,40,-6.71
171,6,41,2.60
172,0,0,-19.21
172,0,1,-11.47
172,0,2,17.12
172,0,3,6.15
172,0,4,5.21
172,0,5,-26.09
172,0,6,7.65
172,0,7,-26.94
172,0,8,-25.00
172,0,9,-9.68
172,0,10,-14.56
172,0,11,-17.29
172,0,12,-23.21
172,0,13,-14.06
172,0,14,-31.63
172,0,15,-20.13
172,0,16,-17.35
172,0,17,-21.82
172,0,18,-32.74
172,0,19,-16.63
172,0,20,-21.03
172,0,21,-8.43
172,0,22,-16.94
172,0,23,-40.22
172,0,24,-47.07
172,0,25,2.27
172,0,26,2.35
172,0,27,-15.99
172,0,28,2.85
172,0,29,-31.72
172,0,30,-29.97
172,0,31,6.83
172,0,32,-22.04
172,0,33,-15.58
172,0,34,-2.11
172,0,35,-15.57
172,0,36,-17.57
172,0,37,-23.40
172,0,38,-15.07
172,0,39,-10.51
172,0,40,-19.75
172,0,41,-5.44
172,1,0,-14.66
172,1,1,-19.14
172,1,2,-10.23
172,1,3,-10.71
172,1,4,-8.88
172,1,5,-8.47
172,1,6,31.60
172,1,7,3.68
172,1,8,-2.90
172,1,9,24.75
172,1,10,28.63
172,1,11,7.41
172,1,12,-15.35
172,1,13,-22.72
172,1,14,-23.61
172,1,15,-3.50
172,1,16,-21.12
172,1,17,-21.15
172,1,18,-8.20
172,1,19,40.99
172,1,20,-5.42
172,1,21,-28.99
172,1,22,22.32
172,1,23,-6.58
172,1,24,-22.40
172,1,25,5.65
172,1,26,-14.29
172,1,27,-27.88
172,1,28,2.25
172,1,29,-28.63
172,1,30,-4.40
172,1,31,-5.20
172,1,32,-10.80
172,1,33,-32.48
172,1,34,28.19
172,1,35,-18.66
172,1,36,-20.51
172,1,37,-12.22
172,1,38,3.66
172,1,39,-25.11
172,1,40,-29.63
172,1,41,-26.59
172,2,0,-20.59
172,2,1,-27.44
172,2,2,-20.75
172,2,3,-25.86
172,2,4,1.19
172,2,5,-6.87
172,2,6,2.87
172,2,7,-25.53
172,2,8,-32.31
172,2,9,-17.84
172,2,10,-2.87
172,2,11,-21.92
172,2,12,-7.09
172,2,13,-13.58
172,2,14,2.93
172,2,15,-3.90
172,2,16,-1.40
172,2,17,11.88
172,2,18,-20.30
172,2,19,5.91
172,2,20,-18.43
172,2,21,-11.17
172,2,22,-5.49
172,2,23,-43.86
172,2,24,-28.75
172,2,25,4.80
172,2,26,-2.56
172,2,27,-22.34
172,2,28,-4.21
172,2,29,-14.08
172,2,30,-36.85
172,2,31,-14.37
172,2,32,2.54
172,2,33,-16.14
172,2,34,-9.33
172,2,35,-38.98
172,2,36,-14.70
172,2,37,-45.15
172,2,38,-8.21
172,2,39,-15.69
172,2,40,-12.65
172,2,41,-11.46
172,3,0,-11.36
172,3,1,-10.11
172,3,2,-20.53
172,3,3,-19.39
172,3,4,9.75
172,3,5,-13.91
172,3,6,2.96
172,3,7,-23.33
172,3,8,-7.99
172,3,9,0.38
172,3,10,-12.09
172,3,11,-19.47
172,3,12,1.38
172,3,13,-3.26
172,3,14,-15.51
172,3,15,-6.97
172,3,16,-5.81
172,3,17,-9.52
172,3,18,29.62
172,3,19,6.63
172,3,20,1.49
172,3,21,8.49
172,3,22,38.58
172,3,23,-5.89
172,3,24,-10.31
172,3,25,15.68
172,3,26,-12.34
172,3,27,-7.78
172,3,28,2.37
172,3,29,-28.66
172,3,30,-20.45
172,3,31,1.51
172,3,32,-1.70
172,3,33,-27.56
172,3,34,-12.63
172,3,35,-27.51
172,3,36,-24.78
172,3,37,-26.38
172,3,38,-20.12
172,3,39,-14.81
172,3,40,-18.35
172,3,41,-27.52
172,4,0,-6.48
172,4,1,-11.69
172,4,2,-27.61
172,4,3,-20.67
172,4,4,33.10
172,4,5,2.45
172,4,6,-10.96
172,4,7,-32.95
172,4,8,-24.85
172,4,9,2.70
172,4,10,2.99
172,4,11,-26.02
172,4,12,-22.48
172,4,13,-35.99
172,4,14,-16.46
172,4,15,-27.84
172,4,16,-21.90
172,4,17,-16.63
172,4,18,-29.46
172,4,19,-7.02
172,4,20,-19.06
172,4,21,-21.25
172,4,22,9.10
172,4,23,7.99
172,4,24,9.81
172,4,25,41.69
172,4,26,15.92
172,4,27,-7.82
172,4,28,9.41
172,4,29,5.33
172,4,30,-24.55
172,4,31,-5.48
172,4,32,14.87
172,4,33,-25.56
172,4,34,-9.12
172,4,35,-16.99
172,4,36,-18.38
172,4,37,2.02
172,4,38,25.56
172,4,39,3.64
172,4,40,-24.15
172,4,41,-3.94
172,5,0,-24.92
172,5,1,-35.85
172,5,2,-19.26
172,5,3,-36.98
172,5,4,-7.30
172,5,5,-15.74
172,5,6,-12.26
172,5,7,-42.73
172,5,8,-25.44
172,5,9,17.61
172,5,10,-2.44
172,5,11,-28.51
172,5,12,-16.78
172,5,13,-14.11
172,5,14,-12.37
172,5,15,-30.61
172,5,16,-21.80
172,5,17,-32.31
172,5,18,-18.40
172,5,19,31.16
172,5,20,-18.75
172,5,21,-19.50
172,5,22,0.01
172,5,23,-13.25
172,5,24,-21.51
172,5,25,2.99
172,5,26,-5.44
172,5,27,-15.79
172,5,28,2.44
172,5,29,-21.85
172,5,30,-18.00
172,5,31,4.23
172,5,32,14.60
172,5,33,-4.76
172,5,34,12.43
172,5,35,-15.99
172,5,36,-28.86
172,5,37,-35.90
172,5,38,2.74
172,5,39,-40.18
172,5,40,-19.89
172,5,41,-13.15
172,6,0,-30.84
172,6,1,-21.62
172,6,2,-19.98
172,6,3,-15.25
172,6,4,1.04
172,6,5,-35.99
172,6,6,2.57
172,6,7,-31.16
172,6,8,-17.80
172,6,9,-14.40
172,6,10,9.06
172,6,11,-10.13
172,6,12,-15.89
172,6,13,2.81
172,6,14,6.38
172,6,15,-10.70
172,6,16,-17.19
172,6,17,-13.26
172,6,18,-25.16
172,6,19,12.20
172,6,20,-26.21
172,6,21,-18.92
172,6,22,13.80
172,6,23,-10.67
172,6,24,-12.92
172,6,25,3.78
172,6,26,2.52
172,6,27,-19.67
172,6,28,-1.57
172,6,29,-10.91
172,6,30,-16.45
172,6,31,3.09
172,6,32,8.95
172,6,33,-33.88
172,6,34,-9.50
172,6,35,-19.90
172,6,36,0.00
172,6,37,11.41
172,6,38,38.34
172,6,39,2.01
172,6,40,-6.71
172,6,41,2.60
173,0,0,-19.21
173,0,1,-11.47
173,0,2,17.12
173,0,3,6.15
173,0,4,5.21
173,0,5,-26.09
173,0,6,7.65
173,0,7,-26.94
173,0,8,-25.00
173,0,9,-9.68
173,0,10,-14.56
173,0,11,-17.29
173,0,12,-23.21
173,0,13,-14.06
173,0,14,-31.63
173,0,15,-20.13
173,0,16,-17.35
173,0,17,-21.82
173,0,18,-32.74
173,0,19,-16.63
173,0,20,-21.03
173,0,21,-8.43
173,0,22,-16.94
173,0,23,-40.22
173,0,24,-47.07
173,0,25,2.27
173,0,26,2.35
173,0,27,-15.99
173,0,28,2.85
173,0,29,-31.72
173,0,30,-29.97
173,0,31,6.83
173,0,32,-22.04
173,0,33,-15.58
173,0,34,-2.11
173,0,35,-15.57
173,0,36,-17.57
173,0,37,-23.40
173,0,38,-15.07
173,0,39,-10.51
173,0,40,-19.75
173,0,41,-5.44
173,1,0,-14.66
173,1,1,-19.14
173,1,2,-10.23
173,1,3,-10.71
173,1,4,-8.88
173,1,5,-8.47
173,1,6,31.60
173,1,7,3.68
173,1,8,-2.90
173,1,9,24.75
173,1,10,28.63
173,1,11,7.41
173,1,12,-15.35
173,1,13,-22.72
173,1,14,-23.61
173,1,15,-3.50
173,1,16,-21.12
173,1,17,-21.15
173,1,18,-8.20
173,1,19,40.99
173,1,20,-5.42
173,1,21,-28.99
173,1,22,22.32
173,1,23,-6.58
173,1,24,-22.40
173,1,25,5.65
173,1,26,-14.29
173,1,27,-27.88
173,1,28,2.25
173,1,29,-28.63
173,1,30,-4.40
173,1,31,-5.20
173,1,32,-10.80
173,1,33,-32.48
173,1,34,28.19
173,1,35,-18.66
173,1,36,-20.51
173,1,37,-12.22
173,1,38,3.66
173,1,39,-25.11
173,1,40,-29.63
173,1,41,-26.59
173,2,0,-20.59
173,2,1,-27.44
173,2,2,-20.75
173,2,3,-25.86
173,2,4,1.19
173,2,5,-6.87
173,2,6,2.87
173,2,7,-25.53
173,2,8,-32.31
173,2,9,-17.84
173,2,10,-2.87
173,2,11,-21.92
173,2,12,-7.09
173,2,13,-13.58
173,2,14,2.93
173,2,15,-3.90
173,2,16,-1.40
173,2,17,11.88
173,2,18,-20.30
173,2,19,5.91
173,2,20,-18.43
173,2,21,-11.17
173,2,22,-5.49
173,2,23,-43.86
173,2,24,-28.75
173,2,25,4.80
173,2,26,-2.56
173,2,27,-22.34
173,2,28,-4.21
173,2,29,-14.08
173,2,30,-36.85
173,2,31,-14.37
173,2,32,2.54
173,2,33,-16.14
173,2,34,-9.33
173,2,35,-38.98
173,2,36,-14.70
173,2,37,-45.15
173,2,38,-8.21
173,2,39,-15.69
173,2,40,-12.65
173,2,41,-11.46
173,3,0,-11.36
173,3,1,-10.11
173,3,2,-20.53
173,3,3,-19.39
173,3,4,9.75
173,3,5,-13.91
173,3,6,2.96
173,3,7,-23.33
173,3,8,-7.99
173,3,9,0.38
173,3,10,-12.09
173,3,11,-19.47
173,3,12,1.38
173,3,13,-3.26
173,3,14,-15.51
173,3,15,-6.97
173,3,16,-5.81
173,3,17,-9.52
173,3,18,29.62
173,3,19,6.63
173,3,20,1.49
173,3,21,8.49
173,3,22,38.58
173,3,23,-5.89
173,3,24,-10.31
173,3,25,15.68
173,3,26,-12.34
173,3,27,-7.78
173,3,28,2.37
173,3,29,-28.66
173,3,30,-20.45
173,3,31,1.51
173,3,32,-1.70
173,3,33,-27.56
173,3,34,-12.63
173,3,35,-27.51
173,3,36,-24.78
173,3,37,-26.38
173,3,38,-20.12
173,3,39,-14.81
173,3,40,-18.35
173,3,41,-27.52
173,4,0,-6.48
173,4,1,-11.69
173,4,2,-27.61
173,4,3,-20.67
173,4,4,33.10
173,4,5,2.45
173,4,6,-10.96
173,4,7,-32.95
173,4,8,-24.85
173,4,9,2.70
173,4,10,2.99
173,4,11,-26.02
173,4,12,-22.48
173,4,13,-35.99
173,4,14,-16.46
173,4,15,-27.84
173,4,16,-21.90
173,4,17,-16.63
173,4,18,-29.46
173,4,19,-7.02
173,4,20,-19.06
173,4,21,-21.25
173,4,22,9.10
173,4,23,7.99
173,4,24,9.81
173,4,25,41.69
173,4,26,15.92
173,4,27,-7.82
173,4,28,9.41
173,4,29,5.33
173,4,30,-24.55
173,4,31,-5.48
173,4,32,14.87
173,4,33,-25.56
173,4,34,-9.12
173,4,35,-16.99
173,4,36,-18.38
173,4,37,2.02
173,4,38,25.56
173,4,39,3.64
173,4,40,-24.15
173,4,41,-3.94
173,5,0,-24.92
173,5,1,-35.85
173,5,2,-19.26
173,5,3,-36.98
173,5,4,-7.30
173,5,5,-15.74
173,5,6,-12.26
173,5,7,-42.73
173,5,8,-25.44
173,5,9,17.61
173,5,10,-2.44
173,5,11,-28.51
173,5,12,-16.78
173,5,13,-14.11
173,5,14,-12.37
173,5,15,-30.61
173,5,16,-21.80
173,5,17,-32.31
173,5,18,-18.40
173,5,19,31.16
173,5,20,-18.75
173,5,21,-19.50
173,5,22,0.01
173,5,23,-13.25
173,5,24,-21.51
173,5,25,2.99
173,5,26,-5.44
173,5,27,-15.79
173,5,28,2.44
173,5,29,-21.85
173,5,30,-18.00
173,5,31,4.23
173,5,32,14.60
173,5,33,-4.76
173,5,34,12.43
173,5,35,-15.99
173,5,36,-28.86
173,5,37,-35.90
173,5,38,2.74
173,5,39,-40.18
173,5,40,-19.89
173,5,41,-13.15
173,6,0,-30.84
173,6,1,-21.62
173,6,2,-19.98
173,6,3,-15.25
173,6,4,1.04
173,6,5,-35.99
173,6,6,2.57
173,6,7,-31.16
173,6,8,-17.80
173,6,9,-14.40
173,6,10,9.06
173,6,11,-10.13
173,6,12,-15.89
173,6,13,2.81
173,6,14,6.38
173,6,15,-10.70
173,6,16,-17.19
173,6,17,-13.26
173,6,18,-25.16
173,6,19,12.20
173,6,20,-26.21
173,6,21,-18.92
173,6,22,13.80
173,6,23,-10.67
173,6,24,-12.92
173,6,25,3.78
173,6,26,2.52
173,6,27,-19.67
173,6,28,-1.57
173,6,29,-10.91
173,6,30,-16.45
173,6,31,3.09
173,6,32,8.95
173,6,33,-33.88
173,6,34,-9.50
173,6,35,-19.90
173,6,36,0.00
173,6,37,11.41
173,6,38,38.34
173,6,39,2.01
173,6,40,-6.71
173,6,41,2.60
174,0,0,-19.21
174,0,1,-11.47
174,0,2,17.12
174,0,3,6.15
174,0,4,5.21
174,0,5,-26.09
174,0,6,7.65
174,0,7,-26.94
174,0,8,-25.00
174,0,9,-9.68
174,0,10,-14.56
174,0,11,-17.29
174,0,12,-23.21
174,0,13,-14.06
174,0,14,-31.63
174,0,15,-20.13
174,0,16,-17.35
174,0,17,-21.82
174,0,18,-32.74
174,0,19,-16.63
174,0,20,-21.03
174,0,21,-8.43
174,0,22,-16.94
174,0,23,-40.22
174,0,24,-47.07
174,0,25,2.27
174,0,26,2.35
174,0,27,-15.99
174,0,28,2.85
174,0,29,-31.72
174,0,30,-29.97
174,0,31,6.83
174,0,32,-22.04
174,0,33,-15.58
174,0,34,-2.11
174,0,35,-15.57
174,0,36,-17.57
174,0,37,-23.40
174,0,38,-15.07
174,0,39,-10.51
174,0,40,-19.75
174,0,41,-5.44
174,1,0,-14.66
174,1,1,-19.14
174,1,2,-10.23
174,1,3,-10.71
174,1,4,-8.88
174,1,5,-8.47
174,1,6,31.60
174,1,7,3.68
174,1,8,-2.90
174,1,9,24.75
174,1,10,28.63
174,1,11,7.41
174,1,12,-15.35
174,1,13,-22.72
174,1,14,-23.61
174,1,15,-3.50
174,1,16,-21.12
174,1,17,-21.15
174,1,18,-8.20
174,1,19,40.99
174,1,20,-5.42
174,1,21,-28.99
174,1,22,22.32
174,1,23,-6.58
174,1,24,-22.40
174,1,25,5.65
174,1,26,-14.29
174,1,27,-27.88
174,1,28,2.25
174,1,29,-28.63
174,1,30,-4.40
174,1,31,-5.20
174,1,32,-10.80
174,1,33,-32.48
174,1,34,28.19
174,1,35,-18.66
174,1,36,-20.51
174,1,37,-12.22
174,1,38,3.66
174,1,39,-25.11
174,1,40,-29.63
174,1,41,-26.59
174,2,0,-20.59
174,2,1,-27.44
174,2,2,-20.75
174,2,3,-25.86
174,2,4,1.19
174,2,5,-6.87
174,2,6,2.87
174,2,7,-25.53
174,2,8,-32.31
174,2,9,-17.84
174,2,10,-2.87
174,2,11,-21.92
174,2,12,-7.09
174,2,13,-13.58
174,2,14,2.93
174,2,15,-3.90
174,2,16,-1.40
174,2,17,11.88
174,2,18,-20.30
174,2,19,5.91
174,2,20,-18.43
174,2,21,-11.17
174,2,22,-5.49
174,2,23,-43.86
174,2,24,-28.75
174,2,25,4.80
174,2,26,-2.56
174,2,27,-22.34
174,2,28,-4.21
174,2,29,-14.08
174,2,30,-36.85
174,2,31,-14.37
174,2,32,2.54
174,2,33,-16.14
174,2,34,-9.33
174,2,35,-38.98
174,2,36,-14.70
174,2,37,-45.15
174,2,38,-8.21
174,2,39,-15.69
174,2,40,-12.65
174,2,41,-11.46
174,3,0,-11.36
174,3,1,-10.11
174,3,2,-20.53
174,3,3,-19.39
174,3,4,9.75
174,3,5,-13.91
174,3,6,2.96
174,3,7,-23.33
174,3,8,-7.99
174,3,9,0.38
174,3,10,-12.09
174,3,11,-19.47
174,3,12,1.38
174,3,13,-3.26
174,3,14,-15.51
174,3,15,-6.97
174,3,16,-5.81
174,3,17,-9.52
174,3,18,29.62
174,3,19,6.63
174,3,20,1.49
174,3,21,8.49
174,3,22,38.58
174,3,23,-5.89
174,3,24,-10.31
174,3,25,15.68
174,3,26,-12.34
174,3,27,-7.78
174,3,28,2.37
174,3,29,-28.66
174,3,30,-20.45
174,3,31,1.51
174,3,32,-1.70
174,3,33,-27.56
174,3,34,-12.63
174,3,35,-27.51
174,3,36,-24.78
174,3,37,-26.38
174,3,38,-20.12
174,3,39,-14.81
174,3,40,-18.35
174,3,41,-27.52
174,4,0,-6.48
174,4,1,-11.69
174,4,2,-27.61
174,4,3,-20.67
174,4,4,33.10
174,4,5,2.45
174,4,6,-10.96
174,4,7,-32.95
174,4,8,-24.85
174,4,9,2.70
174,4,10,2.99
174,4,11,-26.02
174,4,12,-22.48
174,4,13,-35.99
174,4,14,-16.46
174,4,15,-27.84
174,4,16,-21.90
174,4,17,-16.63
174,4,18,-29.46
174,4,19,-7.02
174,4,20,-19.06
174,4,21,-21.25
174,4,22,9.10
174,4,23,7.99
174,4,24,9.81
174,4,25,41.69
174,4,26,15.92
174,4,27,-7.82
174,4,28,9.41
174,4,29,5.33
174,4,30,-24.55
174,4,31,-5.48
174,4,32,14.87
174,4,33,-25.56
174,4,34,-9.12
174,4,35,-16.99
174,4,36,-18.38
174,4,37,2.02
174,4,38,25.56
174,4,39,3.64
174,4,40,-24.15
174,4,41,-3.94
174,5,0,-24.92
174,5,1,-35.85
174,5,2,-19.26
174,5,3,-36.98
174,5,4,-7.30
174,5,5,-15.74
174,5,6,-12.26
174,5,7,-42.73
174,5,8,-25.44
174,5,9,17.61
174,5,10,-2.44
174,5,11,-28.51
174,5,12,-16.78
174,5,13,-14.11
174,5,14,-12.37
174,5,15,-30.61
174,5,16,-21.80
174,5,17,-32.31
174,5,18,-18.40
174,5,19,31.16
174,5,20,-18.75
174,5,21,-19.50
174,5,22,0.01
174,5,23,-13.25
174,5,24,-21.51
174,5,25,2.99
174,5,26,-5.44
174,5,27,-15.79
174,5,28,2.44
174,5,29,-21.85
174,5,30,-18.00
174,5,31,4.23
174,5,32,14.60
174,5,33,-4.76
174,5,34,12.43
174,5,35,-15.99
174,5,36,-28.86
174,5,37,-35.90
174,5,38,2.74
174,5,39,-40.18
174,5,40,-19.89
174,5,41,-13.15
174,6,0,-30.84
174,6,1,-21.62
174,6,2,-19.98
174,6,3,-15.25
174,6,4,1.04
174,6,5,-35.99
174,6,6,2.57
174,6,7,-31.16
174,6,8,-17.80
174,6,9,-14.40
174,6,10,9.06
174,6,11,-10.13
174,6,12,-15.89
174,6,13,2.81
174,6,14,6.38
174,6,15,-10.70
174,6,16,-17.19
174,6,17,-13.26
174,6,18,-25.16
174,6,19,12.20
174,6,20,-26.21
174,6,21,-18.92
174,6,22,13.80
174,6,23,-10.67
174,6,24,-12.92
174,6,25,3.78
174,6,26,2.52
174,6,27,-19.67
174,6,28,-1.57
174,6,29,-10.91
174,6,30,-16.45
174,6,31,3.09
174,6,32,8.95
174,6,33,-33.88
174,6,34,-9.50
174,6,35,-19.90
174,6,36,0.00
174,6,37,11.41
174,6,38,38.34
174,6,39,2.01
174,6,40,-6.71
174,6,41,2.60
175,0,0,-19.21
175,0,1,-11.47
175,0,2,17.12
175,0,3,6.15
175,0,4,5.21
175,0,5,-26.09
175,0,6,7.65
175,0,7,-26.94
175,0,8,-25.00
175,0,9,-9.68
175,0,10,-14.56
175,0,11,-17.29
175,0,12,-23.21
175,0,13,-14.06
175,0,14,-31.63
175,0,15,-20.13
175,0,16,-17.35
175,0,17,-21.82
175,0,18,-32.74
175,0,19,-16.63
175,0,20,-21.03
175,0,21,-8.43
175,0,22,-16.94
175,0,23,-40.22
175,0,24,-47.07
175,0,25,2.27
175,0,26,2.35
175,0,27,-15.99
175,0,28,2.85
175,0,29,-31.72
175,0,30,-29.97
175,0,31,6.83
175,0,32,-22.04
175,0,33,-15.58
175,0,34,-2.11
175,0,35,-15.57
175,0,36,-17.57
175,0,37,-23.40
175,0,38,-15.07
175,0,39,-10.51
175,0,40,-19.75
175,0,41,-5.44
175,1,0,-14.66
175,1,1,-19.14
175,1,2,-10.23
175,1,3,-10.71
175,1,4,-8.88
175,1,5,-8.47
175,1,6,31.60
175,1,7,3.68
175,1,8,-2.90
175,1,9,24.75
175,1,10,28.63
175,1,11,7.41
175,1,12,-15.35
175,1,13,-22.72
175,1,14,-23.61
175,1,15,-3.50
175,1,16,-21.12
175,1,17,-21.15
175,1,18,-8.20
175,1,19,40.99
175,1,20,-5.42
175,1,21,-28.99
175,1,22,22.32
175,1,23,-6.58
175,1,24,-22.40
175,1,25,5.65
175,1,26,-14.29
175,1,27,-27.88
175,1,28,2.25
175,1,29,-28.63
175,1,30,-4.40
175,1,31,-5.20
175,1,32,-10.80
175,1,33,-32.48
175,1,34,28.19
175,1,35,-18.66
175,1,36,-20.51
175,1,37,-12.22
175,1,38,3.66
175,1,39,-25.11
175,1,40,-29.63
175,1,41,-26.59
175,2,0,-20.59
175,2,1,-27.44
175,2,2,-20.75
175,2,3,-25.86
175,2,4,1.19
175,2,5,-6.87
175,2,6,2.87
175,2,7,-25.53
175,2,8,-32.31
175,2,9,-17.84
175,2,10,-2.87
175,2,11,-21.92
175,2,12,-7.09
175,2,13,-13.58
175,2,14,2.93
175,2,15,-3.90
175,2,16,-1.40
175,2,17,11.88
175,2,18,-20.30
175,2,19,5.91
175,2,20,-18.43
175,2,21,-11.17
175,2,22,-5.49
175,2,23,-43.86
175,2,24,-28.75
175,2,25,4.80
175,2,26,-2.56
175,2,27,-22.34
175,2,28,-4.21
175,2,29,-14.08
175,2,30,-36.85
175,2,31,-14.37
175,2,32,2.54
175,2,33,-16.14
175,2,34,-9.33
175,2,35,-38.98
175,2,36,-14.70
175,2,37,-45.15
175,2,38,-8.21
175,2,39,-15.69
175,2,40,-12.65
175,2,41,-11.46
175,3,0,-11.36
175,3,1,-10.11
175,3,2,-20.53
175,3,3,-19.39
175,3,4,9.75
175,3,5,-13.91
175,3,6,2.96
175,3,7,-23.33
175,3,8,-7.99
175,3,9,0.38
175,3,10,-12.09
175,3,11,-19.47
175,3,12,1.38
175,3,13,-3.26
175,3,14,-15.51
175,3,15,-6.97
175,3,16,-5.81
175,3,17,-9.52
175,3,18,29.62
175,3,19,6.63
175,3,20,1.49
175,3,21,8.49
175,3,22,38.58
175,3,23,-5.89
175,3,24,-10.31
175,3,25,15.68
175,3,26,-12.34
175,3,27,-7.78
175,3,28,2.37
175,3,29,-28.66
175,3,30,-20.45
175,3,31,1.51
175,3,32,-1.70
175,3,33,-27.56
175,3,34,-12.63
175,3,35,-27.51
175,3,36,-24.78
175,3,37,-26.38
175,3,38,-20.12
175,3,39,-14.81
175,3,40,-18.35
175,3,41,-27.52
175,4,0,-6.48
175,4,1,-11.69
175,4,2,-27.61
175,4,3,-20.67
175,4,4,33.10
175,4,5,2.45
175,4,6,-10.96
175,4,7,-32.95
175,4,8,-24.85
175,4,9,2.70
175,4,10,2.99
175,4,11,-26.02
175,4,12,-22.48
175,4,13,-35.99
175,4,14,-16.46
175,4,15,-27.84
175,4,16,-21.90
175,4,17,-16.63
175,4,18,-29.46
175,4,19,-7.02
175,4,20,-19.06
175,4,21,-21.25
175,4,22,9.10
175,4,23,7.99
175,4,24,9.81
175,4,25,41.69
175,4,26,15.92
175,4,27,-7.82
175,4,28,9.41
175,4,29,5.33
175,4,30,-24.55
175,4,31,-5.48
175,4,32,14.87
175,4,33,-25.56
175,4,34,-9.12
175,4,35,-16.99
175,4,36,-18.38
175,4,37,2.02
175,4,38,25.56
175,4,39,3.64
175,4,40,-24.15
175,4,41,-3.94
175,5,0,-24.92
175,5,1,-35.85
175,5,2,-19.26
175,5,3,-36.98
175,5,4,-7.30
175,5,5,-15.74
175,5,6,-12.26
175,5,7,-42.73
175,5,8,-25.44
175,5,9,17.61
175,5,10,-2.44
175,5,11,-28.51
175,5,12,-16.78
175,5,13,-14.11
175,5,14,-12.37
175,5,15,-30.61
175,5,16,-21.80
175,5,17,-32.31
175,5,18,-18.40
175,5,19,31.16
175,5,20,-18.75
175,5,21,-19.50
175,5,22,0.01
175,5,23,-13.25
175,5,24,-21.51
175,5,25,2.99
175,5,26,-5.44
175,5,27,-15.79
175,5,28,2.44
175,5,29,-21.85
175,5,30,-18.00
175,5,31,4.23
175,5,32,14.60
175,5,33,-4.76
175,5,34,12.43
175,5,35,-15.99
175,5,36,-28.86
175,5,37,-35.90
175,5,38,2.74
175,5,39,-40.18
175,5,40,-19.89
175,5,41,-13.15
175,6,0,-30.84
175,6,1,-21.62
175,6,2,-19.98
175,6,3,-15.25
175,6,4,1.04
175,6,5,-35.99
175,6,6,2.57
175,6,7,-31.16
175,6,8,-17.80
175,6,9,-14.40
175,6,10,9.06
175,6,11,-10.13
175,6,12,-15.89
175,6,13,2.81
175,6,14,6.38
175,6,15,-10.70
175,6,16,-17.19
175,6,17,-13.26
175,6,18,-25.16
175,6,19,12.20
175,6,20,-26.21
175,6,21,-18.92
175,6,22,13.80
175,6,23,-10.67
175,6,24,-12.92
175,6,25,3.78
175,6,26,2.52
175,6,27,-19.67
175,6,28,-1.57
175,6,29,-10.91
175,6,30,-16.45
175,6,31,3.09
175,6,32,8.95
175,6,33,-33.88
175,6,34,-9.50
175,6,35,-19.90
175,6,36,0.00
175,6,37,11.41
175,6,38,38.34
175,6,39,2.01
175,6,40,-6.71
175,6,41,2.60
176,0,0,-19.21
176,0,1,-11.47
176,0,2,17.12
176,0,3,6.15
176,0,4,5.21
176,0,5,-26.09
176,0,6,7.65
176,0,7,-26.94
176,0,8,-25.00
176,0,9,-9.68
176,0,10,-14.56
176,0,11,-17.29
176,0,12,-23.21
176,0,13,-14.06
176,0,14,-31.63
176,0,15,-20.13
176,0,16,-17.35
176,0,17,-21.82
176,0,18,-32.74
176,0,19,-16.63
176,0,20,-21.03
176,0,21,-8.43
176,0,22,-16.94
176,0,23,-40.22
176,0,24,-47.07
176,0,25,2.27
176,0,26,2.35
176,0,27,-15.99
176,0,28,2.85
176,0,29,-31.72
176,0,30,-29.97
176,0,31,6.83
176,0,32,-22.04
176,0,33,-15.58
176,0,34,-2.11
176,0,35,-15.57
176,0,36,-17.57
176,0,37,-23.40
176,0,38,-15.07
176,0,39,-10.51
176,0,40,-19.75
176,0,41,-5.44
176,1,0,-14.66
176,1,1,-19.14
176,1,2,-10.23
176,1,3,-10.71
176,1,4,-8.88
176,1,5,-8.47
176,1,6,31.60
176,1,7,3.68
176,1,8,-2.90
176,1,9,24.75
176,1,10,28.63
176,1,11,7.41
176,1,12,-15.35
176,1,13,-22.72
176,1,14,-23.61
176,1,15,-3.50
176,1,16,-21.12
176,1,17,-21.15
176,1,18,-8.20
176,1,19,40.99
176,1,20,-5.42
176,1,21,-28.99
176,1,22,22.32
176,1,23,-6.58
176,1,24,-22.40
176,1,25,5.65
176,1,26,-14.29
176,1,27,-27.88
176,1,28,2.25
176,1,29,-28.63
176,1,30,-4.40
176,1,31,-5.20
176,1,32,-10.80
176,1,33,-32.48
176,1,34,28.19
176,1,35,-18.66
176,1,36,-20.51
176,1,37,-12.22
176,1,38,3.66
176,1,39,-25.11
176,1,40,-29.63
176,1,41,-26.59
176,2,0,-20.59
176,2,1,-27.44
176,2,2,-20.75
176,2,3,-25.86
176,2,4,1.19
176,2,5,-6.87
176,2,6,2.87
176,2,7,-25.53
176,2,8,-32.31
176,2,9,-17.84
176,2,10,-2.87
176,2,11,-21.92
176,2,12,-7.09
176,2,13,-13.58
176,2,14,2.93
176,2,15,-3.90
176,2,16,-1.40
176,2,17,11.88
176,2,18,-20.30
176,2,19,5.91
176,2,20,-18.43
176,2,21,-11.17
176,2,22,-5.49
176,2,23,-43.86
176,2,24,-28.75
176,2,25,4.80
176,2,26,-2.56
176,2,27,-22.34
176,2,28,-4.21
176,2,29,-14.08
176,2,30,-36.85
176,2,31,-14.37
176,2,32,2.54
176,2,33,-16.14
176,2,34,-9.33
176,2,35,-38.98
176,2,36,-14.70
176,2,37,-45.15
176,2,38,-8.21
176,2,39,-15.69
176,2,40,-12.65
176,2,41,-11.46
176,3,0,-11.36
176,3,1,-10.11
176,3,2,-20.53
176,3,3,-19.39
176,3,4,9.75
176,3,5,-13.91
176,3,6,2.96
176,3,7,-23.33
176,3,8,-7.99
176,3,9,0.38
176,3,10,-12.09
176,3,11,-19.47
176,3,12,1.38
176,3,13,-3.26
176,3,14,-15.51
176,3,15,-6.97
176,3,16,-5.81
176,3,17,-9.52
176,3,18,29.62
176,3,19,6.63
176,3,20,1.49
176,3,21,8.49
176,3,22,38.58
176,3,23,-5.89
176,3,24,-10.31
176,3,25,15.68
176,3,26,-12.34
176,3,27,-7.78
176,3,28,2.37
176,3,29,-28.66
176,3,30,-20.45
176,3,31,1.51
176,3,32,-1.70
176,3,33,-27.56
176,3,34,-12.63
176,3,35,-27.51
176,3,36,-24.78
176,3,37,-26.38
176,3,38,-20.12
176,3,39,-14.81
176,3,40,-18.35
176,3,41,-27.52
176,4,0,-6.48
176,4,1,-11.69
176,4,2,-27.61
176,4,3,-20.67
176,4,4,33.10
176,4,5,2.45
176,4,6,-10.96
176,4,7,-32.95
176,4,8,-24.85
176,4,9,2.70
176,4,10,2.99
176,4,11,-26.02
176,4,12,-22.48
176,4,13,-35.99
176,4,14,-16.46
176,4,15,-27.84
176,4,16,-21.90
176,4,17,-16.63
176,4,18,-29.46
176,4,19,-7.02
176,4,20,-19.06
176,4,21,-21.25
176,4,22,9.10
176,4,23,7.99
176,4,24,9.81
176,4,25,41.69
176,4,26,15.92
176,4,27,-7.82
176,4,28,9.41
176,4,29,5.33
176,4,30,-24.55
176,4,31,-5.48
176,4,32,14.87
176,4,33,-25.56
176,4,34,-9.12
176,4,35,-16.99
176,4,36,-18.38
176,4,37,2.02
176,4,38,25.56
176,4,39,3.64
176,4,40,-24.15
176,4,41,-3.94
176,5,0,-24.92
176,5,1,-35.85
176,5,2,-19.26
176,5,3,-36.98
176,5,4,-7.30
176,5,5,-15.74
176,5,6,-12.26
176,5,7,-42.73
176,5,8,-25.44
176,5,9,17.61
176,5,10,-2.44
176,5,11,-28.51
176,5,12,-16.78
176,5,13,-14.11
176,5,14,-12.37
176,5,15,-30.61
176,5,16,-21.80
176,5,17,-32.31
176,5,18,-18.40
176,5,19,31.16
176,5,20,-18.75
176,5,21,-19.50
176,5,22,0.01
176,5,23,-13.25
176,5,24,-21.51
176,5,25,2.99
176,5,26,-5.44
176,5,27,-15.79
176,5,28,2.44
176,5,29,-21.85
176,5,30,-18.00
176,5,31,4.23
176,5,32,14.60
176,5,33,-4.76
176,5,34,12.43
176,5,35,-15.99
176,5,36,-28.86
176,5,37,-35.90
176,5,38,2.74
176,5,39,-40.18
176,5,40,-19.89
176,5,41,-13.15
176,6,0,-30.84
176,6,1,-21.62
176,6,2,-19.98
176,6,3,-15.25
176,6,4,1.04
176,6,5,-35.99
176,6,6,2.57
176,6,7,-31.16
176,6,8,-17.80
176,6,9,-14.40
176,6,10,9.06
176,6,11,-10.13
176,6,12,-15.89
176,6,13,2.81
176,6,14,6.38
176,6,15,-10.70
176,6,16,-17.19
176,6,17,-13.26
176,6,18,-25.16
176,6,19,12.20
176,6,20,-26.21
176,6,21,-18.92
176,6,22,13.80
176,6,23,-10.67
176,6,24,-12.92
176,6,25,3.78
176,6,26,2.52
176,6,27,-19.67
176,6,28,-1.57
176,6,29,-10.91
176,6,30,-16.45
176,6,31,3.09
176,6,32,8.95
176,6,33,-33.88
176,6,34,-9.50
176,6,35,-19.90
176,6,36,0.00
176,6,37,11.41
176,6,38,38.34
176,6,39,2.01
176,6,40,-6.71
176,6,41,2.60
177,0,0,-19.21
177,0,1,-11.47
177,0,2,17.12
177,0,3,6.15
177,0,4,5.21
177,0,5,-26.09
177,0,6,7.65
177,0,7,-26.94
177,0,8,-25.00
177,0,9,-9.68
177,0,10,-14.56
177,0,11,-17.29
177,0,12,-23.21
177,0,13,-14.06
177,0,14,-31.63
177,0,15,-20.13
177,0,16,-17.35
177,0,17,-21.82
177,0,18,-32.74
177,0,19,-16.63
177,0,20,-21.03
177,0,21,-8.43
177,0,22,-16.94
177,0,23,-40.22
177,0,24,-47.07
177,0,25,2.27
177,0,26,2.35
177,0,27,-15.99
177,0,28,2.85
177,0,29,-31.72
177,0,30,-29.97
177,0,31,6.83
177,0,32,-22.04
177,0,33,-15.58
177,0,34,-2.11
177,0,35,-15.57
177,0,36,-17.57
177,0,37,-23.40
177,0,38,-15.07
177,0,39,-10.51
177,0,40,-19.75
177,0,41,-5.44
177,1,0,-14.66
177,1,1,-19.14
177,1,2,-10.23
177,1,3,-10.71
177,1,4,-8.88
177,1,5,-8.47
177,1,6,31.60
177,1,7,3.68
177,1,8,-2.90
177,1,9,24.75
177,1,10,28.63
177,1,11,7.41
177,1,12,-15.35
177,1,13,-22.72
177,1,14,-23.61
177,1,15,-3.50
177,1,16,-21.12
177,1,17,-21.15
177,1,18,-8.20
177,1,19,40.99
177,1,20,-5.42
177,1,21,-28.99
177,1,22,22.32
177,1,23,-6.58
177,1,24,-22.40
177,1,25,5.65
177,1,26,-14.29
177,1,27,-27.88
177,1,28,2.25
177,1,29,-28.63
177,1,30,-4.40
177,1,31,-5.20
177,1,32,-10.80
177,1,33,-32.48
177,1,34,28.19
177,1,35,-18.66
177,1,36,-20.51
177,1,37,-12.22
177,1,38,3.66
177,1,39,-25.11
177,1,40,-29.63
177,1,41,-26.59
177,2,0,-20.59
177,2,1,-27.44
177,2,2,-20.75
177,2,3,-25.86
177,2,4,1.19
177,2,5,-6.87
177,2,6,2.87
177,2,7,-25.53
177,2,8,-32.31
177,2,9,-17.84
177,2,10,-2.87
177,2,11,-21.92
177,2,12,-7.09
177,2,13,-13.58
177,2,14,2.93
177,2,15,-3.90
177,2,16,-1.40
177,2,17,11.88
177,2,18,-20.30
177,2,19,5.91
177,2,20,-18.43
177,2,21,-11.17
177,2,22,-5.49
177,2,23,-43.86
177,2,24,-28.75
177,2,25,4.80
177,2,26,-2.56
177,2,27,-22.34
177,2,28,-4.21
177,2,29,-14.08
177,2,30,-36.85
177,2,31,-14.37
177,2,32,2.54
177,2,33,-16.14
177,2,34,-9.33
177,2,35,-38.98
177,2,36,-14.70
177,2,37,-45.15
177,2,38,-8.21
177,2,39,-15.69
177,2,40,-12.65
177,2,41,-11.46
177,3,0,-11.36
177,3,1,-10.11
177,3,2,-20.53
177,3,3,-19.39
177,3,4,9.75
177,3,5,-13.91
177,3,6,2.96
177,3,7,-23.33
177,3,8,-7.99
177,3,9,0.38
177,3,10,-12.09
177,3,11,-19.47
177,3,12,1.38
177,3,13,-3.26
177,3,14,-15.51
177,3,15,-6.97
177,3,16,-5.81
177,3,17,-9.52
177,3,18,29.62
177,3,19,6.63
177,3,20,1.49
177,3,21,8.49
177,3,22,38.58
177,3,23,-5.89
177,3,24,-10.31
177,3,25,15.68
177,3,26,-12.34
177,3,27,-7.78
177,3,28,2.37
177,3,29,-28.66
177,3,30,-20.45
177,3,31,1.51
177,3,32,-1.70
177,3,33,-27.56
177,3,34,-12.63
177,3,35,-27.51
177,3,36,-24.78
177,3,37,-26.38
177,3,38,-20.12
177,3,39,-14.81
177,3,40,-18.35
177,3,41,-27.52
177,4,0,-6.48
177,4,1,-11.69
177,4,2,-27.61
177,4,3,-20.67
177,4,4,33.10
177,4,5,2.45
177,4,6,-10.96
177,4,7,-32.95
177,4,8,-24.85
177,4,9,2.70
177,4,10,2.99
177,4,11,-26.02
177,4,12,-22.48
177,4,13,-35.99
177,4,14,-16.46
177,4,15,-27.84
177,4,16,-21.90
177,4,17,-16.63
177,4,18,-29.46
177,4,19,-7.02
177,4,20,-19.06
177,4,21,-21.25
177,4,22,9.10
177,4,23,7.99
177,4,24,9.81
177,4,25,41.69
177,4,26,15.92
177,4,27,-7.82
177,4,28,9.41
177,4,29,5.33
177,4,30,-24.55
177,4,31,-5.48
177,4,32,14.87
177,4,33,-25.56
177,4,34,-9.12
177,4,35,-16.99
177,4,36,-18.38
177,4,37,2.02
177,4,38,25.56
177,4,39,3.64
177,4,40,-24.15
177,4,41,-3.94
177,5,0,-24.92
177,5,1,-35.85
177,5,2,-19.26
177,5,3,-36.98
177,5,4,-7.30
177,5,5,-15.74
177,5,6,-12.26
177,5,7,-42.73
177,5,8,-25.44
177,5,9,17.61
177,5,10,-2.44
177,5,11,-28.51
177,5,12,-16.78
177,5,13,-14.11
177,5,14,-12.37
177,5,15,-30.61
177,5,16,-21.80
177,5,17,-32.31
177,5,18,-18.40
177,5,19,31.16
177,5,20,-18.75
177,5,21,-19.50
177,5,22,0.01
177,5,23,-13.25
177,5,24,-21.51
177,5,25,2.99
177,5,26,-5.44
177,5,27,-15.79
177,5,28,2.44
177,5,29,-21.85
177,5,30,-18.00
177,5,31,4.23
177,5,32,14.60
177,5,33,-4.76
177,5,34,12.43
177,5,35,-15.99
177,5,36,-28.86
177,5,37,-35.90
177,5,38,2.74
177,5,39,-40.18
177,5,40,-19.89
177,5,41,-13.15
177,6,0,-30.84
177,6,1,-21.62
177,6,2,-19.98
177,6,3,-15.25
177,6,4,1.04
177,6,5,-35.99
177,6,6,2.57
177,6,7,-31.16
177,6,8,-17.80
177,6,9,-14.40
177,6,10,9.06
177,6,11,-10.13
177,6,12,-15.89
177,6,13,2.81
177,6,14,6.38
177,6,15,-10.70
177,6,16,-17.19
177,6,17,-13.26
177,6,18,-25.16
177,6,19,12.20
177,6,20,-26.21
177,6,21,-18.92
177,6,22,13.80
177,6,23,-10.67
177,6,24,-12.92
177,6,25,3.78
177,6,26,2.52
177,6,27,-19.67
177,6,28,-1.57
177,6,29,-10.91
177,6,30,-16.45
177,6,31,3.09
177,6,32,8.95
177,6,33,-33.88
177,6,34,-9.50
177,6,35,-19.90
177,6,36,0.00
177,6,37,11.41
177,6,38,38.34
177,6,39,2.01
177,6,40,-6.71
177,6,41,2.60
178,0,0,-19.21
178,0,1,-11.47
178,0,2,17.12
178,0,3,6.15
178,0,4,5.21
178,0,5,-26.09
178,0,6,7.65
178,0,7,-26.94
178,0,8,-25.00
178,0,9,-9.68
178,0,10,-14.56
178,0,11,-17.29
178,0,12,-23.21
178,0,13,-14.06
178,0,14,-31.63
178,0,15,-20.13
178,0,16,-17.35
178,0,17,-21.82
178,0,18,-32.74
178,0,19,-16.63
178,0,20,-21.03
178,0,21,-8.43
178,0,22,-16.94
178,0,23,-40.22
178,0,24,-47.07
178,0,25,2.27
178,0,26,2.35
178,0,27,-15.99
178,0,28,2.85
178,0,29,-31.72
178,0,30,-29.97
178,0,31,6.83
178,0,32,-22.04
178,0,33,-15.58
178,0,34,-2.11
178,0,35,-15.57
178,0,36,-17.57
178,0,37,-23.40
178,0,38,-15.07
178,0,39,-10.51
178,0,40,-19.75
178,0,41,-5.44
178,1,0,-14.66
178,1,1,-19.14
178,1,2,-10.23
178,1,3,-10.71
178,1,4,-8.88
178,1,5,-8.47
178,1,6,31.60
178,1,7,3.68
178,1,8,-2.90
178,1,9,24.75
178,1,10,28.63
178,1,11,7.41
178,1,12,-15.35
178,1,13,-22.72
178,1,14,-23.61
178,1,15,-3.50
178,1,16,-21.12
178,1,17,-21.15
178,1,18,-8.20
178,1,19,40.99
178,1,20,-5.42
178,1,21,-28.99
178,1,22,22.32
178,1,23,-6.58
178,1,24,-22.40
178,1,25,5.65
178,1,26,-14.29
178,1,27,-27.88
178,1,28,2.25
178,1,29,-28.63
178,1,30,-4.40
178,1,31,-5.20
178,1,32,-10.80
178,1,33,-32.48
178,1,34,28.19
178,1,35,-18.66
178,1,36,-20.51
178,1,37,-12.22
178,1,38,3.66
178,1,39,-25.11
178,1,40,-29.63
178,1,41,-26.59
178,2,0,-20.59
178,2,1,-27.44
178,2,2,-20.75
178,2,3,-25.86
178,2,4,1.19
178,2,5,-6.87
178,2,6,2.87
178,2,7,-25.53
178,2,8,-32.31
178,2,9,-17.84
178,2,10,-2.87
178,2,11,-21.92
178,2,12,-7.09
178,2,13,-13.58
178,2,14,2.93
178,2,15,-3.90
178,2,16,-1.40
178,2,17,11.88
178,2,18,-20.30
178,2,19,5.91
178,2,20,-18.43
178,2,21,-11.17
178,2,22,-5.49
178,2,23,-43.86
178,2,24,-28.75
178,2,25,4.80
178,2,26,-2.56
178,2,27,-22.34
178,2,28,-4.21
178,2,29,-14.08
178,2,30,-36.85
178,2,31,-14.37
178,2,32,2.54
178,2,33,-16.14
178,2,34,-9.33
178,2,35,-38.98
178,2,36,-14.70
178,2,37,-45.15
178,2,38,-8.21
178,2,39,-15.69
178,2,40,-12.65
178,2,41,-11.46
178,3,0,-11.36
178,3,1,-10.11
178,3,2,-20.53
178,3,3,-19.39
178,3,4,9.75
178,3,5,-13.91
178,3,6,2.96
178,3,7,-23.33
178,3,8,-7.99
178,3,9,0.38
178,3,10,-12.09
178,3,11,-19.47
178,3,12,1.38
178,3,13,-3.26
178,3,14,-15.51
178,3,15,-6.97
178,3,16,-5.81
178,3,17,-9.52
178,3,18,29.62
178,3,19,6.63
178,3,20,1.49
178,3,21,8.49
178,3,22,38.58
178,3,23,-5.89
178,3,24,-10.31
178,3,25,15.68
178,3,26,-12.34
178,3,27,-7.78
178,3,28,2.37
178,3,29,-28.66
178,3,30,-20.45
178,3,31,1.51
178,3,32,-1.70
178,3,33,-27.56
178,3,34,-12.63
178,3,35,-27.51
178,3,36,-24.78
178,3,37,-26.38
178,3,38,-20.12
178,3,39,-14.81
178,3,40,-18.35
178,3,41,-27.52
178,4,0,-6.48
178,4,1,-11.69
178,4,2,-27.61
178,4,3,-20.67
178,4,4,33.10
178,4,5,2.45
178,4,6,-10.96
178,4,7,-32.95
178,4,8,-24.85
178,4,9,2.70
178,4,10,2.99
178,4,11,-26.02
178,4,12,-22.48
178,4,13,-35.99
178,4,14,-16.46
178,4,15,-27.84
178,4,16,-21.90
178,4,17,-16.63
178,4,18,-29.46
178,4,19,-7.02
178,4,20,-19.06
178,4,21,-21.25
178,4,22,9.10
178,4,23,7.99
178,4,24,9.81
178,4,25,41.69
178,4,26,15.92
178,4,27,-7.82
178,4,28,9.41
178,4,29,5.33
178,4,30,-24.55
178,4,31,-5.48
178,4,32,14.87
178,4,33,-25.56
178,4,34,-9.12
178,4,35,-16.99
178,4,36,-18.38
178,4,37,2.02
178,4,38,25.56
178,4,39,3.64
178,4,40,-24.15
178,4,41,-3.94
178,5,0,-24.92
178,5,1,-35.85
178,5,2,-19.26
178,5,3,-36.98
178,5,4,-7.30
178,5,5,-15.74
178,5,6,-12.26
178,5,7,-42.73
178,5,8,-25.44
178,5,9,17.61
178,5,10,-2.44
178,5,11,-28.51
178,5,12,-16.78
178,5,13,-14.11
178,5,14,-12.37
178,5,15,-30.61
178,5,16,-21.80
178,5,17,-32.31
178,5,18,-18.40
178,5,19,31.16
178,5,20,-18.75
178,5,21,-19.50
178,5,22,0.01
178,5,23,-13.25
178,5,24,-21.51
178,5,25,2.99
178,5,26,-5.44
178,5,27,-15.79
178,5,28,2.44
178,5,29,-21.85
178,5,30,-18.00
178,5,31,4.23
178,5,32,14.60
178,5,33,-4.76
178,5,34,12.43
178,5,35,-15.99
178,5,36,-28.86
178,5,37,-35.90
178,5,38,2.74
178,5,39,-40.18
178,5,40,-19.89
178,5,41,-13.15
178,6,0,-30.84
178,6,1,-21.62
178,6,2,-19.98
178,6,3,-15.25
178,6,4,1.04
178,6,5,-35.99
178,6,6,2.57
178,6,7,-31.16
178,6,8,-17.80
178,6,9,-14.40
178,6,10,9.06
178,6,11,-10.13
178,6,12,-15.89
178,6,13,2.81
178,6,14,6.38
178,6,15,-10.70
178,6,16,-17.19
178,6,17,-13.26
178,6,18,-25.16
178,6,19,12.20
178,6,20,-26.21
178,6,21,-18.92
178,6,22,13.80
178,6,23,-10.67
178,6,24,-12.92
178,6,25,3.78
178,6,26,2.52
178,6,27,-19.67
178,6,28,-1.57
178,6,29,-10.91
178,6,30,-16.45
178,6,31,3.09
178,6,32,8.95
178,6,33,-33.88
178,6,34,-9.50
178,6,35,-19.90
178,6,36,0.00
178,6,37,11.41
178,6,38,38.34
178,6,39,2.01
178,6,40,-6.71
178,6,41,2.60
179,0,0,-19.21
179,0,1,-11.47
179,0,2,17.12
179,0,3,6.15
179,0,4,5.21
179,0,5,-26.09
179,0,6,7.65
179,0,7,-26.94
179,0,8,-25.00
179,0,9,-9.68
179,0,10,-14.56
179,0,11,-17.29
179,0,12,-23.21
179,0,13,-14.06
179,0,14,-31.63
179,0,15,-20.13
179,0,16,-17.35
179,0,17,-21.82
179,0,18,-32.74
179,0,19,-16.63
179,0,20,-21.03
179,0,21,-8.43
179,0,22,-16.94
179,0,23,-40.22
179,0,24,-47.07
179,0,25,2.27
179,0,26,2.35
179,0,27,-15.99
179,0,28,2.85
179,0,29,-31.72
179,0,30,-29.97
179,0,31,6.83
179,0,32,-22.04
179,0,33,-15.58
179,0,34,-2.11
179,0,35,-15.57
179,0,36,-17.57
179,0,37,-23.40
179,0,38,-15.07
179,0,39,-10.51
179,0,40,-19.75
179,0,41,-5.44
179,1,0,-14.66
179,1,1,-19.14
179,1,2,-10.23
179,1,3,-10.71
179,1,4,-8.88
179,1,5,-8.47
179,1,6,31.60
179,1,7,3.68
179,1,8,-2.90
179,1,9,24.75
179,1,10,28.63
179,1,11,7.41
179,1,12,-15.35
179,1,13,-22.72
179,1,14,-23.61
179,1,15,-3.50
179,1,16,-21.12
179,1,17,-21.15
179,1,18,-8.20
179,1,19,40.99
179,1,20,-5.42
179,1,21,-28.99
179,1,22,22.32
179,1,23,-6.58
179,1,24,-22.40
179,1,25,5.65
179,1,26,-14.29
179,1,27,-27.88
179,1,28,2.25
179,1,29,-28.63
179,1,30,-4.40
179,1,31,-5.20
179,1,32,-10.80
179,1,33,-32.48
179,1,34,28.19
179,1,35,-18.66
179,1,36,-20.51
179,1,37,-12.22
179,1,38,3.66
179,1,39,-25.11
179,1,40,-29.63
179,1,41,-26.59
179,2,0,-20.59
179,2,1,-27.44
179,2,2,-20.75
179,2,3,-25.86
179,2,4,1.19
179,2,5,-6.87
179,2,6,2.87
179,2,7,-25.53
179,2,8,-32.31
179,2,9,-17.84
179,2,10,-2.87
179,2,11,-21.92
179,2,12,-7.09
179,2,13,-13.58
179,2,14,2.93
179,2,15,-3.90
179,2,16,-1.40
179,2,17,11.88
179,2,18,-20.30
179,2,19,5.91
179,2,20,-18.43
179,2,21,-11.17
179,2,22,-5.49
179,2,23,-43.86
179,2,24,-28.75
179,2,25,4.80
179,2,26,-2.56
179,2,27,-22.34
179,2,28,-4.21
179,2,29,-14.08
179,2,30,-36.85
179,2,31,-14.37
179,2,32,2.54
179,2,33,-16.14
179,2,34,-9.33
179,2,35,-38.98
179,2,36,-14.70
179,2,37,-45.15
179,2,38,-8.21
179,2,39,-15.69
179,2,40,-12.65
179,2,41,-11.46
179,3,0,-11.36
179,3,1,-10.11
179,3,2,-20.53
179,3,3,-19.39
179,3,4,9.75
179,3,5,-13.91
179,3,6,2.96
179,3,7,-23.33
179,3,8,-7.99
179,3,9,0.38
179,3,10,-12.09
179,3,11,-19.47
179,3,12,1.38
179,3,13,-3.26
179,3,14,-15.51
179,3,15,-6.97
179,3,16,-5.81
179,3,17,-9.52
179,3,18,29.62
179,3,19,6.63
179,3,20,1.49
179,3,21,8.49
179,3,22,38.58
179,3,23,-5.89
179,3,24,-10.31
179,3,25,15.68
179,3,26,-12.34
179,3,27,-7.78
179,3,28,2.37
179,3,29,-28.66
179,3,30,-20.45
179,3,31,1.51
179,3,32,-1.70
179,3,33,-27.56
179,3,34,-12.63
179,3,35,-27.51
179,3,36,-24.78
179,3,37,-26.38
179,3,38,-20.12
179,3,39,-14.81
179,3,40,-18.35
179,3,41,-27.52
179,4,0,-6.48
179,4,1,-11.69
179,4,2,-27.61
179,4,3,-20.67
179,4,4,33.10
179,4,5,2.45
179,4,6,-10.96
179,4,7,-32.95
179,4,8,-24.85
179,4,9,2.70
179,4,10,2.99
179,4,11,-26.02
179,4,12,-22.48
179,4,13,-35.99
179,4,14,-16.46
179,4,15,-27.84
179,4,16,-21.90
179,4,17,-16.63
179,4,18,-29.46
179,4,19,-7.02
179,4,20,-19.06
179,4,21,-21.25
179,4,22,9.10
179,4,23,7.99
179,4,24,9.81
179,4,25,41.69
179,4,26,15.92
179,4,27,-7.82
179,4,28,9.41
179,4,29,5.33
179,4,30,-24.55
179,4,31,-5.48
179,4,32,14.87
179,4,33,-25.56
179,4,34,-9.12
179,4,35,-16.99
179,4,36,-18.38
179,4,37,2.02
179,4,38,25.56
179,4,39,3.64
179,4,40,-24.15
179,4,41,-3.94
179,5,0,-24.92
179,5,1,-35.85
179,5,2,-19.26
179,5,3,-36.98
179,5,4,-7.30
179,5,5,-15.74
179,5,6,-12.26
179,5,7,-42.73
179,5,8,-25.44
179,5,9,17.61
179,5,10,-2.44
179,5,11,-28.51
179,5,12,-16.78
179,5,13,-14.11
179,5,14,-12.37
179,5,15,-30.61
179,5,16,-21.80
179,5,17,-32.31
179,5,18,-18.40
179,5,19,31.16
179,5,20,-18.75
179,5,21,-19.50
179,5,22,0.01
179,5,23,-13.25
179,5,24,-21.51
179,5,25,2.99
179,5,26,-5.44
179,5,27,-15.79
179,5,28,2.44
179,5,29,-21.85
179,5,30,-18.00
179,5,31,4.23
179,5,32,14.60
179,5,33,-4.76
179,5,34,12.43
179,5,35,-15.99
179,5,36,-28.86
179,5,37,-35.90
179,5,38,2.74
179,5,39,-40.18
179,5,40,-19.89
179,5,41,-13.15
179,6,0,-30.84
179,6,1,-21.62
179,6,2,-19.98
179,6,3,-15.25
179,6,4,1.04
179,6,5,-35.99
179,6,6,2.57
179,6,7,-31.16
179,6,8,-17.80
179,6,9,-14.40
179,6,10,9.06
179,6,11,-10.13
179,6,12,-15.89
179,6,13,2.81
179,6,14,6.38
179,6,15,-10.70
179,6,16,-17.19
179,6,17,-13.26
179,6,18,-25.16
179,6,19,12.20
179,6,20,-26.21
179,6,21,-18.92
179,6,22,13.80
179,6,23,-10.67
179,6,24,-12.92
179,6,25,3.78
179,6,26,2.52
179,6,27,-19.67
179,6,28,-1.57
179,6,29,-10.91
179,6,30,-16.45
179,6,31,3.09
179,6,32,8.95
179,6,33,-33.88
179,6,34,-9.50
179,6,35,-19.90
179,6,36,0.00
179,6,37,11.41
179,6,38,38.34
179,6,39,2.01
179,6,40,-6.71
179,6,41,2.60
180,0,0,-19.21
180,0,1,-11.47
180,0,2,17.12
180,0,3,6.15
180,0,4,5.21
180,0,5,-26.09
180,0,6,7.65
180,0,7,-26.94
180,0,8,-25.00
180,0,9,-9.68
180,0,10,-14.56
180,0,11,-17.29
180,0,12,-23.21
180,0,13,-14.06
180,0,14,-31.63
180,0,15,-20.13
180,0,16,-17.35
180,0,17,-21.82
180,0,18,-32.74
180,0,19,-16.63
180,0,20,-21.03
180,0,21,-8.43
180,0,22,-16.94
180,0,23,-40.22
180,0,24,-47.07
180,0,25,2.27
180,0,26,2.35
180,0,27,-15.99
180,0,28,2.85
180,0,29,-31.72
180,0,30,-29.97
180,0,31,6.83
180,0,32,-22.04
180,0,33,-15.58
180,0,34,-2.11
180,0,35,-15.57
180,0,36,-17.57
180,0,37,-23.40
180,0,38,-15.07
180,0,39,-10.51
180,0,40,-19.75
180,0,41,-5.44
180,1,0,-14.66
180,1,1,-19.14
180,1,2,-10.23
180,1,3,-10.71
180,1,4,-8.88
180,1,5,-8.47
180,1,6,31.60
180,1,7,3.68
180,1,8,-2.90
180,1,9,24.75
180,1,10,28.63
180,1,11,7.41
180,1,12,-15.35
180,1,13,-22.72
180,1,14,-23.61
180,1,15,-3.50
180,1,16,-21.12
180,1,17,-21.15
180,1,18,-8.20
180,1,19,40.99
180,1,20,-5.42
180,1,21,-28.99
180,1,22,22.32
180,1,23,-6.58
180,1,24,-22.40
180,1,25,5.65
180,1,26,-14.29
180,1,27,-27.88
180,1,28,2.25
180,1,29,-28.63
180,1,30,-4.40
180,1,31,-5.20
180,1,32,-10.80
180,1,33,-32.48
180,1,34,28.19
180,1,35,-18.66
180,1,36,-20.51
180,1,37,-12.22
180,1,38,3.66
180,1,39,-25.11
180,1,40,-29.63
180,1,41,-26.59
180,2,0,-20.59
180,2,1,-27.44
180,2,2,-20.75
180,2,3,-25.86
180,2,4,1.19
180,2,5,-6.87
180,2,6,2.87
180,2,7,-25.53
180,2,8,-32.31
180,2,9,-17.84
180,2,10,-2.87
180,2,11,-21.92
180,2,12,-7.09
180,2,13,-13.58
180,2,14,2.93
180,2,15,-3.90
180,2,16,-1.40
180,2,17,11.88
180,2,18,-20.30
180,2,19,5.91
180,2,20,-18.43
180,2,21,-11.17
180,2,22,-5.49
180,2,23,-43.86
180,2,24,-28.75
180,2,25,4.80
180,2,26,-2.56
180,2,27,-22.34
180,2,28,-4.21
180,2,29,-14.08
180,2,30,-36.85
180,2,31,-14.37
180,2,32,2.54
180,2,33,-16.14
180,2,34,-9.33
180,2,35,-38.98
180,2,36,-14.70
180,2,37,-45.15
180,2,38,-8.21
180,2,39,-15.69
180,2,40,-12.65
180,2,41,-11.46
180,3,0,-11.36
180,3,1,-10.11
180,3,2,-20.53
180,3,3,-19.39
180,3,4,9.75
180,3,5,-13.91
180,3,6,2.96
180,3,7,-23.33
180,3,8,-7.99
180,3,9,0.38
180,3,10,-12.09
180,3,11,-19.47
180,3,12,1.38
180,3,13,-3.26
180,3,14,-15.51
180,3,15,-6.97
180,3,16,-5.81
180,3,17,-9.52
180,3,18,29.62
180,3,19,6.63
180,3,20,1.49
180,3,21,8.49
180,3,22,38.58
180,3,23,-5.89
180,3,24,-10.31
180,3,25,15.68
180,3,26,-12.34
180,3,27,-7.78
180,3,28,2.37
180,3,29,-28.66
180,3,30,-20.45
180,3,31,1.51
180,3,32,-1.70
180,3,33,-27.56
180,3,34,-12.63
180,3,35,-27.51
180,3,36,-24.78
180,3,37,-26.38
180,3,38,-20.12
180,3,39,-14.81
180,3,40,-18.35
180,3,41,-27.52
180,4,0,-6.48
180,4,1,-11.69
180,4,2,-27.61
180,4,3,-20.67
180,4,4,33.10
180,4,5,2.45
180,4,6,-10.96
180,4,7,-32.95
180,4,8,-24.85
180,4,9,2.70
180,4,10,2.99
180,4,11,-26.02
180,4,12,-22.48
180,4,13,-35.99
180,4,14,-16.46
180,4,15,-27.84
180,4,16,-21.90
180,4,17,-16.63
180,4,18,-29.46
180,4,19,-7.02
180,4,20,-19.06
180,4,21,-21.25
180,4,22,9.10
180,4,23,7.99
180,4,24,9.81
180,4,25,41.69
180,4,26,15.92
180,4,27,-7.82
180,4,28,9.41
180,4,29,5.33
180,4,30,-24.55
180,4,31,-5.48
180,4,32,14.87
180,4,33,-25.56
180,4,34,-9.12
180,4,35,-16.99
180,4,36,-18.38
180,4,37,2.02
180,4,38,25.56
180,4,39,3.64
180,4,40,-24.15
180,4,41,-3.94
180,5,0,-24.92
180,5,1,-35.85
180,5,2,-19.26
180,5,3,-36.98
180,5,4,-7.30
180,5,5,-15.74
180,5,6,-12.26
180,5,7,-42.73
180,5,8,-25.44
180,5,9,17.61
180,5,10,-2.44
180,5,11,-28.51
180,5,12,-16.78
180,5,13,-14.11
180,5,14,-12.37
180,5,15,-30.61
180,5,16,-21.80
180,5,17,-32.31
180,5,18,-18.40
180,5,19,31.16
180,5,20,-18.75
180,5,21,-19.50
180,5,22,0.01
180,5,23,-13.25
180,5,24,-21.51
180,5,25,2.99
180,5,26,-5.44
180,5,27,-15.79
180,5,28,2.44
180,5,29,-21.85
180,5,30,-18.00
180,5,31,4.23
180,5,32,14.60
180,5,33,-4.76
180,5,34,12.43
180,5,35,-15.99
180,5,36,-28.86
180,5,37,-35.90
180,5,38,2.74
180,5,39,-40.18
180,5,40,-19.89
180,5,41,-13.15
180,6,0,-30.84
180,6,1,-21.62
180,6,2,-19.98
180,6,3,-15.25
180,6,4,1.04
180,6,5,-35.99
180,6,6,2.57
180,6,7,-31.16
180,6,8,-17.80
180,6,9,-14.40
180,6,10,9.06
180,6,11,-10.13
180,6,12,-15.89
180,6,13,2.81
180,6,14,6.38
180,6,15,-10.70
180,6,16,-17.19
180,6,17,-13.26
180,6,18,-25.16
180,6,19,12.20
180,6,20,-26.21
180,6,21,-18.92
180,6,22,13.80
180,6,23,-10.67
180,6,24,-12.92
180,6,25,3.78
180,6,26,2.52
180,6,27,-19.67
180,6,28,-1.57
180,6,29,-10.91
180,6,30,-16.45
180,6,31,3.09
180,6,32,8.95
180,6,33,-33.88
180,6,34,-9.50
180,6,35,-19.90
180,6,36,0.00
180,6,37,11.41
180,6,38,38.34
180,6,39,2.01
180,6,40,-6.71
180,6,41,2.60
181,0,0,-19.21
181,0,1,-11.47
181,0,2,17.12
181,0,3,6.15
181,0,4,5.21
181,0,5,-26.09
181,0,6,7.65
181,0,7,-26.94
181,0,8,-25.00
181,0,9,-9.68
181,0,10,-14.56
181,0,11,-17.29
181,0,12,-23.21
181,0,13,-14.06
181,0,14,-31.63
181,0,15,-20.13
181,0,16,-17.35
181,0,17,-21.82
181,0,18,-32.74
181,0,19,-16.63
181,0,20,-21.03
181,0,21,-8.43
181,0,22,-16.94
181,0,23,-40.22
181,0,24,-47.07
181,0,25,2.27
181,0,26,2.35
181,0,27,-15.99
181,0,28,2.85
181,0,29,-31.72
181,0,30,-29.97
181,0,31,6.83
181,0,32,-22.04
181,0,33,-15.58
181,0,34,-2.11
181,0,35,-15.57
181,0,36,-17.57
181,0,37,-23.40
181,0,38,-15.07
181,0,39,-10.51
181,0,40,-19.75
181,0,41,-5.44
181,1,0,-14.66
181,1,1,-19.14
181,1,2,-10.23
181,1,3,-10.71
181,1,4,-8.88
181,1,5,-8.47
181,1,6,31.60
181,1,7,3.68
181,1,8,-2.90
181,1,9,24.75
181,1,10,28.63
181,1,11,7.41
181,1,12,-15.35
181,1,13,-22.72
181,1,14,-23.61
181,1,15,-3.50
181,1,16,-21.12
181,1,17,-21.15
181,1,18,-8.20
181,1,19,40.99
181,1,20,-5.42
181,1,21,-28.99
181,1,22,22.32
181,1,23,-6.58
181,1,24,-22.40
181,1,25,5.65
181,1,26,-14.29
181,1,27,-27.88
181,1,28,2.25
181,1,29,-28.63
181,1,30,-4.40
181,1,31,-5.20
181,1,32,-10.80
181,1,33,-32.48
181,1,34,28.19
181,1,35,-18.66
181,1,36,-20.51
181,1,37,-12.22
181,1,38,3.66
181,1,39,-25.11
181,1,40,-29.63
181,1,41,-26.59
181,2,0,-20.59
181,2,1,-27.44
181,2,2,-20.75
181,2,3,-25.86
181,2,4,1.19
181,2,5,-6.87
181,2,6,2.87
181,2,7,-25.53
181,2,8,-32.31
181,2,9,-17.84
181,2,10,-2.87
181,2,11,-21.92
181,2,12,-7.09
181,2,13,-13.58
181,2,14,2.93
181,2,15,-3.90
181,2,16,-1.40
181,2,17,11.88
181,2,18,-20.30
181,2,19,5.91
181,2,20,-18.43
181,2,21,-11.17
181,2,22,-5.49
181,2,23,-43.86
181,2,24,-28.75
181,2,25,4.80
181,2,26,-2.56
181,2,27,-22.34
181,2,28,-4.21
181,2,29,-14.08
181,2,30,-36.85
181,2,31,-14.37
181,2,32,2.54
181,2,33,-16.14
181,2,34,-9.33
181,2,35,-38.98
181,2,36,-14.70
181,2,37,-45.15
181,2,38,-8.21
181,2,39,-15.69
181,2,40,-12.65
181,2,41,-11.46
181,3,0,-11.36
181,3,1,-10.11
181,3,2,-20.53
181,3,3,-19.39
181,3,4,9.75
181,3,5,-13.91
181,3,6,2.96
181,3,7,-23.33
181,3,8,-7.99
181,3,9,0.38
181,3,10,-12.09
181,3,11,-19.47
181,3,12,1.38
181,3,13,-3.26
181,3,14,-15.51
181,3,15,-6.97
181,3,16,-5.81
181,3,17,-9.52
181,3,18,29.62
181,3,19,6.63
181,3,20,1.49
181,3,21,8.49
181,3,22,38.58
181,3,23,-5.89
181,3,24,-10.31
181,3,25,15.68
181,3,26,-12.34
181,3,27,-7.78
181,3,28,2.37
181,3,29,-28.66
181,3,30,-20.45
181,3,31,1.51
181,3,32,-1.70
181,3,33,-27.56
181,3,34,-12.63
181,3,35,-27.51
181,3,36,-24.78
181,3,37,-26.38
181,3,38,-20.12
181,3,39,-14.81
181,3,40,-18.35
181,3,41,-27.52
181,4,0,-6.48
181,4,1,-11.69
181,4,2,-27.61
181,4,3,-20.67
181,4,4,33.10
181,4,5,2.45
181,4,6,-10.96
181,4,7,-32.95
181,4,8,-24.85
181,4,9,2.70
181,4,10,2.99
181,4,11,-26.02
181,4,12,-22.48
181,4,13,-35.99
181,4,14,-16.46
181,4,15,-27.84
181,4,16,-21.90
181,4,17,-16.63
181,4,18,-29.46
181,4,19,-7.02
181,4,20,-19.06
181,4,21,-21.25
181,4,22,9.10
181,4,23,7.99
181,4,24,9.81
181,4,25,41.69
181,4,26,15.92
181,4,27,-7.82
181,4,28,9.41
181,4,29,5.33
181,4,30,-24.55
181,4,31,-5.48
181,4,32,14.87
181,4,33,-25.56
181,4,34,-9.12
181,4,35,-16.99
181,4,36,-18.38
181,4,37,2.02
181,4,38,25.56
181,4,39,3.64
181,4,40,-24.15
181,4,41,-3.94
181,5,0,-24.92
181,5,1,-35.85
181,5,2,-19.26
181,5,3,-36.98
181,5,4,-7.30
181,5,5,-15.74
181,5,6,-12.26
181,5,7,-42.73
181,5,8,-25.44
181,5,9,17.61
181,5,10,-2.44
181,5,11,-28.51
181,5,12,-16.78
181,5,13,-14.11
181,5,14,-12.37
181,5,15,-30.61
181,5,16,-21.80
181,5,17,-32.31
181,5,18,-18.40
181,5,19,31.16
181,5,20,-18.75
181,5,21,-19.50
181,5,22,0.01
181,5,23,-13.25
181,5,24,-21.51
181,5,25,2.99
181,5,26,-5.44
181,5,27,-15.79
181,5,28,2.44
181,5,29,-21.85
181,5,30,-18.00
181,5,31,4.23
181,5,32,14.60
181,5,33,-4.76
181,5,34,12.43
181,5,35,-15.99
181,5,36,-28.86
181,5,37,-35.90
181,5,38,2.74
181,5,39,-40.18
181,5,40,-19.89
181,5,41,-13.15
181,6,0,-30.84
181,6,1,-21.62
181,6,2,-19.98
181,6,3,-15.25
181,6,4,1.04
181,6,5,-35.99
181,6,6,2.57
181,6,7,-31.16
181,6,8,-17.80
181,6,9,-14.40
181,6,10,9.06
181,6,11,-10.13
181,6,12,-15.89
181,6,13,2.81
181,6,14,6.38
181,6,15,-10.70
181,6,16,-17.19
181,6,17,-13.26
181,6,18,-25.16
181,6,19,12.20
181,6,20,-26.21
181,6,21,-18.92
181,6,22,13.80
181,6,23,-10.67
181,6,24,-12.92
181,6,25,3.78
181,6,26,2.52
181,6,27,-19.67
181,6,28,-1.57
181,6,29,-10.91
181,6,30,-16.45
181,6,31,3.09
181,6,32,8.95
181,6,33,-33.88
181,6,34,-9.50
181,6,35,-19.90
181,6,36,0.00
181,6,37,11.41
181,6,38,38.34
181,6,39,2.01
181,6,40,-6.71
181,6,41,2.60
182,0,0,-19.21
182,0,1,-11.47
182,0,2,17.12
182,0,3,6.15
182,0,4,5.21
182,0,5,-26.09
182,0,6,7.65
182,0,7,-26.94
182,0,8,-25.00
182,0,9,-9.68
182,0,10,-14.56
182,0,11,-17.29
182,0,12,-23.21
182,0,13,-14.06
182,0,14,-31.63
182,0,15,-20.13
182,0,16,-17.35
182,0,17,-21.82
182,0,18,-32.74
182,0,19,-16.63
182,0,20,-21.03
182,0,21,-8.43
182,0,22,-16.94
182,0,23,-40.22
182,0,24,-47.07
182,0,25,2.27
182,0,26,2.35
182,0,27,-15.99
182,0,28,2.85
182,0,29,-31.72
182,0,30,-29.97
182,0,31,6.83
182,0,32,-22.04
182,0,33,-15.58
182,0,34,-2.11
182,0,35,-15.57
182,0,36,-17.57
182,0,37,-23.40
182,0,38,-15.07
182,0,39,-10.51
182,0,40,-19.75
182,0,41,-5.44
182,1,0,-14.66
182,1,1,-19.14
182,1,2,-10.23
182,1,3,-10.71
182,1,4,-8.88
182,1,5,-8.47
182,1,6,31.60
182,1,7,3.68
182,1,8,-2.90
182,1,9,24.75
182,1,10,28.63
182,1,11,7.41
182,1,12,-15.35
182,1,13,-22.72
182,1,14,-23.61
182,1,15,-3.50
182,1,16,-21.12
182,1,17,-21.15
182,1,18,-8.20
182,1,19,40.99
182,1,20,-5.42
182,1,21,-28.99
182,1,22,22.32
182,1,23,-6.58
182,1,24,-22.40
182,1,25,5.65
182,1,26,-14.29
182,1,27,-27.88
182,1,28,2.25
182,1,29,-28.63
182,1,30,-4.40
182,1,31,-5.20
182,1,32,-10.80
182,1,33,-32.48
182,1,34,28.19
182,1,35,-18.66
182,1,36,-20.51
182,1,37,-12.22
182,1,38,3.66
182,1,39,-25.11
182,1,40,-29.63
182,1,41,-26.59
182,2,0,-20.59
182,2,1,-27.44
182,2,2,-20.75
182,2,3,-25.86
182,2,4,1.19
182,2,5,-6.87
182,2,6,2.87
182,2,7,-25.53
182,2,8,-32.31
182,2,9,-17.84
182,2,10,-2.87
182,2,11,-21.92
182,2,12,-7.09
182,2,13,-13.58
182,2,14,2.93
182,2,15,-3.90
182,2,16,-1.40
182,2,17,11.88
182,2,18,-20.30
182,2,19,5.91
182,2,20,-18.43
182,2,21,-11.17
182,2,22,-5.49
182,2,23,-43.86
182,2,24,-28.75
182,2,25,4.80
182,2,26,-2.56
182,2,27,-22.34
182,2,28,-4.21
182,2,29,-14.08
182,2,30,-36.85
182,2,31,-14.37
182,2,32,2.54
182,2,33,-16.14
182,2,34,-9.33
182,2,35,-38.98
182,2,36,-14.70
182,2,37,-45.15
182,2,38,-8.21
182,2,39,-15.69
182,2,40,-12.65
182,2,41,-11.46
182,3,0,-11.36
182,3,1,-10.11
182,3,2,-20.53
182,3,3,-19.39
182,3,4,9.75
182,3,5,-13.91
182,3,6,2.96
182,3,7,-23.33
182,3,8,-7.99
182,3,9,0.38
182,3,10,-12.09
182,3,11,-19.47
182,3,12,1.38
182,3,13,-3.26
182,3,14,-15.51
182,3,15,-6.97
182,3,16,-5.81
182,3,17,-9.52
182,3,18,29.62
182,3,19,6.63
182,3,20,1.49
182,3,21,8.49
182,3,22,38.58
182,3,23,-5.89
182,3,24,-10.31
182,3,25,15.68
182,3,26,-12.34
182,3,27,-7.78
182,3,28,2.37
182,3,29,-28.66
182,3,30,-20.45
182,3,31,1.51
182,3,32,-1.70
182,3,33,-27.56
182,3,34,-12.63
182,3,35,-27.51
182,3,36,-24.78
182,3,37,-26.38
182,3,38,-20.12
182,3,39,-14.81
182,3,40,-18.35
182,3,41,-27.52
182,4,0,-6.48
182,4,1,-11.69
182,4,2,-27.61
182,4,3,-20.67
182,4,4,33.10
182,4,5,2.45
182,4,6,-10.96
182,4,7,-32.95
182,4,8,-24.85
182,4,9,2.70
182,4,10,2.99
182,4,11,-26.02
182,4,12,-22.48
182,4,13,-35.99
182,4,14,-16.46
182,4,15,-27.84
182,4,16,-21.90
182,4,17,-16.63
182,4,18,-29.46
182,4,19,-7.02
182,4,20,-19.06
182,4,21,-21.25
182,4,22,9.10
182,4,23,7.99
182,4,24,9.81
182,4,25,41.69
182,4,26,15.92
182,4,27,-7.82
182,4,28,9.41
182,4,29,5.33
182,4,30,-24.55
182,4,31,-5.48
182,4,32,14.87
182,4,33,-25.56
182,4,34,-9.12
182,4,35,-16.99
182,4,36,-18.38
182,4,37,2.02
182,4,38,25.56
182,4,39,3.64
182,4,40,-24.15
182,4,41,-3.94
182,5,0,-24.92
182,5,1,-35.85
182,5,2,-19.26
182,5,3,-36.98
182,5,4,-7.30
182,5,5,-15.74
182,5,6,-12.26
182,5,7,-42.73
182,5,8,-25.44
182,5,9,17.61
182,5,10,-2.44
182,5,11,-28.51
182,5,12,-16.78
182,5,13,-14.11
182,5,14,-12.37
182,5,15,-30.61
182,5,16,-21.80
182,5,17,-32.31
182,5,18,-18.40
182,5,19,31.16
182,5,20,-18.75
182,5,21,-19.50
182,5,22,0.01
182,5,23,-13.25
182,5,24,-21.51
182,5,25,2.99
182,5,26,-5.44
182,5,27,-15.79
182,5,28,2.44
182,5,29,-21.85
182,5,30,-18.00
182,5,31,4.23
182,5,32,14.60
182,5,33,-4.76
182,5,34,12.43
182,5,35,-15.99
182,5,36,-28.86
182,5,37,-35.90
182,5,38,2.74
182,5,39,-40.18
182,5,40,-19.89
182,5,41,-13.15
182,6,0,-30.84
182,6,1,-21.62
182,6,2,-19.98
182,6,3,-15.25
182,6,4,1.04
182,6,5,-35.99
182,6,6,2.57
182,6,7,-31.16
182,6,8,-17.80
182,6,9,-14.40
182,6,10,9.06
182,6,11,-10.13
182,6,12,-15.89
182,6,13,2.81
182,6,14,6.38
182,6,15,-10.70
182,6,16,-17.19
182,6,17,-13.26
182,6,18,-25.16
182,6,19,12.20
182,6,20,-26.21
182,6,21,-18.92
182,6,22,13.80
182,6,23,-10.67
182,6,24,-12.92
182,6,25,3.78
182,6,26,2.52
182,6,27,-19.67
182,6,28,-1.57
182,6,29,-10.91
182,6,30,-16.45
182,6,31,3.09
182,6,32,8.95
182,6,33,-33.88
182,6,34,-9.50
182,6,35,-19.90
182,6,36,0.00
182,6,37,11.41
182,6,38,38.34
182,6,39,2.01
182,6,40,-6.71
182,6,41,2.60
183,0,0,-19.21
183,0,1,-11.47
183,0,2,17.12
183,0,3,6.15
183,0,4,5.21
183,0,5,-26.09
183,0,6,7.65
183,0,7,-26.94
183,0,8,-25.00
183,0,9,-9.68
183,0,10,-14.56
183,0,11,-17.29
183,0,12,-23.21
183,0,13,-14.06
183,0,14,-31.63
183,0,15,-20.13
183,0,16,-17.35
183,0,17,-21.82
183,0,18,-32.74
183,0,19,-16.63
183,0,20,-21.03
183,0,21,-8.43
183,0,22,-16.94
183,0,23,-40.22
183,0,24,-47.07
183,0,25,2.27
183,0,26,2.35
183,0,27,-15.99
183,0,28,2.85
183,0,29,-31.72
183,0,30,-29.97
183,0,31,6.83
183,0,32,-22.04
183,0,33,-15.58
183,0,34,-2.11
183,0,35,-15.57
183,0,36,-17.57
183,0,37,-23.40
183,0,38,-15.07
183,0,39,-10.51
183,0,40,-19.75
183,0,41,-5.44
183,1,0,-14.66
183,1,1,-19.14
183,1,2,-10.23
183,1,3,-10.71
183,1,4,-8.88
183,1,5,-8.47
183,1,6,31.60
183,1,7,3.68
183,1,8,-2.90
183,1,9,24.75
183,1,10,28.63
183,1,11,7.41
183,1,12,-15.35
183,1,13,-22.72
183,1,14,-23.61
183,1,15,-3.50
183,1,16,-21.12
183,1,17,-21.15
183,1,18,-8.20
183,1,19,40.99
183,1,20,-5.42
183,1,21,-28.99
183,1,22,22.32
183,1,23,-6.58
183,1,24,-22.40
183,1,25,5.65
183,1,26,-14.29
183,1,27,-27.88
183,1,28,2.25
183,1,29,-28.63
183,1,30,-4.40
183,1,31,-5.20
183,1,32,-10.80
183,1,33,-32.48
183,1,34,28.19
183,1,35,-18.66
183,1,36,-20.51
183,1,37,-12.22
183,1,38,3.66
183,1,39,-25.11
183,1,40,-29.63
183,1,41,-26.59
183,2,0,-20.59
183,2,1,-27.44
183,2,2,-20.75
183,2,3,-25.86
183,2,4,1.19
183,2,5,-6.87
183,2,6,2.87
183,2,7,-25.53
183,2,8,-32.31
183,2,9,-17.84
183,2,10,-2.87
183,2,11,-21.92
183,2,12,-7.09
183,2,13,-13.58
183,2,14,2.93
183,2,15,-3.90
183,2,16,-1.40
183,2,17,11.88
183,2,18,-20.30
183,2,19,5.91
183,2,20,-18.43
183,2,21,-11.17
183,2,22,-5.49
183,2,23,-43.86
183,2,24,-28.75
183,2,25,4.80
183,2,26,-2.56
183,2,27,-22.34
183,2,28,-4.21
183,2,29,-14.08
183,2,30,-36.85
183,2,31,-14.37
183,2,32,2.54
183,2,33,-16.14
183,2,34,-9.33
183,2,35,-38.98
183,2,36,-14.70
183,2,37,-45.15
183,2,38,-8.21
183,2,39,-15.69
183,2,40,-12.65
183,2,41,-11.46
183,3,0,-11.36
183,3,1,-10.11
183,3,2,-20.53
183,3,3,-19.39
183,3,4,9.75
183,3,5,-13.91
183,3,6,2.96
183,3,7,-23.33
183,3,8,-7.99
183,3,9,0.38
183,3,10,-12.09
183,3,11,-19.47
183,3,12,1.38
183,3,13,-3.26
183,3,14,-15.51
183,3,15,-6.97
183,3,16,-5.81
183,3,17,-9.52
183,3,18,29.62
183,3,19,6.63
183,3,20,1.49
183,3,21,8.49
183,3,22,38.58
183,3,23,-5.89
183,3,24,-10.31
183,3,25,15.68
183,3,26,-12.34
183,3,27,-7.78
183,3,28,2.37
183,3,29,-28.66
183,3,30,-20.45
183,3,31,1.51
183,3,32,-1.70
183,3,33,-27.56
183,3,34,-12.63
183,3,35,-27.51
183,3,36,-24.78
183,3,37,-26.38
183,3,38,-20.12
183,3,39,-14.81
183,3,40,-18.35
183,3,41,-27.52
183,4,0,-6.48
183,4,1,-11.69
183,4,2,-27.61
183,4,3,-20.67
183,4,4,33.10
183,4,5,2.45
183,4,6,-10.96
183,4,7,-32.95
183,4,8,-24.85
183,4,9,2.70
183,4,10,2.99
183,4,11,-26.02
183,4,12,-22.48
183,4,13,-35.99
183,4,14,-16.46
183,4,15,-27.84
183,4,16,-21.90
183,4,17,-16.63
183,4,18,-29.46
183,4,19,-7.02
183,4,20,-19.06
183,4,21,-21.25
183,4,22,9.10
183,4,23,7.99
183,4,24,9.81
183,4,25,41.69
183,4,26,15.92
183,4,27,-7.82
183,4,28,9.41
183,4,29,5.33
183,4,30,-24.55
183,4,31,-5.48
183,4,32,14.87
183,4,33,-25.56
183,4,34,-9.12
183,4,35,-16.99
183,4,36,-18.38
183,4,37,2.02
183,4,38,25.56
183,4,39,3.64
183,4,40,-24.15
183,4,41,-3.94
183,5,0,-24.92
183,5,1,-35.85
183,5,2,-19.26
183,5,3,-36.98
183,5,4,-7.30
183,5,5,-15.74
183,5,6,-12.26
183,5,7,-42.73
183,5,8,-25.44
183,5,9,17.61
183,5,10,-2.44
183,5,11,-28.51
183,5,12,-16.78
183,5,13,-14.11
183,5,14,-12.37
183,5,15,-30.61
183,5,16,-21.80
183,5,17,-32.31
183,5,18,-18.40
183,5,19,31.16
183,5,20,-18.75
183,5,21,-19.50
183,5,22,0.01
183,5,23,-13.25
183,5,24,-21.51
183,5,25,2.99
183,5,26,-5.44
183,5,27,-15.79
183,5,28,2.44
183,5,29,-21.85
183,5,30,-18.00
183,5,31,4.23
183,5,32,14.60
183,5,33,-4.76
183,5,34,12.43
183,5,35,-15.99
183,5,36,-28.86
183,5,37,-35.90
183,5,38,2.74
183,5,39,-40.18
183,5,40,-19.89
183,5,41,-13.15
183,6,0,-30.84
183,6,1,-21.62
183,6,2,-19.98
183,6,3,-15.25
183,6,4,1.04
183,6,5,-35.99
183,6,6,2.57
183,6,7,-31.16
183,6,8,-17.80
183,6,9,-14.40
183,6,10,9.06
183,6,11,-10.13
183,6,12,-15.89
183,6,13,2.81
183,6,14,6.38
183,6,15,-10.70
183,6,16,-17.19
183,6,17,-13.26
183,6,18,-25.16
183,6,19,12.20
183,6,20,-26.21
183,6,21,-18.92
183,6,22,13.80
183,6,23,-10.67
183,6,24,-12.92
183,6,25,3.78
183,6,26,2.52
183,6,27,-19.67
183,6,28,-1.57
183,6,29,-10.91
183,6,30,-16.45
183,6,31,3.09
183,6,32,8.95
183,6,33,-33.88
183,6,34,-9.50
183,6,35,-19.90
183,6,36,0.00
183,6,37,11.41
183,6,38,38.34
183,6,39,2.01
183,6,40,-6.71
183,6,41,2.60
184,0,0,-19.21
184,0,1,-11.47
184,0,2,17.12
184,0,3,6.15
184,0,4,5.21
184,0,5,-26.09
184,0,6,7.65
184,0,7,-26.94
184,0,8,-25.00
184,0,9,-9.68
184,0,10,-14.56
184,0,11,-17.29
184,0,12,-23.21
184,0,13,-14.06
184,0,14,-31.63
184,0,15,-20.13
184,0,16,-17.35
184,0,17,-21.82
184,0,18,-32.74
184,0,19,-16.63
184,0,20,-21.03
184,0,21,-8.43
184,0,22,-16.94
184,0,23,-40.22
184,0,24,-47.07
184,0,25,2.27
184,0,26,2.35
184,0,27,-15.99
184,0,28,2.85
184,0,29,-31.72
184,0,30,-29.97
184,0,31,6.83
184,0,32,-22.04
184,0,33,-15.58
184,0,34,-2.11
184,0,35,-15.57
184,0,36,-17.57
184,0,37,-23.40
184,0,38,-15.07
184,0,39,-10.51
184,0,40,-19.75
184,0,41,-5.44
184,1,0,-14.66
184,1,1,-19.14
184,1,2,-10.23
184,1,3,-10.71
184,1,4,-8.88
184,1,5,-8.47
184,1,6,31.60
184,1,7,3.68
184,1,8,-2.90
184,1,9,24.75
184,1,10,28.63
184,1,11,7.41
184,1,12,-15.35
184,1,13,-22.72
184,1,14,-23.61
184,1,15,-3.50
184,1,16,-21.12
184,1,17,-21.15
184,1,18,-8.20
184,1,19,40.99
184,1,20,-5.42
184,1,21,-28.99
184,1,22,22.32
184,1,23,-6.58
184,1,24,-22.40
184,1,25,5.65
184,1,26,-14.29
184,1,27,-27.88
184,1,28,2.25
184,1,29,-28.63
184,1,30,-4.40
184,1,31,-5.20
184,1,32,-10.80
184,1,33,-32.48
184,1,34,28.19
184,1,35,-18.66
184,1,36,-20.51
184,1,37,-12.22
184,1,38,3.66
184,1,39,-25.11
184,1,40,-29.63
184,1,41,-26.59
184,2,0,-20.59
184,2,1,-27.44
184,2,2,-20.75
184,2,3,-25.86
184,2,4,1.19
184,2,5,-6.87
184,2,6,2.87
184,2,7,-25.53
184,2,8,-32.31
184,2,9,-17.84
184,2,10,-2.87
184,2,11,-21.92
184,2,12,-7.09
184,2,13,-13.58
184,2,14,2.93
184,2,15,-3.90
184,2,16,-1.40
184,2,17,11.88
184,2,18,-20.30
184,2,19,5.91
184,2,20,-18.43
184,2,21,-11.17
184,2,22,-5.49
184,2,23,-43.86
184,2,24,-28.75
184,2,25,4.80
184,2,26,-2.56
184,2,27,-22.34
184,2,28,-4.21
184,2,29,-14.08
184,2,30,-36.85
184,2,31,-14.37
184,2,32,2.54
184,2,33,-16.14
184,2,34,-9.33
184,2,35,-38.98
184,2,36,-14.70
184,2,37,-45.15
184,2,38,-8.21
184,2,39,-15.69
184,2,40,-12.65
184,2,41,-11.46
184,3,0,-11.36
184,3,1,-10.11
184,3,2,-20.53
184,3,3,-19.39
184,3,4,9.75
184,3,5,-13.91
184,3,6,2.96
184,3,7,-23.33
184,3,8,-7.99
184,3,9,0.38
184,3,10,-12.09
184,3,11,-19.47
184,3,12,1.38
184,3,13,-3.26
184,3,14,-15.51
184,3,15,-6.97
184,3,16,-5.81
184,3,17,-9.52
184,3,18,29.62
184,3,19,6.63
184,3,20,1.49
184,3,21,8.49
184,3,22,38.58
184,3,23,-5.89
184,3,24,-10.31
184,3,25,15.68
184,3,26,-12.34
184,3,27,-7.78
184,3,28,2.37
184,3,29,-28.66
184,3,30,-20.45
184,3,31,1.51
184,3,32,-1.70
184,3,33,-27.56
184,3,34,-12.63
184,3,35,-27.51
184,3,36,-24.78
184,3,37,-26.38
184,3,38,-20.12
184,3,39,-14.81
184,3,40,-18.35
184,3,41,-27.52
184,4,0,-6.48
184,4,1,-11.69
184,4,2,-27.61
184,4,3,-20.67
184,4,4,33.10
184,4,5,2.45
184,4,6,-10.96
184,4,7,-32.95
184,4,8,-24.85
184,4,9,2.70
184,4,10,2.99
184,4,11,-26.02
184,4,12,-22.48
184,4,13,-35.99
184,4,14,-16.46
184,4,15,-27.84
184,4,16,-21.90
184,4,17,-16.63
184,4,18,-29.46
184,4,19,-7.02
184,4,20,-19.06
184,4,21,-21.25
184,4,22,9.10
184,4,23,7.99
184,4,24,9.81
184,4,25,41.69
184,4,26,15.92
184,4,27,-7.82
184,4,28,9.41
184,4,29,5.33
184,4,30,-24.55
184,4,31,-5.48
184,4,32,14.87
184,4,33,-25.56
184,4,34,-9.12
184,4,35,-16.99
184,4,36,-18.38
184,4,37,2.02
184,4,38,25.56
184,4,39,3.64
184,4,40,-24.15
184,4,41,-3.94
184,5,0,-24.92
184,5,1,-35.85
184,5,2,-19.26
184,5,3,-36.98
184,5,4,-7.30
184,5,5,-15.74
184,5,6,-12.26
184,5,7,-42.73
184,5,8,-25.44
184,5,9,17.61
184,5,10,-2.44
184,5,11,-28.51
184,5,12,-16.78
184,5,13,-14.11
184,5,14,-12.37
184,5,15,-30.61
184,5,16,-21.80
184,5,17,-32.31
184,5,18,-18.40
184,5,19,31.16
184,5,20,-18.75
184,5,21,-19.50
184,5,22,0.01
184,5,23,-13.25
184,5,24,-21.51
184,5,25,2.99
184,5,26,-5.44
184,5,27,-15.79
184,5,28,2.44
184,5,29,-21.85
184,5,30,-18.00
184,5,31,4.23
184,5,32,14.60
184,5,33,-4.76
184,5,34,12.43
184,5,35,-15.99
184,5,36,-28.86
184,5,37,-35.90
184,5,38,2.74
184,5,39,-40.18
184,5,40,-19.89
184,5,41,-13.15
184,6,0,-30.84
184,6,1,-21.62
184,6,2,-19.98
184,6,3,-15.25
184,6,4,1.04
184,6,5,-35.99
184,6,6,2.57
184,6,7,-31.16
184,6,8,-17.80
184,6,9,-14.40
184,6,10,9.06
184,6,11,-10.13
184,6,12,-15.89
184,6,13,2.81
184,6,14,6.38
184,6,15,-10.70
184,6,16,-17.19
184,6,17,-13.26
184,6,18,-25.16
184,6,19,12.20
184,6,20,-26.21
184,6,21,-18.92
184,6,22,13.80
184,6,23,-10.67
184,6,24,-12.92
184,6,25,3.78
184,6,26,2.52
184,6,27,-19.67
184,6,28,-1.57
184,6,29,-10.91
184,6,30,-16.45
184,6,31,3.09
184,6,32,8.95
184,6,33,-33.88
184,6,34,-9.50
184,6,35,-19.90
184,6,36,0.00
184,6,37,11.41
184,6,38,38.34
184,6,39,2.01
184,6,40,-6.71
184,6,41,2.60
185,0,0,-19.21
185,0,1,-11.47
185,0,2,17.12
185,0,3,6.15
185,0,4,5.21
185,0,5,-26.09
185,0,6,7.65
185,0,7,-26.94
185,0,8,-25.00
185,0,9,-9.68
185,0,10,-14.56
185,0,11,-17.29
185,0,12,-23.21
185,0,13,-14.06
185,0,14,-31.63
185,0,15,-20.13
185,0,16,-17.35
185,0,17,-21.82
185,0,18,-32.74
185,0,19,-16.63
185,0,20,-21.03
185,0,21,-8.43
185,0,22,-16.94
185,0,23,-40.22
185,0,24,-47.07
185,0,25,2.27
185,0,26,2.35
185,0,27,-15.99
185,0,28,2.85
185,0,29,-31.72
185,0,30,-29.97
185,0,31,6.83
185,0,32,-22.04
185,0,33,-15.58
185,0,34,-2.11
185,0,35,-15.57
185,0,36,-17.57
185,0,37,-23.40
185,0,38,-15.07
185,0,39,-10.51
185,0,40,-19.75
185,0,41,-5.44
185,1,0,-14.66
185,1,1,-19.14
185,1,2,-10.23
185,1,3,-10.71
185,1,4,-8.88
185,1,5,-8.47
185,1,6,31.60
185,1,7,3.68
185,1,8,-2.90
185,1,9,24.75
185,1,10,28.63
185,1,11,7.41
185,1,12,-15.35
185,1,13,-22.72
185,1,14,-23.61
185,1,15,-3.50
185,1,16,-21.12
185,1,17,-21.15
185,1,18,-8.20
185,1,19,40.99
185,1,20,-5.42
185,1,21,-28.99
185,1,22,22.32
185,1,23,-6.58
185,1,24,-22.40
185,1,25,5.65
185,1,26,-14.29
185,1,27,-27.88
185,1,28,2.25
185,1,29,-28.63
185,1,30,-4.40
185,1,31,-5.20
185,1,32,-10.80
185,1,33,-32.48
185,1,34,28.19
185,1,35,-18.66
185,1,36,-20.51
185,1,37,-12.22
185,1,38,3.66
185,1,39,-25.11
185,1,40,-29.63
185,1,41,-26.59
185,2,0,-20.59
185,2,1,-27.44
185,2,2,-20.75
185,2,3,-25.86
185,2,4,1.19
185,2,5,-6.87
185,2,6,2.87
185,2,7,-25.53
185,2,8,-32.31
185,2,9,-17.84
185,2,10,-2.87
185,2,11,-21.92
185,2,12,-7.09
185,2,13,-13.58
185,2,14,2.93
185,2,15,-3.90
185,2,16,-1.40
185,2,17,11.88
185,2,18,-20.30
185,2,19,5.91
185,2,20,-18.43
185,2,21,-11.17
185,2,22,-5.49
185,2,23,-43.86
185,2,24,-28.75
185,2,25,4.80
185,2,26,-2.56
185,2,27,-22.34
185,2,28,-4.21
185,2,29,-14.08
185,2,30,-36.85
185,2,31,-14.37
185,2,32,2.54
185,2,33,-16.14
185,2,34,-9.33
185,2,35,-38.98
185,2,36,-14.70
185,2,37,-45.15
185,2,38,-8.21
185,2,39,-15.69
185,2,40,-12.65
185,2,41,-11.46
185,3,0,-11.36
185,3,1,-10.11
185,3,2,-20.53
185,3,3,-19.39
185,3,4,9.75
185,3,5,-13.91
185,3,6,2.96
185,3,7,-23.33
185,3,8,-7.99
185,3,9,0.38
185,3,10,-12.09
185,3,11,-19.47
185,3,12,1.38
185,3,13,-3.26
185,3,14,-15.51
185,3,15,-6.97
185,3,16,-5.81
185,3,17,-9.52
185,3,18,29.62
185,3,19,6.63
185,3,20,1.49
185,3,21,8.49
185,3,22,38.58
185,3,23,-5.89
185,3,24,-10.31
185,3,25,15.68
185,3,26,-12.34
185,3,27,-7.78
185,3,28,2.37
185,3,29,-28.66
185,3,30,-20.45
185,3,31,1.51
185,3,32,-1.70
185,3,33,-27.56
185,3,34,-12.63
185,3,35,-27.51
185,3,36,-24.78
185,3,37,-26.38
185,3,38,-20.12
185,3,39,-14.81
185,3,40,-18.35
185,3,41,-27.52
185,4,0,-6.48
185,4,1,-11.69
185,4,2,-27.61
185,4,3,-20.67
185,4,4,33.10
185,4,5,2.45
185,4,6,-10.96
185,4,7,-32.95
185,4,8,-24.85
185,4,9,2.70
185,4,10,2.99
185,4,11,-26.02
185,4,12,-22.48
185,4,13,-35.99
185,4,14,-16.46
185,4,15,-27.84
185,4,16,-21.90
185,4,17,-16.63
185,4,18,-29.46
185,4,19,-7.02
185,4,20,-19.06
185,4,21,-21.25
185,4,22,9.10
185,4,23,7.99
185,4,24,9.81
185,4,25,41.69
185,4,26,15.92
185,4,27,-7.82
185,4,28,9.41
185,4,29,5.33
185,4,30,-24.55
185,4,31,-5.48
185,4,32,14.87
185,4,33,-25.56
185,4,34,-9.12
185,4,35,-16.99
185,4,36,-18.38
185,4,37,2.02
185,4,38,25.56
185,4,39,3.64
185,4,40,-24.15
185,4,41,-3.94
185,5,0,-24.92
185,5,1,-35.85
185,5,2,-19.26
185,5,3,-36.98
185,5,4,-7.30
185,5,5,-15.74
185,5,6,-12.26
185,5,7,-42.73
185,5,8,-25.44
185,5,9,17.61
185,5,10,-2.44
185,5,11,-28.51
185,5,12,-16.78
185,5,13,-14.11
185,5,14,-12.37
185,5,15,-30.61
185,5,16,-21.80
185,5,17,-32.31
185,5,18,-18.40
185,5,19,31.16
185,5,20,-18.75
185,5,21,-19.50
185,5,22,0.01
185,5,23,-13.25
185,5,24,-21.51
185,5,25,2.99
185,5,26,-5.44
185,5,27,-15.79
185,5,28,2.44
185,5,29,-21.85
185,5,30,-18.00
185,5,31,4.23
185,5,32,14.60
185,5,33,-4.76
185,5,34,12.43
185,5,35,-15.99
185,5,36,-28.86
185,5,37,-35.90
185,5,38,2.74
185,5,39,-40.18
185,5,40,-19.89
185,5,41,-13.15
185,6,0,-30.84
185,6,1,-21.62
185,6,2,-19.98
185,6,3,-15.25
185,6,4,1.04
185,6,5,-35.99
185,6,6,2.57
185,6,7,-31.16
185,6,8,-17.80
185,6,9,-14.40
185,6,10,9.06
185,6,11,-10.13
185,6,12,-15.89
185,6,13,2.81
185,6,14,6.38
185,6,15,-10.70
185,6,16,-17.19
185,6,17,-13.26
185,6,18,-25.16
185,6,19,12.20
185,6,20,-26.21
185,6,21,-18.92
185,6,22,13.80
185,6,23,-10.67
185,6,24,-12.92
185,6,25,3.78
185,6,26,2.52
185,6,27,-19.67
185,6,28,-1.57
185,6,29,-10.91
185,6,30,-16.45
185,6,31,3.09
185,6,32,8.95
185,6,33,-33.88
185,6,34,-9.50
185,6,35,-19.90
185,6,36,0.00
185,6,37,11.41
185,6,38,38.34
185,6,39,2.01
185,6,40,-6.71
185,6,41,2.60
186,0,0,-19.21
186,0,1,-11.47
186,0,2,17.12
186,0,3,6.15
186,0,4,5.21
186,0,5,-26.09
186,0,6,7.65
186,0,7,-26.94
186,0,8,-25.00
186,0,9,-9.68
186,0,10,-14.56
186,0,11,-17.29
186,0,12,-23.21
186,0,13,-14.06
186,0,14,-31.63
186,0,15,-20.13
186,0,16,-17.35
186,0,17,-21.82
186,0,18,-32.74
186,0,19,-16.63
186,0,20,-21.03
186,0,21,-8.43
186,0,22,-16.94
186,0,23,-40.22
186,0,24,-47.07
186,0,25,2.27
186,0,26,2.35
186,0,27,-15.99
186,0,28,2.85
186,0,29,-31.72
186,0,30,-29.97
186,0,31,6.83
186,0,32,-22.04
186,0,33,-15.58
186,0,34,-2.11
186,0,35,-15.57
186,0,36,-17.57
186,0,37,-23.40
186,0,38,-15.07
186,0,39,-10.51
186,0,40,-19.75
186,0,41,-5.44
186,1,0,-14.66
186,1,1,-19.14
186,1,2,-10.23
186,1,3,-10.71
186,1,4,-8.88
186,1,5,-8.47
186,1,6,31.60
186,1,7,3.68
186,1,8,-2.90
186,1,9,24.75
186,1,10,28.63
186,1,11,7.41
186,1,12,-15.35
186,1,13,-22.72
186,1,14,-23.61
186,1,15,-3.50
186,1,16,-21.12
186,1,17,-21.15
186,1,18,-8.20
186,1,19,40.99
186,1,20,-5.42
186,1,21,-28.99
186,1,22,22.32
186,1,23,-6.58
186,1,24,-22.40
186,1,25,5.65
186,1,26,-14.29
186,1,27,-27.88
186,1,28,2.25
186,1,29,-28.63
186,1,30,-4.40
186,1,31,-5.20
186,1,32,-10.80
186,1,33,-32.48
186,1,34,28.19
186,1,35,-18.66
186,1,36,-20.51
186,1,37,-12.22
186,1,38,3.66
186,1,39,-25.11
186,1,40,-29.63
186,1,41,-26.59
186,2,0,-20.59
186,2,1,-27.44
186,2,2,-20.75
186,2,3,-25.86
186,2,4,1.19
186,2,5,-6.87
186,2,6,2.87
186,2,7,-25.53
186,2,8,-32.31
186,2,9,-17.84
186,2,10,-2.87
186,2,11,-21.92
186,2,12,-7.09
186,2,13,-13.58
186,2,14,2.93
186,2,15,-3.90
186,2,16,-1.40
186,2,17,11.88
186,2,18,-20.30
186,2,19,5.91
186,2,20,-18.43
186,2,21,-11.17
186,2,22,-5.49
186,2,23,-43.86
186,2,24,-28.75
186,2,25,4.80
186,2,26,-2.56
186,2,27,-22.34
186,2,28,-4.21
186,2,29,-14.08
186,2,30,-36.85
186,2,31,-14.37
186,2,32,2.54
186,2,33,-16.14
186,2,34,-9.33
186,2,35,-38.98
186,2,36,-14.70
186,2,37,-45.15
186,2,38,-8.21
186,2,39,-15.69
186,2,40,-12.65
186,2,41,-11.46
186,3,0,-11.36
186,3,1,-10.11
186,3,2,-20.53
186,3,3,-19.39
186,3,4,9.75
186,3,5,-13.91
186,3,6,2.96
186,3,7,-23.33
186,3,8,-7.99
186,3,9,0.38
186,3,10,-12.09
186,3,11,-19.47
186,3,12,1.38
186,3,13,-3.26
186,3,14,-15.51
186,3,15,-6.97
186,3,16,-5.81
186,3,17,-9.52
186,3,18,29.62
186,3,19,6.63
186,3,20,1.49
186,3,21,8.49
186,3,22,38.58
186,3,23,-5.89
186,3,24,-10.31
186,3,25,15.68
186,3,26,-12.34
186,3,27,-7.78
186,3,28,2.37
186,3,29,-28.66
186,3,30,-20.45
186,3,31,1.51
186,3,32,-1.70
186,3,33,-27.56
186,3,34,-12.63
186,3,35,-27.51
186,3,36,-24.78
186,3,37,-26.38
186,3,38,-20.12
186,3,39,-14.81
186,3,40,-18.35
186,3,41,-27.52
186,4,0,-6.48
186,4,1,-11.69
186,4,2,-27.61
186,4,3,-20.67
186,4,4,33.10
186,4,5,2.45
186,4,6,-10.96
186,4,7,-32.95
186,4,8,-24.85
186,4,9,2.70
186,4,10,2.99
186,4,11,-26.02
186,4,12,-22.48
186,4,13,-35.99
186,4,14,-16.46
186,4,15,-27.84
186,4,16,-21.90
186,4,17,-16.63
186,4,18,-29.46
186,4,19,-7.02
186,4,20,-19.06
186,4,21,-21.25
186,4,22,9.10
186,4,23,7.99
186,4,24,9.81
186,4,25,41.69
186,4,26,15.92
186,4,27,-7.82
186,4,28,9.41
186,4,29,5.33
186,4,30,-24.55
186,4,31,-5.48
186,4,32,14.87
186,4,33,-25.56
186,4,34,-9.12
186,4,35,-16.99
186,4,36,-18.38
186,4,37,2.02
186,4,38,25.56
186,4,39,3.64
186,4,40,-24.15
186,4,41,-3.94
186,5,0,-24.92
186,5,1,-35.85
186,5,2,-19.26
186,5,3,-36.98
186,5,4,-7.30
186,5,5,-15.74
186,5,6,-12.26
186,5,7,-42.73
186,5,8,-25.44
186,5,9,17.61
186,5,10,-2.44
186,5,11,-28.51
186,5,12,-16.78
186,5,13,-14.11
186,5,14,-12.37
186,5,15,-30.61
186,5,16,-21.80
186,5,17,-32.31
186,5,18,-18.40
186,5,19,31.16
186,5,20,-18.75
186,5,21,-19.50
186,5,22,0.01
186,5,23,-13.25
186,5,24,-21.51
186,5,25,2.99
186,5,26,-5.44
186,5,27,-15.79
186,5,28,2.44
186,5,29,-21.85
186,5,30,-18.00
186,5,31,4.23
186,5,32,14.60
186,5,33,-4.76
186,5,34,12.43
186,5,35,-15.99
186,5,36,-28.86
186,5,37,-35.90
186,5,38,2.74
186,5,39,-40.18
186,5,40,-19.89
186,5,41,-13.15
186,6,0,-30.84
186,6,1,-21.62
186,6,2,-19.98
186,6,3,-15.25
186,6,4,1.04
186,6,5,-35.99
186,6,6,2.57
186,6,7,-31.16
186,6,8,-17.80
186,6,9,-14.40
186,6,10,9.06
186,6,11,-10.13
186,6,12,-15.89
186,6,13,2.81
186,6,14,6.38
186,6,15,-10.70
186,6,16,-17.19
186,6,17,-13.26
186,6,18,-25.16
186,6,19,12.20
186,6,20,-26.21
186,6,21,-18.92
186,6,22,13.80
186,6,23,-10.67
186,6,24,-12.92
186,6,25,3.78
186,6,26,2.52
186,6,27,-19.67
186,6,28,-1.57
186,6,29,-10.91
186,6,30,-16.45
186,6,31,3.09
186,6,32,8.95
186,6,33,-33.88
186,6,34,-9.50
186,6,35,-19.90
186,6,36,0.00
186,6,37,11.41
186,6,38,38.34
186,6,39,2.01
186,6,40,-6.71
186,6,41,2.60
187,0,0,-19.21
187,0,1,-11.47
187,0,2,17.12
187,0,3,6.15
187,0,4,5.21
187,0,5,-26.09
187,0,6,7.65
187,0,7,-26.94
187,0,8,-25.00
187,0,9,-9.68
187,0,10,-14.56
187,0,11,-17.29
187,0,12,-23.21
187,0,13,-14.06
187,0,14,-31.63
187,0,15,-20.13
187,0,16,-17.35
187,0,17,-21.82
187,0,18,-32.74
187,0,19,-16.63
187,0,20,-21.03
187,0,21,-8.43
187,0,22,-16.94
187,0,23,-40.22
187,0,24,-47.07
187,0,25,2.27
187,0,26,2.35
187,0,27,-15.99
187,0,28,2.85
187,0,29,-31.72
187,0,30,-29.97
187,0,31,6.83
187,0,32,-22.04
187,0,33,-15.58
187,0,34,-2.11
187,0,35,-15.57
187,0,36,-17.57
187,0,37,-23.40
187,0,38,-15.07
187,0,39,-10.51
187,0,40,-19.75
187,0,41,-5.44
187,1,0,-14.66
187,1,1,-19.14
187,1,2,-10.23
187,1,3,-10.71
187,1,4,-8.88
187,1,5,-8.47
187,1,6,31.60
187,1,7,3.68
187,1,8,-2.90
187,1,9,24.75
187,1,10,28.63
187,1,11,7.41
187,1,12,-15.35
187,1,13,-22.72
187,1,14,-23.61
187,1,15,-3.50
187,1,16,-21.12
187,1,17,-21.15
187,1,18,-8.20
187,1,19,40.99
187,1,20,-5.42
187,1,21,-28.99
187,1,22,22.32
187,1,23,-6.58
187,1,24,-22.40
187,1,25,5.65
187,1,26,-14.29
187,1,27,-27.88
187,1,28,2.25
187,1,29,-28.63
187,1,30,-4.40
187,1,31,-5.20
187,1,32,-10.80
187,1,33,-32.48
187,1,34,28.19
187,1,35,-18.66
187,1,36,-20.51
187,1,37,-12.22
187,1,38,3.66
187,1,39,-25.11
187,1,40,-29.63
187,1,41,-26.59
187,2,0,-20.59
187,2,1,-27.44
187,2,2,-20.75
187,2,3,-25.86
187,2,4,1.19
187,2,5,-6.87
187,2,6,2.87
187,2,7,-25.53
187,2,8,-32.31
187,2,9,-17.84
187,2,10,-2.87
187,2,11,-21.92
187,2,12,-7.09
187,2,13,-13.58
187,2,14,2.93
187,2,15,-3.90
187,2,16,-1.40
187,2,17,11.88
187,2,18,-20.30
187,2,19,5.91
187,2,20,-18.43
187,2,21,-11.17
187,2,22,-5.49
187,2,23,-43.86
187,2,24,-28.75
187,2,25,4.80
187,2,26,-2.56
187,2,27,-22.34
187,2,28,-4.21
187,2,29,-14.08
187,2,30,-36.85
187,2,31,-14.37
187,2,32,2.54
187,2,33,-16.14
187,2,34,-9.33
187,2,35,-38.98
187,2,36,-14.70
187,2,37,-45.15
187,2,38,-8.21
187,2,39,-15.69
187,2,40,-12.65
187,2,41,-11.46
187,3,0,-11.36
187,3,1,-10.11
187,3,2,-20.53
187,3,3,-19.39
187,3,4,9.75
187,3,5,-13.91
187,3,6,2.96
187,3,7,-23.33
187,3,8,-7.99
187,3,9,0.38
187,3,10,-12.09
187,3,11,-19.47
187,3,12,1.38
187,3,13,-3.26
187,3,14,-15.51
187,3,15,-6.97
187,3,16,-5.81
187,3,17,-9.52
187,3,18,29.62
187,3,19,6.63
187,3,20,1.49
187,3,21,8.49
187,3,22,38.58
187,3,23,-5.89
187,3,24,-10.31
187,3,25,15.68
187,3,26,-12.34
187,3,27,-7.78
187,3,28,2.37
187,3,29,-28.66
187,3,30,-20.45
187,3,31,1.51
187,3,32,-1.70
187,3,33,-27.56
187,3,34,-12.63
187,3,35,-27.51
187,3,36,-24.78
187,3,37,-26.38
187,3,38,-20.12
187,3,39,-14.81
187,3,40,-18.35
187,3,41,-27.52
187,4,0,-6.48
187,4,1,-11.69
187,4,2,-27.61
187,4,3,-20.67
187,4,4,33.10
187,4,5,2.45
187,4,6,-10.96
187,4,7,-32.95
187,4,8,-24.85
187,4,9,2.70
187,4,10,2.99
187,4,11,-26.02
187,4,12,-22.48
187,4,13,-35.99
187,4,14,-16.46
187,4,15,-27.84
187,4,16,-21.90
187,4,17,-16.63
187,4,18,-29.46
187,4,19,-7.02
187,4,20,-19.06
187,4,21,-21.25
187,4,22,9.10
187,4,23,7.99
187,4,24,9.81
187,4,25,41.69
187,4,26,15.92
187,4,27,-7.82
187,4,28,9.41
187,4,29,5.33
187,4,30,-24.55
187,4,31,-5.48
187,4,32,14.87
187,4,33,-25.56
187,4,34,-9.12
187,4,35,-16.99
187,4,36,-18.38
187,4,37,2.02
187,4,38,25.56
187,4,39,3.64
187,4,40,-24.15
187,4,41,-3.94
187,5,0,-24.92
187,5,1,-35.85
187,5,2,-19.26
187,5,3,-36.98
187,5,4,-7.30
187,5,5,-15.74
187,5,6,-12.26
187,5,7,-42.73
187,5,8,-25.44
187,5,9,17.61
187,5,10,-2.44
187,5,11,-28.51
187,5,12,-16.78
187,5,13,-14.11
187,5,14,-12.37
187,5,15,-30.61
187,5,16,-21.80
187,5,17,-32.31
187,5,18,-18.40
187,5,19,31.16
187,5,20,-18.75
187,5,21,-19.50
187,5,22,0.01
187,5,23,-13.25
187,5,24,-21.51
187,5,25,2.99
187,5,26,-5.44
187,5,27,-15.79
187,5,28,2.44
187,5,29,-21.85
187,5,30,-18.00
187,5,31,4.23
187,5,32,14.60
187,5,33,-4.76
187,5,34,12.43
187,5,35,-15.99
187,5,36,-28.86
187,5,37,-35.90
187,5,38,2.74
187,5,39,-40.18
187,5,40,-19.89
187,5,41,-13.15
187,6,0,-30.84
187,6,1,-21.62
187,6,2,-19.98
187,6,3,-15.25
187,6,4,1.04
187,6,5,-35.99
187,6,6,2.57
187,6,7,-31.16
187,6,8,-17.80
187,6,9,-14.40
187,6,10,9.06
187,6,11,-10.13
187,6,12,-15.89
187,6,13,2.81
187,6,14,6.38
187,6,15,-10.70
187,6,16,-17.19
187,6,17,-13.26
187,6,18,-25.16
187,6,19,12.20
187,6,20,-26.21
187,6,21,-18.92
187,6,22,13.80
187,6,23,-10.67
187,6,24,-12.92
187,6,25,3.78
187,6,26,2.52
187,6,27,-19.67
187,6,28,-1.57
187,6,29,-10.91
187,6,30,-16.45
187,6,31,3.09
187,6,32,8.95
187,6,33,-33.88
187,6,34,-9.50
187,6,35,-19.90
187,6,36,0.00
187,6,37,11.41
187,6,38,38.34
187,6,39,2.01
187,6,40,-6.71
187,6,41,2.60
188,0,0,-19.21
188,0,1,-11.47
188,0,2,17.12
188,0,3,6.15
188,0,4,5.21
188,0,5,-26.09
188,0,6,7.65
188,0,7,-26.94
188,0,8,-25.00
188,0,9,-9.68
188,0,10,-14.56
188,0,11,-17.29
188,0,12,-23.21
188,0,13,-14.06
188,0,14,-31.63
188,0,15,-20.13
188,0,16,-17.35
188,0,17,-21.82
188,0,18,-32.74
188,0,19,-16.63
188,0,20,-21.03
188,0,21,-8.43
188,0,22,-16.94
188,0,23,-40.22
188,0,24,-47.07
188,0,25,2.27
188,0,26,2.35
188,0,27,-15.99
188,0,28,2.85
188,0,29,-31.72
188,0,30,-29.97
188,0,31,6.83
188,0,32,-22.04
188,0,33,-15.58
188,0,34,-2.11
188,0,35,-15.57
188,0,36,-17.57
188,0,37,-23.40
188,0,38,-15.07
188,0,39,-10.51
188,0,40,-19.75
188,0,41,-5.44
188,1,0,-14.66
188,1,1,-19.14
188,1,2,-10.23
188,1,3,-10.71
188,1,4,-8.88
188,1,5,-8.47
188,1,6,31.60
188,1,7,3.68
188,1,8,-2.90
188,1,9,24.75
188,1,10,28.63
188,1,11,7.41
188,1,12,-15.35
188,1,13,-22.72
188,1,14,-23.61
188,1,15,-3.50
188,1,16,-21.12
188,1,17,-21.15
188,1,18,-8.20
188,1,19,40.99
188,1,20,-5.42
188,1,21,-28.99
188,1,22,22.32
188,1,23,-6.58
188,1,24,-22.40
188,1,25,5.65
188,1,26,-14.29
188,1,27,-27.88
188,1,28,2.25
188,1,29,-28.63
188,1,30,-4.40
188,1,31,-5.20
188,1,32,-10.80
188,1,33,-32.48
188,1,34,28.19
188,1,35,-18.66
188,1,36,-20.51
188,1,37,-12.22
188,1,38,3.66
188,1,39,-25.11
188,1,40,-29.63
188,1,41,-26.59
188,2,0,-20.59
188,2,1,-27.44
188,2,2,-20.75
188,2,3,-25.86
188,2,4,1.19
188,2,5,-6.87
188,2,6,2.87
188,2,7,-25.53
188,2,8,-32.31
188,2,9,-17.84
188,2,10,-2.87
188,2,11,-21.92
188,2,12,-7.09
188,2,13,-13.58
188,2,14,2.93
188,2,15,-3.90
188,2,16,-1.40
188,2,17,11.88
188,2,18,-20.30
188,2,19,5.91
188,2,20,-18.43
188,2,21,-11.17
188,2,22,-5.49
188,2,23,-43.86
188,2,24,-28.75
188,2,25,4.80
188,2,26,-2.56
188,2,27,-22.34
188,2,28,-4.21
188,2,29,-14.08
188,2,30,-36.85
188,2,31,-14.37
188,2,32,2.54
188,2,33,-16.14
188,2,34,-9.33
188,2,35,-38.98
188,2,36,-14.70
188,2,37,-45.15
188,2,38,-8.21
188,2,39,-15.69
188,2,40,-12.65
188,2,41,-11.46
188,3,0,-11.36
188,3,1,-10.11
188,3,2,-20.53
188,3,3,-19.39
188,3,4,9.75
188,3,5,-13.91
188,3,6,2.96
188,3,7,-23.33
188,3,8,-7.99
188,3,9,0.38
188,3,10,-12.09
188,3,11,-19.47
188,3,12,1.38
188,3,13,-3.26
188,3,14,-15.51
188,3,15,-6.97
188,3,16,-5.81
188,3,17,-9.52
188,3,18,29.62
188,3,19,6.63
188,3,20,1.49
188,3,21,8.49
188,3,22,38.58
188,3,23,-5.89
188,3,24,-10.31
188,3,25,15.68
188,3,26,-12.34
188,3,27,-7.78
188,3,28,2.37
188,3,29,-28.66
188,3,30,-20.45
188,3,31,1.51
188,3,32,-1.70
188,3,33,-27.56
188,3,34,-12.63
188,3,35,-27.51
188,3,36,-24.78
188,3,37,-26.38
188,3,38,-20.12
188,3,39,-14.81
188,3,40,-18.35
188,3,41,-27.52
188,4,0,-6.48
188,4,1,-11.69
188,4,2,-27.61
188,4,3,-20.67
188,4,4,33.10
188,4,5,2.45
188,4,6,-10.96
188,4,7,-32.95
188,4,8,-24.85
188,4,9,2.70
188,4,10,2.99
188,4,11,-26.02
188,4,12,-22.48
188,4,13,-35.99
188,4,14,-16.46
188,4,15,-27.84
188,4,16,-21.90
188,4,17,-16.63
188,4,18,-29.46
188,4,19,-7.02
188,4,20,-19.06
188,4,21,-21.25
188,4,22,9.10
188,4,23,7.99
188,4,24,9.81
188,4,25,41.69
188,4,26,15.92
188,4,27,-7.82
188,4,28,9.41
188,4,29,5.33
188,4,30,-24.55
188,4,31,-5.48
188,4,32,14.87
188,4,33,-25.56
188,4,34,-9.12
188,4,35,-16.99
188,4,36,-18.38
188,4,37,2.02
188,4,38,25.56
188,4,39,3.64
188,4,40,-24.15
188,4,41,-3.94
188,5,0,-24.92
188,5,1,-35.85
188,5,2,-19.26
188,5,3,-36.98
188,5,4,-7.30
188,5,5,-15.74
188,5,6,-12.26
188,5,7,-42.73
188,5,8,-25.44
188,5,9,17.61
188,5,10,-2.44
188,5,11,-28.51
188,5,12,-16.78
188,5,13,-14.11
188,5,14,-12.37
188,5,15,-30.61
188,5,16,-21.80
188,5,17,-32.31
188,5,18,-18.40
188,5,19,31.16
188,5,20,-18.75
188,5,21,-19.50
188,5,22,0.01
188,5,23,-13.25
188,5,24,-21.51
188,5,25,2.99
188,5,26,-5.44
188,5,27,-15.79
188,5,28,2.44
188,5,29,-21.85
188,5,30,-18.00
188,5,31,4.23
188,5,32,14.60
188,5,33,-4.76
188,5,34,12.43
188,5,35,-15.99
188,5,36,-28.86
188,5,37,-35.90
188,5,38,2.74
188,5,39,-40.18
188,5,40,-19.89
188,5,41,-13.15
188,6,0,-30.84
188,6,1,-21.62
188,6,2,-19.98
188,6,3,-15.25
188,6,4,1.04
188,6,5,-35.99
188,6,6,2.57
188,6,7,-31.16
188,6,8,-17.80
188,6,9,-14.40
188,6,10,9.06
188,6,11,-10.13
188,6,12,-15.89
188,6,13,2.81
188,6,14,6.38
188,6,15,-10.70
188,6,16,-17.19
188,6,17,-13.26
188,6,18,-25.16
188,6,19,12.20
188,6,20,-26.21
188,6,21,-18.92
188,6,22,13.80
188,6,23,-10.67
188,6,24,-12.92
188,6,25,3.78
188,6,26,2.52
188,6,27,-19.67
188,6,28,-1.57
188,6,29,-10.91
188,6,30,-16.45
188,6,31,3.09
188,6,32,8.95
188,6,33,-33.88
188,6,34,-9.50
188,6,35,-19.90
188,6,36,0.00
188,6,37,11.41
188,6,38,38.34
188,6,39,2.01
188,6,40,-6.71
188,6,41,2.60
189,0,0,-19.21
189,0,1,-11.47
189,0,2,17.12
189,0,3,6.15
189,0,4,5.21
189,0,5,-26.09
189,0,6,7.65
189,0,7,-26.94
189,0,8,-25.00
189,0,9,-9.68
189,0,10,-14.56
189,0,11,-17.29
189,0,12,-23.21
189,0,13,-14.06
189,0,14,-31.63
189,0,15,-20.13
189,0,16,-17.35
189,0,17,-21.82
189,0,18,-32.74
189,0,19,-16.63
189,0,20,-21.03
189,0,21,-8.43
189,0,22,-16.94
189,0,23,-40.22
189,0,24,-47.07
189,0,25,2.27
189,0,26,2.35
189,0,27,-15.99
189,0,28,2.85
189,0,29,-31.72
189,0,30,-29.97
189,0,31,6.83
189,0,32,-22.04
189,0,33,-15.58
189,0,34,-2.11
189,0,35,-15.57
189,0,36,-17.57
189,0,37,-23.40
189,0,38,-15.07
189,0,39,-10.51
189,0,40,-19.75
189,0,41,-5.44
189,1,0,-14.66
189,1,1,-19.14
189,1,2,-10.23
189,1,3,-10.71
189,1,4,-8.88
189,1,5,-8.47
189,1,6,31.60
189,1,7,3.68
189,1,8,-2.90
189,1,9,24.75
189,1,10,28.63
189,1,11,7.41
189,1,12,-15.35
189,1,13,-22.72
189,1,14,-23.61
189,1,15,-3.50
189,1,16,-21.12
189,1,17,-21.15
189,1,18,-8.20
189,1,19,40.99
189,1,20,-5.42
189,1,21,-28.99
189,1,22,22.32
189,1,23,-6.58
189,1,24,-22.40
189,1,25,5.65
189,1,26,-14.29
189,1,27,-27.88
189,1,28,2.25
189,1,29,-28.63
189,1,30,-4.40
189,1,31,-5.20
189,1,32,-10.80
189,1,33,-32.48
189,1,34,28.19
189,1,35,-18.66
189,1,36,-20.51
189,1,37,-12.22
189,1,38,3.66
189,1,39,-25.11
189,1,40,-29.63
189,1,41,-26.59
189,2,0,-20.59
189,2,1,-27.44
189,2,2,-20.75
189,2,3,-25.86
189,2,4,1.19
189,2,5,-6.87
189,2,6,2.87
189,2,7,-25.53
189,2,8,-32.31
189,2,9,-17.84
189,2,10,-2.87
189,2,11,-21.92
189,2,12,-7.09
189,2,13,-13.58
189,2,14,2.93
189,2,15,-3.90
189,2,16,-1.40
189,2,17,11.88
189,2,18,-20.30
189,2,19,5.91
189,2,20,-18.43
189,2,21,-11.17
189,2,22,-5.49
189,2,23,-43.86
189,2,24,-28.75
189,2,25,4.80
189,2,26,-2.56
189,2,27,-22.34
189,2,28,-4.21
189,2,29,-14.08
189,2,30,-36.85
189,2,31,-14.37
189,2,32,2.54
189,2,33,-16.14
189,2,34,-9.33
189,2,35,-38.98
189,2,36,-14.70
189,2,37,-45.15
189,2,38,-8.21
189,2,39,-15.69
189,2,40,-12.65
189,2,41,-11.46
189,3,0,-11.36
189,3,1,-10.11
189,3,2,-20.53
189,3,3,-19.39
189,3,4,9.75
189,3,5,-13.91
189,3,6,2.96
189,3,7,-23.33
189,3,8,-7.99
189,3,9,0.38
189,3,10,-12.09
189,3,11,-19.47
189,3,12,1.38
189,3,13,-3.26
189,3,14,-15.51
189,3,15,-6.97
189,3,16,-5.81
189,3,17,-9.52
189,3,18,29.62
189,3,19,6.63
189,3,20,1.49
189,3,21,8.49
189,3,22,38.58
189,3,23,-5.89
189,3,24,-10.31
189,3,25,15.68
189,3,26,-12.34
189,3,27,-7.78
189,3,28,2.37
189,3,29,-28.66
189,3,30,-20.45
189,3,31,1.51
189,3,32,-1.70
189,3,33,-27.56
189,3,34,-12.63
189,3,35,-27.51
189,3,36,-24.78
189,3,37,-26.38
189,3,38,-20.12
189,3,39,-14.81
189,3,40,-18.35
189,3,41,-27.52
189,4,0,-6.48
189,4,1,-11.69
189,4,2,-27.61
189,4,3,-20.67
189,4,4,33.10
189,4,5,2.45
189,4,6,-10.96
189,4,7,-32.95
189,4,8,-24.85
189,4,9,2.70
189,4,10,2.99
189,4,11,-26.02
189,4,12,-22.48
189,4,13,-35.99
189,4,14,-16.46
189,4,15,-27.84
189,4,16,-21.90
189,4,17,-16.63
189,4,18,-29.46
189,4,19,-7.02
189,4,20,-19.06
189,4,21,-21.25
189,4,22,9.10
189,4,23,7.99
189,4,24,9.81
189,4,25,41.69
189,4,26,15.92
189,4,27,-7.82
189,4,28,9.41
189,4,29,5.33
189,4,30,-24.55
189,4,31,-5.48
189,4,32,14.87
189,4,33,-25.56
189,4,34,-9.12
189,4,35,-16.99
189,4,36,-18.38
189,4,37,2.02
189,4,38,25.56
189,4,39,3.64
189,4,40,-24.15
189,4,41,-3.94
189,5,0,-24.92
189,5,1,-35.85
189,5,2,-19.26
189,5,3,-36.98
189,5,4,-7.30
189,5,5,-15.74
189,5,6,-12.26
189,5,7,-42.73
189,5,8,-25.44
189,5,9,17.61
189,5,10,-2.44
189,5,11,-28.51
189,5,12,-16.78
189,5,13,-14.11
189,5,14,-12.37
189,5,15,-30.61
189,5,16,-21.80
189,5,17,-32.31
189,5,18,-18.40
189,5,19,31.16
189,5,20,-18.75
189,5,21,-19.50
189,5,22,0.01
189,5,23,-13.25
189,5,24,-21.51
189,5,25,2.99
189,5,26,-5.44
189,5,27,-15.79
189,5,28,2.44
189,5,29,-21.85
189,5,30,-18.00
189,5,31,4.23
189,5,32,14.60
189,5,33,-4.76
189,5,34,12.43
189,5,35,-15.99
189,5,36,-28.86
189,5,37,-35.90
189,5,38,2.74
189,5,39,-40.18
189,5,40,-19.89
189,5,41,-13.15
189,6,0,-30.84
189,6,1,-21.62
189,6,2,-19.98
189,6,3,-15.25
189,6,4,1.04
189,6,5,-35.99
189,6,6,2.57
189,6,7,-31.16
189,6,8,-17.80
189,6,9,-14.40
189,6,10,9.06
189,6,11,-10.13
189,6,12,-15.89
189,6,13,2.81
189,6,14,6.38
189,6,15,-10.70
189,6,16,-17.19
189,6,17,-13.26
189,6,18,-25.16
189,6,19,12.20
189,6,20,-26.21
189,6,21,-18.92
189,6,22,13.80
189,6,23,-10.67
189,6,24,-12.92
189,6,25,3.78
189,6,26,2.52
189,6,27,-19.67
189,6,28,-1.57
189,6,29,-10.91
189,6,30,-16.45
189,6,31,3.09
189,6,32,8.95
189,6,33,-33.88
189,6,34,-9.50
189,6,35,-19.90
189,6,36,0.00
189,6,37,11.41
189,6,38,38.34
189,6,39,2.01
189,6,40,-6.71
189,6,41,2.60
190,0,0,-19.21
190,0,1,-11.47
190,0,2,17.12
190,0,3,6.15
190,0,4,5.21
190,0,5,-26.09
190,0,6,7.65
190,0,7,-26.94
190,0,8,-25.00
190,0,9,-9.68
190,0,10,-14.56
190,0,11,-17.29
190,0,12,-23.21
190,0,13,-14.06
190,0,14,-31.63
190,0,15,-20.13
190,0,16,-17.35
190,0,17,-21.82
190,0,18,-32.74
190,0,19,-16.63
190,0,20,-21.03
190,0,21,-8.43
190,0,22,-16.94
190,0,23,-40.22
190,0,24,-47.07
190,0,25,2.27
190,0,26,2.35
190,0,27,-15.99
190,0,28,2.85
190,0,29,-31.72
190,0,30,-29.97
190,0,31,6.83
190,0,32,-22.04
190,0,33,-15.58
190,0,34,-2.11
190,0,35,-15.57
190,0,36,-17.57
190,0,37,-23.40
190,0,38,-15.07
190,0,39,-10.51
190,0,40,-19.75
190,0,41,-5.44
190,1,0,-14.66
190,1,1,-19.14
190,1,2,-10.23
190,1,3,-10.71
190,1,4,-8.88
190,1,5,-8.47
190,1,6,31.60
190,1,7,3.68
190,1,8,-2.90
190,1,9,24.75
190,1,10,28.63
190,1,11,7.41
190,1,12,-15.35
190,1,13,-22.72
190,1,14,-23.61
190,1,15,-3.50
190,1,16,-21.12
190,1,17,-21.15
190,1,18,-8.20
190,1,19,40.99
190,1,20,-5.42
190,1,21,-28.99
190,1,22,22.32
190,1,23,-6.58
190,1,24,-22.40
190,1,25,5.65
190,1,26,-14.29
190,1,27,-27.88
190,1,28,2.25
190,1,29,-28.63
190,1,30,-4.40
190,1,31,-5.20
190,1,32,-10.80
190,1,33,-32.48
190,1,34,28.19
190,1,35,-18.66
190,1,36,-20.51
190,1,37,-12.22
190,1,38,3.66
190,1,39,-25.11
190,1,40,-29.63
190,1,41,-26.59
190,2,0,-20.59
190,2,1,-27.44
190,2,2,-20.75
190,2,3,-25.86
190,2,4,1.19
190,2,5,-6.87
190,2,6,2.87
190,2,7,-25.53
190,2,8,-32.31
190,2,9,-17.84
190,2,10,-2.87
190,2,11,-21.92
190,2,12,-7.09
190,2,13,-13.58
190,2,14,2.93
190,2,15,-3.90
190,2,16,-1.40
190,2,17,11.88
190,2,18,-20.30
190,2,19,5.91
190,2,20,-18.43
190,2,21,-11.17
190,2,22,-5.49
190,2,23,-43.86
190,2,24,-28.75
190,2,25,4.80
190,2,26,-2.56
190,2,27,-22.34
190,2,28,-4.21
190,2,29,-14.08
190,2,30,-36.85
190,2,31,-14.37
190,2,32,2.54
190,2,33,-16.14
190,2,34,-9.33
190,2,35,-38.98
190,2,36,-14.70
190,2,37,-45.15
190,2,38,-8.21
190,2,39,-15.69
190,2,40,-12.65
190,2,41,-11.46
190,3,0,-11.36
190,3,1,-10.11
190,3,2,-20.53
190,3,3,-19.39
190,3,4,9.75
190,3,5,-13.91
190,3,6,2.96
190,3,7,-23.33
190,3,8,-7.99
190,3,9,0.38
190,3,10,-12.09
190,3,11,-19.47
190,3,12,1.38
190,3,13,-3.26
190,3,14,-15.51
190,3,15,-6.97
190,3,16,-5.81
190,3,17,-9.52
190,3,18,29.62
190,3,19,6.63
190,3,20,1.49
190,3,21,8.49
190,3,22,38.58
190,3,23,-5.89
190,3,24,-10.31
190,3,25,15.68
190,3,26,-12.34
190,3,27,-7.78
190,3,28,2.37
190,3,29,-28.66
190,3,30,-20.45
190,3,31,1.51
190,3,32,-1.70
190,3,33,-27.56
190,3,34,-12.63
190,3,35,-27.51
190,3,36,-24.78
190,3,37,-26.38
190,3,38,-20.12
190,3,39,-14.81
190,3,40,-18.35
190,3,41,-27.52
190,4,0,-6.48
190,4,1,-11.69
190,4,2,-27.61
190,4,3,-20.67
190,4,4,33.10
190,4,5,2.45
190,4,6,-10.96
190,4,7,-32.95
190,4,8,-24.85
190,4,9,2.70
190,4,10,2.99
190,4,11,-26.02
190,4,12,-22.48
190,4,13,-35.99
190,4,14,-16.46
190,4,15,-27.84
190,4,16,-21.90
190,4,17,-16.63
190,4,18,-29.46
190,4,19,-7.02
190,4,20,-19.06
190,4,21,-21.25
190,4,22,9.10
190,4,23,7.99
190,4,24,9.81
190,4,25,41.69
190,4,26,15.92
190,4,27,-7.82
190,4,28,9.41
190,4,29,5.33
190,4,30,-24.55
190,4,31,-5.48
190,4,32,14.87
190,4,33,-25.56
190,4,34,-9.12
190,4,35,-16.99
190,4,36,-18.38
190,4,37,2.02
190,4,38,25.56
190,4,39,3.64
190,4,40,-24.15
190,4,41,-3.94
190,5,0,-24.92
190,5,1,-35.85
190,5,2,-19.26
190,5,3,-36.98
190,5,4,-7.30
190,5,5,-15.74
190,5,6,-12.26
190,5,7,-42.73
190,5,8,-25.44
190,5,9,17.61
190,5,10,-2.44
190,5,11,-28.51
190,5,12,-16.78
190,5,13,-14.11
190,5,14,-12.37
190,5,15,-30.61
190,5,16,-21.80
190,5,17,-32.31
190,5,18,-18.40
190,5,19,31.16
190,5,20,-18.75
190,5,21,-19.50
190,5,22,0.01
190,5,23,-13.25
190,5,24,-21.51
190,5,25,2.99
190,5,26,-5.44
190,5,27,-15.79
190,5,28,2.44
190,5,29,-21.85
190,5,30,-18.00
190,5,31,4.23
190,5,32,14.60
190,5,33,-4.76
190,5,34,12.43
190,5,35,-15.99
190,5,36,-28.86
190,5,37,-35.90
190,5,38,2.74
190,5,39,-40.18
190,5,40,-19.89
190,5,41,-13.15
190,6,0,-30.84
190,6,1,-21.62
190,6,2,-19.98
190,6,3,-15.25
190,6,4,1.04
190,6,5,-35.99
190,6,6,2.57
190,6,7,-31.16
190,6,8,-17.80
190,6,9,-14.40
190,6,10,9.06
190,6,11,-10.13
190,6,12,-15.89
190,6,13,2.81
190,6,14,6.38
190,6,15,-10.70
190,6,16,-17.19
190,6,17,-13.26
190,6,18,-25.16
190,6,19,12.20
190,6,20,-26.21
190,6,21,-18.92
190,6,22,13.80
190,6,23,-10.67
190,6,24,-12.92
190,6,25,3.78
190,6,26,2.52
190,6,27,-19.67
190,6,28,-1.57
190,6,29,-10.91
190,6,30,-16.45
190,6,31,3.09
190,6,32,8.95
190,6,33,-33.88
190,6,34,-9.50
190,6,35,-19.90
190,6,36,0.00
190,6,37,11.41
190,6,38,38.34
190,6,39,2.01
190,6,40,-6.71
190,6,41,2.60
191,0,0,-19.21
191,0,1,-11.47
191,0,2,17.12
191,0,3,6.15
191,0,4,5.21
191,0,5,-26.09
191,0,6,7.65
191,0,7,-26.94
191,0,8,-25.00
191,0,9,-9.68
191,0,10,-14.56
191,0,11,-17.29
191,0,12,-23.21
191,0,13,-14.06
191,0,14,-31.63
191,0,15,-20.13
191,0,16,-17.35
191,0,17,-21.82
191,0,18,-32.74
191,0,19,-16.63
191,0,20,-21.03
191,0,21,-8.43
191,0,22,-16.94
191,0,23,-40.22
191,0,24,-47.07
191,0,25,2.27
191,0,26,2.35
191,0,27,-15.99
191,0,28,2.85
191,0,29,-31.72
191,0,30,-29.97
191,0,31,6.83
191,0,32,-22.04
191,0,33,-15.58
191,0,34,-2.11
191,0,35,-15.57
191,0,36,-17.57
191,0,37,-23.40
191,0,38,-15.07
191,0,39,-10.51
191,0,40,-19.75
191,0,41,-5.44
191,1,0,-14.66
191,1,1,-19.14
191,1,2,-10.23
191,1,3,-10.71
191,1,4,-8.88
191,1,5,-8.47
191,1,6,31.60
191,1,7,3.68
191,1,8,-2.90
191,1,9,24.75
191,1,10,28.63
191,1,11,7.41
191,1,12,-15.35
191,1,13,-22.72
191,1,14,-23.61
191,1,15,-3.50
191,1,16,-21.12
191,1,17,-21.15
191,1,18,-8.20
191,1,19,40.99
191,1,20,-5.42
191,1,21,-28.99
191,1,22,22.32
191,1,23,-6.58
191,1,24,-22.40
191,1,25,5.65
191,1,26,-14.29
191,1,27,-27.88
191,1,28,2.25
191,1,29,-28.63
191,1,30,-4.40
191,1,31,-5.20
191,1,32,-10.80
191,1,33,-32.48
191,1,34,28.19
191,1,35,-18.66
191,1,36,-20.51
191,1,37,-12.22
191,1,38,3.66
191,1,39,-25.11
191,1,40,-29.63
191,1,41,-26.59
191,2,0,-20.59
191,2,1,-27.44
191,2,2,-20.75
191,2,3,-25.86
191,2,4,1.19
191,2,5,-6.87
191,2,6,2.87
191,2,7,-25.53
191,2,8,-32.31
191,2,9,-17.84
191,2,10,-2.87
191,2,11,-21.92
191,2,12,-7.09
191,2,13,-13.58
191,2,14,2.93
191,2,15,-3.90
191,2,16,-1.40
191,2,17,11.88
191,2,18,-20.30
191,2,19,5.91
191,2,20,-18.43
191,2,21,-11.17
191,2,22,-5.49
191,2,23,-43.86
191,2,24,-28.75
191,2,25,4.80
191,2,26,-2.56
191,2,27,-22.34
191,2,28,-4.21
191,2,29,-14.08
191,2,30,-36.85
191,2,31,-14.37
191,2,32,2.54
191,2,33,-16.14
191,2,34,-9.33
191,2,35,-38.98
191,2,36,-14.70
191,2,37,-45.15
191,2,38,-8.21
191,2,39,-15.69
191,2,40,-12.65
191,2,41,-11.46
191,3,0,-11.36
191,3,1,-10.11
191,3,2,-20.53
191,3,3,-19.39
191,3,4,9.75
191,3,5,-13.91
191,3,6,2.96
191,3,7,-23.33
191,3,8,-7.99
191,3,9,0.38
191,3,10,-12.09
191,3,11,-19.47
191,3,12,1.38
191,3,13,-3.26
191,3,14,-15.51
191,3,15,-6.97
191,3,16,-5.81
191,3,17,-9.52
191,3,18,29.62
191,3,19,6.63
191,3,20,1.49
191,3,21,8.49
191,3,22,38.58
191,3,23,-5.89
191,3,24,-10.31
191,3,25,15.68
191,3,26,-12.34
191,3,27,-7.78
191,3,28,2.37
191,3,29,-28.66
191,3,30,-20.45
191,3,31,1.51
191,3,32,-1.70
191,3,33,-27.56
191,3,34,-12.63
191,3,35,-27.51
191,3,36,-24.78
191,3,37,-26.38
191,3,38,-20.12
191,3,39,-14.81
191,3,40,-18.35
191,3,41,-27.52
191,4,0,-6.48
191,4,1,-11.69
191,4,2,-27.61
191,4,3,-20.67
191,4,4,33.10
191,4,5,2.45
191,4,6,-10.96
191,4,7,-32.95
191,4,8,-24.85
191,4,9,2.70
191,4,10,2.99
191,4,11,-26.02
191,4,12,-22.48
191,4,13,-35.99
191,4,14,-16.46
191,4,15,-27.84
191,4,16,-21.90
191,4,17,-16.63
191,4,18,-29.46
191,4,19,-7.02
191,4,20,-19.06
191,4,21,-21.25
191,4,22,9.10
191,4,23,7.99
191,4,24,9.81
191,4,25,41.69
191,4,26,15.92
191,4,27,-7.82
191,4,28,9.41
191,4,29,5.33
191,4,30,-24.55
191,4,31,-5.48
191,4,32,14.87
191,4,33,-25.56
191,4,34,-9.12
191,4,35,-16.99
191,4,36,-18.38
191,4,37,2.02
191,4,38,25.56
191,4,39,3.64
191,4,40,-24.15
191,4,41,-3.94
191,5,0,-24.92
191,5,1,-35.85
191,5,2,-19.26
191,5,3,-36.98
191,5,4,-7.30
191,5,5,-15.74
191,5,6,-12.26
191,5,7,-42.73
191,5,8,-25.44
191,5,9,17.61
191,5,10,-2.44
191,5,11,-28.51
191,5,12,-16.78
191,5,13,-14.11
191,5,14,-12.37
191,5,15,-30.61
191,5,16,-21.80
191,5,17,-32.31
191,5,18,-18.40
191,5,19,31.16
191,5,20,-18.75
191,5,21,-19.50
191,5,22,0.01
191,5,23,-13.25
191,5,24,-21.51
191,5,25,2.99
191,5,26,-5.44
191,5,27,-15.79
191,5,28,2.44
191,5,29,-21.85
191,5,30,-18.00
191,5,31,4.23
191,5,32,14.60
191,5,33,-4.76
191,5,34,12.43
191,5,35,-15.99
191,5,36,-28.86
191,5,37,-35.90
191,5,38,2.74
191,5,39,-40.18
191,5,40,-19.89
191,5,41,-13.15
191,6,0,-30.84
191,6,1,-21.62
191,6,2,-19.98
191,6,3,-15.25
191,6,4,1.04
191,6,5,-35.99
191,6,6,2.57
191,6,7,-31.16
191,6,8,-17.80
191,6,9,-14.40
191,6,10,9.06
191,6,11,-10.13
191,6,12,-15.89
191,6,13,2.81
191,6,14,6.38
191,6,15,-10.70
191,6,16,-17.19
191,6,17,-13.26
191,6,18,-25.16
191,6,19,12.20
191,6,20,-26.21
191,6,21,-18.92
191,6,22,13.80
191,6,23,-10.67
191,6,24,-12.92
191,6,25,3.78
191,6,26,2.52
191,6,27,-19.67
191,6,28,-1.57
191,6,29,-10.91
191,6,30,-16.45
191,6,31,3.09
191,6,32,8.95
191,6,33,-33.88
191,6,34,-9.50
191,6,35,-19.90
191,6,36,0.00
191,6,37,11.41
191,6,38,38.34
191,6,39,2.01
191,6,40,-6.71
191,6,41,2.60
192,0,0,-19.21
192,0,1,-11.47
192,0,2,17.12
192,0,3,6.15
192,0,4,5.21
192,0,5,-26.09
192,0,6,7.65
192,0,7,-26.94
192,0,8,-25.00
192,0,9,-9.68
192,0,10,-14.56
192,0,11,-17.29
192,0,12,-23.21
192,0,13,-14.06
192,0,14,-31.63
192,0,15,-20.13
192,0,16,-17.35
192,0,17,-21.82
192,0,18,-32.74
192,0,19,-16.63
192,0,20,-21.03
192,0,21,-8.43
192,0,22,-16.94
192,0,23,-40.22
192,0,24,-47.07
192,0,25,2.27
192,0,26,2.35
192,0,27,-15.99
192,0,28,2.85
192,0,29,-31.72
192,0,30,-29.97
192,0,31,6.83
192,0,32,-22.04
192,0,33,-15.58
192,0,34,-2.11
192,0,35,-15.57
192,0,36,-17.57
192,0,37,-23.40
192,0,38,-15.07
192,0,39,-10.51
192,0,40,-19.75
192,0,41,-5.44
192,1,0,-14.66
192,1,1,-19.14
192,1,2,-10.23
192,1,3,-10.71
192,1,4,-8.88
192,1,5,-8.47
192,1,6,31.60
192,1,7,3.68
192,1,8,-2.90
192,1,9,24.75
192,1,10,28.63
192,1,11,7.41
192,1,12,-15.35
192,1,13,-22.72
192,1,14,-23.61
192,1,15,-3.50
192,1,16,-21.12
192,1,17,-21.15
192,1,18,-8.20
192,1,19,40.99
192,1,20,-5.42
192,1,21,-28.99
192,1,22,22.32
192,1,23,-6.58
192,1,24,-22.40
192,1,25,5.65
192,1,26,-14.29
192,1,27,-27.88
192,1,28,2.25
192,1,29,-28.63
192,1,30,-4.40
192,1,31,-5.20
192,1,32,-10.80
192,1,33,-32.48
192,1,34,28.19
192,1,35,-18.66
192,1,36,-20.51
192,1,37,-12.22
192,1,38,3.66
192,1,39,-25.11
192,1,40,-29.63
192,1,41,-26.59
192,2,0,-20.59
192,2,1,-27.44
192,2,2,-20.75
192,2,3,-25.86
192,2,4,1.19
192,2,5,-6.87
192,2,6,2.87
192,2,7,-25.53
192,2,8,-32.31
192,2,9,-17.84
192,2,10,-2.87
192,2,11,-21.92
192,2,12,-7.09
192,2,13,-13.58
192,2,14,2.93
192,2,15,-3.90
192,2,16,-1.40
192,2,17,11.88
192,2,18,-20.30
192,2,19,5.91
192,2,20,-18.43
192,2,21,-11.17
192,2,22,-5.49
192,2,23,-43.86
192,2,24,-28.75
192,2,25,4.80
192,2,26,-2.56
192,2,27,-22.34
192,2,28,-4.21
192,2,29,-14.08
192,2,30,-36.85
192,2,31,-14.37
192,2,32,2.54
192,2,33,-16.14
192,2,34,-9.33
192,2,35,-38.98
192,2,36,-14.70
192,2,37,-45.15
192,2,38,-8.21
192,2,39,-15.69
192,2,40,-12.65
192,2,41,-11.46
192,3,0,-11.36
192,3,1,-10.11
192,3,2,-20.53
192,3,3,-19.39
192,3,4,9.75
192,3,5,-13.91
192,3,6,2.96
192,3,7,-23.33
192,3,8,-7.99
192,3,9,0.38
192,3,10,-12.09
192,3,11,-19.47
192,3,12,1.38
192,3,13,-3.26
192,3,14,-15.51
192,3,15,-6.97
192,3,16,-5.81
192,3,17,-9.52
192,3,18,29.62
192,3,19,6.63
192,3,20,1.49
192,3,21,8.49
192,3,22,38.58
192,3,23,-5.89
192,3,24,-10.31
192,3,25,15.68
192,3,26,-12.34
192,3,27,-7.78
192,3,28,2.37
192,3,29,-28.66
192,3,30,-20.45
192,3,31,1.51
192,3,32,-1.70
192,3,33,-27.56
192,3,34,-12.63
192,3,35,-27.51
192,3,36,-24.78
192,3,37,-26.38
192,3,38,-20.12
192,3,39,-14.81
192,3,40,-18.35
192,3,41,-27.52
192,4,0,-6.48
192,4,1,-11.69
192,4,2,-27.61
192,4,3,-20.67
192,4,4,33.10
192,4,5,2.45
192,4,6,-10.96
192,4,7,-32.95
192,4,8,-24.85
192,4,9,2.70
192,4,10,2.99
192,4,11,-26.02
192,4,12,-22.48
192,4,13,-35.99
192,4,14,-16.46
192,4,15,-27.84
192,4,16,-21.90
192,4,17,-16.63
192,4,18,-29.46
192,4,19,-7.02
192,4,20,-19.06
192,4,21,-21.25
192,4,22,9.10
192,4,23,7.99
192,4,24,9.81
192,4,25,41.69
192,4,26,15.92
192,4,27,-7.82
192,4,28,9.41
192,4,29,5.33
192,4,30,-24.55
192,4,31,-5.48
192,4,32,14.87
192,4,33,-25.56
192,4,34,-9.12
192,4,35,-16.99
192,4,36,-18.38
192,4,37,2.02
192,4,38,25.56
192,4,39,3.64
192,4,40,-24.15
192,4,41,-3.94
192,5,0,-24.92
192,5,1,-35.85
192,5,2,-19.26
192,5,3,-36.98
192,5,4,-7.30
192,5,5,-15.74
192,5,6,-12.26
192,5,7,-42.73
192,5,8,-25.44
192,5,9,17.61
192,5,10,-2.44
192,5,11,-28.51
192,5,12,-16.78
192,5,13,-14.11
192,5,14,-12.37
192,5,15,-30.61
192,5,16,-21.80
192,5,17,-32.31
192,5,18,-18.40
192,5,19,31.16
192,5,20,-18.75
192,5,21,-19.50
192,5,22,0.01
192,5,23,-13.25
192,5,24,-21.51
192,5,25,2.99
192,5,26,-5.44
192,5,27,-15.79
192,5,28,2.44
192,5,29,-21.85
192,5,30,-18.00
192,5,31,4.23
192,5,32,14.60
192,5,33,-4.76
192,5,34,12.43
192,5,35,-15.99
192,5,36,-28.86
192,5,37,-35.90
192,5,38,2.74
192,5,39,-40.18
192,5,40,-19.89
192,5,41,-13.15
192,6,0,-30.84
192,6,1,-21.62
192,6,2,-19.98
192,6,3,-15.25
192,6,4,1.04
192,6,5,-35.99
192,6,6,2.57
192,6,7,-31.16
192,6,8,-17.80
192,6,9,-14.40
192,6,10,9.06
192,6,11,-10.13
192,6,12,-15.89
192,6,13,2.81
192,6,14,6.38
192,6,15,-10.70
192,6,16,-17.19
192,6,17,-13.26
192,6,18,-25.16
192,6,19,12.20
192,6,20,-26.21
192,6,21,-18.92
192,6,22,13.80
192,6,23,-10.67
192,6,24,-12.92
192,6,25,3.78
192,6,26,2.52
192,6,27,-19.67
192,6,28,-1.57
192,6,29,-10.91
192,6,30,-16.45
192,6,31,3.09
192,6,32,8.95
192,6,33,-33.88
192,6,34,-9.50
192,6,35,-19.90
192,6,36,0.00
192,6,37,11.41
192,6,38,38.34
192,6,39,2.01
192,6,40,-6.71
192,6,41,2.60
193,0,0,-19.21
193,0,1,-11.47
193,0,2,17.12
193,0,3,6.15
193,0,4,5.21
193,0,5,-26.09
193,0,6,7.65
193,0,7,-26.94
193,0,8,-25.00
193,0,9,-9.68
193,0,10,-14.56
193,0,11,-17.29
193,0,12,-23.21
193,0,13,-14.06
193,0,14,-31.63
193,0,15,-20.13
193,0,16,-17.35
193,0,17,-21.82
193,0,18,-32.74
193,0,19,-16.63
193,0,20,-21.03
193,0,21,-8.43
193,0,22,-16.94
193,0,23,-40.22
193,0,24,-47.07
193,0,25,2.27
193,0,26,2.35
193,0,27,-15.99
193,0,28,2.85
193,0,29,-31.72
193,0,30,-29.97
193,0,31,6.83
193,0,32,-22.04
193,0,33,-15.58
193,0,34,-2.11
193,0,35,-15.57
193,0,36,-17.57
193,0,37,-23.40
193,0,38,-15.07
193,0,39,-10.51
193,0,40,-19.75
193,0,41,-5.44
193,1,0,-14.66
193,1,1,-19.14
193,1,2,-10.23
193,1,3,-10.71
193,1,4,-8.88
193,1,5,-8.47
193,1,6,31.60
193,1,7,3.68
193,1,8,-2.90
193,1,9,24.75
193,1,10,28.63
193,1,11,7.41
193,1,12,-15.35
193,1,13,-22.72
193,1,14,-23.61
193,1,15,-3.50
193,1,16,-21.12
193,1,17,-21.15
193,1,18,-8.20
193,1,19,40.99
193,1,20,-5.42
193,1,21,-28.99
193,1,22,22.32
193,1,23,-6.58
193,1,24,-22.40
193,1,25,5.65
193,1,26,-14.29
193,1,27,-27.88
193,1,28,2.25
193,1,29,-28.63
193,1,30,-4.40
193,1,31,-5.20
193,1,32,-10.80
193,1,33,-32.48
193,1,34,28.19
193,1,35,-18.66
193,1,36,-20.51
193,1,37,-12.22
193,1,38,3.66
193,1,39,-25.11
193,1,40,-29.63
193,1,41,-26.59
193,2,0,-20.59
193,2,1,-27.44
193,2,2,-20.75
193,2,3,-25.86
193,2,4,1.19
193,2,5,-6.87
193,2,6,2.87
193,2,7,-25.53
193,2,8,-32.31
193,2,9,-17.84
193,2,10,-2.87
193,2,11,-21.92
193,2,12,-7.09
193,2,13,-13.58
193,2,14,2.93
193,2,15,-3.90
193,2,16,-1.40
193,2,17,11.88
193,2,18,-20.30
193,2,19,5.91
193,2,20,-18.43
193,2,21,-11.17
193,2,22,-5.49
193,2,23,-43.86
193,2,24,-28.75
193,2,25,4.80
193,2,26,-2.56
193,2,27,-22.34
193,2,28,-4.21
193,2,29,-14.08
193,2,30,-36.85
193,2,31,-14.37
193,2,32,2.54
193,2,33,-16.14
193,2,34,-9.33
193,2,35,-38.98
193,2,36,-14.70
193,2,37,-45.15
193,2,38,-8.21
193,2,39,-15.69
193,2,40,-12.65
193,2,41,-11.46
193,3,0,-11.36
193,3,1,-10.11
193,3,2,-20.53
193,3,3,-19.39
193,3,4,9.75
193,3,5,-13.91
193,3,6,2.96
193,3,7,-23.33
193,3,8,-7.99
193,3,9,0.38
193,3,10,-12.09
193,3,11,-19.47
193,3,12,1.38
193,3,13,-3.26
193,3,14,-15.51
193,3,15,-6.97
193,3,16,-5.81
193,3,17,-9.52
193,3,18,29.62
193,3,19,6.63
193,3,20,1.49
193,3,21,8.49
193,3,22,38.58
193,3,23,-5.89
193,3,24,-10.31
193,3,25,15.68
193,3,26,-12.34
193,3,27,-7.78
193,3,28,2.37
193,3,29,-28.66
193,3,30,-20.45
193,3,31,1.51
193,3,32,-1.70
193,3,33,-27.56
193,3,34,-12.63
193,3,35,-27.51
193,3,36,-24.78
193,3,37,-26.38
193,3,38,-20.12
193,3,39,-14.81
193,3,40,-18.35
193,3,41,-27.52
193,4,0,-6.48
193,4,1,-11.69
193,4,2,-27.61
193,4,3,-20.67
193,4,4,33.10
193,4,5,2.45
193,4,6,-10.96
193,4,7,-32.95
193,4,8,-24.85
193,4,9,2.70
193,4,10,2.99
193,4,11,-26.02
193,4,12,-22.48
193,4,13,-35.99
193,4,14,-16.46
193,4,15,-27.84
193,4,16,-21.90
193,4,17,-16.63
193,4,18,-29.46
193,4,19,-7.02
193,4,20,-19.06
193,4,21,-21.25
193,4,22,9.10
193,4,23,7.99
193,4,24,9.81
193,4,25,41.69
193,4,26,15.92
193,4,27,-7.82
193,4,28,9.41
193,4,29,5.33
193,4,30,-24.55
193,4,31,-5.48
193,4,32,14.87
193,4,33,-25.56
193,4,34,-9.12
193,4,35,-16.99
193,4,36,-18.38
193,4,37,2.02
193,4,38,25.56
193,4,39,3.64
193,4,40,-24.15
193,4,41,-3.94
193,5,0,-24.92
193,5,1,-35.85
193,5,2,-19.26
193,5,3,-36.98
193,5,4,-7.30
193,5,5,-15.74
193,5,6,-12.26
193,5,7,-42.73
193,5,8,-25.44
193,5,9,17.61
193,5,10,-2.44
193,5,11,-28.51
193,5,12,-16.78
193,5,13,-14.11
193,5,14,-12.37
193,5,15,-30.61
193,5,16,-21.80
193,5,17,-32.31
193,5,18,-18.40
193,5,19,31.16
193,5,20,-18.75
193,5,21,-19.50
193,5,22,0.01
193,5,23,-13.25
193,5,24,-21.51
193,5,25,2.99
193,5,26,-5.44
193,5,27,-15.79
193,5,28,2.44
193,5,29,-21.85
193,5,30,-18.00
193,5,31,4.23
193,5,32,14.60
193,5,33,-4.76
193,5,34,12.43
193,5,35,-15.99
193,5,36,-28.86
193,5,37,-35.90
193,5,38,2.74
193,5,39,-40.18
193,5,40,-19.89
193,5,41,-13.15
193,6,0,-30.84
193,6,1,-21.62
193,6,2,-19.98
193,6,3,-15.25
193,6,4,1.04
193,6,5,-35.99
193,6,6,2.57
193,6,7,-31.16
193,6,8,-17.80
193,6,9,-14.40
193,6,10,9.06
193,6,11,-10.13
193,6,12,-15.89
193,6,13,2.81
193,6,14,6.38
193,6,15,-10.70
193,6,16,-17.19
193,6,17,-13.26
193,6,18,-25.16
193,6,19,12.20
193,6,20,-26.21
193,6,21,-18.92
193,6,22,13.80
193,6,23,-10.67
193,6,24,-12.92
193,6,25,3.78
193,6,26,2.52
193,6,27,-19.67
193,6,28,-1.57
193,6,29,-10.91
193,6,30,-16.45
193,6,31,3.09
193,6,32,8.95
193,6,33,-33.88
193,6,34,-9.50
193,6,35,-19.90
193,6,36,0.00
193,6,37,11.41
193,6,38,38.34
193,6,39,2.01
193,6,40,-6.71
193,6,41,2.60
194,0,0,-19.21
194,0,1,-11.47
194,0,2,17.12
194,0,3,6.15
194,0,4,5.21
194,0,5,-26.09
194,0,6,7.65
194,0,7,-26.94
194,0,8,-25.00
194,0,9,-9.68
194,0,10,-14.56
194,0,11,-17.29
194,0,12,-23.21
194,0,13,-14.06
194,0,14,-31.63
194,0,15,-20.13
194,0,16,-17.35
194,0,17,-21.82
194,0,18,-32.74
194,0,19,-16.63
194,0,20,-21.03
194,0,21,-8.43
194,0,22,-16.94
194,0,23,-40.22
194,0,24,-47.07
194,0,25,2.27
194,0,26,2.35
194,0,27,-15.99
194,0,28,2.85
194,0,29,-31.72
194,0,30,-29.97
194,0,31,6.83
194,0,32,-22.04
194,0,33,-15.58
194,0,34,-2.11
194,0,35,-15.57
194,0,36,-17.57
194,0,37,-23.40
194,0,38,-15.07
194,0,39,-10.51
194,0,40,-19.75
194,0,41,-5.44
194,1,0,-14.66
194,1,1,-19.14
194,1,2,-10.23
194,1,3,-10.71
194,1,4,-8.88
194,1,5,-8.47
194,1,6,31.60
194,1,7,3.68
194,1,8,-2.90
194,1,9,24.75
194,1,10,28.63
194,1,11,7.41
194,1,12,-15.35
194,1,13,-22.72
194,1,14,-23.61
194,1,15,-3.50
194,1,16,-21.12
194,1,17,-21.15
194,1,18,-8.20
194,1,19,40.99
194,1,20,-5.42
194,1,21,-28.99
194,1,22,22.32
194,1,23,-6.58
194,1,24,-22.40
194,1,25,5.65
194,1,26,-14.29
194,1,27,-27.88
194,1,28,2.25
194,1,29,-28.63
194,1,30,-4.40
194,1,31,-5.20
194,1,32,-10.80
194,1,33,-32.48
194,1,34,28.19
194,1,35,-18.66
194,1,36,-20.51
194,1,37,-12.22
194,1,38,3.66
194,1,39,-25.11
194,1,40,-29.63
194,1,41,-26.59
194,2,0,-20.59
194,2,1,-27.44
194,2,2,-20.75
194,2,3,-25.86
194,2,4,1.19
194,2,5,-6.87
194,2,6,2.87
194,2,7,-25.53
194,2,8,-32.31
194,2,9,-17.84
194,2,10,-2.87
194,2,11,-21.92
194,2,12,-7.09
194,2,13,-13.58
194,2,14,2.93
194,2,15,-3.90
194,2,16,-1.40
194,2,17,11.88
194,2,18,-20.30
194,2,19,5.91
194,2,20,-18.43
194,2,21,-11.17
194,2,22,-5.49
194,2,23,-43.86
194,2,24,-28.75
194,2,25,4.80
194,2,26,-2.56
194,2,27,-22.34
194,2,28,-4.21
194,2,29,-14.08
194,2,30,-36.85
194,2,31,-14.37
194,2,32,2.54
194,2,33,-16.14
194,2,34,-9.33
194,2,35,-38.98
194,2,36,-14.70
194,2,37,-45.15
194,2,38,-8.21
194,2,39,-15.69
194,2,40,-12.65
194,2,41,-11.46
194,3,0,-11.36
194,3,1,-10.11
194,3,2,-20.53
194,3,3,-19.39
194,3,4,9.75
194,3,5,-13.91
194,3,6,2.96
194,3,7,-23.33
194,3,8,-7.99
194,3,9,0.38
194,3,10,-12.09
194,3,11,-19.47
194,3,12,1.38
194,3,13,-3.26
194,3,14,-15.51
194,3,15,-6.97
194,3,16,-5.81
194,3,17,-9.52
194,3,18,29.62
194,3,19,6.63
194,3,20,1.49
194,3,21,8.49
194,3,22,38.58
194,3,23,-5.89
194,3,24,-10.31
194,3,25,15.68
194,3,26,-12.34
194,3,27,-7.78
194,3,28,2.37
194,3,29,-28.66
194,3,30,-20.45
194,3,31,1.51
194,3,32,-1.70
194,3,33,-27.56
194,3,34,-12.63
194,3,35,-27.51
194,3,36,-24.78
194,3,37,-26.38
194,3,38,-20.12
194,3,39,-14.81
194,3,40,-18.35
194,3,41,-27.52
194,4,0,-6.48
194,4,1,-11.69
194,4,2,-27.61
194,4,3,-20.67
194,4,4,33.10
194,4,5,2.45
194,4,6,-10.96
194,4,7,-32.95
194,4,8,-24.85
194,4,9,2.70
194,4,10,2.99
194,4,11,-26.02
194,4,12,-22.48
194,4,13,-35.99
194,4,14,-16.46
194,4,15,-27.84
194,4,16,-21.90
194,4,17,-16.63
194,4,18,-29.46
194,4,19,-7.02
194,4,20,-19.06
194,4,21,-21.25
194,4,22,9.10
194,4,23,7.99
194,4,24,9.81
194,4,25,41.69
194,4,26,15.92
194,4,27,-7.82
194,4,28,9.41
194,4,29,5.33
194,4,30,-24.55
194,4,31,-5.48
194,4,32,14.87
194,4,33,-25.56
194,4,34,-9.12
194,4,35,-16.99
194,4,36,-18.38
194,4,37,2.02
194,4,38,25.56
194,4,39,3.64
194,4,40,-24.15
194,4,41,-3.94
194,5,0,-24.92
194,5,1,-35.85
194,5,2,-19.26
194,5,3,-36.98
194,5,4,-7.30
194,5,5,-15.74
194,5,6,-12.26
194,5,7,-42.73
194,5,8,-25.44
194,5,9,17.61
194,5,10,-2.44
194,5,11,-28.51
194,5,12,-16.78
194,5,13,-14.11
194,5,14,-12.37
194,5,15,-30.61
194,5,16,-21.80
194,5,17,-32.31
194,5,18,-18.40
194,5,19,31.16
194,5,20,-18.75
194,5,21,-19.50
194,5,22,0.01
194,5,23,-13.25
194,5,24,-21.51
194,5,25,2.99
194,5,26,-5.44
194,5,27,-15.79
194,5,28,2.44
194,5,29,-21.85
194,5,30,-18.00
194,5,31,4.23
194,5,32,14.60
194,5,33,-4.76
194,5,34,12.43
194,5,35,-15.99
194,5,36,-28.86
194,5,37,-35.90
194,5,38,2.74
194,5,39,-40.18
194,5,40,-19.89
194,5,41,-13.15
194,6,0,-30.84
194,6,1,-21.62
194,6,2,-19.98
194,6,3,-15.25
194,6,4,1.04
194,6,5,-35.99
194,6,6,2.57
194,6,7,-31.16
194,6,8,-17.80
194,6,9,-14.40
194,6,10,9.06
194,6,11,-10.13
194,6,12,-15.89
194,6,13,2.81
194,6,14,6.38
194,6,15,-10.70
194,6,16,-17.19
194,6,17,-13.26
194,6,18,-25.16
194,6,19,12.20
194,6,20,-26.21
194,6,21,-18.92
194,6,22,13.80
194,6,23,-10.67
194,6,24,-12.92
194,6,25,3.78
194,6,26,2.52
194,6,27,-19.67
194,6,28,-1.57
194,6,29,-10.91
194,6,30,-16.45
194,6,31,3.09
194,6,32,8.95
194,6,33,-33.88
194,6,34,-9.50
194,6,35,-19.90
194,6,36,0.00
194,6,37,11.41
194,6,38,38.34
194,6,39,2.01
194,6,40,-6.71
194,6,41,2.60
195,0,0,-19.21
195,0,1,-11.47
195,0,2,17.12
195,0,3,6.15
195,0,4,5.21
195,0,5,-26.09
195,0,6,7.65
195,0,7,-26.94
195,0,8,-25.00
195,0,9,-9.68
195,0,10,-14.56
195,0,11,-17.29
195,0,12,-23.21
195,0,13,-14.06
195,0,14,-31.63
195,0,15,-20.13
195,0,16,-17.35
195,0,17,-21.82
195,0,18,-32.74
195,0,19,-16.63
195,0,20,-21.03
195,0,21,-8.43
195,0,22,-16.94
195,0,23,-40.22
195,0,24,-47.07
195,0,25,2.27
195,0,26,2.35
195,0,27,-15.99
195,0,28,2.85
195,0,29,-31.72
195,0,30,-29.97
195,0,31,6.83
195,0,32,-22.04
195,0,33,-15.58
195,0,34,-2.11
195,0,35,-15.57
195,0,36,-17.57
195,0,37,-23.40
195,0,38,-15.07
195,0,39,-10.51
195,0,40,-19.75
195,0,41,-5.44
195,1,0,-14.66
195,1,1,-19.14
195,1,2,-10.23
195,1,3,-10.71
195,1,4,-8.88
195,1,5,-8.47
195,1,6,31.60
195,1,7,3.68
195,1,8,-2.90
195,1,9,24.75
195,1,10,28.63
195,1,11,7.41
195,1,12,-15.35
195,1,13,-22.72
195,1,14,-23.61
195,1,15,-3.50
195,1,16,-21.12
195,1,17,-21.15
195,1,18,-8.20
195,1,19,40.99
195,1,20,-5.42
195,1,21,-28.99
195,1,22,22.32
195,1,23,-6.58
195,1,24,-22.40
195,1,25,5.65
195,1,26,-14.29
195,1,27,-27.88
195,1,28,2.25
195,1,29,-28.63
195,1,30,-4.40
195,1,31,-5.20
195,1,32,-10.80
195,1,33,-32.48
195,1,34,28.19
195,1,35,-18.66
195,1,36,-20.51
195,1,37,-12.22
195,1,38,3.66
195,1,39,-25.11
195,1,40,-29.63
195,1,41,-26.59
195,2,0,-20.59
195,2,1,-27.44
195,2,2,-20.75
195,2,3,-25.86
195,2,4,1.19
195,2,5,-6.87
195,2,6,2.87
195,2,7,-25.53
195,2,8,-32.31
195,2,9,-17.84
195,2,10,-2.87
195,2,11,-21.92
195,2,12,-7.09
195,2,13,-13.58
195,2,14,2.93
195,2,15,-3.90
195,2,16,-1.40
195,2,17,11.88
195,2,18,-20.30
195,2,19,5.91
195,2,20,-18.43
195,2,21,-11.17
195,2,22,-5.49
195,2,23,-43.86
195,2,24,-28.75
195,2,25,4.80
195,2,26,-2.56
195,2,27,-22.34
195,2,28,-4.21
195,2,29,-14.08
195,2,30,-36.85
195,2,31,-14.37
195,2,32,2.54
195,2,33,-16.14
195,2,34,-9.33
195,2,35,-38.98
195,2,36,-14.70
195,2,37,-45.15
195,2,38,-8.21
195,2,39,-15.69
195,2,40,-12.65
195,2,41,-11.46
195,3,0,-11.36
195,3,1,-10.11
195,3,2,-20.53
195,3,3,-19.39
195,3,4,9.75
195,3,5,-13.91
195,3,6,2.96
195,3,7,-23.33
195,3,8,-7.99
195,3,9,0.38
195,3,10,-12.09
195,3,11,-19.47
195,3,12,1.38
195,3,13,-3.26
195,3,14,-15.51
195,3,15,-6.97
195,3,16,-5.81
195,3,17,-9.52
195,3,18,29.62
195,3,19,6.63
195,3,20,1.49
195,3,21,8.49
195,3,22,38.58
195,3,23,-5.89
195,3,24,-10.31
195,3,25,15.68
195,3,26,-12.34
195,3,27,-7.78
195,3,28,2.37
195,3,29,-28.66
195,3,30,-20.45
195,3,31,1.51
195,3,32,-1.70
195,3,33,-27.56
195,3,34,-12.63
195,3,35,-27.51
195,3,36,-24.78
195,3,37,-26.38
195,3,38,-20.12
195,3,39,-14.81
195,3,40,-18.35
195,3,41,-27.52
195,4,0,-6.48
195,4,1,-11.69
195,4,2,-27.61
195,4,3,-20.67
195,4,4,33.10
195,4,5,2.45
195,4,6,-10.96
195,4,7,-32.95
195,4,8,-24.85
195,4,9,2.70
195,4,10,2.99
195,4,11,-26.02
195,4,12,-22.48
195,4,13,-35.99
195,4,14,-16.46
195,4,15,-27.84
195,4,16,-21.90
195,4,17,-16.63
195,4,18,-29.46
195,4,19,-7.02
195,4,20,-19.06
195,4,21,-21.25
195,4,22,9.10
195,4,23,7.99
195,4,24,9.81
195,4,25,41.69
195,4,26,15.92
195,4,27,-7.82
195,4,28,9.41
195,4,29,5.33
195,4,30,-24.55
195,4,31,-5.48
195,4,32,14.87
195,4,33,-25.56
195,4,34,-9.12
195,4,35,-16.99
195,4,36,-18.38
195,4,37,2.02
195,4,38,25.56
195,4,39,3.64
195,4,40,-24.15
195,4,41,-3.94
195,5,0,-24.92
195,5,1,-35.85
195,5,2,-19.26
195,5,3,-36.98
195,5,4,-7.30
195,5,5,-15.74
195,5,6,-12.26
195,5,7,-42.73
195,5,8,-25.44
195,5,9,17.61
195,5,10,-2.44
195,5,11,-28.51
195,5,12,-16.78
195,5,13,-14.11
195,5,14,-12.37
195,5,15,-30.61
195,5,16,-21.80
195,5,17,-32.31
195,5,18,-18.40
195,5,19,31.16
195,5,20,-18.75
195,5,21,-19.50
195,5,22,0.01
195,5,23,-13.25
195,5,24,-21.51
195,5,25,2.99
195,5,26,-5.44
195,5,27,-15.79
195,5,28,2.44
195,5,29,-21.85
195,5,30,-18.00
195,5,31,4.23
195,5,32,14.60
195,5,33,-4.76
195,5,34,12.43
195,5,35,-15.99
195,5,36,-28.86
195,5,37,-35.90
195,5,38,2.74
195,5,39,-40.18
195,5,40,-19.89
195,5,41,-13.15
195,6,0,-30.84
195,6,1,-21.62
195,6,2,-19.98
195,6,3,-15.25
195,6,4,1.04
195,6,5,-35.99
195,6,6,2.57
195,6,7,-31.16
195,6,8,-17.80
195,6,9,-14.40
195,6,10,9.06
195,6,11,-10.13
195,6,12,-15.89
195,6,13,2.81
195,6,14,6.38
195,6,15,-10.70
195,6,16,-17.19
195,6,17,-13.26
195,6,18,-25.16
195,6,19,12.20
195,6,20,-26.21
195,6,21,-18.92
195,6,22,13.80
195,6,23,-10.67
195,6,24,-12.92
195,6,25,3.78
195,6,26,2.52
195,6,27,-19.67
195,6,28,-1.57
195,6,29,-10.91
195,6,30,-16.45
195,6,31,3.09
195,6,32,8.95
195,6,33,-33.88
195,6,34,-9.50
195,6,35,-19.90
195,6,36,0.00
195,6,37,11.41
195,6,38,38.34
195,6,39,2.01
195,6,40,-6.71
195,6,41,2.60
196,0,0,-19.21
196,0,1,-11.47
196,0,2,17.12
196,0,3,6.15
196,0,4,5.21
196,0,5,-26.09
196,0,6,7.65
196,0,7,-26.94
196,0,8,-25.00
196,0,9,-9.68
196,0,10,-14.56
196,0,11,-17.29
196,0,12,-23.21
196,0,13,-14.06
196,0,14,-31.63
196,0,15,-20.13
196,0,16,-17.35
196,0,17,-21.82
196,0,18,-32.74
196,0,19,-16.63
196,0,20,-21.03
196,0,21,-8.43
196,0,22,-16.94
196,0,23,-40.22
196,0,24,-47.07
196,0,25,2.27
196,0,26,2.35
196,0,27,-15.99
196,0,28,2.85
196,0,29,-31.72
196,0,30,-29.97
196,0,31,6.83
196,0,32,-22.04
196,0,33,-15.58
196,0,34,-2.11
196,0,35,-15.57
196,0,36,-17.57
196,0,37,-23.40
196,0,38,-15.07
196,0,39,-10.51
196,0,40,-19.75
196,0,41,-5.44
196,1,0,-14.66
196,1,1,-19.14
196,1,2,-10.23
196,1,3,-10.71
196,1,4,-8.88
196,1,5,-8.47
196,1,6,31.60
196,1,7,3.68
196,1,8,-2.90
196,1,9,24.75
196,1,10,28.63
196,1,11,7.41
196,1,12,-15.35
196,1,13,-22.72
196,1,14,-23.61
196,1,15,-3.50
196,1,16,-21.12
196,1,17,-21.15
196,1,18,-8.20
196,1,19,40.99
196,1,20,-5.42
196,1,21,-28.99
196,1,22,22.32
196,1,23,-6.58
196,1,24,-22.40
196,1,25,5.65
196,1,26,-14.29
196,1,27,-27.88
196,1,28,2.25
196,1,29,-28.63
196,1,30,-4.40
196,1,31,-5.20
196,1,32,-10.80
196,1,33,-32.48
196,1,34,28.19
196,1,35,-18.66
196,1,36,-20.51
196,1,37,-12.22
196,1,38,3.66
196,1,39,-25.11
196,1,40,-29.63
196,1,41,-26.59
196,2,0,-20.59
196,2,1,-27.44
196,2,2,-20.75
196,2,3,-25.86
196,2,4,1.19
196,2,5,-6.87
196,2,6,2.87
196,2,7,-25.53
196,2,8,-32.31
196,2,9,-17.84
196,2,10,-2.87
196,2,11,-21.92
196,2,12,-7.09
196,2,13,-13.58
196,2,14,2.93
196,2,15,-3.90
196,2,16,-1.40
196,2,17,11.88
196,2,18,-20.30
196,2,19,5.91
196,2,20,-18.43
196,2,21,-11.17
196,2,22,-5.49
196,2,23,-43.86
196,2,24,-28.75
196,2,25,4.80
196,2,26,-2.56
196,2,27,-22.34
196,2,28,-4.21
196,2,29,-14.08
196,2,30,-36.85
196,2,31,-14.37
196,2,32,2.54
196,2,33,-16.14
196,2,34,-9.33
196,2,35,-38.98
196,2,36,-14.70
196,2,37,-45.15
196,2,38,-8.21
196,2,39,-15.69
196,2,40,-12.65
196,2,41,-11.46
196,3,0,-11.36
196,3,1,-10.11
196,3,2,-20.53
196,3,3,-19.39
196,3,4,9.75
196,3,5,-13.91
196,3,6,2.96
196,3,7,-23.33
196,3,8,-7.99
196,3,9,0.38
196,3,10,-12.09
196,3,11,-19.47
196,3,12,1.38
196,3,13,-3.26
196,3,14,-15.51
196,3,15,-6.97
196,3,16,-5.81
196,3,17,-9.52
196,3,18,29.62
196,3,19,6.63
196,3,20,1.49
196,3,21,8.49
196,3,22,38.58
196,3,23,-5.89
196,3,24,-10.31
196,3,25,15.68
196,3,26,-12.34
196,3,27,-7.78
196,3,28,2.37
196,3,29,-28.66
196,3,30,-20.45
196,3,31,1.51
196,3,32,-1.70
196,3,33,-27.56
196,3,34,-12.63
196,3,35,-27.51
196,3,36,-24.78
196,3,37,-26.38
196,3,38,-20.12
196,3,39,-14.81
196,3,40,-18.35
196,3,41,-27.52
196,4,0,-6.48
196,4,1,-11.69
196,4,2,-27.61
196,4,3,-20.67
196,4,4,33.10
196,4,5,2.45
196,4,6,-10.96
196,4,7,-32.95
196,4,8,-24.85
196,4,9,2.70
196,4,10,2.99
196,4,11,-26.02
196,4,12,-22.48
196,4,13,-35.99
196,4,14,-16.46
196,4,15,-27.84
196,4,16,-21.90
196,4,17,-16.63
196,4,18,-29.46
196,4,19,-7.02
196,4,20,-19.06
196,4,21,-21.25
196,4,22,9.10
196,4,23,7.99
196,4,24,9.81
196,4,25,41.69
196,4,26,15.92
196,4,27,-7.82
196,4,28,9.41
196,4,29,5.33
196,4,30,-24.55
196,4,31,-5.48
196,4,32,14.87
196,4,33,-25.56
196,4,34,-9.12
196,4,35,-16.99
196,4,36,-18.38
196,4,37,2.02
196,4,38,25.56
196,4,39,3.64
196,4,40,-24.15
196,4,41,-3.94
196,5,0,-24.92
196,5,1,-35.85
196,5,2,-19.26
196,5,3,-36.98
196,5,4,-7.30
196,5,5,-15.74
196,5,6,-12.26
196,5,7,-42.73
196,5,8,-25.44
196,5,9,17.61
196,5,10,-2.44
196,5,11,-28.51
196,5,12,-16.78
196,5,13,-14.11
196,5,14,-12.37
196,5,15,-30.61
196,5,16,-21.80
196,5,17,-32.31
196,5,18,-18.40
196,5,19,31.16
196,5,20,-18.75
196,5,21,-19.50
196,5,22,0.01
196,5,23,-13.25
196,5,24,-21.51
196,5,25,2.99
196,5,26,-5.44
196,5,27,-15.79
196,5,28,2.44
196,5,29,-21.85
196,5,30,-18.00
196,5,31,4.23
196,5,32,14.60
196,5,33,-4.76
196,5,34,12.43
196,5,35,-15.99
196,5,36,-28.86
196,5,37,-35.90
196,5,38,2.74
196,5,39,-40.18
196,5,40,-19.89
196,5,41,-13.15
196,6,0,-30.84
196,6,1,-21.62
196,6,2,-19.98
196,6,3,-15.25
196,6,4,1.04
196,6,5,-35.99
196,6,6,2.57
196,6,7,-31.16
196,6,8,-17.80
196,6,9,-14.40
196,6,10,9.06
196,6,11,-10.13
196,6,12,-15.89
196,6,13,2.81
196,6,14,6.38
196,6,15,-10.70
196,6,16,-17.19
196,6,17,-13.26
196,6,18,-25.16
196,6,19,12.20
196,6,20,-26.21
196,6,21,-18.92
196,6,22,13.80
196,6,23,-10.67
196,6,24,-12.92
196,6,25,3.78
196,6,26,2.52
196,6,27,-19.67
196,6,28,-1.57
196,6,29,-10.91
196,6,30,-16.45
196,6,31,3.09
196,6,32,8.95
196,6,33,-33.88
196,6,34,-9.50
196,6,35,-19.90
196,6,36,0.00
196,6,37,11.41
196,6,38,38.34
196,6,39,2.01
196,6,40,-6.71
196,6,41,2.60
197,0,0,-19.21
197,0,1,-11.47
197,0,2,17.12
197,0,3,6.15
197,0,4,5.21
197,0,5,-26.09
197,0,6,7.65
197,0,7,-26.94
197,0,8,-25.00
197,0,9,-9.68
197,0,10,-14.56
197,0,11,-17.29
197,0,12,-23.21
197,0,13,-14.06
197,0,14,-31.63
197,0,15,-20.13
197,0,16,-17.35
197,0,17,-21.82
197,0,18,-32.74
197,0,19,-16.63
197,0,20,-21.03
197,0,21,-8.43
197,0,22,-16.94
197,0,23,-40.22
197,0,24,-47.07
197,0,25,2.27
197,0,26,2.35
197,0,27,-15.99
197,0,28,2.85
197,0,29,-31.72
197,0,30,-29.97
197,0,31,6.83
197,0,32,-22.04
197,0,33,-15.58
197,0,34,-2.11
197,0,35,-15.57
197,0,36,-17.57
197,0,37,-23.40
197,0,38,-15.07
197,0,39,-10.51
197,0,40,-19.75
197,0,41,-5.44
197,1,0,-14.66
197,1,1,-19.14
197,1,2,-10.23
197,1,3,-10.71
197,1,4,-8.88
197,1,5,-8.47
197,1,6,31.60
197,1,7,3.68
197,1,8,-2.90
197,1,9,24.75
197,1,10,28.63
197,1,11,7.41
197,1,12,-15.35
197,1,13,-22.72
197,1,14,-23.61
197,1,15,-3.50
197,1,16,-21.12
197,1,17,-21.15
197,1,18,-8.20
197,1,19,40.99
197,1,20,-5.42
197,1,21,-28.99
197,1,22,22.32
197,1,23,-6.58
197,1,24,-22.40
197,1,25,5.65
197,1,26,-14.29
197,1,27,-27.88
197,1,28,2.25
197,1,29,-28.63
197,1,30,-4.40
197,1,31,-5.20
197,1,32,-10.80
197,1,33,-32.48
197,1,34,28.19
197,1,35,-18.66
197,1,36,-20.51
197,1,37,-12.22
197,1,38,3.66
197,1,39,-25.11
197,1,40,-29.63
197,1,41,-26.59
197,2,0,-20.59
197,2,1,-27.44
197,2,2,-20.75
197,2,3,-25.86
197,2,4,1.19
197,2,5,-6.87
197,2,6,2.87
197,2,7,-25.53
197,2,8,-32.31
197,2,9,-17.84
197,2,10,-2.87
197,2,11,-21.92
197,2,12,-7.09
197,2,13,-13.58
197,2,14,2.93
197,2,15,-3.90
197,2,16,-1.40
197,2,17,11.88
197,2,18,-20.30
197,2,19,5.91
197,2,20,-18.43
197,2,21,-11.17
197,2,22,-5.49
197,2,23,-43.86
197,2,24,-28.75
197,2,25,4.80
197,2,26,-2.56
197,2,27,-22.34
197,2,28,-4.21
197,2,29,-14.08
197,2,30,-36.85
197,2,31,-14.37
197,2,32,2.54
197,2,33,-16.14
197,2,34,-9.33
197,2,35,-38.98
197,2,36,-14.70
197,2,37,-45.15
197,2,38,-8.21
197,2,39,-15.69
197,2,40,-12.65
197,2,41,-11.46
197,3,0,-11.36
197,3,1,-10.11
197,3,2,-20.53
197,3,3,-19.39
197,3,4,9.75
197,3,5,-13.91
197,3,6,2.96
197,3,7,-23.33
197,3,8,-7.99
197,3,9,0.38
197,3,10,-12.09
197,3,11,-19.47
197,3,12,1.38
197,3,13,-3.26
197,3,14,-15.51
197,3,15,-6.97
197,3,16,-5.81
197,3,17,-9.52
197,3,18,29.62
197,3,19,6.63
197,3,20,1.49
197,3,21,8.49
197,3,22,38.58
197,3,23,-5.89
197,3,24,-10.31
197,3,25,15.68
197,3,26,-12.34
197,3,27,-7.78
197,3,28,2.37
197,3,29,-28.66
197,3,30,-20.45
197,3,31,1.51
197,3,32,-1.70
197,3,33,-27.56
197,3,34,-12.63
197,3,35,-27.51
197,3,36,-24.78
197,3,37,-26.38
197,3,38,-20.12
197,3,39,-14.81
197,3,40,-18.35
197,3,41,-27.52
197,4,0,-6.48
197,4,1,-11.69
197,4,2,-27.61
197,4,3,-20.67
197,4,4,33.10
197,4,5,2.45
197,4,6,-10.96
197,4,7,-32.95
197,4,8,-24.85
197,4,9,2.70
197,4,10,2.99
197,4,11,-26.02
197,4,12,-22.48
197,4,13,-35.99
197,4,14,-16.46
197,4,15,-27.84
197,4,16,-21.90
197,4,17,-16.63
197,4,18,-29.46
197,4,19,-7.02
197,4,20,-19.06
197,4,21,-21.25
197,4,22,9.10
197,4,23,7.99
197,4,24,9.81
197,4,25,41.69
197,4,26,15.92
197,4,27,-7.82
197,4,28,9.41
197,4,29,5.33
197,4,30,-24.55
197,4,31,-5.48
197,4,32,14.87
197,4,33,-25.56
197,4,34,-9.12
197,4,35,-16.99
197,4,36,-18.38
197,4,37,2.02
197,4,38,25.56
197,4,39,3.64
197,4,40,-24.15
197,4,41,-3.94
197,5,0,-24.92
197,5,1,-35.85
197,5,2,-19.26
197,5,3,-36.98
197,5,4,-7.30
197,5,5,-15.74
197,5,6,-12.26
197,5,7,-42.73
197,5,8,-25.44
197,5,9,17.61
197,5,10,-2.44
197,5,11,-28.51
197,5,12,-16.78
197,5,13,-14.11
197,5,14,-12.37
197,5,15,-30.61
197,5,16,-21.80
197,5,17,-32.31
197,5,18,-18.40
197,5,19,31.16
197,5,20,-18.75
197,5,21,-19.50
197,5,22,0.01
197,5,23,-13.25
197,5,24,-21.51
197,5,25,2.99
197,5,26,-5.44
197,5,27,-15.79
197,5,28,2.44
197,5,29,-21.85
197,5,30,-18.00
197,5,31,4.23
197,5,32,14.60
197,5,33,-4.76
197,5,34,12.43
197,5,35,-15.99
197,5,36,-28.86
197,5,37,-35.90
197,5,38,2.74
197,5,39,-40.18
197,5,40,-19.89
197,5,41,-13.15
197,6,0,-30.84
197,6,1,-21.62
197,6,2,-19.98
197,6,3,-15.25
197,6,4,1.04
197,6,5,-35.99
197,6,6,2.57
197,6,7,-31.16
197,6,8,-17.80
197,6,9,-14.40
197,6,10,9.06
197,6,11,-10.13
197,6,12,-15.89
197,6,13,2.81
197,6,14,6.38
197,6,15,-10.70
197,6,16,-17.19
197,6,17,-13.26
197,6,18,-25.16
197,6,19,12.20
197,6,20,-26.21
197,6,21,-18.92
197,6,22,13.80
197,6,23,-10.67
197,6,24,-12.92
197,6,25,3.78
197,6,26,2.52
197,6,27,-19.67
197,6,28,-1.57
197,6,29,-10.91
197,6,30,-16.45
197,6,31,3.09
197,6,32,8.95
197,6,33,-33.88
197,6,34,-9.50
197,6,35,-19.90
197,6,36,0.00
197,6,37,11.41
197,6,38,38.34
197,6,39,2.01
197,6,40,-6.71
197,6,41,2.60
198,0,0,-19.21
198,0,1,-11.47
198,0,2,17.12
198,0,3,6.15
198,0,4,5.21
198,0,5,-26.09
198,0,6,7.65
198,0,7,-26.94
198,0,8,-25.00
198,0,9,-9.68
198,0,10,-14.56
198,0,11,-17.29
198,0,12,-23.21
198,0,13,-14.06
198,0,14,-31.63
198,0,15,-20.13
198,0,16,-17.35
198,0,17,-21.82
198,0,18,-32.74
198,0,19,-16.63
198,0,20,-21.03
198,0,21,-8.43
198,0,22,-16.94
198,0,23,-40.22
198,0,24,-47.07
198,0,25,2.27
198,0,26,2.35
198,0,27,-15.99
198,0,28,2.85
198,0,29,-31.72
198,0,30,-29.97
198,0,31,6.83
198,0,32,-22.04
198,0,33,-15.58
198,0,34,-2.11
198,0,35,-15.57
198,0,36,-17.57
198,0,37,-23.40
198,0,38,-15.07
198,0,39,-10.51
198,0,40,-19.75
198,0,41,-5.44
198,1,0,-14.66
198,1,1,-19.14
198,1,2,-10.23
198,1,3,-10.71
198,1,4,-8.88
198,1,5,-8.47
198,1,6,31.60
198,1,7,3.68
198,1,8,-2.90
198,1,9,24.75
198,1,10,28.63
198,1,11,7.41
198,1,12,-15.35
198,1,13,-22.72
198,1,14,-23.61
198,1,15,-3.50
198,1,16,-21.12
198,1,17,-21.15
198,1,18,-8.20
198,1,19,40.99
198,1,20,-5.42
198,1,21,-28.99
198,1,22,22.32
198,1,23,-6.58
198,1,24,-22.40
198,1,25,5.65
198,1,26,-14.29
198,1,27,-27.88
198,1,28,2.25
198,1,29,-28.63
198,1,30,-4.40
198,1,31,-5.20
198,1,32,-10.80
198,1,33,-32.48
198,1,34,28.19
198,1,35,-18.66
198,1,36,-20.51
198,1,37,-12.22
198,1,38,3.66
198,1,39,-25.11
198,1,40,-29.63
198,1,41,-26.59
198,2,0,-20.59
198,2,1,-27.44
198,2,2,-20.75
198,2,3,-25.86
198,2,4,1.19
198,2,5,-6.87
198,2,6,2.87
198,2,7,-25.53
198,2,8,-32.31
198,2,9,-17.84
198,2,10,-2.87
198,2,11,-21.92
198,2,12,-7.09
198,2,13,-13.58
198,2,14,2.93
198,2,15,-3.90
198,2,16,-1.40
198,2,17,11.88
198,2,18,-20.30
198,2,19,5.91
198,2,20,-18.43
198,2,21,-11.17
198,2,22,-5.49
198,2,23,-43.86
198,2,24,-28.75
198,2,25,4.80
198,2,26,-2.56
198,2,27,-22.34
198,2,28,-4.21
198,2,29,-14.08
198,2,30,-36.85
198,2,31,-14.37
198,2,32,2.54
198,2,33,-16.14
198,2,34,-9.33
198,2,35,-38.98
198,2,36,-14.70
198,2,37,-45.15
198,2,38,-8.21
198,2,39,-15.69
198,2,40,-12.65
198,2,41,-11.46
198,3,0,-11.36
198,3,1,-10.11
198,3,2,-20.53
198,3,3,-19.39
198,3,4,9.75
198,3,5,-13.91
198,3,6,2.96
198,3,7,-23.33
198,3,8,-7.99
198,3,9,0.38
198,3,10,-12.09
198,3,11,-19.47
198,3,12,1.38
198,3,13,-3.26
198,3,14,-15.51
198,3,15,-6.97
198,3,16,-5.81
198,3,17,-9.52
198,3,18,29.62
198,3,19,6.63
198,3,20,1.49
198,3,21,8.49
198,3,22,38.58
198,3,23,-5.89
198,3,24,-10.31
198,3,25,15.68
198,3,26,-12.34
198,3,27,-7.78
198,3,28,2.37
198,3,29,-28.66
198,3,30,-20.45
198,3,31,1.51
198,3,32,-1.70
198,3,33,-27.56
198,3,34,-12.63
198,3,35,-27.51
198,3,36,-24.78
198,3,37,-26.38
198,3,38,-20.12
198,3,39,-14.81
198,3,40,-18.35
198,3,41,-27.52
198,4,0,-6.48
198,4,1,-11.69
198,4,2,-27.61
198,4,3,-20.67
198,4,4,33.10
198,4,5,2.45
198,4,6,-10.96
198,4,7,-32.95
198,4,8,-24.85
198,4,9,2.70
198,4,10,2.99
198,4,11,-26.02
198,4,12,-22.48
198,4,13,-35.99
198,4,14,-16.46
198,4,15,-27.84
198,4,16,-21.90
198,4,17,-16.63
198,4,18,-29.46
198,4,19,-7.02
198,4,20,-19.06
198,4,21,-21.25
198,4,22,9.10
198,4,23,7.99
198,4,24,9.81
198,4,25,41.69
198,4,26,15.92
198,4,27,-7.82
198,4,28,9.41
198,4,29,5.33
198,4,30,-24.55
198,4,31,-5.48
198,4,32,14.87
198,4,33,-25.56
198,4,34,-9.12
198,4,35,-16.99
198,4,36,-18.38
198,4,37,2.02
198,4,38,25.56
198,4,39,3.64
198,4,40,-24.15
198,4,41,-3.94
198,5,0,-24.92
198,5,1,-35.85
198,5,2,-19.26
198,5,3,-36.98
198,5,4,-7.30
198,5,5,-15.74
198,5,6,-12.26
198,5,7,-42.73
198,5,8,-25.44
198,5,9,17.61
198,5,10,-2.44
198,5,11,-28.51
198,5,12,-16.78
198,5,13,-14.11
198,5,14,-12.37
198,5,15,-30.61
198,5,16,-21.80
198,5,17,-32.31
198,5,18,-18.40
198,5,19,31.16
198,5,20,-18.75
198,5,21,-19.50
198,5,22,0.01
198,5,23,-13.25
198,5,24,-21.51
198,5,25,2.99
198,5,26,-5.44
198,5,27,-15.79
198,5,28,2.44
198,5,29,-21.85
198,5,30,-18.00
198,5,31,4.23
198,5,32,14.60
198,5,33,-4.76
198,5,34,12.43
198,5,35,-15.99
198,5,36,-28.86
198,5,37,-35.90
198,5,38,2.74
198,5,39,-40.18
198,5,40,-19.89
198,5,41,-13.15
198,6,0,-30.84
198,6,1,-21.62
198,6,2,-19.98
198,6,3,-15.25
198,6,4,1.04
198,6,5,-35.99
198,6,6,2.57
198,6,7,-31.16
198,6,8,-17.80
198,6,9,-14.40
198,6,10,9.06
198,6,11,-10.13
198,6,12,-15.89
198,6,13,2.81
198,6,14,6.38
198,6,15,-10.70
198,6,16,-17.19
198,6,17,-13.26
198,6,18,-25.16
198,6,19,12.20
198,6,20,-26.21
198,6,21,-18.92
198,6,22,13.80
198,6,23,-10.67
198,6,24,-12.92
198,6,25,3.78
198,6,26,2.52
198,6,27,-19.67
198,6,28,-1.57
198,6,29,-10.91
198,6,30,-16.45
198,6,31,3.09
198,6,32,8.95
198,6,33,-33.88
198,6,34,-9.50
198,6,35,-19.90
198,6,36,0.00
198,6,37,11.41
198,6,38,38.34
198,6,39,2.01
198,6,40,-6.71
198,6,41,2.60
199,0,0,-19.21
199,0,1,-11.47
199,0,2,17.12
199,0,3,6.15
199,0,4,5.21
199,0,5,-26.09
199,0,6,7.65
199,0,7,-26.94
199,0,8,-25.00
199,0,9,-9.68
199,0,10,-14.56
199,0,11,-17.29
199,0,12,-23.21
199,0,13,-14.06
199,0,14,-31.63
199,0,15,-20.13
199,0,16,-17.35
199,0,17,-21.82
199,0,18,-32.74
199,0,19,-16.63
199,0,20,-21.03
199,0,21,-8.43
199,0,22,-16.94
199,0,23,-40.22
199,0,24,-47.07
199,0,25,2.27
199,0,26,2.35
199,0,27,-15.99
199,0,28,2.85
199,0,29,-31.72
199,0,30,-29.97
199,0,31,6.83
199,0,32,-22.04
199,0,33,-15.58
199,0,34,-2.11
199,0,35,-15.57
199,0,36,-17.57
199,0,37,-23.40
199,0,38,-15.07
199,0,39,-10.51
199,0,40,-19.75
199,0,41,-5.44
199,1,0,-14.66
199,1,1,-19.14
199,1,2,-10.23
199,1,3,-10.71
199,1,4,-8.88
199,1,5,-8.47
199,1,6,31.60
199,1,7,3.68
199,1,8,-2.90
199,1,9,24.75
199,1,10,28.63
199,1,11,7.41
199,1,12,-15.35
199,1,13,-22.72
199,1,14,-23.61
199,1,15,-3.50
199,1,16,-21.12
199,1,17,-21.15
199,1,18,-8.20
199,1,19,40.99
199,1,20,-5.42
199,1,21,-28.99
199,1,22,22.32
199,1,23,-6.58
199,1,24,-22.40
199,1,25,5.65
199,1,26,-14.29
199,1,27,-27.88
199,1,28,2.25
199,1,29,-28.63
199,1,30,-4.40
199,1,31,-5.20
199,1,32,-10.80
199,1,33,-32.48
199,1,34,28.19
199,1,35,-18.66
199,1,36,-20.51
199,1,37,-12.22
199,1,38,3.66
199,1,39,-25.11
199,1,40,-29.63
199,1,41,-26.59
199,2,0,-20.59
199,2,1,-27.44
199,2,2,-20.75
199,2,3,-25.86
199,2,4,1.19
199,2,5,-6.87
199,2,6,2.87
199,2,7,-25.53
199,2,8,-32.31
199,2,9,-17.84
199,2,10,-2.87
199,2,11,-21.92
199,2,12,-7.09
199,2,13,-13.58
199,2,14,2.93
199,2,15,-3.90
199,2,16,-1.40
199,2,17,11.88
199,2,18,-20.30
199,2,19,5.91
199,2,20,-18.43
199,2,21,-11.17
199,2,22,-5.49
199,2,23,-43.86
199,2,24,-28.75
199,2,25,4.80
199,2,26,-2.56
199,2,27,-22.34
199,2,28,-4.21
199,2,29,-14.08
199,2,30,-36.85
199,2,31,-14.37
199,2,32,2.54
199,2,33,-16.14
199,2,34,-9.33
199,2,35,-38.98
199,2,36,-14.70
199,2,37,-45.15
199,2,38,-8.21
199,2,39,-15.69
199,2,40,-12.65
199,2,41,-11.46
199,3,0,-11.36
199,3,1,-10.11
199,3,2,-20.53
199,3,3,-19.39
199,3,4,9.75
199,3,5,-13.91
199,3,6,2.96
199,3,7,-23.33
199,3,8,-7.99
199,3,9,0.38
199,3,10,-12.09
199,3,11,-19.47
199,3,12,1.38
199,3,13,-3.26
199,3,14,-15.51
199,3,15,-6.97
199,3,16,-5.81
199,3,17,-9.52
199,3,18,29.62
199,3,19,6.63
199,3,20,1.49
199,3,21,8.49
199,3,22,38.58
199,3,23,-5.89
199,3,24,-10.31
199,3,25,15.68
199,3,26,-12.34
199,3,27,-7.78
199,3,28,2.37
199,3,29,-28.66
199,3,30,-20.45
199,3,31,1.51
199,3,32,-1.70
199,3,33,-27.56
199,3,34,-12.63
199,3,35,-27.51
199,3,36,-24.78
199,3,37,-26.38
199,3,38,-20.12
199,3,39,-14.81
199,3,40,-18.35
199,3,41,-27.52
199,4,0,-6.48
199,4,1,-11.69
199,4,2,-27.61
199,4,3,-20.67
199,4,4,33.10
199,4,5,2.45
199,4,6,-10.96
199,4,7,-32.95
199,4,8,-24.85
199,4,9,2.70
199,4,10,2.99
199,4,11,-26.02
199,4,12,-22.48
199,4,13,-35.99
199,4,14,-16.46
199,4,15,-27.84
199,4,16,-21.90
199,4,17,-16.63
199,4,18,-29.46
199,4,19,-7.02
199,4,20,-19.06
199,4,21,-21.25
199,4,22,9.10
199,4,23,7.99
199,4,24,9.81
199,4,25,41.69
199,4,26,15.92
199,4,27,-7.82
199,4,28,9.41
199,4,29,5.33
199,4,30,-24.55
199,4,31,-5.48
199,4,32,14.87
199,4,33,-25.56
199,4,34,-9.12
199,4,35,-16.99
199,4,36,-18.38
199,4,37,2.02
199,4,38,25.56
199,4,39,3.64
199,4,40,-24.15
199,4,41,-3.94
199,5,0,-24.92
199,5,1,-35.85
199,5,2,-19.26
199,5,3,-36.98
199,5,4,-7.30
199,5,5,-15.74
199,5,6,-12.26
199,5,7,-42.73
199,5,8,-25.44
199,5,9,17.61
199,5,10,-2.44
199,5,11,-28.51
199,5,12,-16.78
199,5,13,-14.11
199,5,14,-12.37
199,5,15,-30.61
199,5,16,-21.80
199,5,17,-32.31
199,5,18,-18.40
199,5,19,31.16
199,5,20,-18.75
199,5,21,-19.50
199,5,22,0.01
199,5,23,-13.25
199,5,24,-21.51
199,5,25,2.99
199,5,26,-5.44
199,5,27,-15.79
199,5,28,2.44
199,5,29,-21.85
199,5,30,-18.00
199,5,31,4.23
199,5,32,14.60
199,5,33,-4.76
199,5,34,12.43
199,5,35,-15.99
199,5,36,-28.86
199,5,37,-35.90
199,5,38,2.74
199,5,39,-40.18
199,5,40,-19.89
199,5,41,-13.15
199,6,0,-30.84
199,6,1,-21.62
199,6,2,-19.98
199,6,3,-15.25
199,6,4,1.04
199,6,5,-35.99
199,6,6,2.57
199,6,7,-31.16
199,6,8,-17.80
199,6,9,-14.40
199,6,10,9.06
199,6,11,-10.13
199,6,12,-15.89
199,6,13,2.81
199,6,14,6.38
199,6,15,-10.70
199,6,16,-17.19
199,6,17,-13.26
199,6,18,-25.16
199,6,19,12.20
199,6,20,-26.21
199,6,21,-18.92
199,6,22,13.80
199,6,23,-10.67
199,6,24,-12.92
199,6,25,3.78
199,6,26,2.52
199,6,27,-19.67
199,6,28,-1.57
199,6,29,-10.91
199,6,30,-16.45
199,6,31,3.09
199,6,32,8.95
199,6,33,-33.88
199,6,34,-9.50
199,6,35,-19.90
199,6,36,0.00
199,6,37,11.41
199,6,38,38.34
199,6,39,2.01
199,6,40,-6.71
199,6,41,2.60
